0,42.300993546043
1.14910418594337e-12,42.300993546043
1.14910418594338e-12,42.300993546043
1.15045851793977e-12,42.300993546043
1.15045851793978e-12,42.300993546043
1.23964776145492e-12,42.300993546043
1.23964776145493e-12,42.300993546043
1.24021707750362e-12,42.300993546043
1.24021707750363e-12,42.300993546043
3.79319056676919e-08,42.3009935460447
2.27585232920764e-07,42.3009935460533
1.17585186918612e-06,42.300993546096
5.91718505051293e-06,42.3009935463093
2.96238509571469e-05,42.3009935473763
0.000145310148809409,42.300993552583
0.000362204015732985,42.3009935623448
0.000702496705494701,42.3009935776604
0.00120939120275291,42.3009936004742
0.00173515141643177,42.3009936241372
0.00226091163011063,42.3009936478001
0.0027866718437895,42.300993671463
0.00352146607001681,42.3009937045338
0.00425626029624413,42.3009937376046
0.00499105452247144,42.3009937706754
0.00572584874869876,42.3009938037461
0.00671232940448458,42.3009938481443
0.0076988100602704,42.3009938925423
0.00908412890800479,42.3009939548904
0.01,42.3009939961101
0.0109460728253011,42.3009940386889
0.0128080167425973,42.3009941224864
0.0146699606598936,42.3009942062828
0.0173064117285951,42.3009943249334
0.02,42.3009944461523
0.0207553906629213,42.3009944801464
0.0253078725415325,42.3009946850098
0.03,42.3009948961427
0.0313275669094719,42.3009949558764
0.0393838400053776,42.3009953183317
0.04,42.3009953460504
0.0474401131012832,42.3009956807141
0.05,42.3009957958438
0.0504158714180546,42.3009958145465
0.0508317428361092,42.3009958332489
0.0512476142541637,42.3009958519511
0.0519246846462613,42.3009958823992
0.0529771014351845,42.3009959297253
0.0546425819108153,42.3009960046168
0.0570727865699121,42.3009961138878
0.06,42.3009962454933
0.0610157678822192,42.3009962911581
0.0610162109262806,42.300996291178
0.0610166539703419,42.3009962911979
0.0610188691906487,42.3009962912975
0.0610299452921823,42.3009962917954
0.0610853257998507,42.3009962942851
0.0613622283381925,42.3009963067331
0.0623533095374898,42.3009963512858
0.0633443907367872,42.3009963958368
0.0646632311957464,42.3009964551185
0.0653404718512166,42.3009964855591
0.0660177125066867,42.3009965159989
0.0666949531621569,42.3009965464378
0.0679688081336872,42.3009966036896
0.0689089495137447,42.300996645941
0.0698490908938022,42.3009966881908
0.07,42.3009966949724
0.0714819670285924,42.3009967615678
0.0731148431633827,42.3009968349396
0.0747477192981729,42.300996908306
0.0763805954329631,42.300996981667
0.0785542290845768,42.3009970793142
0.08,42.3009971442577
0.081499549718574,42.3009972116122
0.0857966968494526,42.3009974045977
0.09,42.3009975933281
0.0916368566260076,42.3009976668128
0.0974770164025626,42.3009979289474
0.1,42.3009980421655
0.108245119683573,42.3009984120505
0.11,42.3009984907538
0.116490239367146,42.3009987817583
0.12,42.3009989390791
0.126490239367146,42.3009992299057
0.13,42.3009993871282
0.134273713562425,42.3009995785248
0.14,42.3009998348908
0.142057187757704,42.3009999269675
0.149840661952982,42.30100027523
0.15,42.3010002823575
0.159908854802331,42.3010007254465
0.16,42.3010007295208
0.169817709604662,42.3010011682308
0.17,42.3010011763737
0.172996754367458,42.301001310223
0.176175799130254,42.3010014521828
0.18,42.301001622909
0.18066169655291,42.3010016524448
0.187668821091169,42.3010019651309
0.19,42.3010020691222
0.197668821091169,42.301002411094
0.2,42.3010025150088
0.21,42.3010029605643
0.21,42.3010029605643
0.217347130439593,42.3010032877072
0.22,42.301003405786
0.227347130439593,42.3010037326816
0.23,42.3010038506707
0.237347130439593,42.3010041773169
0.24,42.3010042952156
0.247347130439593,42.3010046216105
0.25,42.3010047394182
0.26,42.3010051832767
0.27,42.3010056267895
0.28,42.3010060699553
0.29,42.3010065127725
0.29,42.3010065127725
0.3,42.30100695524
0.31,42.3010073973568
0.32,42.3010078391218
0.33,42.3010082805341
0.34,42.301008721593
0.35,42.3010091622977
0.36,42.3010096026474
0.36,42.3010096026474
0.37,42.3010100426416
0.37,42.3010100426416
0.38,42.3010104822794
0.38,42.3010104822794
0.39,42.3010109215603
0.39,42.3010109215603
0.4,42.3010113604838
0.41,42.301011799049
0.42,42.3010122372555
0.42,42.3010122372555
0.43,42.3010126751026
0.43,42.3010126751026
0.44,42.3010131125898
0.44,42.3010131125898
0.45,42.3010135497165
0.46,42.301013986482
0.47,42.3010144228859
0.48,42.3010148589275
0.48,42.3010148589275
0.49,42.3010152946063
0.49,42.3010152946062
0.5,42.3010157299217
0.51,42.3010161648733
0.52,42.3010165994605
0.53,42.3010170336829
0.54,42.3010174675399
0.55,42.3010179010311
0.56,42.3010183341562
0.57,42.3010187669146
0.58,42.301019199306
0.58,42.301019199306
0.59,42.3010196313301
0.59,42.3010196313301
0.6,42.3010200629866
0.61,42.3010204942751
0.62,42.3010209251953
0.63,42.3010213557471
0.64,42.3010217859303
0.65,42.3010222157446
0.66,42.3010226451899
0.67,42.3010230742661
0.68,42.3010235029731
0.69,42.3010239313107
0.7,42.301024359279
0.71,42.3010247868779
0.71,42.3010247868779
0.72,42.3010252141073
0.72,42.3010252141073
0.73,42.3010256409674
0.73,42.3010256409674
0.74,42.3010260674581
0.74,42.3010260674581
0.75,42.3010264935794
0.76,42.3010269193315
0.77,42.3010273447144
0.78,42.3010277697282
0.79,42.3010281943729
0.8,42.3010286186488
0.81,42.3010290425558
0.82,42.3010294660941
0.83,42.3010298892639
0.84,42.3010303120652
0.84,42.3010303120652
0.85,42.3010307344982
0.86,42.301031156563
0.87,42.3010315782598
0.88,42.3010319995886
0.89,42.3010324205497
0.9,42.3010328411431
0.91,42.3010332613689
0.92,42.3010336812273
0.93,42.3010341007184
0.94,42.3010345198423
0.95,42.3010349385991
0.96,42.3010353569889
0.96,42.3010353569889
0.97,42.3010357750118
0.97,42.3010357750118
0.98,42.3010361926679
0.98,42.3010361926679
0.99,42.3010366099573
0.99,42.3010366099573
1,42.3010370268799
1.01,42.301037443436
1.02,42.3010378596255
1.03,42.3010382754485
1.04,42.3010386909051
1.05,42.3010391059952
1.06,42.301039520719
1.07,42.3010399350763
1.08,42.3010403490674
1.09,42.3010407626921
1.1,42.3010411759506
1.11,42.3010415888427
1.12,42.3010420013685
1.13,42.301042413528
1.14,42.3010428253212
1.15,42.301043236748
1.16,42.3010436478085
1.16,42.3010436478085
1.17,42.3010440585026
1.17,42.3010440585026
1.18,42.3010444688303
1.18,42.3010444688303
1.19,42.3010448787916
1.19,42.3010448787916
1.2,42.3010452883865
1.21,42.3010456976149
1.22,42.3010461064769
1.23,42.3010465149723
1.24,42.3010469231011
1.25,42.3010473308634
1.26,42.3010477382591
1.27,42.3010481452881
1.28,42.3010485519505
1.29,42.3010489582462
1.3,42.3010493641752
1.31,42.3010497697374
1.32,42.3010501749329
1.33,42.3010505797615
1.34,42.3010509842234
1.35,42.3010513883184
1.36,42.3010517920465
1.37,42.3010521954078
1.38,42.3010525984022
1.39,42.3010530010296
1.4,42.3010534032902
1.41,42.3010538051838
1.41,42.3010538051838
1.42,42.3010542067105
1.42,42.3010542067105
1.43,42.3010546078702
1.43,42.3010546078702
1.44,42.301055008663
1.44,42.301055008663
1.45,42.3010554090888
1.46,42.3010558091477
1.47,42.3010562088396
1.48,42.3010566081646
1.49,42.3010570071226
1.5,42.3010574057137
1.51,42.3010578039379
1.52,42.3010582017951
1.53,42.3010585992854
1.54,42.3010589964088
1.55,42.3010593931653
1.56,42.3010597895549
1.57,42.3010601855777
1.58,42.3010605812336
1.59,42.3010609765226
1.6,42.3010613714449
1.61,42.3010617660003
1.62,42.3010621601889
1.63,42.3010625540108
1.64,42.301062947466
1.65,42.3010633405544
1.66,42.3010637332761
1.67,42.3010641256311
1.67,42.3010641256311
1.68,42.3010645176194
1.68,42.3010645176194
1.69,42.3010649092411
1.69,42.3010649092411
1.7,42.3010653004962
1.71,42.3010656913847
1.72,42.3010660819065
1.73,42.3010664720619
1.74,42.3010668618506
1.75,42.3010672512729
1.76,42.3010676403286
1.77,42.3010680290178
1.78,42.3010684173406
1.79,42.3010688052969
1.8,42.3010691928868
1.81,42.3010695801103
1.82,42.3010699669673
1.83,42.301070353458
1.84,42.3010707395823
1.85,42.3010711253403
1.86,42.3010715107319
1.87,42.3010718957571
1.88,42.3010722804161
1.89,42.3010726647088
1.9,42.3010730486352
1.91,42.3010734321953
1.92,42.3010738153891
1.92,42.3010738153891
1.93,42.3010741982167
1.93,42.3010741982168
1.94,42.3010745806781
1.94,42.3010745806781
1.95,42.3010749627732
1.96,42.3010753445022
1.97,42.3010757258649
1.98,42.3010761068614
1.99,42.3010764874918
2,42.3010768677559
2.01,42.3010772476539
2.02,42.3010776271857
2.03,42.3010780063515
2.04,42.301078385151
2.05,42.3010787635844
2.06,42.3010791416517
2.07,42.3010795193529
2.08,42.3010798966881
2.09,42.3010802736571
2.1,42.30108065026
2.11,42.3010810264969
2.12,42.3010814023677
2.13,42.3010817778725
2.14,42.3010821530112
2.15,42.3010825277839
2.16,42.3010829021905
2.17,42.3010832762312
2.18,42.3010836499059
2.19,42.3010840232145
2.2,42.3010843961572
2.21,42.3010847687339
2.22,42.3010851409447
2.23,42.3010855127895
2.23999999999999,42.3010858842684
2.24999999999999,42.3010862553814
2.25999999999999,42.3010866261284
2.26999999999999,42.3010869965096
2.27999999999999,42.3010873665249
2.28999999999999,42.3010877361745
2.29999999999999,42.3010881054581
2.30999999999999,42.3010884743759
2.31999999999999,42.301088842928
2.32999999999999,42.3010892111142
2.33999999999999,42.3010895789348
2.34999999999999,42.3010899463895
2.35999999999999,42.3010903134785
2.36999999999999,42.3010906802019
2.37999999999999,42.3010910465595
2.38999999999999,42.3010914125516
2.39999999999999,42.3010917781779
2.40999999999999,42.3010921434387
2.41999999999999,42.3010925083338
2.42999999999999,42.3010928728634
2.43999999999999,42.3010932370275
2.44999999999999,42.301093600826
2.45999999999999,42.3010939642591
2.46999999999999,42.3010943273266
2.47999999999999,42.3010946900288
2.48999999999999,42.3010950523655
2.49999999999999,42.3010954143368
2.50999999999999,42.3010957759427
2.51999999999999,42.3010961371833
2.52999999999999,42.3010964980586
2.53999999999999,42.3010968585686
2.54999999999999,42.3010972187132
2.55999999999999,42.3010975784927
2.56999999999999,42.3010979379069
2.57999999999999,42.3010982969559
2.58999999999999,42.3010986556397
2.59999999999999,42.3010990139584
2.60999999999999,42.301099371912
2.61999999999999,42.3010997295004
2.62999999999999,42.3011000867239
2.63999999999999,42.3011004435823
2.64999999999999,42.3011008000756
2.65999999999999,42.3011011562039
2.66999999999999,42.3011015119673
2.67999999999999,42.3011018673658
2.68999999999999,42.3011022223994
2.69999999999999,42.301102577068
2.70999999999998,42.3011029313718
2.71999999999998,42.3011032853107
2.72999999999998,42.3011036388849
2.73999999999998,42.3011039920943
2.74999999999998,42.301104344939
2.75999999999998,42.3011046974188
2.76999999999998,42.3011050495341
2.77999999999998,42.3011054012847
2.78999999999998,42.3011057526706
2.79999999999998,42.301106103692
2.80999999999998,42.3011064543487
2.81999999999998,42.3011068046408
2.82999999999998,42.3011071545685
2.83999999999998,42.3011075041318
2.84999999999998,42.3011078533305
2.85999999999998,42.3011082021648
2.86999999999998,42.3011085506346
2.87999999999998,42.3011088987402
2.88999999999998,42.3011092464814
2.89999999999998,42.3011095938582
2.90999999999998,42.3011099408707
2.91999999999998,42.301110287519
2.92999999999998,42.3011106338031
2.93999999999998,42.301110979723
2.94999999999998,42.3011113252787
2.95999999999998,42.3011116704703
2.96999999999998,42.3011120152978
2.97999999999998,42.3011123597612
2.98999999999998,42.3011127038606
2.99999999999998,42.301113047596
3.00999999999998,42.3011133909674
3.01999999999998,42.3011137339748
3.02999999999998,42.3011140766184
3.03999999999998,42.3011144188981
3.04999999999998,42.301114760814
3.05999999999998,42.301115102366
3.06999999999998,42.3011154435542
3.07999999999998,42.3011157843788
3.08999999999998,42.3011161248397
3.09999999999998,42.3011164649369
3.10999999999998,42.3011168046704
3.11999999999998,42.3011171440403
3.12999999999998,42.3011174830467
3.13999999999998,42.3011178216896
3.14999999999998,42.3011181599689
3.15999999999998,42.3011184978848
3.16999999999998,42.3011188354372
3.17999999999997,42.3011191726264
3.18999999999997,42.3011195094522
3.19999999999997,42.3011198459146
3.20999999999997,42.3011201820138
3.21999999999997,42.3011205177497
3.22999999999997,42.3011208531226
3.23999999999997,42.3011211881323
3.24999999999997,42.3011215227788
3.25999999999997,42.3011218570623
3.26999999999997,42.3011221909827
3.27999999999997,42.3011225245402
3.28999999999997,42.3011228577348
3.29999999999997,42.3011231905665
3.30999999999997,42.3011235230352
3.31999999999997,42.3011238551411
3.32999999999997,42.3011241868844
3.33999999999997,42.3011245182649
3.34999999999997,42.3011248492827
3.35999999999997,42.3011251799377
3.36999999999997,42.3011255102303
3.37999999999997,42.3011258401603
3.38999999999997,42.3011261697278
3.39999999999997,42.3011264989328
3.40999999999997,42.3011268277753
3.41999999999997,42.3011271562554
3.42999999999997,42.3011274843733
3.43999999999997,42.3011278121289
3.44999999999997,42.3011281395222
3.45999999999997,42.3011284665532
3.46999999999997,42.3011287932221
3.47999999999997,42.301129119529
3.48999999999997,42.3011294454738
3.49999999999997,42.3011297710566
3.50999999999997,42.3011300962774
3.51999999999997,42.3011304211362
3.52999999999997,42.3011307456333
3.53999999999997,42.3011310697686
3.54999999999997,42.3011313935421
3.55999999999997,42.3011317169538
3.56999999999997,42.3011320400039
3.57999999999997,42.3011323626925
3.58999999999997,42.3011326850195
3.59999999999997,42.3011330069849
3.60999999999997,42.3011333285889
3.61999999999997,42.3011336498314
3.62999999999997,42.3011339707127
3.63999999999997,42.3011342912327
3.64999999999996,42.3011346113914
3.65999999999996,42.3011349311889
3.66999999999996,42.3011352506252
3.67999999999996,42.3011355697006
3.68999999999996,42.3011358884149
3.69999999999996,42.3011362067682
3.70999999999996,42.3011365247605
3.71999999999996,42.3011368423921
3.72999999999996,42.3011371596629
3.73999999999996,42.301137476573
3.74999999999996,42.3011377931224
3.75999999999996,42.301138109311
3.76999999999996,42.3011384251392
3.77999999999996,42.301138740607
3.78999999999996,42.3011390557143
3.79999999999996,42.3011393704611
3.80999999999996,42.3011396848476
3.81999999999996,42.3011399988739
3.82999999999996,42.30114031254
3.83999999999996,42.301140625846
3.84999999999996,42.3011409387919
3.85999999999996,42.3011412513777
3.86999999999996,42.3011415636036
3.87999999999996,42.3011418754697
3.88999999999996,42.301142186976
3.89999999999996,42.3011424981225
3.90999999999996,42.3011428089092
3.91999999999996,42.3011431193364
3.92999999999996,42.3011434294041
3.93999999999996,42.3011437391124
3.94999999999996,42.3011440484612
3.95999999999996,42.3011443574506
3.96999999999996,42.3011446660808
3.97999999999996,42.3011449743519
3.98999999999996,42.3011452822639
3.99999999999996,42.3011455898168
4.00999999999996,42.3011458970106
4.01999999999996,42.3011462038456
4.02999999999996,42.3011465103218
4.03999999999996,42.3011468164393
4.04999999999996,42.301147122198
4.05999999999996,42.301147427598
4.06999999999996,42.3011477326395
4.07999999999996,42.3011480373227
4.08999999999996,42.3011483416475
4.09999999999996,42.301148645614
4.10999999999996,42.3011489492221
4.11999999999995,42.3011492524721
4.12999999999995,42.3011495553641
4.13999999999995,42.3011498578982
4.14999999999995,42.3011501600743
4.15999999999995,42.3011504618924
4.16999999999995,42.3011507633529
4.17999999999995,42.3011510644557
4.18999999999995,42.301151365201
4.19999999999995,42.3011516655888
4.20999999999995,42.3011519656189
4.21999999999995,42.3011522652919
4.22999999999995,42.3011525646076
4.23999999999995,42.3011528635662
4.24999999999995,42.3011531621675
4.25999999999995,42.3011534604118
4.26999999999995,42.3011537582992
4.27999999999995,42.3011540558299
4.28999999999995,42.3011543530039
4.29999999999995,42.3011546498211
4.30999999999995,42.3011549462817
4.31999999999995,42.3011552423859
4.32999999999995,42.3011555381338
4.33999999999995,42.3011558335255
4.34999999999995,42.3011561285609
4.35999999999995,42.30115642324
4.36999999999995,42.3011567175633
4.37999999999995,42.3011570115307
4.38999999999995,42.3011573051424
4.39999999999995,42.3011575983982
4.40999999999995,42.3011578912983
4.41999999999995,42.3011581838429
4.42999999999995,42.3011584760322
4.43999999999995,42.3011587678661
4.44999999999995,42.3011590593447
4.45999999999995,42.301159350468
4.46999999999995,42.3011596412363
4.47999999999995,42.3011599316498
4.48999999999995,42.3011602217085
4.49999999999995,42.3011605114123
4.50999999999995,42.3011608007614
4.51999999999995,42.301161089756
4.52999999999995,42.3011613783963
4.53999999999995,42.3011616666824
4.54999999999995,42.3011619546141
4.55999999999995,42.3011622421917
4.56999999999995,42.3011625294153
4.57999999999995,42.3011628162852
4.58999999999994,42.3011631028014
4.59999999999994,42.3011633889638
4.60999999999994,42.3011636747725
4.61999999999994,42.3011639602279
4.62999999999994,42.3011642453301
4.63999999999994,42.3011645300792
4.64999999999994,42.3011648144751
4.65999999999994,42.3011650985178
4.66999999999994,42.3011653822077
4.67999999999994,42.301165665545
4.68999999999994,42.3011659485297
4.69999999999994,42.3011662311618
4.70999999999994,42.3011665134412
4.71999999999994,42.3011667953684
4.72999999999994,42.3011670769437
4.73999999999994,42.3011673581669
4.74999999999994,42.301167639038
4.75999999999994,42.3011679195571
4.76999999999994,42.3011681997246
4.77999999999994,42.3011684795408
4.78999999999994,42.3011687590056
4.79999999999994,42.3011690381189
4.80999999999994,42.3011693168808
4.81999999999994,42.3011695952919
4.82999999999994,42.3011698733522
4.83999999999994,42.3011701510618
4.84999999999994,42.3011704284207
4.85999999999994,42.3011707054288
4.86999999999994,42.3011709820867
4.87999999999994,42.3011712583945
4.88999999999994,42.3011715343522
4.89999999999994,42.3011718099598
4.90999999999994,42.3011720852172
4.91999999999994,42.3011723601251
4.92999999999994,42.3011726346836
4.93999999999994,42.3011729088926
4.94999999999994,42.3011731827522
4.95999999999994,42.3011734562624
4.96999999999994,42.3011737294236
4.97999999999994,42.3011740022362
4.98999999999994,42.3011742747001
4.99999999999994,42.3011745468152
5.00999999999994,42.3011748185817
5.01999999999994,42.3011750899999
5.02999999999994,42.3011753610703
5.03999999999994,42.3011756317928
5.04999999999993,42.3011759021672
5.05999999999993,42.3011761721938
5.06999999999993,42.3011764418729
5.07999999999993,42.3011767112048
5.08999999999993,42.3011769801896
5.09999999999993,42.301177248827
5.10999999999993,42.3011775171173
5.11999999999993,42.3011777850608
5.12999999999993,42.301178052658
5.13999999999993,42.3011783199088
5.14999999999993,42.3011785868131
5.15999999999993,42.301178853371
5.16999999999993,42.301179119583
5.17999999999993,42.3011793854496
5.18999999999993,42.3011796509705
5.19999999999993,42.3011799161458
5.20999999999993,42.3011801809756
5.21999999999993,42.3011804454603
5.22999999999993,42.3011807096002
5.23999999999993,42.3011809733954
5.24999999999993,42.3011812368456
5.25999999999993,42.3011814999511
5.26999999999993,42.3011817627124
5.27999999999993,42.3011820251299
5.28999999999993,42.3011822872034
5.29999999999993,42.301182548933
5.30999999999993,42.3011828103187
5.31999999999993,42.301183071361
5.32999999999993,42.3011833320604
5.33999999999993,42.3011835924167
5.34999999999993,42.3011838524298
5.35999999999993,42.3011841120998
5.36999999999993,42.3011843714275
5.37999999999993,42.3011846304132
5.38999999999993,42.3011848890567
5.39999999999993,42.3011851473581
5.40999999999993,42.3011854053174
5.41999999999993,42.3011856629352
5.42999999999993,42.301185920212
5.43999999999993,42.3011861771477
5.44999999999993,42.3011864337421
5.45999999999993,42.3011866899954
5.46999999999993,42.3011869459082
5.47999999999993,42.3011872014808
5.48999999999993,42.3011874567132
5.49999999999993,42.3011877116053
5.50999999999993,42.3011879661571
5.51999999999992,42.3011882203695
5.52999999999992,42.3011884742428
5.53999999999992,42.301188727777
5.54999999999992,42.3011889809719
5.55999999999992,42.3011892338277
5.56999999999992,42.3011894863451
5.57999999999992,42.3011897385243
5.58999999999992,42.3011899903654
5.59999999999992,42.3011902418682
5.60999999999992,42.3011904930328
5.61999999999992,42.30119074386
5.62999999999992,42.3011909943503
5.63067309684326,42.3011910111986
5.6313461936866,42.3011910280454
5.63201929052993,42.3011910448906
5.63317950609909,42.3011910739232
5.63496493905453,42.301191118592
5.6393006779643,42.3011912270207
5.64,42.3011912445035
5.64588920123801,42.3011913916663
5.65,42.3011914943201
5.65834820239913,42.3011917026147
5.66,42.3011917438007
5.66669640479826,42.3011919106755
5.67,42.301191992946
5.67504460719739,42.301192118503
5.68,42.3011922417566
5.68834820239913,42.3011924492125
5.68909954061505,42.3011924678721
5.68985087883097,42.3011924865298
5.69,42.3011924902326
5.69075508224707,42.301192508981
5.69226034593695,42.3011925463505
5.69410141036169,42.3011925920461
5.69594247478644,42.3011926377305
5.69778353921118,42.3011926834035
5.7,42.3011927383743
5.70280327561885,42.3011928078753
5.70730962537693,42.3011929195454
5.71,42.3011929861823
5.71369984087381,42.301193077783
5.72,42.3011932336578
5.72369984087381,42.3011933251356
5.73,42.3011934808014
5.73066333629789,42.3011934971836
5.73132667259578,42.3011935135644
5.73199000889366,42.3011935299437
5.73307392553692,42.3011935567049
5.73388635624643,42.3011935767608
5.73496156288309,42.3011936033003
5.7360566291502,42.301193630326
5.73715169541731,42.3011936573478
5.73802329571101,42.3011936788526
5.73935136551779,42.3011937116148
5.74,42.3011937276138
5.74102316062694,42.3011937528481
5.74204632125388,42.3011937780789
5.74306948188082,42.3011938033062
5.74409264250775,42.30119382853
5.74511580313469,42.3011938537505
5.74613896376163,42.3011938789674
5.74716212438857,42.301193904181
5.74842104674345,42.3011939351996
5.74967996909833,42.3011939662129
5.75,42.301193974096
5.75125892235488,42.3011940051029
5.75251784470976,42.3011940361045
5.75385121445172,42.3011940689337
5.75518458419369,42.3011941017571
5.75651795393565,42.3011941345747
5.75785132367762,42.3011941673864
5.75969907780273,42.3011942128466
5.76,42.3011942202491
5.76259266849313,42.301194284015
5.76548625918352,42.3011943551561
5.76896723291022,42.3011944407022
5.77,42.3011944660753
5.77486156059133,42.3011945854676
5.78,42.3011947115763
5.78239601081639,42.3011947703506
5.79,42.3011949567541
5.79239601081639,42.3011950154512
5.8,42.3011952016107
5.81,42.3011954461487
5.82,42.3011956903713
5.83,42.3011959342817
5.84,42.3011961778838
5.85,42.3011964211818
5.86,42.301196664181
5.87,42.3011969068875
5.88,42.3011971493071
5.89,42.3011973914461
5.9,42.3011976333105
5.91,42.3011978749065
5.92,42.3011981162408
5.93,42.301198357319
5.94,42.3011985981459
5.95,42.3011988387256
5.96,42.3011990790617
5.97,42.3011993191583
5.98,42.3011995590187
5.99,42.3011997986452
6,42.3012000380397
6.01,42.3012002772042
6.01058676759373,42.3012002912305
6.01117353518747,42.301200305256
6.01176030278121,42.3012003192808
6.01234707037495,42.3012003333047
6.01317206722536,42.3012003530211
6.01431665909289,42.3012003803729
6.01589066629073,42.3012004179814
6.01807051836654,42.3012004700564
6.02,42.3012005161412
6.02111808619032,42.3012005428424
6.02543761497853,42.3012006459713
6.02975714376675,42.3012007490583
6.03,42.3012007548529
6.03809049827471,42.3012009478185
6.04,42.3012009933405
6.04642385278268,42.3012011464243
6.05,42.3012012316062
6.05833335450796,42.3012014299928
6.06,42.3012014696511
6.06666670901592,42.3012016282268
6.07,42.3012017074769
6.07218438067263,42.3012017593983
6.07770205232935,42.3012018905038
6.08,42.301201945086
6.08321972398606,42.3012020215435
6.09,42.3012021824792
6.09321972398606,42.3012022588676
6.1,42.301202419658
6.11,42.3012026566238
6.12,42.3012028933784
6.13,42.3012031299239
6.14,42.301203366262
6.15,42.3012036023943
6.16,42.3012038383228
6.17,42.3012040740504
6.18,42.3012043095795
6.19,42.3012045449124
6.2,42.3012047800507
6.21,42.3012050149965
6.22,42.301205249752
6.23,42.3012054843192
6.24,42.3012057186992
6.243,42.3012057889768
6.246,42.3012058592376
6.2479643798389,42.3012059052349
6.2499287596778,42.301205951225
6.25,42.3012059528927
6.25153064348721,42.301205988723
6.25306128697441,42.301206024549
6.25459193046162,42.3012060603708
6.25659181024794,42.3012061071679
6.25942173045413,42.3012061733758
6.26,42.3012061869031
6.26158185401223,42.3012062239039
6.26374197757033,42.3012062744238
6.26723380013547,42.3012063560712
6.26928750281991,42.3012064040816
6.27,42.3012064207363
6.27134120550434,42.3012064520846
6.27339490818878,42.3012065000801
6.27544861087321,42.3012065480683
6.27825922215824,42.3012066137309
6.28,42.3012066543927
6.28221800595232,42.3012067061941
6.2861767897464,42.3012067986302
6.29,42.3012068878749
6.29013557354048,42.3012068910391
6.29409435733456,42.3012069834207
6.29805314112865,42.3012070757753
6.3,42.3012071211838
6.30508491838087,42.3012072397536
6.31,42.3012073543212
6.31016983676173,42.3012073582792
6.31650955515445,42.301207505992
6.32,42.3012075872891
6.32284927354717,42.3012076536373
6.32918899193989,42.3012078012156
6.33,42.3012078200897
6.33733000702488,42.3012079906275
6.34,42.3012080527249
6.34547102210986,42.3012081799309
6.35,42.3012082851969
6.36,42.3012085175069
6.37,42.3012087496559
6.38,42.3012089816454
6.39,42.3012092134767
6.4,42.3012094451511
6.41,42.3012096766693
6.41724468511869,42.3012098442999
6.41988840826851,42.3012099054513
6.42,42.3012099080322
6.42253213141834,42.3012099665917
6.42517585456816,42.3012100277215
6.42682037306018,42.3012100657417
6.4284648915522,42.3012101037578
6.43,42.3012101392411
6.43010941004422,42.3012101417699
6.43173897319579,42.3012101794325
6.43336853634735,42.3012102170911
6.43534911799525,42.3012102628563
6.43732969964314,42.3012103086157
6.43931028129103,42.3012103543693
6.44,42.3012103703011
6.44281970285233,42.3012104354262
6.44568183704693,42.3012105015192
6.44854397124153,42.3012105676
6.45,42.301210601212
6.4518757130605,42.3012106445078
6.45375142612099,42.3012106877983
6.45562713918149,42.3012107310837
6.45750285224199,42.3012107743639
6.46,42.3012108319749
6.46063138557637,42.30121084654
6.4641757747807,42.3012109282926
6.46772016398503,42.3012110100266
6.47,42.3012110625901
6.47051988560176,42.3012110745755
6.47392343015168,42.3012111530302
6.4773269747016,42.3012112314678
6.48,42.301211293058
6.48073051925151,42.3012113098884
6.48413406380143,42.3012113882918
6.48654692049323,42.3012114438639
6.48895977718504,42.3012114994282
6.49,42.3012115233805
6.4913918034992,42.3012115554263
6.49382382981337,42.3012116114169
6.49564369505366,42.3012116533093
6.49746356029396,42.3012116951976
6.5,42.3012117535723
6.50093911138022,42.3012117751833
6.50187822276043,42.3012117967932
6.50484268233915,42.3012118650013
6.50982329624583,42.3012119795741
6.51,42.3012119836384
6.5134569657522,42.301212063143
6.51794668485424,42.3012121663771
6.52,42.3012122135816
6.52243640395628,42.3012122695863
6.52952748478417,42.3012124325449
6.53,42.3012124434014
6.53196552985133,42.3012124885587
6.53354288864861,42.3012125247944
6.5351202474459,42.301212561027
6.53669760624318,42.3012125972565
6.53827496504046,42.3012126334831
6.54,42.301212673098
6.54116754569369,42.3012126999083
6.54406012634692,42.301212766324
6.54800933441929,42.3012128569859
6.55,42.3012129026792
6.55659681132057,42.3012130540721
6.56,42.301213132156
6.5654074963041,42.3012132562035
6.57,42.301213361532
6.57421818128763,42.3012134582565
6.58,42.3012135908063
6.58302886627116,42.3012136602302
6.59,42.3012138199779
6.59183955125469,42.301213862124
6.6,42.3012140490461
6.60881068498353,42.301214250785
6.61,42.3012142780106
6.61762136996706,42.3012144524433
6.62,42.3012145068712
6.62643205495059,42.3012146540195
6.63,42.3012147356255
6.63524273993412,42.3012148555128
6.64,42.3012149642729
6.64405342491765,42.3012150569231
6.65,42.3012151928138
6.65881068498353,42.3012153940864
6.66,42.301215421249
6.66762136996706,42.301215595278
6.67,42.3012156495797
6.67643205495059,42.3012157963867
6.68,42.3012158778031
6.68524273993412,42.3012159974117
6.69,42.3012161059189
6.69405342491765,42.3012161983536
6.7,42.301216333928
6.70881068498353,42.3012165347327
6.71,42.3012165618323
6.71762136996706,42.3012167354578
6.72,42.3012167896338
6.72643205495059,42.3012169361009
6.73,42.3012170173289
6.73524273993412,42.301217136661
6.74,42.3012172449175
6.74405342491765,42.301217337139
6.75,42.3012174724011
6.75881068498353,42.3012176727448
6.76,42.3012176997824
6.76762136996706,42.3012178730116
6.77,42.3012179270641
6.77643205495059,42.3012180731982
6.78,42.3012181542417
6.78524273993412,42.3012182733034
6.79,42.3012183813151
6.79405342491765,42.3012184733284
6.8,42.3012186082861
6.80881068498353,42.301218808181
6.81,42.3012188351583
6.81762136996706,42.3012190080025
6.82,42.3012190619352
6.82643205495059,42.3012192077463
6.83,42.3012192886109
6.83318863555874,42.3012193608679
6.83994521616688,42.3012195139436
6.84,42.3012195151846
6.84994521616688,42.3012197404233
6.85,42.3012197416638
6.86,42.3012199680396
6.87,42.3012201943275
6.88,42.3012204205292
6.89,42.3012206466465
6.9,42.3012208726815
6.91,42.3012210986368
6.92,42.3012213245161
6.93,42.3012215503214
6.94,42.3012217760544
6.95,42.3012220017169
6.96,42.3012222273124
6.97,42.3012224528449
6.98,42.3012226783165
6.99,42.3012229037288
7,42.3012231290834
7.01,42.3012233543836
7.02,42.3012235796339
7.03,42.3012238048365
7.04,42.3012240299925
7.05,42.3012242551032
7.06,42.301224480172
7.07,42.3012247052038
7.08,42.3012249302005
7.09,42.301225155163
7.1,42.3012253800924
7.10999999999999,42.3012256049922
7.11999999999999,42.3012258298683
7.12999999999999,42.3012260547227
7.13999999999999,42.3012262795563
7.14999999999999,42.3012265043722
7.15999999999999,42.3012267291776
7.16999999999999,42.3012269539826
7.17999999999999,42.3012271787923
7.18999999999999,42.3012274036099
7.19999999999999,42.3012276284387
7.20999999999999,42.3012278532851
7.21999999999999,42.3012280781593
7.22999999999999,42.3012283030659
7.23999999999999,42.3012285280078
7.24999999999999,42.3012287529874
7.25999999999999,42.3012289780114
7.2673504485752,42.3012291434494
7.27,42.3012292030911
7.2747008971504,42.3012293089195
7.28,42.301229428228
7.28205134572561,42.3012294744177
7.29,42.3012296534177
7.29205134572561,42.3012296996192
7.3,42.301229878666
7.31,42.3012301039801
7.31786210612217,42.3012302811786
7.32,42.3012303293716
7.32572421224435,42.3012304584267
7.33,42.3012305548412
7.33358631836652,42.3012306357188
7.34,42.3012307803808
7.34358631836652,42.3012308612846
7.35,42.3012310059941
7.36,42.3012312316874
7.36741283813915,42.3012313990503
7.37,42.3012314574741
7.3748256762783,42.3012315664657
7.38,42.3012316833537
7.38223851441744,42.3012317339289
7.39,42.3012319093199
7.39121365743221,42.3012319367506
7.4,42.3012321353771
7.40623943645603,42.3012322764724
7.41,42.3012323615313
7.41247887291206,42.3012324176083
7.41720538382136,42.3012325245485
7.42,42.3012325877893
7.42193189473065,42.3012326315121
7.43,42.3012328141524
7.43053327860207,42.3012328262268
7.43913466247349,42.3012330210204
7.44,42.3012330406219
7.4477360463449,42.3012332158939
7.45,42.3012332671983
7.45860138387142,42.301233462164
7.46,42.3012334938745
7.46476721082267,42.3012336019782
7.47,42.3012337206693
7.47093303777392,42.3012337418359
7.47709886472517,42.3012338817384
7.48,42.3012339475812
7.48462206602591,42.3012340525029
7.49,42.3012341746139
7.49462206602591,42.3012342795893
7.5,42.3012344017618
7.51,42.301234629028
7.51769619031251,42.3012348040251
7.52,42.3012348564247
7.52539238062502,42.3012349791004
7.53,42.3012350839514
7.53308857093753,42.3012351542495
7.54,42.3012353116011
7.54267007692133,42.3012353724066
7.55,42.3012355393755
7.5595815059838,42.3012357577383
7.56,42.3012357672786
7.5691630119676,42.3012359762269
7.57,42.3012359953185
7.5787445179514,42.3012361948351
7.58,42.301236223488
7.58832602393521,42.301236413558
7.59,42.3012364517823
7.59790752991901,42.3012366323948
7.6,42.3012366802005
7.6095815059838,42.3012368991745
7.61,42.3012369087417
7.6191630119676,42.3012371182796
7.62,42.3012371374253
7.6287445179514,42.3012373375058
7.63,42.3012373662397
7.63832602393521,42.3012375568466
7.64,42.3012375951787
7.64790752991901,42.3012377763008
7.65,42.3012378242411
7.6595815059838,42.3012380438308
7.66,42.3012380534248
7.6691630119676,42.3012382635518
7.67,42.3012382827511
7.6787445179514,42.3012384833907
7.68,42.3012385122045
7.68832602393521,42.3012387033395
7.69,42.3012387417773
7.69790752991901,42.301238923397
7.7,42.3012389714684
7.7095815059838,42.3012391916553
7.71,42.3012392012755
7.7191630119676,42.3012394119729
7.72,42.3012394312242
7.7287445179514,42.3012396324059
7.73,42.3012396612972
7.73832602393521,42.3012398529458
7.74,42.3012398914865
7.74790752991901,42.301240073592
7.75,42.3012401217916
7.7595815059838,42.3012403425648
7.76,42.3012403522105
7.7691630119676,42.3012405634692
7.77,42.3012405827717
7.7787445179514,42.3012407844875
7.78,42.3012408134552
7.78832602393521,42.3012410056097
7.79,42.3012410442518
7.79790752991901,42.3012412268353
7.8,42.3012412751611
7.8095815059838,42.3012414965098
7.81,42.3012415061807
7.8191630119676,42.3012417179892
7.82,42.3012417373418
7.8287445179514,42.3012419395795
7.83,42.3012419686219
7.83832602393521,42.3012421612698
7.84,42.3012422000107
7.84790752991901,42.3012423830595
7.85,42.3012424315079
7.8595815059838,42.3012426534153
7.86,42.3012426631105
7.8691630119676,42.3012428754517
7.87,42.3012428948528
7.8787445179514,42.3012430975954
7.88,42.3012431267098
7.88832602393521,42.3012433198341
7.89,42.3012433586704
7.89790752991901,42.3012435421675
7.9,42.3012435907339
7.9095815059838,42.3012438131786
7.91,42.3012438228972
7.9191630119676,42.301244035749
7.92,42.3012440551965
7.9287445179514,42.3012442584214
7.93,42.3012442876045
7.93605884327387,42.3012444284616
7.94,42.3012445201037
7.94337316859634,42.3012445985519
7.95,42.301244752705
7.95896655464536,42.3012449613717
7.96,42.3012449854286
7.96793310929072,42.3012451701462
7.97,42.3012452182839
7.97689966393608,42.3012453790098
7.98,42.3012454512457
7.98586621858144,42.3012455879541
7.99,42.3012456843093
7.9948327732268,42.301245796982
8,42.3012459174789
8.00896655464536,42.3012461266494
8.01,42.3012461507645
8.01793310929072,42.3012463359292
8.02,42.3012463841835
8.02689966393608,42.3012465452996
8.03,42.3012466177111
8.03586621858144,42.3012467547521
8.04,42.3012468513422
8.0448327732268,42.3012469642898
8.05,42.301247085081
8.05896655464536,42.3012472947634
8.06,42.3012473189375
8.06793310929072,42.3012475045558
8.07,42.3012475529283
8.07689966393608,42.3012477144392
8.08,42.3012477870282
8.08586621858144,42.3012479244052
8.09,42.301248021232
8.0948327732268,42.3012481344565
8.1,42.3012482555439
8.10896655464536,42.3012484657405
8.11,42.3012484899739
8.11793310929072,42.3012486760476
8.12,42.301248724539
8.12689966393608,42.3012488864468
8.13,42.3012489592144
8.13586621858144,42.30124909693
8.14,42.3012491939959
8.1448327732268,42.3012493075007
8.15,42.3012494288885
8.15896655464536,42.3012496396085
8.16,42.3012496639025
8.16793310929072,42.3012498504421
8.17,42.3012498990553
8.17689966393608,42.3012500613709
8.18,42.3012501343223
8.18586621858144,42.3012502723867
8.19,42.3012503696992
8.1948327732268,42.301250483493
8.2,42.301250605191
8.20896655464536,42.3012508164515
8.21,42.3012508408079
8.21793310929072,42.3012510278284
8.22,42.3012510765671
8.22689966393608,42.3012512393034
8.23,42.3012513124445
8.23586621858144,42.301251450869
8.24,42.3012515484363
8.2448327732268,42.301251662529
8.25,42.3012517845479
8.25896655464536,42.3012519963686
8.26,42.3012520207898
8.26793310929072,42.3012522083095
8.27,42.3012522571788
8.27689966393608,42.3012524203524
8.28,42.3012524936908
8.28586621858144,42.3012526324898
8.29,42.3012527303221
8.2948327732268,42.3012528447256
8.3,42.3012529670778
8.30896655464536,42.3012531794799
8.31,42.3012532039684
8.31793310929072,42.3012533920055
8.32,42.3012534410101
8.32689966393608,42.3012536046368
8.33,42.3012536781795
8.33586621858144,42.3012538173665
8.34,42.3012539154732
8.3448327732268,42.3012540301987
8.35,42.3012541528966
8.35896655464536,42.3012543659016
8.36,42.3012543904597
8.36793310929072,42.3012545790334
8.37,42.3012546281783
8.37689966393608,42.3012547922746
8.38,42.301254866029
8.38586621858144,42.3012550056178
8.39,42.3012551040084
8.3948327732268,42.3012552190667
8.4,42.3012553421216
8.40896655464536,42.3012555557484
8.41,42.3012555803785
8.41793310929072,42.301255769505
8.42,42.3012558187943
8.42689966393608,42.301255983374
8.43,42.3012560573464
8.43586621858144,42.3012561973485
8.44,42.3012562960314
8.4448327732268,42.3012564114323
8.45,42.3012565348546
8.45896655464536,42.3012567491214
8.46,42.3012567738254
8.46793310929072,42.3012569635205
8.47,42.3012570129581
8.47373440499327,42.3012571022946
8.47953570069583,42.301257241113
8.48,42.3012572522253
8.48533699639838,42.3012573799841
8.49,42.3012574916429
8.49533699639838,42.3012576194813
8.5,42.301257731208
8.51,42.3012579709217
8.52,42.3012582108031
8.53,42.3012584508521
8.54,42.301258691069
8.55,42.3012589314535
8.56,42.3012591720066
8.57,42.3012594127298
8.58,42.3012596536234
8.59,42.3012598946873
8.6,42.3012601359214
8.61,42.3012603773264
8.62,42.3012606189038
8.63,42.3012608606537
8.64,42.301261102576
8.65,42.3012613446705
8.66,42.3012615869377
8.67,42.3012618293788
8.68,42.3012620719937
8.69,42.3012623147823
8.7,42.3012625577444
8.71,42.3012628008802
8.72,42.3012630441907
8.73,42.3012632876758
8.73999999999999,42.3012635313352
8.74999999999999,42.3012637751687
8.75999999999999,42.3012640191766
8.76999999999999,42.3012642633593
8.77999999999999,42.3012645077168
8.78999999999999,42.3012647522488
8.79999999999999,42.301264996955
8.80999999999999,42.3012652418355
8.81999999999999,42.3012654868908
8.82999999999999,42.3012657321207
8.83999999999999,42.3012659775249
8.84999999999999,42.3012662231031
8.85999999999999,42.3012664688555
8.86999999999999,42.3012667147824
8.87999999999999,42.3012669608837
8.88999999999999,42.3012672071591
8.89999999999999,42.3012674536082
8.90999999999999,42.3012677002312
8.91999999999999,42.3012679470282
8.92999999999999,42.3012681939989
8.93999999999999,42.3012684411432
8.94999999999999,42.3012686884608
8.95999999999999,42.3012689359516
8.96999999999999,42.3012691836157
8.97999999999999,42.301269431453
8.98999999999999,42.3012696794632
8.99999999999999,42.301269927646
9.00999999999999,42.3012701760013
9.01999999999999,42.3012704245291
9.02999999999999,42.3012706732293
9.03999999999999,42.3012709221016
9.04999999999999,42.3012711711457
9.05999999999999,42.3012714203615
9.06999999999999,42.3012716697489
9.07999999999999,42.3012719193076
9.08999999999999,42.3012721690375
9.09999999999999,42.3012724189382
9.10999999999999,42.3012726690097
9.11999999999999,42.3012729192521
9.12999999999999,42.3012731696652
9.13999999999999,42.3012734202489
9.14999999999999,42.3012736710028
9.15999999999999,42.301273921927
9.16999999999999,42.3012741730215
9.17999999999999,42.3012744242861
9.18999999999999,42.3012746757207
9.19999999999999,42.3012749273251
9.20999999999998,42.3012751790992
9.21999999999998,42.3012754310431
9.22999999999998,42.3012756831567
9.23999999999998,42.3012759354398
9.24999999999998,42.3012761878922
9.25999999999998,42.301276440514
9.26999999999998,42.3012766933052
9.27999999999998,42.3012769462657
9.28999999999998,42.3012771993954
9.29999999999998,42.3012774526941
9.30999999999998,42.3012777061619
9.31999999999998,42.3012779597988
9.32999999999998,42.3012782136047
9.33999999999998,42.3012784675795
9.34999999999998,42.3012787217232
9.35999999999998,42.3012789760357
9.36999999999998,42.3012792305171
9.37999999999998,42.3012794851673
9.38999999999998,42.3012797399864
9.39999999999998,42.3012799949742
9.40999999999998,42.3012802501308
9.41999999999998,42.3012805054563
9.42999999999998,42.3012807609505
9.43999999999998,42.3012810166135
9.44999999999998,42.3012812724452
9.45999999999998,42.3012815284458
9.46999999999998,42.3012817846152
9.47999999999998,42.3012820409536
9.48999999999998,42.3012822974608
9.49999999999998,42.3012825541369
9.50999999999998,42.3012828109821
9.51999999999998,42.3012830679962
9.52999999999998,42.3012833251793
9.53999999999998,42.3012835825316
9.54999999999998,42.3012838400529
9.55999999999998,42.3012840977434
9.56999999999998,42.3012843556031
9.57999999999998,42.301284613632
9.58999999999998,42.3012848718303
9.59999999999998,42.3012851301978
9.60999999999998,42.3012853887348
9.61999999999998,42.3012856474412
9.62999999999998,42.3012859063172
9.63999999999998,42.3012861653627
9.64999999999998,42.3012864245779
9.65999999999998,42.3012866839629
9.66999999999998,42.3012869435175
9.67999999999997,42.301287203242
9.68999999999997,42.3012874631364
9.69999999999997,42.3012877232007
9.70999999999997,42.3012879834351
9.71999999999997,42.3012882438396
9.72999999999997,42.3012885044142
9.73999999999997,42.3012887651592
9.74999999999997,42.3012890260746
9.75999999999997,42.3012892871603
9.76999999999997,42.3012895484164
9.77999999999997,42.3012898098429
9.78999999999997,42.3012900714398
9.79999999999997,42.3012903332073
9.80999999999997,42.3012905951454
9.81999999999997,42.3012908572539
9.82999999999997,42.3012911195331
9.83999999999997,42.301291381984
9.84999999999997,42.3012916446089
9.85999999999997,42.3012919074101
9.86299999999997,42.3012919862852
9.86599999999997,42.3012920651763
9.86859314141806,42.3012921333813
9.87,42.3012921703897
9.87118628283614,42.3012922015984
9.8728411140237,42.3012922451377
9.87449594521126,42.3012922886817
9.87679933299486,42.3012923492996
9.87854832574935,42.3012923953338
9.88,42.3012924335466
9.88090137557421,42.3012924572757
9.88325442539906,42.3012925192271
9.88667591262997,42.3012926093261
9.89,42.3012926968804
9.89009739986088,42.3012926994461
9.89351888709179,42.3012927895872
9.8969403743227,42.3012928797493
9.9,42.3012929603937
9.90342148723091,42.301293050596
9.90684297446182,42.3012931408196
9.91,42.3012932240882
9.91164484078819,42.3012932674792
9.91644670711457,42.3012933941796
9.92,42.3012934879619
9.92124857344094,42.301293520921
9.92605043976732,42.3012936477021
9.93,42.3012937520097
9.93085230609369,42.3012937745225
9.93946563574098,42.3012940021045
9.94,42.3012940162276
9.94807896538826,42.3012942298131
9.95,42.3012942806152
9.95861332964729,42.301294508464
9.96,42.3012945451575
9.96722665929457,42.3012947364403
9.97,42.3012948098694
9.97154776982945,42.3012948508542
9.97586888036434,42.3012949652955
9.98,42.3012950747322
9.98018999089922,42.3012950797658
9.98346273893916,42.3012951664833
9.9867354869791,42.3012952532171
9.99,42.3012953397489
9.99222774445711,42.3012953988086
9.99772000193513,42.3012955444441
10,42.3012956049147
10.005492257478,42.3012957506137
10.01,42.3012958702292
10.0137361720306,42.3012959693937
10.02,42.3012961356903
10.0237361720306,42.3012962349068
10.03,42.3012964012872
10.0312042547071,42.3012964332805
10.0386723373837,42.3012966317267
10.04,42.3012966670139
10.0482264503366,42.3012968857123
10.05,42.3012969328724
10.0595541129529,42.3012971869832
10.06,42.3012971988454
10.0691082259058,42.3012974412106
10.07,42.3012974649452
10.0747284093277,42.3012975908048
10.08,42.3012977311457
10.0803485927496,42.3012977404268
10.0859687761714,42.3012978900782
10.09,42.301297997438
10.0915889595933,42.3012980397594
10.0972091430152,42.3012981894678
10.1,42.3012982638195
10.1056201834219,42.3012984135677
10.1086201834219,42.3012984935126
10.11,42.3012985302848
10.1105110910648,42.3012985439058
10.1124019987077,42.3012985943013
10.1129692710006,42.3012986094202
10.1135365432935,42.3012986245392
10.1143871008733,42.3012986472084
10.1155638668287,42.301298678572
10.1164392101647,42.3012987019022
10.1173145535007,42.3012987252325
10.1187951250381,42.3012987646945
10.12,42.3012987968087
10.1201332084912,42.3012988003592
10.1214712919443,42.3012988360243
10.1228093753974,42.3012988716894
10.1241474588505,42.3012989073546
10.125124202809,42.3012989333887
10.1263188003858,42.3012989652295
10.1270757571999,42.3012989854055
10.127832714014,42.3012990055815
10.1289413477024,42.3012990351308
10.13,42.3012990633473
10.1300499813909,42.3012990646795
10.1310450566072,42.3012990912007
10.1320401318235,42.3012991177211
10.1330352070398,42.3012991442405
10.1343030659866,42.3012991780283
10.1352769156281,42.3012992039794
10.1362507652696,42.3012992299292
10.1375380903144,42.3012992642297
10.1388254153591,42.3012992985273
10.14,42.3012993298185
10.1401127404039,42.3012993328218
10.1410457843056,42.3012993576763
10.1419788282072,42.3012993825291
10.1429118721089,42.3012994073804
10.1438449160106,42.3012994322299
10.1453755020616,42.3012994729897
10.1481091060216,42.3012995457726
10.15,42.3012995961075
10.1545718962739,42.3012997177713
10.16,42.3012998621458
10.1606112284383,42.3012998783979
10.1689931440921,42.3013001011609
10.17,42.3013001279066
10.1773750597458,42.3013003237278
10.18,42.3013003933868
10.1857569753996,42.3013005460915
10.19,42.3013006585755
10.1941388910534,42.3013007682486
10.2,42.3013009234713
10.2083819156538,42.301301145281
10.21,42.301301188077
10.2167638313075,42.3013013668894
10.22,42.3013014523948
10.2251457469613,42.3013015882922
10.23,42.301301716421
10.2312860845039,42.3013017503563
10.2374264220465,42.3013019123152
10.24,42.3013019801656
10.2474264220465,42.3013021758551
10.25,42.3013022436337
10.26,42.3013025068167
10.27,42.3013027697184
10.28,42.3013030323362
10.2809,42.3013030559577
10.2818,42.3013030795769
10.2836125079525,42.3013031271367
10.2854250159051,42.3013031746876
10.2859687682908,42.3013031889512
10.2865125206766,42.3013032032139
10.2892312826054,42.3013032745158
10.29,42.3013032946724
10.2900746723283,42.3013032966303
10.2909180620511,42.3013033187428
10.2929004731694,42.3013033707112
10.2948828842877,42.301303422669
10.2968652954059,42.3013034746163
10.2988477065242,42.3013035265529
10.3,42.3013035567366
10.3044797686434,42.3013036740477
10.3089595372867,42.3013037913046
10.31,42.3013038185306
10.3163740251783,42.301303985257
10.3185983715458,42.301304043413
10.32,42.3013040800518
10.3231166226015,42.3013041615018
10.324051609382,42.3013041859318
10.3249865961624,42.3013042103595
10.3263266493817,42.3013042453664
10.327666702601,42.3013042803691
10.3290067558203,42.301304315368
10.33,42.3013043413064
10.3303468090396,42.3013043503628
10.3316868622589,42.3013043853535
10.3334939090629,42.3013044325316
10.3353009558669,42.3013044797025
10.3371080026708,42.3013045268667
10.3389150494748,42.301304574024
10.34,42.301304602334
10.3410538221674,42.3013046298294
10.3431925948599,42.3013046856254
10.3462088765815,42.3013047642983
10.3485670603624,42.3013048257937
10.35,42.3013048631558
10.3532999649716,42.3013049491836
10.3565999299431,42.3013050351909
10.3598998949147,42.3013051211782
10.36,42.3013051237863
10.3650330281621,42.3013052548935
10.37,42.3013053842357
10.3727704588224,42.3013054563613
10.38,42.301305644514
10.3805078894827,42.3013056577289
10.388245320143,42.3013058590005
10.39,42.3013059046313
10.398245320143,42.3013061189866
10.4,42.3013061645893
10.41,42.3013064243862
10.42,42.3013066840196
10.43,42.3013069434959
10.44,42.3013072028221
10.45,42.3013074619993
10.46,42.3013077210269
10.47,42.3013079799043
10.48,42.3013082386301
10.49,42.3013084972032
10.5,42.3013087556246
10.503,42.3013088331216
10.506,42.3013089106052
10.51,42.3013090138958
10.5112837374209,42.3013090470402
10.5190539563824,42.3013092476064
10.52,42.3013092720199
10.5268241753438,42.3013094480896
10.53,42.3013095300091
10.532178979323,42.3013095862085
10.5375337833023,42.3013097242944
10.54,42.30130978788
10.5445624021784,42.3013099054917
10.55,42.3013100456325
10.5586503607263,42.3013102685023
10.56,42.3013103032667
10.5673007214525,42.3013104912828
10.57,42.3013105607818
10.5720385116696,42.3013106132625
10.5767763018867,42.3013107352177
10.58,42.3013108181855
10.5815140921038,42.3013108571499
10.586251882321,42.3013109790598
10.59,42.3013110754887
10.5909896725381,42.301311100948
10.5957274627552,42.3013112228146
10.6,42.3013113326954
10.6047377902171,42.3013114545212
10.61,42.3013115898067
10.6116382603302,42.3013116319192
10.6185387304432,42.3013118092718
10.62,42.3013118468227
10.6235624122411,42.3013119383585
10.63,42.3013121037378
10.6311512578546,42.3013121333085
10.636819215389,42.3013122788723
10.64,42.3013123605457
10.6461069877546,42.3013125173255
10.65,42.3013126172471
10.6527863317097,42.3013126887537
10.6555726634194,42.3013127602524
10.658358995129,42.3013128317429
10.66,42.3013128738434
10.6619046325745,42.3013129227039
10.6685479489994,42.3013130930995
10.67,42.3013131303375
10.6751912654244,42.3013132634529
10.6793038495407,42.3013133688916
10.68,42.3013133867382
10.6834164336571,42.3013134743163
10.6875290177734,42.301313579727
10.69,42.3013136430548
10.6916416018897,42.301313685124
10.695754186006,42.3013137905074
10.7,42.3013138992905
10.7070877499934,42.3013140808561
10.71,42.3013141554473
10.7170877499934,42.3013143369579
10.72,42.3013144115263
10.7227704054897,42.3013144824566
10.7284530609861,42.3013146279309
10.73,42.3013146675281
10.7341357164824,42.3013147733826
10.74,42.3013149234599
10.7411292968955,42.3013149523579
10.7481228773085,42.3013151313002
10.75,42.301315179324
10.7527905911557,42.3013152507135
10.7555811823115,42.301315322098
10.7583717734672,42.3013153934774
10.76,42.3013154351229
10.7620477039492,42.301315487495
10.7656630342755,42.3013155799539
10.7692783646017,42.3013156724049
10.77,42.3013156908576
10.7720560412632,42.3013157434305
10.7742656131899,42.3013157999268
10.7753653438313,42.3013158280449
10.7764650744728,42.3013158561624
10.7775648051142,42.3013158842794
10.7783538457915,42.3013159044526
10.7791428864689,42.3013159246255
10.78,42.3013159465385
10.7803507413748,42.3013159555055
10.7812518519104,42.3013159785428
10.782152962446,42.3013160015798
10.7833035759125,42.3013160309948
10.784454189379,42.3013160604092
10.7856048028455,42.3013160898231
10.786755416312,42.3013161192363
10.7879060297785,42.301316148649
10.789056643245,42.3013161780611
10.79,42.3013162021749
10.7902072567115,42.3013162074727
10.7913578701779,42.3013162368836
10.7925084836444,42.301316266294
10.7940987823455,42.3013163069421
10.795308065907,42.3013163378506
10.7969595243966,42.3013163800599
10.7986109828861,42.301316422268
10.8,42.3013164577677
10.8016514584895,42.3013164999736
10.8033029169791,42.3013165421783
10.8049543754686,42.3013165843819
10.8066058339581,42.3013166265844
10.8082572924477,42.3013166687856
10.8099087509372,42.3013167109857
10.81,42.3013167133174
10.8121352655248,42.3013167678785
10.8143617801124,42.301316824769
10.8165882947,42.3013168816574
10.8188148092876,42.3013169385437
10.82,42.3013169688238
10.8210413238752,42.3013169954279
10.823713831054,42.3013170637036
10.8274689872891,42.3013171596332
10.83,42.3013172242874
10.8312241435241,42.3013172555569
10.8349792997592,42.3013173514746
10.8387344559943,42.3013174473862
10.84,42.3013174797086
10.843670218792,42.3013175734431
10.85,42.3013177350867
10.8528100702999,42.3013178068419
10.8556201405998,42.3013178785937
10.8584302108997,42.3013179503422
10.86,42.3013179904215
10.8623317877497,42.301318049954
10.868462564806,42.3013182064664
10.87,42.3013182457128
10.8769180730962,42.3013184222994
10.88,42.3013185009596
10.8853735813865,42.3013186380991
10.89,42.3013187561589
10.8938290896768,42.3013188538642
10.9,42.3013190113098
10.9025366524871,42.3013190760251
10.9050733049742,42.3013191407373
10.9076099574612,42.3013192054464
10.91,42.3013192664128
10.9108506484595,42.3013192881109
10.9178711637163,42.3013194671745
10.92,42.3013195214673
10.927064361466,42.3013197016173
10.93,42.301319776472
10.9362575592158,42.3013199360158
10.94,42.3013200314235
10.9454507569656,42.3013201703686
10.95,42.3013202863207
10.9508273877975,42.3013203074081
10.951654775595,42.3013203284951
10.954021400801,42.3013203888095
10.9583643466239,42.3013204994835
10.96,42.3013205411632
10.9644951142726,42.3013206557003
10.97,42.3013207959513
10.9735885977769,42.3013208873707
10.98,42.3013210506826
10.9826820812813,42.3013211189939
10.99,42.3013213053565
10.9917755647857,42.3013213505695
11,42.3013215599728
11.0027280450513,42.3013216294233
11.0054560901026,42.3013216988696
11.01,42.3013218145319
11.0112196649128,42.3013218455757
11.02,42.3013220690339
11.020270701102,42.3013220759225
11.0293217372911,42.3013223062231
11.03,42.3013223234794
11.0383727734803,42.301322536478
11.04,42.3013225778691
11.0474238096694,42.301322766686
11.05,42.3013228322012
11.050814593257,42.3013228529163
11.051629186514,42.301322873631
11.054609883204,42.3013229494256
11.057590579894,42.3013230252154
11.06,42.3013230864759
11.0612679869187,42.3013231187138
11.0671233084393,42.3013232675706
11.07,42.3013233406964
11.0753289633132,42.3013234761476
11.08,42.3013235948627
11.0853289633132,42.3013237302845
11.09,42.3013238489737
11.0953289633132,42.3013239843659
11.1,42.3013241030292
11.103,42.3013241792349
11.106,42.3013242554358
11.11,42.3013243570295
11.1150754167695,42.3013244859247
11.12,42.3013246109757
11.1241508335391,42.3013247163684
11.13,42.3013248648666
11.1332262503086,42.3013249467663
11.14,42.3013251187019
11.1423016670782,42.3013251771185
11.15,42.3013253724818
11.1527226250309,42.3013254415669
11.1554452500617,42.301325510648
11.16,42.3013256262063
11.1610045824763,42.301325651692
11.17,42.3013258798753
11.1703005705321,42.301325887499
11.1795965585879,42.3013261232578
11.18,42.3013261334885
11.1888925466437,42.3013263589682
11.19,42.3013263870456
11.1981885346995,42.3013265946281
11.2,42.301326640544
11.2027887964167,42.3013267112285
11.2055775928335,42.3013267819086
11.2089651330365,42.3013268677576
11.21,42.3013268939824
11.213220107841,42.3013269755802
11.2193931950023,42.3013271319896
11.22,42.3013271473632
11.2273616565124,42.301327333856
11.23,42.3013274006852
11.2373616565124,42.3013275871338
11.24,42.3013276539469
11.2473616565124,42.3013278403504
11.25,42.3013279071474
11.2500243518703,42.3013279077639
11.2500487037405,42.3013279083804
11.2500815769223,42.3013279092126
11.2501057347231,42.3013279098242
11.2501376354822,42.3013279106319
11.2501804391405,42.3013279117155
11.2502740907814,42.3013279140865
11.2504012328162,42.3013279173053
11.2506130878458,42.3013279226687
11.2508249428754,42.3013279280321
11.2515609181608,42.3013279466642
11.2522968934461,42.3013279652961
11.2530328687315,42.3013279839279
11.2540892312854,42.3013280106703
11.2551455938393,42.3013280374125
11.2564549842646,42.3013280705599
11.2577643746899,42.301328103707
11.2590737651151,42.301328136854
11.26,42.3013281603014
11.2603831555404,42.3013281700008
11.260775972668,42.3013281799448
11.2610501769879,42.3013281868862
11.2613243813078,42.3013281938275
11.2615985856277,42.3013282007689
11.2618727899476,42.3013282077102
11.2622792191045,42.3013282179988
11.2630408750085,42.3013282372796
11.2638025309125,42.3013282565603
11.2647741710557,42.3013282811562
11.2657458111989,42.3013283057515
11.2680973938584,42.3013283652747
11.27,42.3013284134297
11.2717586069496,42.3013284579366
11.2769271861413,42.3013285887208
11.2784777598988,42.3013286279489
11.28,42.3013286664567
11.2800283336564,42.3013286671734
11.2826628889588,42.3013287338105
11.2846578252212,42.3013287842618
11.29,42.301328919329
11.2902334582877,42.3013289252304
11.2919061482076,42.3013289675098
11.2935788381276,42.3013290097839
11.2940806451035,42.3013290224651
11.2945824520795,42.3013290351458
11.2970914869594,42.3013290985417
11.3,42.3013291720156
11.305508307769,42.3013293111168
11.3071608000997,42.3013293528347
11.3088132924304,42.3013293945468
11.31,42.3013294244979
11.3123416492852,42.3013294835893
11.3176981522746,42.3013296187141
11.3193051031714,42.3013296592388
11.32,42.3013296767612
11.3209120540682,42.3013296997576
11.321598132711,42.3013297170549
11.3222842113538,42.3013297343512
11.3245433903995,42.301329791298
11.3297942955881,42.3013299236095
11.33,42.3013299287915
11.336851112441,42.3013301013204
11.34,42.301330180578
11.3470568168529,42.3013303581084
11.35,42.3013304321139
11.3570568168529,42.3013306094657
11.36,42.3013306833961
11.3641136337057,42.3013307866898
11.37,42.3013309344202
11.3711704505586,42.3013309637842
11.3782272674115,42.301331140748
11.38,42.3013311851823
11.3868124654501,42.301331355862
11.39,42.30133143568
11.3953976634887,42.3013315707789
11.4,42.3013316859091
11.4085851980386,42.3013319005195
11.41,42.3013319358672
11.4171703960772,42.3013321149296
11.42,42.3013321855529
11.4257555941159,42.3013323291367
11.43,42.3013324349621
11.4343407921545,42.3013325431388
11.44,42.3013326840927
11.4429259901931,42.3013327569352
11.45,42.3013329329431
11.4585851980386,42.3013331463616
11.46,42.3013331815121
11.4671703960772,42.3013333595719
11.47,42.301333429798
11.4757555941159,42.3013335725717
11.48,42.3013336777976
11.4843407921545,42.3013337853595
11.49,42.3013339255091
11.4929259901931,42.3013339979345
11.5,42.3013341729312
11.5085851980386,42.3013343851166
11.51,42.3013344200632
11.5171703960772,42.3013345970873
11.52,42.3013346669036
11.5257555941159,42.3013348088417
11.53,42.3013349134498
11.5343407921545,42.3013350203784
11.54,42.3013351597004
11.5429259901931,42.3013352316971
11.55,42.3013354056545
11.5585851980386,42.3013356165738
11.56,42.3013356513112
11.5671703960772,42.3013358272734
11.57,42.3013358966697
11.5757555941159,42.3013360377519
11.58,42.3013361417276
11.5843407921545,42.3013362480083
11.59,42.3013363864839
11.5929259901931,42.3013364580422
11.6,42.3013366309378
11.6085851980386,42.3013368405647
11.61,42.3013368750888
11.6171703960772,42.3013370499677
11.62,42.3013371189358
11.6257555941158,42.3013372591457
11.63,42.3013373624772
11.6343407921545,42.3013374680982
11.64,42.3013376057122
11.6429259901931,42.3013376768245
11.65,42.3013378486401
11.6585851980386,42.301338056953
11.66,42.3013380912603
11.6671703960772,42.3013382650387
11.67,42.3013383335719
11.6757555941159,42.3013384728964
11.68,42.301338575574
11.6843407921545,42.3013386805254
11.69,42.3013388172656
11.6929259901931,42.3013388879255
11.7,42.3013390586462
11.7085851980386,42.3013392656277
11.71,42.3013392997152
11.7171703960772,42.3013394723791
11.72,42.3013395404721
11.7257555941159,42.3013396789
11.73,42.3013397809159
11.7343407921545,42.3013398851899
11.74,42.3013400210461
11.7429259901931,42.3013400912485
11.75,42.3013402608621
11.7515111882317,42.3013402970754
11.76,42.3013405003634
11.7600963862703,42.3013405026703
11.7686815843089,42.3013407080327
11.77,42.3013407395493
11.7772667823476,42.3013409131623
11.78,42.3013409784193
11.7858519803862,42.3013411180589
11.79,42.3013412169731
11.7944371784248,42.3013413227223
11.8,42.3013414552103
11.8085851980386,42.3013416594885
11.81,42.3013416931301
11.8171703960772,42.3013418635324
11.82,42.3013419307321
11.8257555941159,42.301342067342
11.83,42.3013421680161
11.8343407921545,42.3013422709171
11.84,42.3013424049818
11.8429259901931,42.3013424742574
11.85,42.3013426416286
11.8585851980386,42.3013428445397
11.86,42.3013428779559
11.8671703960772,42.3013430472149
11.87,42.3013431139632
11.8757555941158,42.3013432496544
11.88,42.3013433496508
11.8843407921545,42.3013434518583
11.89,42.3013435850183
11.8929259901931,42.301343653826
11.9,42.3013438200653
11.9015111882317,42.3013438555574
11.91,42.3013440547911
11.9100963862703,42.301344057052
11.9186815843089,42.3013442583094
11.92,42.3013442891952
11.9272667823475,42.3013444593294
11.93,42.3013445232772
11.9358519803862,42.3013446601125
11.94,42.3013447570379
11.9444371784248,42.3013448606587
11.95,42.301344990477
11.9530223764634,42.3013450609677
11.96,42.301345223594
11.961607574502,42.3013452610392
11.97,42.3013454563882
11.9701927725406,42.3013454608727
11.9787779705792,42.3013456604678
11.98,42.301345688859
11.9873631686179,42.3013458598242
11.99,42.3013459210062
11.9959483666565,42.3013460589428
12,42.3013461528308
12.0045335646951,42.3013462578237
12.01,42.3013463843328
12.0131187627337,42.3013464564666
12.02,42.3013466155114
12.0217039607723,42.3013466548711
12.03,42.3013468463661
12.0302891588109,42.3013468530367
12.0388743568496,42.3013470509629
12.04,42.3013470768962
12.0474595548882,42.3013472486496
12.05,42.3013473071013
12.0585851980386,42.3013475044791
12.06,42.3013475369831
12.0671703960772,42.3013477016171
12.07,42.3013477665396
12.0757555941159,42.3013478985162
12.08,42.3013479957725
12.0843407921545,42.3013480951769
12.09,42.3013482246815
12.0929259901931,42.3013482915987
12.1,42.3013484532661
12.1085851980386,42.3013486492507
12.11,42.3013486815251
12.1171703960772,42.301348844995
12.12,42.3013489094581
12.1257555941158,42.3013490405
12.13,42.3013491370669
12.1343407921545,42.3013492357663
12.14,42.3013493643515
12.1429259901931,42.3013494307933
12.15,42.301349591311
12.1585851980386,42.3013497859002
12.16,42.3013498179444
12.1671703960772,42.3013499802483
12.17,42.3013500442512
12.1757555941159,42.301350174357
12.18,42.3013502702335
12.1843407921545,42.3013503682266
12.19,42.3013504958911
12.1929259901931,42.3013505618568
12.2,42.3013507212232
12.2015111882317,42.3013507552468
12.21,42.3013509462291
12.2100963862703,42.3013509483962
12.2186815843089,42.3013511413045
12.22,42.3013511709078
12.2272667823476,42.3013513339714
12.23,42.3013513952593
12.2358519803862,42.3013515263985
12.24,42.3013516192859
12.2444371784248,42.3013517185864
12.25,42.3013518429876
12.2530223764634,42.3013519105346
12.26,42.3013520663635
12.261607574502,42.3013521022424
12.27,42.3013522894127
12.2701927725406,42.3013522937092
12.2787779705793,42.3013524849346
12.28,42.3013525121343
12.2873631686179,42.3013526759182
12.29,42.3013527345281
12.2959483666565,42.3013528666618
12.3,42.3013529565969
12.3045335646951,42.301353057166
12.31,42.3013531783405
12.3131187627337,42.3013532474304
12.32,42.3013533997581
12.3217039607723,42.3013534374542
12.33,42.3013536208486
12.330289158811,42.3013536272368
12.3388743568496,42.3013538167776
12.34,42.3013538416112
12.3474595548882,42.3013540060762
12.35,42.3013540620455
12.3560447529268,42.3013541951347
12.36,42.3013542821546
12.3646299509654,42.3013543839538
12.37,42.3013545019384
12.373215149004,42.3013545725328
12.38,42.3013547213959
12.3818003470427,42.3013547608711
12.39,42.3013549405261
12.3903855450813,42.301354948968
12.3989707431199,42.3013551368228
12.4,42.3013551593279
12.4075559411585,42.3013553244351
12.41,42.3013553778012
12.4161411391971,42.3013555118072
12.42,42.301355595949
12.4247263372357,42.3013556989397
12.43,42.3013558137714
12.4333115352744,42.3013558858321
12.44,42.3013560312673
12.441896733313,42.3013560724835
12.45,42.3013562484356
12.4504819313516,42.3013562588934
12.4590671293902,42.3013564450609
12.46,42.3013564652753
12.4676523274288,42.3013566309857
12.47,42.301356681786
12.4762375254674,42.30135681667
12.48,42.3013568979711
12.4848227235061,42.3013570021148
12.49,42.3013571138306
12.4934079215447,42.3013571873192
12.5,42.3013573293635
12.5019931195833,42.3013573722826
12.51,42.3013575445685
12.5105783176219,42.3013575570042
12.5191635156605,42.3013577414832
12.52,42.3013577594446
12.5277487136991,42.3013579257192
12.53,42.3013579739913
12.5363339117378,42.3013581097146
12.54,42.3013581882122
12.5449191097764,42.3013582934703
12.55,42.3013584021074
12.553504307815,42.3013584769855
12.56,42.3013586156758
12.5620895058536,42.3013586602596
12.57,42.3013588289161
12.5706747038922,42.3013588432916
12.5792599019308,42.3013590260809
12.58,42.3013590418271
12.5878450999695,42.3013592086268
12.59,42.3013592544084
12.5964302980081,42.301359390932
12.6,42.3013594666636
12.6050154960467,42.3013595729974
12.61,42.301359678593
12.6136006940853,42.3013597548222
12.62,42.3013598901953
12.6221858921239,42.3013599364056
12.63,42.3013601014693
12.6307710901625,42.3013601177467
12.6393562882012,42.3013602988449
12.64,42.3013603124137
12.6479414862398,42.3013604796995
12.65,42.301360523028
12.6565266842784,42.3013606603131
12.66,42.301360733316
12.665111882317,42.3013608406868
12.67,42.301360943278
12.6736970803556,42.3013610208197
12.68,42.3013611529126
12.6822822783942,42.301361200711
12.69,42.3013613622186
12.6908674764329,42.3013613803599
12.6994526744715,42.3013615597656
12.7,42.3013615711948
12.7080378725101,42.3013617389273
12.71,42.3013617798405
12.7166230705487,42.3013619178479
12.72,42.3013619881595
12.7252082685873,42.3013620965285
12.73,42.3013621961523
12.7337934666259,42.301362274968
12.74,42.3013624038175
12.7423786646646,42.3013624531657
12.75,42.3013626111538
12.7509638627032,42.3013626311207
12.7595490607418,42.3013628088323
12.76,42.3013628181599
12.7681342587804,42.3013629862997
12.77,42.3013630248351
12.776719456819,42.3013631635257
12.78,42.3013632311834
12.7853046548576,42.3013633405114
12.79,42.3013634372051
12.7938898528963,42.3013635172559
12.8,42.3013636428988
12.8024750509349,42.3013636937583
12.81,42.3013638482634
12.8110602489735,42.3013638700178
12.8196454470121,42.3013640460336
12.82,42.3013640532975
12.8282306450507,42.3013642218049
12.83,42.3013642580002
12.8368158430893,42.3013643973346
12.84,42.3013644623756
12.845401041128,42.3013645726236
12.85,42.3013646664241
12.8539862391666,42.3013647476712
12.86,42.3013648701443
12.8625714372052,42.3013649224765
12.87,42.301365073535
12.8711566352438,42.3013650970385
12.8797418332824,42.3013652713566
12.88,42.3013652765948
12.888327031321,42.3013654454299
12.89,42.3013654793228
12.8969122293597,42.3013656192613
12.9,42.3013656817231
12.9054974273983,42.3013657928517
12.91,42.301365883796
12.9140826254369,42.3013659662003
12.92,42.3013660855403
12.9226678234755,42.3013661393063
12.93,42.3013662869546
12.9312530215141,42.3013663121689
12.9398382195527,42.3013664847871
12.94,42.3013664880376
12.9484234175914,42.3013666571603
12.95,42.3013666887884
12.95700861563,42.3013668292911
12.96,42.301366889211
12.9655938136686,42.3013670011807
12.97,42.3013670893057
12.9741790117072,42.3013671728281
12.98,42.3013672890714
12.9827642097458,42.3013673442325
12.99,42.3013674885066
12.9913494077844,42.3013675153932
12.9999346058231,42.3013676863092
13,42.3013676876102
13.0085198038617,42.3013678569798
13.01,42.301367886381
13.0171050019003,42.3013680274077
13.02,42.301368084823
13.0256901999389,42.3013681975939
13.03,42.3013682829367
13.0342753979775,42.3013683675376
13.04,42.3013684807208
13.0428605960161,42.3013685372379
13.05,42.3013686781739
13.0514457940548,42.3013687066941
13.06,42.3013688752949
13.0600309920934,42.3013688759053
13.068616190132,42.3013690448707
13.07,42.3013690720825
13.0772013881706,42.30136921359
13.08,42.3013692685367
13.0857865862092,42.3013693820657
13.09,42.3013694646609
13.0943717842478,42.3013695502985
13.1,42.301369660455
13.1029569822865,42.3013697182875
13.11,42.3013698559178
13.1115421803251,42.3013698860321
13.12,42.3013700510479
13.1201273783637,42.3013700535313
13.1287125764023,42.3013702207845
13.13,42.3013702458443
13.1372977744409,42.3013703877912
13.14,42.3013704403068
13.1458829724795,42.3013705545539
13.15,42.3013706344387
13.1544681705182,42.3013707210733
13.16,42.3013708282399
13.1630533685568,42.3013708873485
13.17,42.3013710217093
13.1716385665954,42.3013710533788
13.18,42.3013712148456
13.180223764634,42.3013712191635
13.1888089626726,42.3013713847018
13.19,42.3013714076477
13.1973941607112,42.3013715499933
13.2,42.3013716001153
13.2059793587499,42.3013717150402
13.21,42.3013717922518
13.2145645567885,42.3013718798434
13.22,42.301371984057
13.2231497548271,42.3013720444021
13.23,42.3013721755297
13.2317349528657,42.3013722087154
13.24,42.3013723666689
13.2403201509043,42.3013723727827
13.2489053489429,42.3013725366032
13.25,42.3013725574732
13.2574905469816,42.3013727001765
13.26,42.3013727479427
13.2660757450202,42.3013728635048
13.27,42.3013729380803
13.2746609430588,42.3013730265889
13.28,42.3013731278859
13.2832461410974,42.3013731894279
13.29,42.3013733173585
13.291831339136,42.3013733520211
13.3,42.3013735064968
13.3004165371746,42.3013735143679
13.3090017352133,42.3013736764675
13.31,42.3013736952999
13.3175869332519,42.3013738383195
13.32,42.3013738837675
13.3261721312905,42.301373999926
13.33,42.3013740719025
13.3347573293291,42.3013741612877
13.34,42.3013742597048
13.3433425273677,42.3013743224038
13.35,42.3013744471733
13.3519277254063,42.3013744832736
13.36,42.301374634307
13.360512923445,42.3013746438965
13.3690981214836,42.3013748042718
13.37,42.3013748211049
13.3776833195222,42.3013749643991
13.38,42.3013750075667
13.3862685175608,42.3013751242804
13.39,42.301375193695
13.3948537155994,42.3013752839161
13.4,42.3013753794898
13.403438913638,42.3013754433057
13.41,42.3013755649501
13.4120241116767,42.3013756024485
13.42,42.3013757500749
13.4206093097153,42.3013757613439
13.4291945077539,42.3013759199913
13.43,42.3013759348634
13.4377797057925,42.3013760783903
13.44,42.3013761193151
13.4463649038311,42.3013762365426
13.45,42.3013763034324
13.4549501018697,42.3013763944487
13.46,42.3013764872154
13.4635352999084,42.3013765521079
13.47,42.301376670663
13.472120497947,42.3013767095198
13.48,42.3013768537744
13.4807056959856,42.3013768666838
13.4892908940242,42.3013770235993
13.49,42.3013770365489
13.4978760920628,42.301377180266
13.5,42.3013772189859
13.5064612901014,42.3013773366854
13.51,42.3013774010877
13.5150464881401,42.3013774928578
13.52,42.301377582854
13.5236316861787,42.3013776487827
13.53,42.3013777642842
13.5322168842173,42.3013778044595
13.54,42.3013779453774
13.5408020822559,42.3013779598879
13.5493872802945,42.3013781150674
13.55,42.3013781261329
13.5579724783331,42.3013782699976
13.56,42.3013783065505
13.5665576763718,42.3013784246798
13.57,42.3013784866317
13.5751428744104,42.3013785791142
13.58,42.3013786663764
13.583728072449,42.3013787333003
13.59,42.301378845784
13.5923132704876,42.3013788872377
13.6,42.3013790248538
13.6008984685262,42.3013790409261
13.6094836665648,42.3013791943651
13.61,42.3013792035853
13.6180688646035,42.3013793475544
13.62,42.3013793819781
13.6266540626421,42.3013795004948
13.63,42.3013795600335
13.6352392606807,42.3013796531866
13.64,42.3013797377513
13.6438244587193,42.3013798056293
13.65,42.3013799151309
13.6524096567579,42.3013799578227
13.66,42.3013800921719
13.6609948547965,42.3013801097664
13.6695800528352,42.3013802614601
13.67,42.3013802688738
13.6781652508738,42.3013804129037
13.68,42.3013804452364
13.6867504489124,42.3013805640976
13.69,42.3013806212604
13.695335646951,42.3013807150419
13.7,42.3013807969455
13.7039208449896,42.3013808657364
13.71,42.3013809722915
13.7125060430282,42.3013810161807
13.72,42.3013811472979
13.7210912410669,42.3013811663747
13.7296764391055,42.3013813163182
13.73,42.3013813219644
13.7382616371441,42.3013814660111
13.74,42.301381496291
13.7468468351827,42.3013816154535
13.75,42.3013816702777
13.7554320332213,42.3013817646453
13.76,42.3013818439243
13.7640172312599,42.3013819135863
13.77,42.3013820172306
13.7726024292986,42.3013820622764
13.78,42.3013821901963
13.7811876273372,42.3013822107155
13.7897728253758,42.3013823589035
13.79,42.3013823628214
13.7983580234144,42.3013825068405
13.8,42.3013825351058
13.806943221453,42.301382654526
13.81,42.301382707049
13.8155284194916,42.30138280196
13.82,42.3013828786508
13.8241136175303,42.3013829491421
13.83,42.3013830499111
13.8326988155689,42.3013830960726
13.84,42.3013832208298
13.8412840136075,42.3013832427512
13.8498692116461,42.3013833891783
13.85,42.301383391407
13.8584544096847,42.3013835353538
13.86,42.3013835616429
13.8670396077233,42.301383681277
13.87,42.3013837315363
13.875624805762,42.3013838269474
13.88,42.3013839010868
13.8842100038006,42.3013839723651
13.89,42.3013840702945
13.8927952018392,42.3013841175302
13.9,42.3013842391595
13.9013803998778,42.3013842624427
13.9099655979164,42.3013844071031
13.91,42.3013844076822
13.918550795955,42.3013845515114
13.92,42.3013845758629
13.9271359939937,42.3013846956665
13.93,42.3013847436998
13.9357211920323,42.3013848395676
13.94,42.3013849111922
13.9443063900709,42.3013849832149
13.95,42.3013850783404
13.9528915881095,42.3013851266087
13.96,42.3013852451449
13.9614767861481,42.3013852697493
13.97,42.3013854116062
13.9700619841867,42.301385412637
13.9786471822254,42.3013855552722
13.98,42.301385577725
13.987232380264,42.301385697655
13.99,42.301385743501
13.9958175783026,42.3013858397839
14,42.301385908932
14.0044027763412,42.3013859816581
14.01,42.3013860740176
14.0129879743798,42.3013861232779
14.02,42.3013862387586
14.0215731724184,42.3013862646439
14.03,42.3013864031556
14.0301583704571,42.3013864057564
14.0387435684957,42.3013865466159
14.04,42.3013865672093
14.0473287665343,42.3013866872228
14.05,42.3013867309198
14.0559139645729,42.3013868275748
14.06,42.3013868942841
14.0644991626115,42.3013869676713
14.07,42.3013870573018
14.0730843606501,42.3013871075126
14.08,42.3013872199739
14.0816695586888,42.3013872470993
14.09,42.3013873823011
14.0902547567274,42.301387386432
14.098839954766,42.3013875255114
14.1,42.3013875442846
14.1074251528046,42.3013876643376
14.11,42.3013877059242
14.1160103508432,42.3013878029083
14.12,42.3013878672164
14.1245955488818,42.3013879412225
14.13,42.3013880281609
14.1331807469205,42.3013880792806
14.14,42.3013881887587
14.1417659449591,42.3013882170835
14.15,42.3013883490108
14.1503511429977,42.3013883546317
14.1589363410363,42.3013884919262
14.16,42.3013885089186
14.1675215390749,42.3013886289673
14.17,42.301388668482
14.1761067371135,42.301388765752
14.18,42.3013888276968
14.1846919351522,42.3013889022792
14.19,42.3013889865627
14.1932771331908,42.3013890385495
14.2,42.3013891450808
14.2018623312294,42.3013891745639
14.21,42.3013893032525
14.210447529268,42.3013893103231
14.2190327273066,42.3013894458281
14.22,42.3013894610792
14.2276179253452,42.3013895810793
14.23,42.301389618561
14.2362031233839,42.3013897160735
14.24,42.3013897756932
14.2447883214225,42.3013898508091
14.25,42.301389932475
14.2533735194611,42.3013899852871
14.26,42.3013900889081
14.2619587174997,42.3013901195083
14.27,42.301390244994
14.2705439155383,42.3013902534738
14.2791291135769,42.3013903871847
14.28,42.3013904007342
14.2877143116156,42.3013905206417
14.29,42.3013905561293
14.2962995096542,42.3013906538408
14.3,42.3013907111734
14.3048847076928,42.3013907867803
14.31,42.3013908658661
14.3134699057314,42.3013909194612
14.32,42.3013910202089
14.32205510377,42.3013910518848
14.33,42.3013911742037
14.3306403018086,42.3013911840522
14.3392254998473,42.3013913159645
14.34,42.3013913278523
14.3478106978859,42.3013914476227
14.35,42.3013914811554
14.3563958959245,42.3013915790222
14.36,42.3013916341064
14.3649810939631,42.3013917101612
14.37,42.3013917867047
14.3735662920017,42.3013918410408
14.38,42.301391938952
14.3821514900403,42.3013919716623
14.39,42.3013920908506
14.390736688079,42.3013921020271
14.3993218861176,42.3013922321365
14.4,42.3013922424025
14.4079070841562,42.3013923619916
14.41,42.3013923936087
14.4164922821948,42.3013924915873
14.42,42.3013925444616
14.4250774802334,42.3013926209215
14.43,42.3013926949605
14.433662678272,42.3013927499954
14.44,42.3013928451076
14.4422478763107,42.3013928788106
14.45,42.3013929949051
14.4508330743493,42.3013930073686
14.4594182723879,42.301393135671
14.46,42.3013931443555
14.4680034704265,42.301393263719
14.47,42.3013932934599
14.4765886684651,42.3013933915068
14.48,42.3013934422101
14.4851738665037,42.3013935190321
14.49,42.301393590605
14.4937590645424,42.3013936462963
14.5,42.301393738647
14.502344262581,42.3013937733013
14.51,42.3013938863389
14.5109294606196,42.3013939000486
14.5158842326482,42.3013939730816
14.52,42.3013940336832
14.5208390046768,42.3013940460297
14.5248506683571,42.3013941050303
14.5288623320373,42.3013941639753
14.53,42.3013941806813
14.5318537231943,42.3013942078928
14.5398155691355,42.301394324631
14.54,42.3013943273325
14.5477774150767,42.3013944411493
14.55,42.3013944736359
14.5577059134434,42.3013945861343
14.56,42.3013946195842
14.5676344118101,42.3013947307667
14.57,42.3013947651748
14.5775629101767,42.3013948750464
14.58,42.3013949104076
14.5874914085434,42.3013950189732
14.59,42.3013950552823
14.59741990691,42.3013951625469
14.6,42.3013951997989
14.6073484052767,42.3013953057675
14.61,42.3013953439572
14.6172769036433,42.3013954486349
14.62,42.301395487757
14.62720540201,42.3013955911488
14.63,42.3013956311983
14.6371339003767,42.3013957333091
14.64,42.301395774281
14.6470623987433,42.3013958751159
14.65,42.3013959170049
14.65699089711,42.301396016569
14.66,42.3013960593699
14.6669193954766,42.3013961576683
14.67,42.301396201376
14.6768478938433,42.3013962984137
14.68,42.3013963430232
14.6867763922099,42.3013964388052
14.69,42.3013964843113
14.6967048905766,42.3013965788428
14.7,42.3013966252403
14.7066333889433,42.3013967185263
14.71,42.3013967658102
14.7165618873099,42.3013968578558
14.72,42.3013969060209
14.7264903856766,42.3013969968313
14.73,42.3013970458724
14.7364188840432,42.3013971354527
14.74,42.3013971853648
14.7463473824099,42.30139727372
14.75,42.3013973244979
14.7562758807765,42.3013974116333
14.76,42.3013974632719
14.7662043791432,42.3013975491925
14.77,42.3013976016868
14.7761328775099,42.3013976863977
14.78,42.3013977397425
14.7860613758765,42.3013978232489
14.79,42.3013978774391
14.7959898742432,42.3013979597462
14.8,42.3013980147767
14.8059183726098,42.3013980958896
14.81,42.3013981517553
14.8158468709765,42.3013982316791
14.82,42.3013982883749
14.8257753693431,42.3013983671149
14.83,42.3013984246358
14.8357038677098,42.301398502197
14.84,42.3013985605379
14.8456323660764,42.3013986369255
14.85,42.3013986960813
14.8555608644431,42.3013987713005
14.86,42.3013988312661
14.8654893628098,42.3013989053221
14.87,42.3013989660925
14.8754178611764,42.3013990389905
14.88,42.3013991005606
14.8853463595431,42.3013991723056
14.89,42.3013992346704
14.8952748579097,42.3013993052678
14.9,42.3013993684222
14.9052033562764,42.301399437877
14.91,42.3013995018161
14.915131854643,42.3013995701335
14.92,42.3013996348521
14.9250603530097,42.3013997020373
14.93,42.3013997675306
14.9349888513764,42.3013998335887
14.94,42.3013998998515
14.944917349743,42.3013999647879
14.95,42.3014000318152
14.9548458481097,42.3014000956349
14.96,42.3014001634218
14.9647743464763,42.30140022613
14.97,42.3014002946715
14.974702844843,42.3014003562734
14.98,42.3014004255645
14.9846313432096,42.3014004860652
14.99,42.3014005561009
14.9945598415763,42.3014006155057
15,42.3014006862811
15.004488339943,42.301400744595
15.01,42.3014008161051
15.0144168383096,42.3014008733335
15.02,42.3014009455733
15.0243453366763,42.3014010017212
15.03,42.3014010746858
15.0342738350429,42.3014011297585
15.04,42.301401203443
15.0442023334096,42.3014012574455
15.05,42.301401331845
15.0541308317762,42.3014013847826
15.06,42.3014014598921
15.0640593301429,42.3014015117699
15.07,42.3014015875845
15.0739878285096,42.3014016384076
15.08,42.3014017149225
15.0839163268762,42.3014017646962
15.09,42.3014018419065
15.0938448252429,42.3014018906358
15.1,42.3014019685365
15.1037733236095,42.3014020162267
15.11,42.301402094813
15.1137018219762,42.3014021414691
15.12,42.3014022207362
15.1236303203428,42.3014022663634
15.13,42.3014023463064
15.1335588187095,42.3014023909098
15.14,42.3014024715238
15.1434873170762,42.3014025151086
15.15,42.3014025963889
15.1534158154428,42.3014026389602
15.16,42.3014027209018
15.1633443138095,42.3014027624647
15.17,42.301402845063
15.1732728121761,42.3014028856226
15.18,42.3014029688726
15.1832013105428,42.3014030084341
15.19,42.3014030923311
15.1931298089094,42.3014031308995
15.2,42.3014032154387
15.2030583072761,42.3014032530191
15.21,42.3014033381957
15.2129868056427,42.3014033747933
15.22,42.3014034606026
15.2229153040094,42.3014034962224
15.23,42.3014035826596
15.2328438023761,42.3014036173066
15.24,42.301403704367
15.2427723007427,42.3014037380465
15.25,42.3014038257253
15.2527007991094,42.3014038584421
15.26,42.3014039467346
15.262629297476,42.301403978494
15.27,42.3014040673955
15.2725577958427,42.3014040982024
15.28,42.3014041877082
15.2824862942093,42.3014042175677
15.29,42.301404307673
15.292414792576,42.3014043365902
15.3,42.3014044272904
15.3023432909427,42.3014044552703
15.31,42.3014045465607
15.3122717893093,42.3014045736083
15.32,42.3014046654843
15.322200287676,42.3014046916045
15.33,42.3014047840614
15.3321287860426,42.3014048092594
15.34,42.3014049022925
15.3420572844093,42.3014049265733
15.35,42.3014050201779
15.3519857827759,42.3014050435465
15.36,42.3014051377181
15.3619142811426,42.3014051601794
15.37,42.3014052549133
15.3718427795093,42.3014052764723
15.38,42.3014053717639
15.3817712778759,42.3014053924256
15.39,42.3014054882703
15.3916997762426,42.3014055080397
15.4,42.3014056044329
15.4016282746092,42.301405623315
15.41,42.3014057202521
15.4115567729759,42.3014057382518
15.42,42.3014058357282
15.4214852713425,42.3014058528504
15.43,42.3014059508616
15.4314137697092,42.3014059671113
15.44,42.3014060656527
15.4413422680759,42.3014060810348
15.45,42.3014061801018
15.4512707664425,42.3014061946213
15.46,42.3014062942095
15.4611992648092,42.3014063078711
15.47,42.3014064079759
15.4711277631758,42.3014064207847
15.48,42.3014065214014
15.4810562615425,42.3014065333623
15.49,42.3014066344864
15.4909847599091,42.3014066456042
15.5,42.3014067472311
15.5009132582758,42.3014067575107
15.51,42.3014068596357
15.5108417566425,42.301406869082
15.52,42.3014069717007
15.5207702550091,42.3014069803185
15.53,42.3014070834262
15.5306987533758,42.3014070912204
15.54,42.3014071948125
15.540732369299,42.3014072029568
15.541464738598,42.3014072110993
15.5421971078971,42.30140721924
15.5458589543922,42.3014072599163
15.5469808735223,42.3014072723698
15.5481027926525,42.301407284819
15.55,42.3014073058614
15.553353658573,42.3014073430281
15.5544153221197,42.3014073547847
15.5554769856663,42.3014073665375
15.56,42.3014074165656
15.5608690785029,42.3014074261704
15.5617381570058,42.3014074357727
15.5660835495203,42.301407483746
15.57,42.3014075269294
15.5719326933572,42.3014075482205
15.5777818371942,42.3014076125773
15.58,42.3014076369525
15.5823194976741,42.3014076624237
15.59,42.3014077466328
15.5923194976741,42.3014077720242
15.6,42.3014078559685
15.6023194976741,42.3014078812798
15.61,42.3014079649593
15.6123194976741,42.3014079901907
15.62,42.3014080736054
15.6223194976741,42.3014080987568
15.63,42.3014081819067
15.6323194976741,42.3014082069782
15.64,42.3014082898634
15.6423194976741,42.3014083148549
15.65,42.3014083974754
15.6523194976741,42.301408422387
15.66,42.3014085047427
15.6623194976741,42.3014085295743
15.67,42.3014086116654
15.6723194976741,42.301408636417
15.68,42.3014087182433
15.6823194976741,42.301408742915
15.69,42.3014088244765
15.6923194976741,42.3014088490682
15.7,42.3014089303649
15.7023194976741,42.3014089548767
15.71,42.3014090359086
15.7123194976741,42.3014090603404
15.72,42.3014091411076
15.7223194976741,42.3014091654594
15.73,42.3014092459618
15.732319497674,42.3014092702337
15.74,42.3014093504713
15.742319497674,42.3014093746632
15.75,42.301409454636
15.752319497674,42.3014094787479
15.76,42.3014095584559
15.762319497674,42.3014095824879
15.77,42.3014096619312
15.772319497674,42.3014096858832
15.78,42.3014097650617
15.782319497674,42.3014097889338
15.79,42.3014098678475
15.792319497674,42.3014098916396
15.8,42.3014099702886
15.802319497674,42.3014099940008
15.81,42.3014100723851
15.812319497674,42.3014100960173
15.82,42.3014101741368
15.822319497674,42.3014101976892
15.83,42.301410275544
15.832319497674,42.3014102990164
15.84,42.3014103766066
15.842319497674,42.301410399999
15.85,42.3014104773245
15.852319497674,42.301410500637
15.86,42.3014105776979
15.862319497674,42.3014106009305
15.87,42.3014106777268
15.872319497674,42.3014107008795
15.88,42.3014107774112
15.882319497674,42.301410800484
15.89,42.3014108767512
15.892319497674,42.3014108997441
15.9,42.3014109757467
15.902319497674,42.3014109986597
15.91,42.3014110743978
15.912319497674,42.301411097231
15.92,42.3014111727046
15.922319497674,42.3014111954579
15.93,42.3014112706671
15.932319497674,42.3014112933405
15.94,42.3014113682853
15.942319497674,42.3014113908789
15.95,42.3014114655593
15.952319497674,42.3014114880731
15.96,42.3014115624892
15.962319497674,42.3014115849231
15.97,42.3014116590749
15.972319497674,42.301411681429
15.98,42.3014117553165
15.982319497674,42.3014117775908
15.99,42.3014118512141
15.992319497674,42.3014118734087
16,42.3014119467678
16.002319497674,42.3014119688825
16.01,42.3014120419775
16.012319497674,42.3014120640125
16.02,42.3014121368433
16.022319497674,42.3014121587986
16.03,42.3014122313654
16.032319497674,42.3014122532409
16.04,42.3014123255437
16.0423194976741,42.3014123473394
16.05,42.3014124193783
16.0523194976741,42.3014124410943
16.06,42.3014125128692
16.0623194976741,42.3014125345056
16.07,42.3014126060166
16.0723194976741,42.3014126275733
16.08,42.3014126988205
16.0823194976741,42.3014127202975
16.09,42.301412791281
16.0923194976741,42.3014128126783
16.1,42.301412883398
16.1023194976741,42.3014129047157
16.11,42.3014129751717
16.1123194976741,42.3014129964098
16.12,42.3014130666022
16.1223194976741,42.3014130877607
16.13,42.3014131576895
16.1323194976741,42.3014131787684
16.14,42.3014132484337
16.1423194976741,42.301413269433
16.15,42.3014133388347
16.1523194976741,42.3014133597544
16.16,42.3014134288926
16.1623194976741,42.3014134497327
16.17,42.3014135186073
16.1723194976741,42.3014135393678
16.18,42.3014136079788
16.1823194976741,42.3014136286597
16.19,42.301413697007
16.1923194976741,42.3014137176083
16.2,42.301413785692
16.2023194976741,42.3014138062137
16.21,42.3014138740337
16.2123194976741,42.3014138944757
16.22,42.301413962032
16.2223194976741,42.3014139823944
16.23,42.301414049687
16.2323194976741,42.3014140699697
16.24,42.3014141369985
16.2423194976741,42.3014141572016
16.25,42.3014142239668
16.2523194976741,42.3014142440902
16.26,42.3014143105915
16.2623194976741,42.3014143306353
16.27,42.3014143968729
16.2723194976741,42.301414416837
16.28,42.3014144828109
16.2823194976741,42.3014145026954
16.29,42.3014145684055
16.2923194976741,42.3014145882103
16.3,42.3014146536566
16.3023194976741,42.3014146733818
16.31,42.3014147385643
16.3123194976741,42.3014147582098
16.32,42.3014148231287
16.3223194976741,42.3014148426945
16.33,42.3014149073496
16.3323194976741,42.3014149268358
16.34,42.3014149912272
16.3423194976741,42.3014150106338
16.35,42.3014150747614
16.3523194976741,42.3014150940884
16.36,42.3014151579523
16.3623194976741,42.3014151771996
16.37,42.3014152407999
16.3723194976741,42.3014152599676
16.38,42.3014153233042
16.3823194976741,42.3014153423922
16.39,42.3014154054652
16.3923194976741,42.3014154244736
16.4,42.301415487283
16.4023194976741,42.3014155062118
16.41,42.3014155687576
16.4123194976741,42.3014155876068
16.42,42.301415649889
16.4223194976741,42.3014156686586
16.43,42.3014157306773
16.4323194976741,42.3014157493674
16.44,42.3014158111225
16.4423194976741,42.301415829733
16.45,42.3014158912247
16.4523194976741,42.3014159097556
16.46,42.3014159709838
16.4623194976741,42.3014159894351
16.47,42.3014160504
16.4723194976741,42.3014160687718
16.48,42.3014161294732
16.4823194976741,42.3014161477655
16.49,42.3014162082036
16.4923194976741,42.3014162264163
16.5,42.3014162865911
16.5023194976741,42.3014163047243
16.51,42.3014163646358
16.5123194976741,42.3014163826896
16.52,42.3014164423379
16.5223194976741,42.3014164603121
16.53,42.3014165196972
16.5323194976741,42.301416537592
16.54,42.3014165967139
16.5423194976741,42.3014166145292
16.55,42.301416673388
16.5523194976741,42.3014166911239
16.56,42.3014167497197
16.5623194976741,42.3014167673761
16.57,42.3014168257088
16.5723194976741,42.3014168432858
16.58,42.3014169013556
16.5823194976741,42.3014169188531
16.59,42.3014169766599
16.5923194976741,42.3014169940781
16.6,42.301417051622
16.6023194976741,42.3014170689608
16.61,42.3014171262419
16.6123194976741,42.3014171435013
16.62,42.3014172005196
16.6223194976741,42.3014172176996
16.63,42.3014172744551
16.6323194976741,42.3014172915558
16.64,42.3014173480486
16.6423194976741,42.3014173650699
16.65,42.3014174213001
16.6523194976741,42.3014174382421
16.66,42.3014174942096
16.6623194976741,42.3014175110723
16.67,42.3014175667772
16.6723194976741,42.3014175835607
16.68,42.301417639003
16.6823194976742,42.3014176557072
16.69,42.3014177108871
16.6923194976742,42.301417727512
16.7,42.3014177824294
16.7023194976742,42.3014177989751
16.71,42.3014178536301
16.7123194976742,42.3014178700965
16.72,42.3014179244892
16.7223194976742,42.3014179408764
16.73,42.3014179950068
16.7323194976742,42.3014180113147
16.74,42.3014180651828
16.7423194976742,42.3014180814116
16.75,42.3014181350175
16.7523194976742,42.3014181511671
16.76,42.3014182045107
16.7623194976742,42.3014182205812
16.77,42.3014182736627
16.7723194976742,42.301418289654
16.78,42.3014183424734
16.7823194976742,42.3014183583855
16.79,42.3014184109429
16.7923194976742,42.3014184267759
16.8,42.3014184790712
16.8023194976742,42.3014184948251
16.81,42.3014185468584
16.8123194976742,42.3014185625332
16.82,42.3014186143046
16.8223194976742,42.3014186299002
16.83,42.3014186814098
16.8323194976742,42.3014186969263
16.84,42.301418748174
16.8423194976742,42.3014187636114
16.85,42.3014188145973
16.8523194976742,42.3014188299557
16.86,42.3014188806797
16.8623194976742,42.301418895959
16.87,42.3014189464213
16.8723194976742,42.3014189616216
16.88,42.3014190118221
16.8823194976742,42.3014190269433
16.89,42.3014190768821
16.8923194976742,42.3014190919243
16.9,42.3014191416014
16.9023194976742,42.3014191565646
16.91,42.3014192059801
16.9123194976742,42.3014192208643
16.92,42.3014192700181
16.9223194976742,42.3014192848233
16.93,42.3014193337156
16.9323194976742,42.3014193484417
16.94,42.3014193970724
16.9423194976742,42.3014194117196
16.95,42.3014194600887
16.9523194976742,42.3014194746569
16.96,42.3014195227644
16.9623194976742,42.3014195372536
16.97,42.3014195850997
16.9723194976742,42.3014195995099
16.98,42.3014196470945
16.9823194976742,42.3014196614257
16.99,42.3014197087488
16.9923194976742,42.3014197230011
17,42.3014197700626
17.0023194976742,42.3014197842359
17.01,42.3014198310361
17.0123194976742,42.3014198451304
17.02,42.3014198916691
17.0223194976742,42.3014199056845
17.03,42.3014199519616
17.0323194976742,42.3014199658981
17.04,42.3014200119138
17.0423194976742,42.3014200257713
17.05,42.3014200715256
17.0523194976742,42.3014200853041
17.06,42.3014201307969
17.0623194976742,42.3014201444965
17.07,42.3014201897279
17.0723194976742,42.3014202033485
17.08,42.3014202483184
17.0823194976742,42.3014202618601
17.09,42.3014203065685
17.0923194976742,42.3014203200312
17.1,42.3014203644782
17.1023194976742,42.3014203778619
17.11,42.3014204220474
17.1123194976742,42.3014204353522
17.12,42.3014204792762
17.1223194976742,42.3014204925019
17.13,42.3014205361644
17.1323194976742,42.3014205493112
17.14,42.3014205927122
17.1423194976742,42.30142060578
17.15,42.3014206489194
17.1523194976742,42.3014206619082
17.16,42.301420704786
17.1623194976742,42.3014207176958
17.17,42.301420760312
17.1723194976742,42.3014207731428
17.18,42.3014208154973
17.1823194976742,42.3014208282491
17.19,42.301420870342
17.1923194976742,42.3014208830147
17.2,42.3014209248459
17.2023194976742,42.3014209374396
17.21,42.3014209790091
17.2123194976742,42.3014209915237
17.22,42.3014210328314
17.2223194976742,42.3014210452669
17.23,42.3014210863128
17.2323194976742,42.3014210986693
17.24,42.3014211394532
17.2423194976742,42.3014211517307
17.25,42.3014211922527
17.2523194976742,42.301421204451
17.26,42.3014212447111
17.2623194976742,42.3014212568302
17.27,42.3014212968283
17.2723194976742,42.3014213088683
17.28,42.3014213486042
17.2823194976742,42.3014213605651
17.29,42.3014214000389
17.2923194976742,42.3014214119206
17.3,42.3014214511322
17.3023194976742,42.3014214629347
17.31,42.301421501884
17.3123194976742,42.3014215136073
17.32,42.3014215522942
17.3223194976743,42.3014215639383
17.33,42.3014216023628
17.3323194976743,42.3014216139276
17.34,42.3014216520896
17.3423194976743,42.3014216635751
17.35,42.3014217014746
17.3523194976743,42.3014217128808
17.36,42.3014217505176
17.3623194976743,42.3014217618445
17.37,42.3014217992186
17.3723194976743,42.301421810466
17.38,42.3014218475773
17.3823194976743,42.3014218587454
17.39,42.3014218955938
17.3923194976743,42.3014219066824
17.4,42.3014219432678
17.4023194976743,42.301421954277
17.41,42.3014219905993
17.4123194976743,42.301422001529
17.42,42.301422037588
17.4223194976743,42.3014220484383
17.43,42.301422084234
17.4323194976743,42.3014220950047
17.44,42.301422130537
17.4423194976743,42.3014221412282
17.45,42.301422176497
17.4523194976743,42.3014221871085
17.46,42.3014222221137
17.4623194976743,42.3014222326456
17.47,42.301422267387
17.4723194976743,42.3014222778392
17.48,42.3014223123167
17.4823194976743,42.3014223226893
17.49,42.3014223569028
17.4923194976743,42.3014223671956
17.5,42.301422401145
17.5023194976743,42.301422411358
17.51,42.3014224450432
17.5123194976743,42.3014224551764
17.52,42.3014224885972
17.5223194976743,42.3014224986505
17.53,42.3014225318068
17.5323194976743,42.3014225417803
17.54,42.3014225746719
17.5423194976743,42.3014225845654
17.55,42.3014226171923
17.5523194976743,42.3014226270058
17.56,42.3014226593678
17.5623194976743,42.3014226691012
17.57,42.3014227011981
17.5723194976743,42.3014227108515
17.58,42.3014227426832
17.5823194976743,42.3014227522565
17.59,42.3014227838228
17.5923194976743,42.3014227933159
17.6,42.3014228246167
17.6023194976743,42.3014228340296
17.61,42.3014228650647
17.6123194976743,42.3014228743974
17.62,42.3014229051667
17.6223194976743,42.301422914419
17.63,42.3014229449223
17.6323194976743,42.3014229540943
17.64,42.3014229843315
17.6423194976743,42.301422993423
17.65,42.3014230233939
17.6523194976743,42.301423032405
17.66,42.3014230621094
17.6623194976743,42.30142307104
17.67,42.3014231004777
17.6723194976743,42.3014231093277
17.68,42.3014231384986
17.6823194976743,42.301423147268
17.69,42.3014231761719
17.6923194976743,42.3014231848607
17.7,42.3014232134974
17.7023194976743,42.3014232221055
17.71,42.3014232504748
17.7123194976743,42.3014232590021
17.72,42.3014232871039
17.7223194976743,42.3014232955504
17.73,42.3014233233845
17.7323194976743,42.3014233317502
17.74,42.3014233593164
17.7423194976743,42.301423367601
17.75,42.3014233948992
17.7523194976743,42.3014234031029
17.76,42.3014234301327
17.7623194976743,42.3014234382553
17.77,42.3014234650166
17.7723194976743,42.3014234730581
17.78,42.3014234995507
17.7823194976743,42.301423507511
17.79,42.3014235337346
17.7923194976743,42.3014235416136
17.8,42.301423567568
17.8023194976743,42.3014235753657
17.81,42.3014236010507
17.8123194976743,42.301423608767
17.82,42.3014236341823
17.8223194976743,42.3014236418172
17.83,42.3014236669627
17.8323194976743,42.301423674516
17.84,42.3014236993913
17.8423194976743,42.3014237068631
17.85,42.3014237314682
17.8523194976743,42.3014237388582
17.86,42.3014237631928
17.8623194976743,42.3014237705011
17.87,42.3014237945649
17.8723194976743,42.3014238017914
17.88,42.3014238255842
17.8823194976743,42.3014238327289
17.89,42.3014238562505
17.8923194976743,42.3014238633131
17.9,42.3014238865632
17.9023194976743,42.3014238935438
17.9091310678547,42.3014239139326
17.91,42.3014239165218
17.9128742682814,42.3014239250678
17.9166174687082,42.3014239361532
17.92,42.3014239461285
17.920360669135,42.3014239471898
17.9267375447788,42.3014239658817
17.93,42.3014239753912
17.9331144204226,42.3014239844356
17.94,42.3014240043123
17.9426550392793,42.3014240119332
17.95,42.3014240328883
17.952195658136,42.3014240391166
17.96,42.30142406112
17.9617362769926,42.3014240659869
17.97,42.3014240890085
17.9712768958493,42.3014240925449
17.98,42.3014241165548
17.9808175147059,42.3014241187917
17.99,42.3014241437602
17.9903581335626,42.3014241447282
17.9998987524193,42.3014241703556
18,42.3014241706259
18.0094393712759,42.3014241956746
18.01,42.3014241971525
18.0189799901326,42.3014242206736
18.02,42.3014242233267
18.0285206089893,42.3014242453469
18.03,42.3014242491434
18.0380612278459,42.301424269696
18.04,42.3014242746042
18.0476018467026,42.3014242937225
18.05,42.3014242997109
18.0571424655593,42.3014243174278
18.06,42.3014243244652
18.0666830844159,42.3014243408137
18.07,42.3014243488691
18.0762237032726,42.3014243638817
18.08,42.3014243729244
18.0857643221293,42.3014243866335
18.09,42.3014243966331
18.0953049409859,42.3014244090708
18.1,42.3014244199973
18.1048455598426,42.3014244311955
18.11,42.3014244430189
18.1143861786993,42.3014244530093
18.12,42.3014244657
18.1239267975559,42.301424474514
18.13,42.3014244880427
18.1334674164126,42.3014244957115
18.14,42.3014245100493
18.1430080352693,42.3014245166037
18.15,42.301424531722
18.1525486541259,42.3014245371925
18.16,42.3014245530628
18.1620892729826,42.3014245574799
18.17,42.3014245740742
18.1716298918392,42.3014245774678
18.18,42.3014245947583
18.1811705106959,42.3014245971582
18.19,42.3014246151175
18.1907111295526,42.301424616553
18.2,42.301424635154
18.2002517484092,42.3014246356543
18.2097923672659,42.301424654464
18.21,42.3014246548702
18.2193329861226,42.3014246729839
18.22,42.3014246742676
18.2288736049792,42.3014246912059
18.23,42.3014246933371
18.2384142238359,42.3014247091266
18.24,42.301424712076
18.2479548426926,42.3014247267483
18.25,42.3014247304867
18.2574954615492,42.3014247440732
18.26,42.3014247485719
18.2670360804059,42.3014247611033
18.27,42.301424766334
18.2765766992626,42.301424777841
18.28,42.3014247837754
18.2861173181192,42.3014247942882
18.29,42.3014248008986
18.2956579369759,42.301424810447
18.3,42.3014248177059
18.3051985558326,42.3014248263194
18.31,42.3014248341995
18.3147391746892,42.3014248419075
18.32,42.3014248503818
18.3242797935459,42.301424857213
18.33,42.3014248662548
18.3338204124025,42.301424872238
18.34,42.3014248818208
18.3433610312592,42.3014248869842
18.35,42.3014248970819
18.3529016501159,42.3014249014534
18.36,42.3014249120399
18.3624422689725,42.3014249156473
18.37,42.3014249266968
18.3719828878292,42.3014249295676
18.38,42.3014249410546
18.3815235066859,42.3014249432159
18.39,42.3014249551151
18.3910641255425,42.3014249565939
18.4,42.30142496888
18.4006047443992,42.301424969703
18.41,42.3014249823511
18.4101453632559,42.3014249825447
18.4196859821125,42.3014249951205
18.42,42.3014249955299
18.4292266009692,42.3014250074314
18.43,42.3014250084175
18.4387672198259,42.3014250194714
18.44,42.301425021007
18.4483078386825,42.3014250312378
18.45,42.3014250332961
18.4578484575392,42.3014250427321
18.46,42.3014250452866
18.4673890763959,42.3014250539558
18.47,42.30142505698
18.4769296952525,42.3014250649101
18.48,42.3014250683781
18.4864703141092,42.3014250755964
18.49,42.3014250794821
18.4960109329659,42.301425086016
18.5,42.3014250902936
18.5055515518225,42.3014250961701
18.51,42.3014251008139
18.5150921706792,42.3014251060597
18.52,42.3014251110442
18.5246327895358,42.301425115686
18.53,42.3014251209859
18.5341734083925,42.3014251250499
18.54,42.3014251306399
18.5437140272492,42.3014251341525
18.55,42.3014251400073
18.5532546461058,42.3014251429945
18.56,42.3014251490891
18.5627952649625,42.3014251515769
18.57,42.3014251578863
18.5723358838192,42.3014251599003
18.58,42.3014251663995
18.5818765026758,42.3014251679655
18.59,42.3014251746295
18.5914171215325,42.301425175773
18.6,42.301425182577
18.6009577403892,42.3014251833233
18.61,42.3014251902423
18.6104983592458,42.3014251906169
18.62,42.3014251976259
18.6200389781025,42.3014251976541
18.6295795969592,42.3014252044351
18.63,42.301425204728
18.6391202158158,42.3014252109597
18.64,42.3014252115483
18.6486608346725,42.3014252172229
18.65,42.3014252180808
18.6582014535292,42.3014252232219
18.66,42.3014252243231
18.6677420723858,42.3014252289564
18.67,42.3014252302746
18.6772826912425,42.3014252344256
18.68,42.3014252359346
18.6868233100992,42.3014252396287
18.69,42.3014252413017
18.6963639289558,42.3014252445659
18.7,42.3014252463787
18.7016959384926,42.3014252472116
18.7070279480294,42.3014252497792
18.71,42.3014252511776
18.7123599575662,42.3014252522717
18.7170768332062,42.3014252544148
18.72,42.3014252557139
18.7217937088462,42.3014252565003
18.7265105844862,42.3014252585279
18.73,42.3014252599906
18.7312274601262,42.3014252604976
18.7373711106219,42.3014252629753
18.74,42.301425264005
18.7467048840797,42.3014252665481
18.75,42.3014252677533
18.7560386575374,42.3014252698849
18.76,42.3014252712282
18.7611519709975,42.3014252716107
18.7662652844576,42.3014252732647
18.77,42.3014252744301
18.7713785979178,42.3014252748518
18.7764919113779,42.3014252763801
18.78,42.301425277399
18.7801586364471,42.3014252774446
18.782906922084,42.3014252782266
18.7865386620111,42.3014252792401
18.79,42.3014252801856
18.7930040225765,42.3014252809903
18.8,42.3014252828082
18.8012971489023,42.3014252831368
18.81,42.3014252852757
18.8112971489023,42.3014252855848
18.82,42.3014252875942
18.8212971489023,42.3014252878841
18.83,42.3014252897645
18.8312971489023,42.3014252900352
18.84,42.3014252917873
18.8412971489023,42.3014252920389
18.85,42.301425293664
18.8512971489023,42.3014252938969
18.86,42.3014252953968
18.8612971489023,42.3014252956111
18.87,42.301425296987
18.8712971489023,42.3014252971829
18.88,42.3014252984357
18.8812971489023,42.3014252986133
18.8892300857822,42.3014252996493
18.89,42.3014252997454
18.8926791912341,42.3014253000741
18.8961282966859,42.3014253004845
18.9,42.3014253009292
18.9049752063472,42.3014253014767
18.91,42.3014253020026
18.9138221160084,42.3014253023847
18.92,42.3014253029697
18.9226690256697,42.3014253032103
18.93,42.3014253038335
18.9315159353309,42.3014253039556
18.94,42.3014253045965
18.9403628449922,42.3014253046224
18.9492097546535,42.3014253052123
18.95,42.3014253052613
18.9580566643147,42.3014253057271
18.96,42.3014253058301
18.966903573976,42.3014253061671
18.97,42.3014253063036
18.9757504836372,42.3014253065333
18.98,42.3014253066832
18.9845973932985,42.3014253068268
18.99,42.3014253069706
18.9934443029597,42.3014253070485
19,42.3014253071673
19.002291212621,42.3014253071998
19.01,42.3014253072756
19.0111381222823,42.3014253072824
19.0199850319435,42.3014253072981
19.02,42.301425307298
19.0288319416048,42.3014253072487
19.03,42.3014253072373
19.037678851266,42.3014253071354
19.04,42.3014253070953
19.0465257609273,42.3014253069598
19.05,42.301425306874
19.0553726705886,42.3014253067232
19.06,42.3014253065757
19.0642195802498,42.3014253064272
19.07,42.3014253062024
19.0730664899111,42.3014253060733
19.08,42.3014253057567
19.0819133995723,42.3014253056635
19.09,42.3014253052416
19.0907603092336,42.3014253051997
19.0996072188948,42.3014253046842
19.1,42.3014253046601
19.1084541285561,42.3014253041191
19.11,42.3014253040154
19.1173010382174,42.3014253035063
19.12,42.3014253033102
19.1261479478786,42.3014253028479
19.13,42.3014253025474
19.1349948575399,42.3014253021457
19.14,42.3014253017295
19.1438417672011,42.3014253014012
19.15,42.3014253008587
19.1526886768624,42.3014253006158
19.16,42.301425299937
19.1615355865237,42.3014252997911
19.17,42.3014252989662
19.1703824961849,42.3014252989281
19.1792294058462,42.3014252980278
19.18,42.3014252979476
19.1880763155074,42.3014252970909
19.19,42.3014252968824
19.1969232251687,42.3014252961179
19.2,42.301425295771
19.20577013483,42.3014252951087
19.21,42.3014252946134
19.2146170444912,42.3014252940632
19.22,42.301425293409
19.2234639541525,42.3014252929806
19.23,42.3014252921566
19.2323108638137,42.3014252918602
19.24,42.3014252908549
19.241157773475,42.3014252907009
19.25,42.3014252895024
19.2500046831362,42.3014252895017
19.2588515927975,42.3014252882618
19.26,42.3014252880979
19.2676985024588,42.3014252869804
19.27,42.30142528664
19.2742969903401,42.3014252859946
19.2762765367045,42.3014252856927
19.2782560830689,42.3014252853872
19.28,42.3014252851147
19.2823542595808,42.3014252847414
19.29,42.301425283481
19.2923542595808,42.3014252830771
19.2996929317365,42.3014252817671
19.3,42.3014252817106
19.3093873174296,42.3014252799124
19.31,42.3014252797903
19.3190817031226,42.3014252779122
19.32,42.3014252777151
19.3287760888157,42.3014252757648
19.33,42.3014252754832
19.3384704745088,42.30142527347
19.34,42.3014252730945
19.3481648602019,42.3014252710276
19.35,42.3014252705486
19.3578592458949,42.3014252684369
19.36,42.3014252678448
19.367553631588,42.3014252656969
19.37,42.3014252649817
19.3772480172811,42.3014252628061
19.38,42.3014252619578
19.3869424029741,42.301425259763
19.39,42.3014252587714
19.3966367886672,42.301425256566
19.4,42.3014252554205
19.4063311743603,42.3014252532127
19.41,42.3014252519024
19.4160255600533,42.3014252497005
19.4189338757613,42.3014252486155
19.42,42.3014252482142
19.4218421914692,42.3014252475163
19.4289707857555,42.3014252447668
19.43,42.3014252443637
19.4360993800418,42.3014252419475
19.44,42.3014252403776
19.4432279743281,42.3014252390638
19.45,42.3014252362624
19.4503565686144,42.3014252361131
19.46,42.3014252320089
19.4603565686144,42.3014252318547
19.47,42.3014252276161
19.4703565686144,42.3014252274569
19.48,42.3014252230869
19.4803565686145,42.3014252229229
19.49,42.3014252184223
19.4903565686145,42.3014252182534
19.5,42.3014252136216
19.5003565686145,42.301425213448
19.51,42.3014252086858
19.5103565686145,42.3014252085074
19.52,42.3014252036161
19.5203565686145,42.3014252034328
19.53,42.3014251984132
19.5303565686145,42.3014251982252
19.54,42.3014251930779
19.5403565686145,42.3014251928853
19.55,42.3014251876112
19.5503565686145,42.3014251874139
19.56,42.301425182014
19.5603565686145,42.301425181812
19.57,42.3014251762871
19.5703565686145,42.3014251760805
19.58,42.3014251704315
19.5803565686145,42.3014251702203
19.59,42.3014251644481
19.5903565686145,42.3014251642324
19.6,42.3014251583377
19.6003565686145,42.3014251581175
19.61,42.3014251521013
19.6103565686145,42.3014251518766
19.62,42.3014251457397
19.6203565686145,42.3014251455106
19.63,42.3014251392539
19.6303565686145,42.3014251390203
19.64,42.3014251326447
19.6403565686145,42.3014251324068
19.65,42.301425125913
19.6503565686145,42.3014251256707
19.66,42.3014251190598
19.6603565686145,42.3014251188132
19.67,42.3014251120858
19.6703565686145,42.301425111835
19.68,42.3014251049921
19.6803565686145,42.301425104737
19.69,42.3014250977795
19.6903565686145,42.3014250975201
19.7,42.3014250904489
19.7003565686145,42.3014250901853
19.71,42.3014250830011
19.7103565686145,42.3014250827334
19.72,42.3014250754373
19.7203565686145,42.3014250751654
19.73,42.3014250677581
19.7303565686145,42.3014250674822
19.74,42.3014250599646
19.7403565686145,42.3014250596846
19.75,42.3014250520576
19.7503565686145,42.3014250517736
19.76,42.3014250440382
19.7603565686145,42.3014250437502
19.77,42.3014250359073
19.7703565686145,42.3014250356153
19.78,42.3014250276657
19.7803565686145,42.3014250273698
19.79,42.3014250193145
19.7903565686145,42.3014250190147
19.8,42.3014250108546
19.8003565686145,42.3014250105509
19.81,42.301425002287
19.8103565686145,42.3014250019795
19.82,42.3014249936127
19.8203565686145,42.3014249933014
19.83,42.3014249848327
19.8303565686145,42.3014249845177
19.84,42.301424975948
19.8403565686145,42.3014249756292
19.85,42.3014249669596
19.8503565686145,42.3014249666371
19.86,42.3014249578685
19.8603565686145,42.3014249575425
19.87,42.3014249486758
19.8703565686145,42.3014249483462
19.88,42.3014249393826
19.8803565686145,42.3014249390494
19.89,42.30142492999
19.8903565686145,42.3014249296532
19.9,42.3014249204989
19.9003565686145,42.3014249201587
19.91,42.3014249109106
19.9103565686145,42.3014249105669
19.92,42.301424901226
19.9203565686145,42.301424900879
19.93,42.3014248914465
19.9303565686145,42.301424891096
19.94,42.301424881573
19.9403565686145,42.3014248812192
19.95,42.3014248716068
19.9503565686145,42.3014248712497
19.96,42.301424861549
19.9603565686145,42.3014248611886
19.97,42.3014248514007
19.9703565686145,42.3014248510372
19.98,42.3014248411633
19.9803565686145,42.3014248407966
19.99,42.3014248308378
19.9903565686145,42.301424830468
20,42.3014248204255
20.0003565686145,42.3014248200526
20.01,42.3014248099276
20.0103565686145,42.3014248095517
20.02,42.3014247993454
20.0203565686145,42.3014247989665
20.03,42.30142478868
20.0303565686145,42.3014247882982
20.04,42.3014247779328
20.0403565686145,42.3014247775481
20.05,42.301424767105
20.0503565686145,42.3014247667175
20.06,42.3014247561979
20.0603565686145,42.3014247558076
20.07,42.3014247452127
20.0703565686145,42.3014247448196
20.08,42.3014247341508
20.0803565686145,42.301424733755
20.09,42.3014247230134
20.0903565686145,42.3014247226149
20.1,42.3014247118017
20.1003565686145,42.3014247114006
20.11,42.3014247005172
20.1103565686145,42.3014247001135
20.12,42.3014246891611
20.1203565686146,42.3014246887548
20.13,42.3014246777346
20.1303565686146,42.3014246773258
20.14,42.301424666239
20.1403565686146,42.3014246658279
20.15,42.3014246546757
20.1503565686146,42.3014246542622
20.16,42.301424643046
20.1603565686146,42.3014246426301
20.17,42.3014246313509
20.1703565686146,42.3014246309327
20.18,42.301424619592
20.1803565686146,42.3014246191715
20.19,42.3014246077702
20.1903565686146,42.3014246073475
20.2,42.3014245958869
20.2003565686146,42.3014245954621
20.21,42.3014245839433
20.2103565686146,42.3014245835163
20.22,42.3014245719406
20.2203565686146,42.3014245715116
20.23,42.3014245598804
20.2303565686146,42.3014245594494
20.24,42.3014245477651
20.2403565686146,42.3014245473321
20.25,42.3014245355983
20.2503565686146,42.3014245351635
20.26,42.3014245233845
20.2603565686146,42.3014245229482
20.27,42.3014245111286
20.2703565686146,42.3014245106909
20.28,42.3014244988345
20.2803565686146,42.3014244983954
20.29,42.3014244865053
20.2903565686146,42.3014244860651
20.3,42.3014244741437
20.3003565686146,42.3014244737023
20.31,42.3014244617516
20.3103565686146,42.3014244613092
20.32,42.3014244493309
20.3203565686146,42.3014244488875
20.33,42.3014244368831
20.3303565686146,42.3014244364387
20.34,42.3014244244095
20.3403565686146,42.3014244239643
20.35,42.3014244119116
20.3503565686146,42.3014244114655
20.36,42.3014243993905
20.3603565686146,42.3014243989436
20.37,42.3014243868474
20.3703565686146,42.3014243863998
20.38,42.3014243742834
20.3803565686146,42.3014243738351
20.39,42.3014243616997
20.3903565686146,42.3014243612506
20.4,42.3014243490973
20.4003565686146,42.3014243486476
20.41,42.3014243364772
20.4103565686146,42.3014243360269
20.42,42.3014243238407
20.4203565686146,42.3014243233898
20.43,42.3014243111887
20.4303565686146,42.3014243107373
20.44,42.3014242985223
20.4403565686146,42.3014242980704
20.45,42.3014242858427
20.4503565686146,42.3014242853903
20.46,42.3014242731509
20.4603565686146,42.3014242726981
20.47,42.301424260448
20.4703565686146,42.3014242599949
20.48,42.3014242477352
20.4803565686146,42.3014242472818
20.49,42.3014242350136
20.4903565686146,42.3014242345598
20.5,42.3014242222843
20.5003565686146,42.3014242218302
20.51,42.3014242095484
20.5103565686146,42.3014242090941
20.52,42.3014241968071
20.5203565686146,42.3014241963527
20.53,42.3014241840615
20.5303565686146,42.301424183607
20.54,42.3014241713128
20.5403565686146,42.3014241708582
20.55,42.3014241585622
20.5503565686146,42.3014241581075
20.56,42.3014241458108
20.5603565686146,42.3014241453561
20.57,42.3014241330597
20.5703565686146,42.301424132605
20.58,42.3014241203101
20.5803565686146,42.3014241198556
20.59,42.3014241075633
20.5903565686146,42.3014241071088
20.6,42.3014240948203
20.6003565686146,42.301424094366
20.61,42.3014240820823
20.6103565686146,42.3014240816282
20.62,42.3014240693505
20.6203565686146,42.3014240688966
20.63,42.301424056626
20.6303565686146,42.3014240561724
20.64,42.3014240439101
20.6403565686146,42.3014240434568
20.65,42.3014240312038
20.6503565686146,42.3014240307509
20.66,42.3014240185084
20.6603565686146,42.3014240180559
20.67,42.3014240058249
20.6703565686146,42.3014240053729
20.68,42.3014239931547
20.6803565686146,42.3014239927032
20.69,42.3014239804987
20.6903565686146,42.3014239800477
20.7,42.3014239678583
20.7003565686146,42.3014239674078
20.71,42.3014239552344
20.7103565686146,42.3014239547846
20.72,42.3014239426283
20.7203565686146,42.3014239421792
20.73,42.3014239300412
20.7303565686146,42.3014239295927
20.74,42.3014239174741
20.7403565686146,42.3014239170263
20.75,42.3014239049282
20.7503565686146,42.3014239044812
20.76,42.3014238924046
20.7603565686147,42.3014238919585
20.77,42.3014238799046
20.7703565686147,42.3014238794593
20.78,42.3014238674292
20.7803565686147,42.3014238669848
20.79,42.3014238549795
20.7903565686147,42.3014238545361
20.8,42.3014238425567
20.8003565686147,42.3014238421142
20.81,42.3014238301619
20.8103565686147,42.3014238297205
20.82,42.3014238177963
20.8203565686147,42.3014238173559
20.83,42.3014238054609
20.8303565686147,42.3014238050216
20.84,42.3014237931569
20.8403565686147,42.3014237927188
20.85,42.3014237808854
20.8503565686147,42.3014237804485
20.86,42.3014237686475
20.8603565686147,42.3014237682118
20.87,42.3014237564444
20.8703565686147,42.30142375601
20.88,42.3014237442772
20.8803565686147,42.301423743844
20.89,42.3014237321469
20.8903565686147,42.3014237317151
20.9,42.3014237200548
20.9003565686147,42.3014237196243
20.91,42.3014237080018
20.9103565686147,42.3014237075728
20.92,42.3014236959892
20.9203565686147,42.3014236955616
20.93,42.301423684018
20.9303565686147,42.3014236835919
20.94,42.3014236720894
20.9403565686147,42.3014236716649
20.95,42.3014236602045
20.9503565686147,42.3014236597815
20.96,42.3014236483644
20.9603565686147,42.301423647943
20.97,42.3014236365702
20.9703565686147,42.3014236361505
20.98,42.301423624823
20.9803565686147,42.301423624405
20.99,42.301423613124
20.9903565686147,42.3014236127078
21,42.3014236014743
21.0003565686147,42.3014236010599
21.01,42.301423589875
21.0103565686147,42.3014235894624
21.02,42.3014235783273
21.0203565686147,42.3014235779165
21.03,42.3014235668323
21.0303565686147,42.3014235664234
21.04,42.3014235553911
21.0403565686147,42.3014235549841
21.05,42.3014235440048
21.0503565686147,42.3014235435999
21.06,42.3014235326747
21.0603565686147,42.3014235322717
21.07,42.3014235214018
21.0703565686147,42.3014235210009
21.08,42.3014235101873
21.0803565686147,42.3014235097886
21.09,42.3014234990325
21.0903565686147,42.3014234986358
21.1,42.3014234879383
21.1003565686147,42.3014234875439
21.11,42.3014234769061
21.1103565686147,42.3014234765139
21.12,42.301423465937
21.1203565686147,42.3014234655471
21.13,42.3014234550322
21.1303565686147,42.3014234546445
21.14,42.3014234441928
21.1403565686147,42.3014234438075
21.15,42.3014234334201
21.1503565686147,42.3014234330372
21.16,42.3014234227153
21.1603565686147,42.3014234223349
21.17,42.3014234120796
21.1703565686147,42.3014234117017
21.18,42.3014234015143
21.1803565686147,42.3014234011388
21.19,42.3014233910205
21.1903565686147,42.3014233906476
21.2,42.3014233805995
21.2003565686147,42.3014233802293
21.21,42.3014233702526
21.2103565686147,42.3014233698851
21.22,42.3014233599811
21.2203565686147,42.3014233596162
21.23,42.3014233497861
21.2303565686147,42.301423349424
21.24,42.3014233396691
21.2403565686147,42.3014233393099
21.25,42.3014233296314
21.2503565686147,42.3014233292749
21.26,42.3014233196742
21.2603565686147,42.3014233193206
21.27,42.3014233097988
21.2703565686147,42.3014233094483
21.28,42.3014233000068
21.2803565686147,42.3014232996592
21.29,42.3014232902993
21.2903565686147,42.3014232899547
21.3,42.3014232806778
21.3003565686147,42.3014232803363
21.31,42.3014232711437
21.3103565686147,42.3014232708054
21.32,42.3014232616985
21.3203565686147,42.3014232613633
21.33,42.3014232523434
21.3303565686147,42.3014232520115
21.34,42.3014232430801
21.3403565686147,42.3014232427515
21.35,42.30142323391
21.3503565686147,42.3014232335847
21.36,42.3014232248346
21.3603565686147,42.3014232245127
21.37,42.3014232158553
21.3703565686147,42.301423215537
21.38,42.3014232069739
21.3803565686147,42.301423206659
21.39,42.3014231981918
21.3903565686147,42.3014231978805
21.4,42.3014231895106
21.4003565686148,42.3014231892029
21.41,42.301423180932
21.4103565686148,42.301423180628
21.42,42.3014231724576
21.4203565686148,42.3014231721574
21.43,42.3014231640891
21.4303565686148,42.3014231637927
21.44,42.3014231558282
21.4403565686148,42.3014231555356
21.45,42.3014231476767
21.4503565686148,42.301423147388
21.46,42.3014231396363
21.4603565686148,42.3014231393516
21.47,42.3014231317088
21.4703565686148,42.3014231314283
21.48,42.3014231238962
21.4803565686148,42.3014231236197
21.49,42.3014231162002
21.4903565686148,42.301423115928
21.5,42.3014231086229
21.5003565686148,42.3014231083549
21.51,42.3014231011661
21.5103565686148,42.3014231009024
21.52,42.3014230938319
21.5203565686148,42.3014230935727
21.53,42.3014230866223
21.5303565686148,42.3014230863676
21.54,42.3014230795395
21.5403565686148,42.3014230792893
21.55,42.3014230725855
21.5503565686148,42.30142307234
21.56,42.3014230657625
21.5603565686148,42.3014230655217
21.57,42.3014230590729
21.5703565686148,42.3014230588368
21.58,42.3014230525188
21.5803565686148,42.3014230522876
21.59,42.3014230461025
21.5903565686148,42.3014230458763
21.6,42.3014230398266
21.6003565686148,42.3014230396054
21.61,42.3014230336933
21.6103565686148,42.3014230334772
21.62,42.3014230277052
21.6203565686148,42.3014230274944
21.63,42.3014230218648
21.6303565686148,42.3014230216593
21.64,42.3014230161746
21.6403565686148,42.3014230159745
21.65,42.3014230106374
21.6503565686148,42.3014230104428
21.66,42.3014230052558
21.6603565686148,42.3014230050668
21.67,42.3014230000325
21.6703565686148,42.3014229998492
21.68,42.3014229949702
21.6803565686148,42.3014229947927
21.69,42.3014229900718
21.6903565686148,42.3014229899002
21.7,42.3014229853401
21.7003565686148,42.3014229851745
21.71,42.3014229807779
21.7103565686148,42.3014229806184
21.72,42.301422976388
21.7203565686148,42.3014229762347
21.73,42.3014229721735
21.7303565686148,42.3014229720264
21.74,42.3014229681369
21.7403565686148,42.3014229679963
21.75,42.3014229642813
21.7503565686148,42.3014229641472
21.76,42.3014229606094
21.7603565686148,42.3014229604819
21.77,42.3014229571239
21.7703565686148,42.3014229570031
21.78,42.3014229538273
21.7803565686148,42.3014229537133
21.79,42.3014229507222
21.7903565686148,42.3014229506151
21.8,42.301422947811
21.8003565686148,42.3014229477108
21.81,42.3014229450958
21.8103565686148,42.3014229450026
21.82,42.3014229425785
21.8203565686148,42.3014229424924
21.83,42.3014229402609
21.8303565686148,42.301422940182
21.84,42.3014229381445
21.8403565686148,42.3014229380727
21.85,42.3014229362303
21.8503565686148,42.3014229361658
21.86,42.3014229345194
21.8603565686148,42.3014229344622
21.87,42.3014229330124
21.8703565686148,42.3014229329624
21.88,42.3014229317095
21.8803565686148,42.3014229316668
21.89,42.3014229306109
21.8903565686148,42.3014229305755
21.9,42.3014229297168
21.9003565686148,42.3014229296887
21.91,42.3014229290275
21.9103565686148,42.3014229290067
21.92,42.3014229285441
21.9203565686148,42.3014229285307
21.9266148577764,42.3014229283387
21.93,42.3014229282693
21.932873146938,42.301422928229
21.9373424534405,42.3014229281985
21.94,42.3014229281969
21.9418117599431,42.3014229282018
21.9462810664457,42.3014229282313
21.95,42.3014229282708
21.9507503729483,42.3014229282801
21.9578702198928,42.3014229283846
21.96,42.3014229284207
21.9672107920233,42.3014229285569
21.97,42.3014229286152
21.9765513641538,42.301422928765
21.98,42.301422928851
21.9858919362843,42.3014229290092
21.99,42.3014229291276
21.9952325084148,42.3014229292876
22,42.3014229294423
22.0045730805452,42.3014229295986
22.01,42.3014229297941
22.0139136526757,42.3014229299419
22.02,42.3014229301828
22.0232542248062,42.3014229303171
22.03,42.3014229306072
22.0325947969367,42.3014229307229
22.04,42.3014229310655
22.0419353690672,42.301422931158
22.05,42.3014229315562
22.0512759411977,42.3014229316211
22.06,42.3014229320774
22.0606165133281,42.3014229321105
22.0699570854586,42.3014229326242
22.07,42.3014229326266
22.0792976575891,42.3014229331601
22.08,42.3014229332013
22.0886382297196,42.301422933716
22.09,42.3014229337986
22.0979788018501,42.3014229342899
22.1,42.3014229344163
22.1073193739806,42.3014229348805
22.11,42.301422935053
22.116659946111,42.3014229354867
22.12,42.301422935707
22.1260005182415,42.3014229361072
22.13,42.3014229363771
22.135341090372,42.3014229367412
22.14,42.3014229370621
22.1446816625025,42.3014229373876
22.15,42.3014229377609
22.154022234633,42.3014229380456
22.16,42.3014229384724
22.1633628067635,42.3014229387144
22.17,42.3014229391955
22.1727033788939,42.3014229393928
22.18,42.301422939929
22.1820439510244,42.3014229400801
22.19,42.3014229406717
22.1913845231549,42.3014229407752
22.2,42.3014229414222
22.2007250952854,42.3014229414769
22.21,42.3014229421793
22.2100656674159,42.3014229421843
22.2194062395464,42.3014229428963
22.22,42.3014229429417
22.2287468116768,42.3014229436117
22.23,42.3014229437078
22.2380873838073,42.3014229443292
22.24,42.3014229444763
22.2474279559378,42.3014229450482
22.25,42.3014229452464
22.2567685280683,42.3014229457687
22.26,42.3014229460182
22.2661091001988,42.3014229464906
22.27,42.3014229467917
22.2754496723293,42.301422947214
22.28,42.3014229475669
22.2847902444597,42.301422947939
22.29,42.3014229483441
22.2941308165902,42.3014229486657
22.3,42.3014229491233
22.3034713887207,42.3014229493944
22.31,42.3014229499048
22.3128119608512,42.3014229501249
22.32,42.3014229506884
22.3221525329817,42.3014229508574
22.33,42.3014229514744
22.3314931051122,42.3014229515919
22.34,42.3014229522625
22.3408336772426,42.3014229523283
22.35,42.3014229530528
22.3501742493731,42.3014229530666
22.3595148215036,42.3014229538067
22.36,42.3014229538452
22.3688553936341,42.3014229545485
22.37,42.3014229546395
22.3781959657646,42.3014229552916
22.38,42.3014229554352
22.3875365378951,42.3014229560359
22.39,42.3014229562323
22.3968771100255,42.3014229567816
22.4,42.3014229570312
22.406217682156,42.3014229575291
22.41,42.3014229578324
22.4155582542865,42.3014229582788
22.42,42.3014229586361
22.424898826417,42.301422959031
22.43,42.301422959443
22.4342393985475,42.3014229597861
22.44,42.3014229602534
22.443579970678,42.3014229605445
22.45,42.3014229610679
22.4529205428084,42.3014229613065
22.46,42.3014229618867
22.4622611149389,42.3014229620725
22.47,42.3014229627103
22.4716016870694,42.3014229628427
22.48,42.3014229635392
22.4809422591999,42.3014229636175
22.49,42.3014229643736
22.4902828313304,42.3014229643973
22.4996234034609,42.3014229651823
22.5,42.3014229652141
22.5089639755913,42.3014229659729
22.51,42.3014229660609
22.5183045477218,42.3014229667686
22.52,42.3014229669136
22.5276451198523,42.3014229675695
22.53,42.3014229677722
22.5369856919828,42.3014229683757
22.54,42.301422968637
22.5463262641133,42.3014229691874
22.55,42.3014229695083
22.5556668362438,42.3014229700051
22.56,42.3014229703864
22.5650074083742,42.3014229708288
22.57,42.3014229712717
22.5743479805047,42.3014229716589
22.58,42.3014229721644
22.5836885526352,42.3014229724956
22.59,42.3014229730649
22.5930291247657,42.3014229733392
22.6,42.3014229739734
22.6023696968962,42.3014229741899
22.61,42.3014229748903
22.6117102690267,42.301422975048
22.62,42.3014229758159
22.6210508411571,42.3014229759137
22.63,42.3014229767507
22.6303914132876,42.3014229767874
22.6397319854181,42.3014229776694
22.64,42.3014229776948
22.6490725575486,42.3014229785598
22.65,42.3014229786486
22.6584131296791,42.3014229794581
22.66,42.3014229796114
22.6677537018096,42.3014229803639
22.67,42.3014229805828
22.67709427394,42.3014229812773
22.68,42.301422981563
22.6864348460705,42.3014229821984
22.69,42.301422982552
22.695775418201,42.3014229831274
22.7,42.3014229835501
22.7051159903315,42.3014229840643
22.71,42.3014229845573
22.714456562462,42.3014229850091
22.72,42.3014229855737
22.7237971345925,42.3014229859621
22.73,42.3014229865994
22.7331377067229,42.3014229869232
22.74,42.3014229876345
22.7424782788534,42.3014229878925
22.75,42.3014229886792
22.7518188509839,42.3014229888702
22.76,42.3014229897335
22.7611594231144,42.3014229898564
22.77,42.3014229907977
22.7704999952449,42.3014229908511
22.7798405673754,42.3014229918545
22.78,42.3014229918717
22.7891811395058,42.3014229928667
22.79,42.3014229929558
22.7985217116363,42.3014229938867
22.8,42.3014229940487
22.8078622837668,42.3014229949137
22.81,42.3014229951498
22.8172028558973,42.301422995948
22.82,42.3014229962591
22.8265434280278,42.3014229969895
22.83,42.3014229973767
22.8358840001583,42.3014229980383
22.84,42.3014229985026
22.8452245722887,42.3014229990942
22.85,42.3014229996368
22.8545651444192,42.3014230001573
22.86,42.3014230007791
22.8639057165497,42.3014230012275
22.87,42.3014230019296
22.8732462886802,42.3014230023049
22.88,42.3014230030884
22.8825868608107,42.3014230033894
22.89,42.3014230042552
22.8919274329412,42.301423004481
22.9,42.3014230054301
22.9012680050716,42.3014230055797
22.91,42.3014230066132
22.9106085772021,42.3014230066854
22.9199491493326,42.3014230077981
22.92,42.3014230078042
22.9292897214631,42.3014230089178
22.93,42.3014230090032
22.9386302935936,42.3014230100431
22.94,42.3014230102085
22.9479708657241,42.3014230111732
22.95,42.3014230114194
22.9573114378545,42.3014230123083
22.96,42.3014230126359
22.966652009985,42.3014230134483
22.97,42.3014230138581
22.9759925821155,42.3014230145932
22.98,42.3014230150858
22.985333154246,42.3014230157429
22.99,42.3014230163191
22.9946737263765,42.3014230168974
23,42.3014230175579
23.004014298507,42.3014230180567
23.01,42.3014230188021
23.0133548706374,42.3014230192207
23.02,42.3014230200516
23.0226954427679,42.3014230203893
23.03,42.3014230213064
23.0320360148984,42.3014230215625
23.04,42.3014230225663
23.0413765870289,42.3014230227401
23.05,42.3014230238313
23.0507171591594,42.3014230239222
23.06,42.3014230251011
23.0600577312899,42.3014230251084
23.0693983034203,42.3014230262989
23.07,42.3014230263758
23.0787388755508,42.3014230274933
23.08,42.3014230276548
23.0880794476813,42.3014230286903
23.09,42.3014230289365
23.0974200198118,42.3014230298889
23.1,42.3014230302202
23.1067605919423,42.3014230310893
23.11,42.301423031506
23.1161011640728,42.3014230322915
23.12,42.3014230327938
23.1254417362032,42.3014230334955
23.13,42.3014230340837
23.1347823083337,42.3014230347013
23.14,42.3014230353756
23.1441228804642,42.3014230359088
23.15,42.3014230366694
23.1534634525947,42.301423037118
23.16,42.3014230379651
23.1628040247252,42.3014230383288
23.17,42.3014230392627
23.1721445968557,42.3014230395412
23.18,42.301423040562
23.1814851689861,42.3014230407551
23.19,42.3014230418628
23.1908257411166,42.3014230419703
23.2,42.3014230431652
23.2001663132471,42.3014230431869
23.2095068853776,42.3014230444046
23.21,42.3014230444689
23.2188474575081,42.3014230456233
23.22,42.3014230457737
23.2281880296386,42.3014230468415
23.23,42.3014230470776
23.237528601769,42.3014230480584
23.24,42.3014230483801
23.2468691738995,42.3014230492741
23.25,42.3014230496813
23.25620974603,42.3014230504887
23.26,42.3014230509812
23.2655503181605,42.3014230517022
23.27,42.3014230522798
23.274890890291,42.3014230529145
23.28,42.3014230535771
23.2842314624215,42.3014230541256
23.29,42.301423054873
23.2935720345519,42.3014230553357
23.3,42.3014230561677
23.3029126066824,42.3014230565445
23.31,42.3014230574609
23.3122531788129,42.3014230577521
23.32,42.3014230587526
23.3215937509434,42.3014230589583
23.33,42.3014230600427
23.3309343230739,42.3014230601632
23.34,42.3014230613312
23.3402748952044,42.3014230613666
23.3496154673348,42.3014230625684
23.35,42.3014230626179
23.3589560394653,42.3014230637685
23.36,42.3014230639025
23.3682966115958,42.3014230649655
23.37,42.3014230651833
23.3776371837263,42.3014230661585
23.38,42.3014230664597
23.3869777558568,42.3014230673478
23.39,42.3014230677317
23.3963183279873,42.3014230685333
23.4,42.3014230689996
23.4056589001177,42.3014230697152
23.41,42.3014230702632
23.4149994722482,42.3014230708934
23.42,42.3014230715225
23.4243400443787,42.3014230720678
23.43,42.3014230727777
23.4336806165092,42.3014230732386
23.44,42.3014230740285
23.4430211886397,42.3014230744056
23.45,42.301423075275
23.4523617607702,42.3014230755688
23.46,42.3014230765172
23.4617023329006,42.3014230767282
23.47,42.3014230777548
23.4710429050311,42.3014230778836
23.48,42.3014230789879
23.4803834771616,42.301423079035
23.4897240492921,42.3014230801824
23.49,42.3014230802162
23.4990646214226,42.3014230813255
23.5,42.3014230814396
23.5084051935531,42.301423082463
23.51,42.3014230826566
23.5177457656835,42.3014230835943
23.52,42.3014230838664
23.527086337814,42.3014230847195
23.53,42.3014230850692
23.5364269099445,42.3014230858387
23.54,42.3014230862651
23.545767482075,42.3014230869518
23.55,42.3014230874541
23.5551080542055,42.3014230880588
23.56,42.3014230886361
23.564448626336,42.3014230891597
23.57,42.3014230898112
23.5737891984664,42.3014230902546
23.58,42.3014230909791
23.5831297705969,42.3014230913433
23.59,42.30142309214
23.5924703427274,42.3014230924257
23.6,42.3014230932937
23.6018109148579,42.3014230935019
23.61,42.3014230944401
23.6111514869884,42.3014230945716
23.62,42.3014230955791
23.6204920591189,42.3014230956349
23.6298326312493,42.3014230966916
23.63,42.3014230967105
23.6391732033798,42.3014230977415
23.64,42.301423097834
23.6485137755103,42.3014230987835
23.65,42.3014230989485
23.6578543476408,42.301423099817
23.66,42.3014231000532
23.6671949197713,42.3014231008422
23.67,42.3014231011483
23.6765354919018,42.3014231018589
23.68,42.3014231022338
23.6858760640322,42.3014231028672
23.69,42.3014231033097
23.6952166361627,42.3014231038671
23.7,42.3014231043758
23.7045572082932,42.3014231048585
23.71,42.3014231054322
23.7138977804237,42.3014231058413
23.72,42.3014231064787
23.7232383525542,42.3014231068155
23.73,42.3014231075152
23.7325789246847,42.3014231077809
23.74,42.3014231085417
23.7419194968151,42.3014231087375
23.75,42.3014231095578
23.7512600689456,42.3014231096851
23.76,42.3014231105636
23.7606006410761,42.3014231106236
23.7699412132066,42.3014231115529
23.77,42.3014231115587
23.7792817853371,42.3014231124727
23.78,42.3014231125429
23.7886223574676,42.301423113382
23.79,42.3014231135152
23.797962929598,42.3014231142805
23.8,42.3014231144749
23.8073035017285,42.301423115168
23.81,42.3014231154222
23.816644073859,42.3014231160447
23.82,42.301423116357
23.8259846459895,42.3014231169104
23.83,42.3014231172791
23.83532521812,42.301423117765
23.84,42.3014231181885
23.8446657902505,42.3014231186085
23.85,42.3014231190852
23.8540063623809,42.3014231194408
23.86,42.3014231199688
23.8633469345114,42.3014231202616
23.87,42.3014231208393
23.8726875066419,42.301423121071
23.88,42.3014231216964
23.8820280787724,42.3014231218686
23.89,42.30142312254
23.8913686509029,42.3014231226544
23.9,42.3014231233697
23.9007092230334,42.301423123428
23.91,42.3014231241854
23.9100497951638,42.3014231241894
23.9193903672943,42.3014231249382
23.92,42.3014231249867
23.9287309394248,42.3014231256742
23.93,42.3014231257732
23.9380715115553,42.3014231263966
23.94,42.301423126544
23.9474120836858,42.301423127105
23.95,42.3014231272988
23.9567526558163,42.3014231277994
23.96,42.3014231280375
23.9660932279467,42.3014231284796
23.97,42.3014231287599
23.9754338000772,42.3014231291455
23.98,42.3014231294658
23.9847743722077,42.301423129797
23.99,42.301423130155
23.9941149443382,42.3014231304338
24,42.3014231308274
24.0034555164687,42.3014231310557
24.01,42.3014231314825
24.0127960885992,42.3014231316626
24.02,42.3014231321201
24.0221366607296,42.3014231322541
24.03,42.3014231327399
24.0314772328601,42.30142313283
24.04,42.3014231333415
24.0408178049906,42.3014231333899
24.05,42.3014231339244
24.0501583771211,42.3014231339335
24.0594989492516,42.3014231344605
24.06,42.3014231344883
24.0688395213821,42.3014231349704
24.07,42.3014231350325
24.0781800935125,42.3014231354625
24.08,42.3014231355563
24.087520665643,42.3014231359366
24.09,42.3014231360593
24.0968612377735,42.3014231363922
24.1,42.3014231365411
24.106201809904,42.3014231368291
24.11,42.3014231370013
24.1155423820345,42.301423137247
24.12,42.3014231374396
24.124882954165,42.3014231376454
24.13,42.3014231378552
24.1342235262954,42.3014231380239
24.14,42.3014231382478
24.1435640984259,42.301423138382
24.15,42.3014231386165
24.1529046705564,42.3014231387191
24.16,42.3014231389607
24.1622452426869,42.3014231390345
24.17,42.3014231392796
24.1715858148174,42.3014231393278
24.18,42.3014231395723
24.1809263869479,42.3014231395981
24.19,42.3014231398385
24.1902669590783,42.3014231398453
24.1996075312088,42.3014231400695
24.2,42.3014231400785
24.2089481033393,42.3014231402724
24.21,42.3014231402939
24.2182886754698,42.3014231404568
24.22,42.3014231404888
24.2276292476003,42.3014231406266
24.23,42.3014231406677
24.2369698197308,42.301423140785
24.24,42.3014231408342
24.2463103918612,42.3014231409334
24.25,42.3014231409893
24.2556509639917,42.3014231410717
24.26,42.3014231411325
24.2649915361222,42.3014231411994
24.27,42.3014231412635
24.2743321082527,42.3014231413165
24.28,42.3014231413824
24.2836726803832,42.3014231414231
24.29,42.3014231414894
24.2930132525137,42.3014231415193
24.3,42.3014231415844
24.3023538246441,42.3014231416051
24.31,42.3014231416677
24.3116943967746,42.3014231416806
24.32,42.3014231417393
24.3210349689051,42.3014231417461
24.3257913363106,42.3014231417754
24.33,42.3014231417987
24.3305477037162,42.3014231418016
24.3353040711217,42.3014231418235
24.34,42.301423141839
24.3400604385272,42.3014231418391
24.343976654321,42.3014231418462
24.3478928701149,42.3014231418478
24.35,42.3014231418467
24.3518090859087,42.3014231418447
24.356599001002,42.3014231418359
24.36,42.3014231418271
24.3613889160954,42.3014231418231
24.3661788311887,42.3014231418074
24.37,42.301423141793
24.3751807595264,42.301423141771
24.38,42.3014231417479
24.3841826878641,42.3014231417256
24.39,42.3014231416911
24.3931846162019,42.3014231416706
24.4,42.3014231416225
24.4021865445396,42.301423141606
24.41,42.3014231415425
24.4111884728773,42.3014231415323
24.42,42.3014231414518
24.4201904012151,42.30142314145
24.4291923295528,42.3014231413597
24.43,42.3014231413513
24.4381942578905,42.3014231412622
24.44,42.3014231412419
24.4471961862283,42.3014231411583
24.45,42.3014231411247
24.456198114566,42.3014231410484
24.46,42.3014231410003
24.4652000429037,42.301423140933
24.47,42.3014231408693
24.4742019712414,42.3014231408124
24.48,42.3014231407322
24.4832038995792,42.3014231406871
24.49,42.3014231405897
24.4922058279169,42.3014231405576
24.5,42.3014231404425
24.5012077562546,42.3014231404245
24.51,42.3014231402914
24.5102096845924,42.3014231402882
24.5192116129301,42.3014231401494
24.52,42.3014231401372
24.5282135412678,42.3014231400089
24.53,42.3014231399808
24.5372154696056,42.3014231398671
24.54,42.3014231398231
24.5462173979433,42.3014231397246
24.55,42.3014231396644
24.555219326281,42.3014231395813
24.56,42.301423139505
24.5642212546188,42.3014231394377
24.57,42.3014231393453
24.5732231829565,42.3014231392938
24.58,42.3014231391856
24.5822251112942,42.3014231391501
24.59,42.3014231390264
24.591227039632,42.3014231390069
24.6,42.3014231388681
24.6002289679697,42.3014231388645
24.6092308963074,42.3014231387235
24.61,42.3014231387115
24.6182328246452,42.3014231385842
24.62,42.3014231385571
24.6272347529829,42.3014231384472
24.63,42.3014231384056
24.6362366813206,42.3014231383126
24.64,42.301423138257
24.6452386096583,42.3014231381803
24.65,42.3014231381114
24.6542405379961,42.3014231380506
24.66,42.3014231379689
24.6632424663338,42.3014231379234
24.67,42.3014231378297
24.6722443946715,42.3014231377989
24.68,42.3014231376938
24.6812463230093,42.3014231376771
24.69,42.3014231375616
24.690248251347,42.3014231375584
24.6992501796847,42.3014231374429
24.7,42.3014231374334
24.7082521080225,42.3014231373308
24.71,42.3014231373095
24.7172540363602,42.3014231372224
24.72,42.3014231371901
24.7262559646979,42.3014231371178
24.73,42.3014231370753
24.7352578930357,42.3014231370167
24.74,42.3014231369649
24.7442598213734,42.3014231369192
24.75,42.3014231368589
24.7532617497111,42.3014231368253
24.76,42.3014231367572
24.7622636780489,42.3014231367347
24.77,42.3014231366597
24.7712656063866,42.3014231366477
24.78,42.3014231365666
24.7802675347243,42.3014231365642
24.7892694630621,42.3014231364841
24.79,42.3014231364778
24.7982713913998,42.3014231364077
24.8,42.3014231363934
24.8072733197375,42.3014231363349
24.81,42.3014231363135
24.8162752480753,42.3014231362656
24.82,42.3014231362379
24.825277176413,42.3014231361997
24.83,42.3014231361665
24.8342791047507,42.3014231361371
24.84,42.301423136099
24.8432810330884,42.3014231360777
24.85,42.3014231360354
24.8522829614262,42.3014231360213
24.86,42.3014231359754
24.8612848897639,42.3014231359679
24.87,42.301423135919
24.8702868181016,42.3014231359174
24.8792887464394,42.3014231358697
24.88,42.3014231358661
24.8882906747771,42.3014231358248
24.89,42.3014231358165
24.8972926031148,42.3014231357824
24.9,42.3014231357702
24.9062945314526,42.3014231357426
24.91,42.3014231357269
24.9152964597903,42.3014231357051
24.92,42.3014231356865
24.924298388128,42.30142313567
24.93,42.3014231356488
24.9333003164658,42.301423135637
24.94,42.3014231356137
24.9423022448035,42.301423135606
24.95,42.301423135581
24.9513041731412,42.3014231355769
24.96,42.3014231355506
24.960306101479,42.3014231355496
24.9693080298167,42.301423135524
24.97,42.3014231355221
24.9783099581544,42.3014231354999
24.98,42.3014231354955
24.9873118864922,42.3014231354771
24.99,42.3014231354706
24.9963138148299,42.3014231354556
25,42.3014231354472
25.0053157431676,42.3014231354353
25.01,42.3014231354252
25.0143176715053,42.3014231354161
25.02,42.3014231354045
25.0233195998431,42.3014231353979
25.03,42.301423135385
25.0323215281808,42.3014231353806
25.04,42.3014231353665
25.0413234565185,42.3014231353641
25.05,42.3014231353489
25.0503253848563,42.3014231353483
25.059327313194,42.301423135333
25.06,42.3014231353319
25.0683292415317,42.3014231353182
25.07,42.3014231353155
25.0773311698695,42.3014231353036
25.08,42.3014231352994
25.0863330982072,42.3014231352893
25.09,42.3014231352835
25.0953350265449,42.3014231352752
25.1,42.3014231352679
25.1043369548827,42.3014231352611
25.11,42.3014231352524
25.1133388832204,42.3014231352472
25.12,42.3014231352369
25.1223408115581,42.3014231352333
25.13,42.3014231352214
25.1313427398959,42.3014231352193
25.14,42.3014231352058
25.1403446682336,42.3014231352053
25.1493465965713,42.301423135191
25.15,42.3014231351899
25.1583485249091,42.3014231351763
25.16,42.3014231351736
25.1673504532468,42.3014231351614
25.17,42.3014231351569
25.1763523815845,42.3014231351459
25.18,42.3014231351395
25.1853543099222,42.30142313513
25.19,42.3014231351217
25.19435623826,42.3014231351137
25.2,42.3014231351033
25.2033581665977,42.301423135097
25.21,42.3014231350843
25.2123600949354,42.3014231350797
25.22,42.3014231350647
25.2213620232732,42.301423135062
25.23,42.3014231350444
25.2303639516109,42.3014231350437
25.2393658799486,42.3014231350248
25.24,42.3014231350234
25.2483678082864,42.3014231350052
25.25,42.3014231350016
25.2573697366241,42.301423134985
25.26,42.301423134979
25.2663716649618,42.3014231349641
25.27,42.3014231349555
25.2753735932996,42.3014231349426
25.28,42.3014231349313
25.2843755216373,42.3014231349204
25.29,42.3014231349062
25.293377449975,42.3014231348975
25.3,42.3014231348803
25.3023793783128,42.3014231348741
25.31,42.3014231348537
25.3113813066505,42.30142313485
25.32,42.3014231348263
25.3203832349882,42.3014231348252
25.329385163326,42.3014231347998
25.33,42.3014231347981
25.3383870916637,42.3014231347738
25.34,42.3014231347691
25.3473890200014,42.3014231347471
25.35,42.3014231347393
25.3563909483391,42.3014231347198
25.36,42.3014231347087
25.3653928766769,42.3014231346919
25.37,42.3014231346774
25.3743948050146,42.3014231346634
25.38,42.3014231346453
25.3833967333523,42.3014231346343
25.39,42.3014231346126
25.3923986616901,42.3014231346046
25.4,42.3014231345792
25.4014005900278,42.3014231345745
25.41,42.3014231345452
25.4104025183655,42.3014231345438
25.4194044467033,42.3014231345126
25.42,42.3014231345106
25.428406375041,42.301423134481
25.43,42.3014231344753
25.4374083033787,42.3014231344489
25.44,42.3014231344395
25.4464102317165,42.3014231344163
25.45,42.3014231344032
25.4554121600542,42.3014231343833
25.46,42.3014231343664
25.4644140883919,42.3014231343499
25.47,42.301423134329
25.4734160167297,42.3014231343162
25.48,42.3014231342913
25.4824179450674,42.3014231342821
25.49,42.3014231342531
25.4914198734051,42.3014231342476
25.5,42.3014231342145
25.5004218017429,42.3014231342129
25.5094237300806,42.3014231341779
25.51,42.3014231341756
25.5184256584183,42.3014231341425
25.52,42.3014231341363
25.527427586756,42.301423134107
25.53,42.3014231340968
25.5364295150938,42.3014231340713
25.54,42.301423134057
25.5454314434315,42.3014231340353
25.55,42.301423134017
25.5544333717692,42.3014231339992
25.56,42.3014231339767
25.563435300107,42.3014231339629
25.57,42.3014231339363
25.5724372284447,42.3014231339264
25.58,42.3014231338957
25.5814391567824,42.3014231338898
25.59,42.3014231338549
25.5904410851202,42.3014231338531
25.5994430134579,42.3014231338163
25.6,42.301423133814
25.6084449417956,42.3014231337794
25.61,42.301423133773
25.6174468701334,42.3014231337424
25.62,42.301423133732
25.6264487984711,42.3014231337055
25.63,42.3014231336909
25.6354507268088,42.3014231336685
25.64,42.3014231336498
25.6444526551466,42.3014231336315
25.65,42.3014231336087
25.6534545834843,42.3014231335944
25.66,42.3014231335675
25.662456511822,42.3014231335574
25.67,42.3014231335264
25.6714584401598,42.3014231335204
25.68,42.3014231334852
25.6804603684975,42.3014231334834
25.6894622968352,42.3014231334464
25.69,42.3014231334442
25.6984642251729,42.3014231334095
25.7,42.3014231334032
25.7074661535107,42.3014231333726
25.71,42.3014231333622
25.7164680818484,42.3014231333358
25.72,42.3014231333214
25.7254700101861,42.3014231332991
25.73,42.3014231332806
25.7344719385239,42.3014231332624
25.74,42.30142313324
25.7434738668616,42.3014231332259
25.75,42.3014231331994
25.7524757951993,42.3014231331894
25.76,42.3014231331589
25.7614777235371,42.301423133153
25.77,42.3014231331186
25.7704796518748,42.3014231331166
25.7794815802125,42.3014231330804
25.78,42.3014231330783
25.7884835085503,42.3014231330443
25.79,42.3014231330382
25.797485436888,42.3014231330083
25.8,42.3014231329982
25.8064873652257,42.3014231329724
25.81,42.3014231329584
25.8154892935635,42.3014231329366
25.82,42.3014231329187
25.8244912219012,42.3014231329009
25.83,42.3014231328791
25.8334931502389,42.3014231328653
25.84,42.3014231328396
25.8424950785767,42.3014231328298
25.85,42.3014231328003
25.8514970069144,42.3014231327944
25.86,42.3014231327611
25.8604989352521,42.3014231327591
25.8695008635898,42.3014231327239
25.87,42.301423132722
25.8785027919276,42.3014231326889
25.88,42.301423132683
25.8875047202653,42.3014231326539
25.89,42.3014231326442
25.896506648603,42.301423132619
25.9,42.3014231326055
25.9055085769408,42.3014231325843
25.91,42.301423132567
25.9145105052785,42.3014231325496
25.92,42.3014231325285
25.9235124336162,42.301423132515
25.93,42.3014231324902
25.932514361954,42.3014231324805
25.94,42.3014231324519
25.9415162902917,42.3014231324461
25.95,42.3014231324138
25.9505182186294,42.3014231324118
25.9595201469672,42.3014231323776
25.96,42.3014231323758
25.9685220753049,42.3014231323435
25.97,42.3014231323379
25.9775240036426,42.3014231323094
25.98,42.3014231323
25.9865259319804,42.3014231322754
25.99,42.3014231322623
25.9955278603181,42.3014231322415
26,42.3014231322247
26.0045297886558,42.3014231322076
26.01,42.3014231321871
26.0135317169936,42.3014231321738
26.02,42.3014231321496
26.0225336453313,42.3014231321401
26.03,42.3014231321122
26.031535573669,42.3014231321065
26.04,42.3014231320749
26.0405375020067,42.3014231320728
26.0495394303445,42.3014231320393
26.05,42.3014231320376
26.0585413586822,42.3014231320058
26.06,42.3014231320004
26.0675432870199,42.3014231319723
26.07,42.3014231319632
26.0765452153577,42.3014231319389
26.08,42.3014231319261
26.0855471436954,42.3014231319056
26.09,42.301423131889
26.0945490720331,42.3014231318722
26.1,42.301423131852
26.1035510003709,42.3014231318389
26.11,42.3014231318151
26.1125529287086,42.3014231318057
26.12,42.3014231317782
26.1215548570463,42.3014231317724
26.13,42.3014231317413
26.1305567853841,42.3014231317392
26.1395587137218,42.301423131706
26.14,42.3014231317044
26.1485606420595,42.3014231316729
26.15,42.3014231316676
26.1575625703973,42.3014231316398
26.16,42.3014231316308
26.166564498735,42.3014231316067
26.17,42.301423131594
26.1755664270727,42.3014231315736
26.18,42.3014231315573
26.1845683554105,42.3014231315405
26.19,42.3014231315205
26.1935702837482,42.3014231315074
26.2,42.3014231314838
26.2025722120859,42.3014231314743
26.21,42.3014231314471
26.2115741404237,42.3014231314413
26.22,42.3014231314104
26.2205760687614,42.3014231314083
26.2295779970991,42.3014231313752
26.23,42.3014231313737
26.2385799254368,42.3014231313422
26.24,42.301423131337
26.2475818537746,42.3014231313092
26.25,42.3014231313003
26.2565837821123,42.3014231312762
26.26,42.3014231312636
26.26558571045,42.3014231312432
26.27,42.301423131227
26.2745876387878,42.3014231312102
26.28,42.3014231311903
26.2835895671255,42.3014231311771
26.29,42.3014231311536
26.2925914954632,42.3014231311441
26.3,42.301423131117
26.301593423801,42.3014231311111
26.31,42.3014231310803
26.3105953521387,42.3014231310781
26.3195972804764,42.3014231310451
26.32,42.3014231310436
26.3285992088142,42.301423131012
26.33,42.3014231310069
26.3376011371519,42.301423130979
26.34,42.3014231309702
26.3466030654896,42.301423130946
26.35,42.3014231309335
26.3556049938274,42.301423130913
26.36,42.3014231308968
26.3646069221651,42.3014231308799
26.37,42.3014231308601
26.3736088505028,42.3014231308468
26.38,42.3014231308234
26.3826107788406,42.3014231308138
26.39,42.3014231307867
26.3916127071783,42.3014231307807
26.4,42.3014231307499
26.400614635516,42.3014231307477
26.4096165638537,42.3014231307146
26.41,42.3014231307132
26.4186184921915,42.3014231306815
26.42,42.3014231306764
26.4276204205292,42.3014231306484
26.43,42.3014231306397
26.4366223488669,42.3014231306153
26.44,42.3014231306029
26.4456242772047,42.3014231305822
26.45,42.3014231305661
26.4546262055424,42.3014231305491
26.46,42.3014231305293
26.4636281338801,42.301423130516
26.47,42.3014231304925
26.4726300622179,42.3014231304829
26.48,42.3014231304557
26.4816319905556,42.3014231304497
26.49,42.3014231304189
26.4906339188933,42.3014231304166
26.4996358472311,42.3014231303834
26.5,42.3014231303821
26.5086377755688,42.3014231303503
26.51,42.3014231303453
26.5176397039065,42.3014231303172
26.52,42.3014231303085
26.5266416322443,42.301423130284
26.53,42.3014231302716
26.535643560582,42.3014231302508
26.54,42.3014231302348
26.5446454889197,42.3014231302176
26.55,42.3014231301979
26.5536474172575,42.3014231301845
26.56,42.3014231301611
26.5626493455952,42.3014231301513
26.57,42.3014231301242
26.5716512739329,42.3014231301181
26.58,42.3014231300873
26.5806532022706,42.3014231300849
26.5896551306084,42.3014231300517
26.59,42.3014231300505
26.5986570589461,42.3014231300185
26.6,42.3014231300136
26.6076589872838,42.3014231299853
26.61,42.3014231299767
26.6166609156216,42.3014231299521
26.62,42.3014231299398
26.6256628439593,42.3014231299189
26.63,42.3014231299029
26.634664772297,42.3014231298857
26.64,42.301423129866
26.6436667006348,42.3014231298525
26.65,42.3014231298292
26.6526686289725,42.3014231298193
26.66,42.3014231297923
26.6616705573102,42.3014231297861
26.67,42.3014231297554
26.670672485648,42.3014231297529
26.6796744139857,42.3014231297197
26.68,42.3014231297185
26.6886763423234,42.3014231296865
26.69,42.3014231296816
26.6976782706612,42.3014231296532
26.7,42.3014231296447
26.7066801989989,42.30142312962
26.71,42.3014231296078
26.7156821273366,42.3014231295868
26.72,42.3014231295709
26.7246840556744,42.3014231295536
26.73,42.301423129534
26.7336859840121,42.3014231295204
26.74,42.3014231294971
26.7426879123498,42.3014231294872
26.75,42.3014231294602
26.7516898406875,42.301423129454
26.76,42.3014231294233
26.7606917690253,42.3014231294208
26.769693697363,42.3014231293876
26.77,42.3014231293864
26.7786956257007,42.3014231293543
26.78,42.3014231293495
26.7876975540385,42.3014231293211
26.79,42.3014231293126
26.7966994823762,42.3014231292879
26.8,42.3014231292758
26.8057014107139,42.3014231292547
26.81,42.3014231292389
26.8147033390517,42.3014231292215
26.82,42.301423129202
26.8237052673894,42.3014231291884
26.83,42.3014231291652
26.8327071957271,42.3014231291552
26.84,42.3014231291283
26.8417091240649,42.301423129122
26.85,42.3014231290914
26.8507110524026,42.3014231290888
26.8597129807403,42.3014231290556
26.86,42.3014231290546
26.8687149090781,42.3014231290225
26.87,42.3014231290177
26.8777168374158,42.3014231289893
26.88,42.3014231289809
26.8867187657535,42.3014231289561
26.89,42.3014231289441
26.8957206940913,42.301423128923
26.9,42.3014231289072
26.904722622429,42.3014231288898
26.91,42.3014231288704
26.9137245507667,42.3014231288567
26.92,42.3014231288336
26.9227264791044,42.3014231288235
26.93,42.3014231287968
26.9317284074422,42.3014231287904
26.94,42.30142312876
26.9407303357799,42.3014231287573
26.9497322641176,42.3014231287242
26.95,42.3014231287232
26.9587341924554,42.301423128691
26.96,42.3014231286864
26.9677361207931,42.3014231286579
26.97,42.3014231286496
26.9767380491308,42.3014231286248
26.98,42.3014231286128
26.9857399774686,42.3014231285917
26.99,42.301423128576
26.9947419058063,42.3014231285586
27,42.3014231285393
27.003743834144,42.3014231285255
27.01,42.3014231285025
27.0127457624818,42.3014231284924
27.02,42.3014231284658
27.0217476908195,42.3014231284594
27.03,42.301423128429
27.0307496191572,42.3014231284263
27.039751547495,42.3014231283932
27.04,42.3014231283923
27.0487534758327,42.3014231283602
27.05,42.3014231283556
27.0577554041704,42.3014231283271
27.06,42.3014231283189
27.0667573325082,42.3014231282941
27.07,42.3014231282822
27.0757592608459,42.301423128261
27.08,42.3014231282455
27.0847611891836,42.301423128228
27.09,42.3014231282088
27.0937631175213,42.301423128195
27.1,42.3014231281721
27.1027650458591,42.301423128162
27.11,42.3014231281354
27.1117669741968,42.3014231281289
27.12,42.3014231280988
27.1207689025345,42.3014231280959
27.1297708308723,42.301423128063
27.13,42.3014231280621
27.13877275921,42.30142312803
27.14,42.3014231280255
27.1477746875477,42.301423127997
27.15,42.3014231279888
27.1567766158855,42.301423127964
27.16,42.3014231279522
27.1657785442232,42.301423127931
27.17,42.3014231279156
27.1747804725609,42.3014231278981
27.18,42.3014231278789
27.1837824008987,42.3014231278651
27.19,42.3014231278423
27.1927843292364,42.3014231278321
27.2,42.3014231278057
27.2017862575741,42.3014231277992
27.21,42.3014231277691
27.2107881859119,42.3014231277662
27.2197901142496,42.3014231277333
27.22,42.3014231277326
27.2287920425873,42.3014231277004
27.23,42.301423127696
27.2377939709251,42.3014231276675
27.24,42.3014231276594
27.2467958992628,42.3014231276346
27.25,42.3014231276228
27.2557978276005,42.3014231276017
27.26,42.3014231275863
27.2647997559382,42.3014231275688
27.27,42.3014231275498
27.273801684276,42.3014231275359
27.28,42.3014231275132
27.2828036126137,42.301423127503
27.29,42.3014231274767
27.2918055409514,42.3014231274701
27.3,42.3014231274402
27.3008074692892,42.3014231274372
27.3098093976269,42.3014231274043
27.31,42.3014231274036
27.3188113259646,42.3014231273715
27.32,42.3014231273671
27.3278132543024,42.3014231273386
27.33,42.3014231273306
27.3368151826401,42.3014231273058
27.34,42.3014231272941
27.3458171109778,42.3014231272729
27.35,42.3014231272576
27.3548190393156,42.3014231272401
27.36,42.3014231272212
27.3638209676533,42.3014231272072
27.37,42.3014231271847
27.372822895991,42.3014231271744
27.38,42.3014231271482
27.3818248243288,42.3014231271416
27.39,42.3014231271118
27.3908267526665,42.3014231271087
27.3998286810042,42.3014231270759
27.4,42.3014231270753
27.408830609342,42.3014231270431
27.41,42.3014231270389
27.4178325376797,42.3014231270103
27.42,42.3014231270024
27.4268344660174,42.3014231269775
27.43,42.301423126966
27.4358363943551,42.3014231269447
27.44,42.3014231269295
27.4448383226929,42.3014231269119
27.45,42.3014231268931
27.4538402510306,42.3014231268791
27.46,42.3014231268567
27.4628421793683,42.3014231268464
27.47,42.3014231268203
27.4718441077061,42.3014231268136
27.48,42.3014231267839
27.4808460360438,42.3014231267808
27.4898479643815,42.301423126748
27.49,42.3014231267475
27.4988498927193,42.3014231267153
27.5,42.3014231267111
27.507851821057,42.3014231266825
27.51,42.3014231266747
27.5168537493947,42.3014231266498
27.52,42.3014231266383
27.5258556777325,42.301423126617
27.53,42.3014231266019
27.5348576060702,42.3014231265843
27.54,42.3014231265656
27.5438595344079,42.3014231265515
27.55,42.3014231265292
27.5528614627457,42.3014231265188
27.56,42.3014231264929
27.5618633910834,42.3014231264861
27.57,42.3014231264565
27.5708653194211,42.3014231264534
27.5798672477589,42.3014231264206
27.58,42.3014231264202
27.5888691760966,42.3014231263879
27.59,42.3014231263838
27.5978711044343,42.3014231263552
27.6,42.3014231263475
27.6068730327721,42.3014231263225
27.61,42.3014231263111
27.6158749611098,42.3014231262898
27.62,42.3014231262748
27.6248768894475,42.3014231262571
27.63,42.3014231262385
27.6338788177852,42.3014231262244
27.64,42.3014231262022
27.642880746123,42.3014231261917
27.65,42.3014231261659
27.6518826744607,42.301423126159
27.66,42.3014231261296
27.6608846027984,42.3014231261264
27.6698865311362,42.3014231260937
27.67,42.3014231260933
27.6788884594739,42.301423126061
27.68,42.301423126057
27.6878903878116,42.3014231260283
27.69,42.3014231260207
27.6968923161494,42.3014231259957
27.7,42.3014231259844
27.7058942444871,42.301423125963
27.71,42.3014231259481
27.7148961728248,42.3014231259304
27.72,42.3014231259118
27.7238981011626,42.3014231258977
27.73,42.3014231258756
27.7329000295003,42.3014231258651
27.74,42.3014231258393
27.741901957838,42.3014231258324
27.75,42.3014231258031
27.7509038861758,42.3014231257998
27.7599058145135,42.3014231257671
27.76,42.3014231257668
27.7689077428512,42.3014231257345
27.77,42.3014231257306
27.777909671189,42.3014231257019
27.78,42.3014231256943
27.7869115995267,42.3014231256693
27.79,42.3014231256581
27.7959135278644,42.3014231256367
27.8,42.3014231256219
27.8049154562021,42.301423125604
27.81,42.3014231255856
27.8139173845399,42.3014231255714
27.82,42.3014231255494
27.8229193128776,42.3014231255388
27.83,42.3014231255132
27.8319212412153,42.3014231255062
27.84,42.301423125477
27.8409231695531,42.3014231254736
27.8499250978908,42.301423125441
27.85,42.3014231254408
27.8589270262285,42.3014231254085
27.86,42.3014231254046
27.8679289545663,42.3014231253759
27.87,42.3014231253684
27.876930882904,42.3014231253433
27.88,42.3014231253322
27.8859328112417,42.3014231253107
27.89,42.301423125296
27.8949347395795,42.3014231252782
27.9,42.3014231252598
27.9039366679172,42.3014231252456
27.91,42.3014231252236
27.9129385962549,42.301423125213
27.92,42.3014231251875
27.9219405245927,42.3014231251805
27.93,42.3014231251513
27.9309424529304,42.3014231251479
27.9399443812681,42.3014231251154
27.94,42.3014231251152
27.9489463096059,42.3014231250828
27.95,42.301423125079
27.9579482379436,42.3014231250503
27.96,42.3014231250429
27.9669501662813,42.3014231250178
27.97,42.3014231250068
27.975952094619,42.3014231249852
27.98,42.3014231249706
27.9849540229568,42.3014231249527
27.99,42.3014231249345
27.9939559512945,42.3014231249202
28,42.3014231248984
28.0029578796322,42.3014231248877
28.01,42.3014231248623
28.01195980797,42.3014231248552
28.02,42.3014231248262
28.0209617363077,42.3014231248227
28.0299636646454,42.3014231247902
28.03,42.3014231247901
28.0389655929832,42.3014231247577
28.04,42.301423124754
28.0479675213209,42.3014231247252
28.05,42.3014231247179
28.0569694496586,42.3014231246927
28.06,42.3014231246818
28.0659713779964,42.3014231246602
28.07,42.3014231246457
28.0749733063341,42.3014231246278
28.08,42.3014231246096
28.0839752346718,42.3014231245953
28.09,42.3014231245736
28.0929771630096,42.3014231245628
28.1,42.3014231245375
28.1019790913473,42.3014231245304
28.11,42.3014231245014
28.110981019685,42.3014231244979
28.1199829480228,42.3014231244654
28.12,42.3014231244654
28.1289848763605,42.301423124433
28.13,42.3014231244293
28.1379868046982,42.3014231244006
28.14,42.3014231243933
28.1469887330359,42.3014231243681
28.15,42.3014231243573
28.1559906613737,42.3014231243357
28.16,42.3014231243212
28.1649925897114,42.3014231243032
28.17,42.3014231242852
28.1739945180491,42.3014231242708
28.18,42.3014231242492
28.1829964463869,42.3014231242384
28.19,42.3014231242132
28.1919983747246,42.301423124206
28.2,42.3014231241772
28.2010003030623,42.3014231241736
28.21,42.3014231241412
28.2100022314001,42.3014231241412
28.2190041597378,42.3014231241088
28.22,42.3014231241052
28.2280060880755,42.3014231240764
28.23,42.3014231240692
28.2370080164133,42.301423124044
28.24,42.3014231240332
28.246009944751,42.3014231240116
28.25,42.3014231239972
28.2550118730887,42.3014231239792
28.26,42.3014231239613
28.2640138014265,42.3014231239468
28.27,42.3014231239253
28.2730157297642,42.3014231239145
28.28,42.3014231238894
28.2820176581019,42.3014231238821
28.29,42.3014231238534
28.2910195864397,42.3014231238497
28.3,42.3014231238175
28.3000215147774,42.3014231238174
28.3090234431151,42.301423123785
28.31,42.3014231237815
28.3180253714528,42.3014231237527
28.32,42.3014231237456
28.3270272997906,42.3014231237203
28.33,42.3014231237097
28.3360292281283,42.301423123688
28.34,42.3014231236737
28.345031156466,42.3014231236557
28.35,42.3014231236378
28.3540330848038,42.3014231236233
28.36,42.3014231236019
28.3630350131415,42.301423123591
28.37,42.301423123566
28.3720369414792,42.3014231235587
28.38,42.3014231235301
28.381038869817,42.3014231235264
28.39,42.3014231234942
28.3900407981547,42.3014231234941
28.3990427264924,42.3014231234618
28.4,42.3014231234583
28.4080446548302,42.3014231234295
28.41,42.3014231234225
28.4170465831679,42.3014231233972
28.42,42.3014231233866
28.4260485115056,42.3014231233649
28.43,42.3014231233507
28.4350504398434,42.3014231233326
28.44,42.3014231233149
28.4440523681811,42.3014231233003
28.45,42.301423123279
28.4530542965188,42.3014231232681
28.46,42.3014231232432
28.4620562248566,42.3014231232358
28.47,42.3014231232073
28.4710581531943,42.3014231232035
28.48,42.3014231231715
28.480060081532,42.3014231231713
28.4890620098697,42.301423123139
28.49,42.3014231231356
28.4980639382075,42.3014231231068
28.5,42.3014231230998
28.5070658665452,42.3014231230745
28.51,42.301423123064
28.5160677948829,42.3014231230423
28.52,42.3014231230282
28.5250697232207,42.30142312301
28.53,42.3014231229924
28.5340716515584,42.3014231229778
28.54,42.3014231229566
28.5430735798961,42.3014231229456
28.55,42.3014231229208
28.5520755082339,42.3014231229134
28.56,42.301423122885
28.5610774365716,42.3014231228811
28.57,42.3014231228492
28.5700793649093,42.3014231228489
28.5790812932471,42.3014231228167
28.58,42.3014231228134
28.5880832215848,42.3014231227845
28.59,42.3014231227777
28.5970851499225,42.3014231227523
28.6,42.3014231227419
28.6060870782603,42.3014231227201
28.61,42.3014231227061
28.615089006598,42.3014231226879
28.62,42.3014231226704
28.6240909349357,42.3014231226558
28.63,42.3014231226346
28.6330928632735,42.3014231226236
28.64,42.3014231225989
28.6420947916112,42.3014231225914
28.65,42.3014231225632
28.6510967199489,42.3014231225592
28.66,42.3014231225274
28.6600986482866,42.3014231225271
28.6691005766244,42.3014231224949
28.67,42.3014231224917
28.6781025049621,42.3014231224628
28.68,42.301423122456
28.6871044332998,42.3014231224306
28.69,42.3014231224202
28.6961063616376,42.3014231223984
28.7,42.3014231223845
28.7051082899753,42.3014231223663
28.71,42.3014231223488
28.714110218313,42.3014231223342
28.72,42.3014231223131
28.7231121466508,42.301423122302
28.73,42.3014231222774
28.7321140749885,42.3014231222699
28.74,42.3014231222418
28.7411160033262,42.3014231222378
28.75,42.3014231222061
28.750117931664,42.3014231222057
28.7591198600017,42.3014231221735
28.76,42.3014231221704
28.7681217883394,42.3014231221414
28.77,42.3014231221347
28.7771237166772,42.3014231221093
28.78,42.3014231220991
28.7861256450149,42.3014231220772
28.79,42.3014231220634
28.7951275733526,42.3014231220451
28.8,42.3014231220277
28.8041295016904,42.301423122013
28.81,42.3014231219921
28.8131314300281,42.3014231219809
28.82,42.3014231219565
28.8221333583658,42.3014231219488
28.83,42.3014231219208
28.8311352867035,42.3014231219168
28.84,42.3014231218852
28.8401372150413,42.3014231218847
28.849139143379,42.3014231218526
28.85,42.3014231218496
28.8581410717167,42.3014231218205
28.86,42.3014231218139
28.8671430000545,42.3014231217885
28.87,42.3014231217783
28.8761449283922,42.3014231217564
28.88,42.3014231217427
28.8851468567299,42.3014231217244
28.89,42.3014231217071
28.8941487850677,42.3014231216923
28.9,42.3014231216715
28.9031507134054,42.3014231216603
28.91,42.3014231216359
28.9121526417431,42.3014231216283
28.92,42.3014231216003
28.9211545700809,42.3014231215962
28.93,42.3014231215647
28.9301564984186,42.3014231215642
28.9391584267563,42.3014231215322
28.94,42.3014231215292
28.9481603550941,42.3014231215001
28.95,42.3014231214936
28.9571622834318,42.3014231214681
28.96,42.301423121458
28.9661642117695,42.3014231214361
28.97,42.3014231214225
28.9751661401073,42.3014231214041
28.98,42.3014231213869
28.984168068445,42.3014231213721
28.99,42.3014231213514
28.9931699967827,42.3014231213401
29,42.3014231213158
29.0021719251205,42.3014231213081
29.01,42.3014231212803
29.0111738534582,42.3014231212761
29.02,42.3014231212447
29.0201757817959,42.3014231212441
29.0291777101336,42.3014231212121
29.03,42.3014231212092
29.0381796384714,42.3014231211802
29.04,42.3014231211737
29.0471815668091,42.3014231211482
29.05,42.3014231211382
29.0561834951468,42.3014231211162
29.06,42.3014231211027
29.0651854234846,42.3014231210843
29.07,42.3014231210672
29.0741873518223,42.3014231210523
29.08,42.3014231210317
29.08318928016,42.3014231210203
29.09,42.3014231209962
29.0921912084978,42.3014231209884
29.1,42.3014231209607
29.1011931368355,42.3014231209564
29.11,42.3014231209252
29.1101950651732,42.3014231209245
29.119196993511,42.3014231208926
29.12,42.3014231208897
29.1281989218487,42.3014231208606
29.13,42.3014231208542
29.1372008501864,42.3014231208287
29.14,42.3014231208188
29.1462027785242,42.3014231207968
29.15,42.3014231207833
29.1552047068619,42.3014231207649
29.16,42.3014231207479
29.1642066351996,42.301423120733
29.17,42.3014231207124
29.1732085635374,42.301423120701
29.18,42.301423120677
29.1822104918751,42.3014231206691
29.19,42.3014231206415
29.1912124202128,42.3014231206372
29.2,42.3014231206061
29.2002143485505,42.3014231206053
29.2092162768883,42.3014231205734
29.21,42.3014231205707
29.218218205226,42.3014231205415
29.22,42.3014231205352
29.2272201335637,42.3014231205097
29.23,42.3014231204998
29.2362220619015,42.3014231204778
29.24,42.3014231204644
29.2452239902392,42.3014231204459
29.25,42.301423120429
29.2542259185769,42.3014231204141
29.26,42.3014231203936
29.2632278469147,42.3014231203822
29.27,42.3014231203582
29.2722297752524,42.3014231203503
29.28,42.3014231203228
29.2812317035901,42.3014231203185
29.29,42.3014231202874
29.2902336319279,42.3014231202866
29.2992355602656,42.3014231202548
29.3,42.301423120252
29.3082374886033,42.3014231202229
29.31,42.3014231202167
29.3172394169411,42.3014231201911
29.32,42.3014231201813
29.3262413452788,42.3014231201592
29.33,42.3014231201459
29.3352432736165,42.3014231201274
29.34,42.3014231201106
29.3442452019543,42.3014231200956
29.35,42.3014231200752
29.353247130292,42.3014231200638
29.36,42.3014231200399
29.3622490586297,42.3014231200319
29.37,42.3014231200046
29.3712509869674,42.3014231200001
29.38,42.3014231199692
29.3802529153052,42.3014231199683
29.3892548436429,42.3014231199365
29.39,42.3014231199339
29.3982567719806,42.3014231199047
29.4,42.3014231198986
29.4072587003184,42.3014231198729
29.41,42.3014231198633
29.4162606286561,42.3014231198411
29.42,42.3014231198279
29.4252625569938,42.3014231198094
29.43,42.3014231197926
29.4342644853316,42.3014231197776
29.44,42.3014231197573
29.4432664136693,42.3014231197458
29.45,42.301423119722
29.452268342007,42.301423119714
29.46,42.3014231196867
29.4612702703448,42.3014231196823
29.47,42.3014231196515
29.4702721986825,42.3014231196505
29.4792741270202,42.3014231196187
29.48,42.3014231196162
29.488276055358,42.301423119587
29.49,42.3014231195809
29.4972779836957,42.3014231195552
29.5,42.3014231195456
29.5062799120334,42.3014231195235
29.51,42.3014231195104
29.5152818403712,42.3014231194917
29.52,42.3014231194751
29.5242837687089,42.30142311946
29.53,42.3014231194399
29.5332856970466,42.3014231194283
29.54,42.3014231194046
29.5422876253843,42.3014231193966
29.55,42.3014231193694
29.5512895537221,42.3014231193648
29.56,42.3014231193341
29.5602914820598,42.3014231193331
29.5692934103975,42.3014231193014
29.57,42.3014231192989
29.5782953387353,42.3014231192697
29.58,42.3014231192637
29.587297267073,42.301423119238
29.59,42.3014231192285
29.5962991954107,42.3014231192063
29.6,42.3014231191933
29.6053011237485,42.3014231191746
29.61,42.301423119158
29.6143030520862,42.3014231191429
29.62,42.3014231191228
29.6233049804239,42.3014231191112
29.63,42.3014231190876
29.6323069087617,42.3014231190795
29.64,42.3014231190525
29.6413088370994,42.3014231190478
29.65,42.3014231190173
29.6503107654371,42.3014231190162
29.6593126937749,42.3014231189845
29.66,42.3014231189821
29.6683146221126,42.3014231189528
29.67,42.3014231189469
29.6773165504503,42.3014231189212
29.68,42.3014231189117
29.6863184787881,42.3014231188895
29.69,42.3014231188766
29.6953204071258,42.3014231188578
29.7,42.3014231188414
29.7043223354635,42.3014231188262
29.71,42.3014231188062
29.7133242638012,42.3014231187946
29.72,42.3014231187711
29.722326192139,42.3014231187629
29.73,42.301423118736
29.7313281204767,42.3014231187313
29.74,42.3014231187008
29.7403300488144,42.3014231186996
29.7493319771522,42.301423118668
29.75,42.3014231186657
29.7583339054899,42.3014231186364
29.76,42.3014231186306
29.7673358338276,42.3014231186048
29.77,42.3014231185954
29.7763377621654,42.3014231185732
29.78,42.3014231185603
29.7853396905031,42.3014231185416
29.79,42.3014231185252
29.7943416188408,42.30142311851
29.8,42.3014231184901
29.8033435471786,42.3014231184784
29.81,42.301423118455
29.8123454755163,42.3014231184468
29.82,42.3014231184199
29.821347403854,42.3014231184152
29.83,42.3014231183848
29.8303493321918,42.3014231183836
29.8393512605295,42.301423118352
29.84,42.3014231183497
29.8483531888672,42.3014231183204
29.85,42.3014231183147
29.857355117205,42.3014231182889
29.86,42.3014231182796
29.8663570455427,42.3014231182573
29.87,42.3014231182445
29.8753589738804,42.3014231182257
29.88,42.3014231182094
29.8843609022181,42.3014231181942
29.89,42.3014231181744
29.8933628305559,42.3014231181626
29.9,42.3014231181393
29.9023647588936,42.301423118131
29.91,42.3014231181043
29.9113666872313,42.3014231180995
29.92,42.3014231180693
29.9203686155691,42.301423118068
29.9293705439068,42.3014231180364
29.93,42.3014231180342
29.9383724722445,42.3014231180049
29.94,42.3014231179992
29.9473744005823,42.3014231179733
29.95,42.3014231179642
29.95637632892,42.3014231179418
29.96,42.3014231179291
29.9653782572577,42.3014231179103
29.97,42.3014231178941
29.9743801855955,42.3014231178788
29.98,42.3014231178591
29.9833821139332,42.3014231178473
29.99,42.3014231178241
29.9923840422709,42.3014231178158
30,42.3014231177891
30.0013859706087,42.3014231177843
30.01,42.3014231177541
30.0103878989464,42.3014231177528
30.0193898272841,42.3014231177213
30.02,42.3014231177191
30.0283917556219,42.3014231176898
30.03,42.3014231176841
30.0373936839596,42.3014231176583
30.04,42.3014231176492
30.0463956122973,42.3014231176268
30.05,42.3014231176142
30.055397540635,42.3014231175953
30.06,42.3014231175792
30.0643994689728,42.3014231175638
30.07,42.3014231175443
30.0734013973105,42.3014231175324
30.08,42.3014231175093
30.0824033256482,42.3014231175009
30.09,42.3014231174744
30.091405253986,42.3014231174695
30.1,42.3014231174394
30.1004071823237,42.301423117438
30.1094091106614,42.3014231174066
30.11,42.3014231174045
30.1184110389992,42.3014231173751
30.12,42.3014231173695
30.1274129673369,42.3014231173437
30.13,42.3014231173346
30.1364148956746,42.3014231173122
30.14,42.3014231172997
30.1454168240124,42.3014231172808
30.15,42.3014231172648
30.1544187523501,42.3014231172494
30.16,42.3014231172299
30.1634206806878,42.3014231172179
30.17,42.301423117195
30.1724226090256,42.3014231171865
30.18,42.3014231171601
30.1814245373633,42.3014231171551
30.19,42.3014231171252
30.190426465701,42.3014231171237
30.1994283940388,42.3014231170923
30.2,42.3014231170903
30.2084303223765,42.3014231170609
30.21,42.3014231170554
30.2174322507142,42.3014231170295
30.22,42.3014231170205
30.2264341790519,42.3014231169981
30.23,42.3014231169856
30.2354361073897,42.3014231169667
30.24,42.3014231169508
30.2444380357274,42.3014231169353
30.25,42.3014231169159
30.2534399640651,42.3014231169039
30.26,42.301423116881
30.2624418924029,42.3014231168725
30.27,42.3014231168462
30.2714438207406,42.3014231168411
30.28,42.3014231168113
30.2804457490783,42.3014231168098
30.2894476774161,42.3014231167784
30.29,42.3014231167765
30.2984496057538,42.301423116747
30.3,42.3014231167416
30.3074515340915,42.3014231167157
30.31,42.3014231167068
30.3164534624293,42.3014231166843
30.32,42.301423116672
30.325455390767,42.301423116653
30.33,42.3014231166372
30.3344573191047,42.3014231166216
30.34,42.3014231166024
30.3434592474425,42.3014231165903
30.35,42.3014231165675
30.3524611757802,42.301423116559
30.36,42.3014231165327
30.3614631041179,42.3014231165276
30.37,42.3014231164979
30.3704650324557,42.3014231164963
30.3794669607934,42.301423116465
30.38,42.3014231164631
30.3884688891311,42.3014231164337
30.39,42.3014231164284
30.3974708174689,42.3014231164024
30.4,42.3014231163936
30.4064727458066,42.301423116371
30.41,42.3014231163588
30.4154746741443,42.3014231163397
30.42,42.301423116324
30.424476602482,42.3014231163084
30.43,42.3014231162892
30.4334785308198,42.3014231162772
30.44,42.3014231162545
30.4424804591575,42.3014231162459
30.45,42.3014231162197
30.4514823874952,42.3014231162146
30.46,42.301423116185
30.460484315833,42.3014231161833
30.4694862441707,42.301423116152
30.47,42.3014231161502
30.4784881725084,42.3014231161207
30.48,42.3014231161155
30.4874901008462,42.3014231160895
30.49,42.3014231160807
30.4964920291839,42.3014231160582
30.5,42.301423116046
30.5054939575216,42.3014231160269
30.51,42.3014231160113
30.5144958858594,42.3014231159957
30.52,42.3014231159765
30.5234978141971,42.3014231159644
30.53,42.3014231159418
30.5324997425348,42.3014231159332
30.54,42.3014231159071
30.5415016708726,42.3014231159019
30.55,42.3014231158724
30.5505035992103,42.3014231158707
30.559505527548,42.3014231158394
30.56,42.3014231158377
30.5685074558858,42.3014231158082
30.57,42.301423115803
30.5775093842235,42.301423115777
30.58,42.3014231157683
30.5865113125612,42.3014231157457
30.59,42.3014231157336
30.5955132408989,42.3014231157145
30.6,42.301423115699
30.6045151692367,42.3014231156833
30.61,42.3014231156643
30.6135170975744,42.3014231156521
30.62,42.3014231156296
30.6225190259121,42.3014231156209
30.63,42.301423115595
30.6315209542499,42.3014231155897
30.64,42.3014231155603
30.6405228825876,42.3014231155585
30.6495248109253,42.3014231155273
30.65,42.3014231155257
30.6585267392631,42.3014231154961
30.66,42.301423115491
30.6675286676008,42.3014231154649
30.67,42.3014231154564
30.6765305959385,42.3014231154337
30.68,42.3014231154217
30.6855325242763,42.3014231154026
30.69,42.3014231153871
30.694534452614,42.3014231153714
30.7,42.3014231153524
30.7035363809517,42.3014231153402
30.71,42.3014231153178
30.7125383092895,42.301423115309
30.72,42.3014231152832
30.7215402376272,42.3014231152779
30.73,42.3014231152486
30.7305421659649,42.3014231152467
30.7395440943027,42.3014231152156
30.74,42.301423115214
30.7485460226404,42.3014231151844
30.75,42.3014231151794
30.7575479509781,42.3014231151533
30.76,42.3014231151448
30.7665498793158,42.3014231151221
30.77,42.3014231151102
30.7755518076536,42.301423115091
30.78,42.3014231150756
30.7845537359913,42.3014231150599
30.79,42.301423115041
30.793555664329,42.3014231150288
30.8,42.3014231150065
30.8025575926668,42.3014231149976
30.81,42.3014231149719
30.8115595210045,42.3014231149665
30.82,42.3014231149373
30.8205614493422,42.3014231149354
30.82956337768,42.3014231149043
30.83,42.3014231149028
30.8385653060177,42.3014231148732
30.84,42.3014231148682
30.8475672343554,42.3014231148421
30.85,42.3014231148337
30.8565691626932,42.301423114811
30.86,42.3014231147991
30.8655710910309,42.3014231147799
30.87,42.3014231147646
30.8745730193686,42.3014231147488
30.88,42.3014231147301
30.8835749477064,42.3014231147177
30.89,42.3014231146955
30.8925768760441,42.3014231146866
30.9,42.301423114661
30.9015788043818,42.3014231146556
30.91,42.3014231146265
30.9105807327196,42.3014231146245
30.9195826610573,42.3014231145934
30.92,42.301423114592
30.928584589395,42.3014231145624
30.93,42.3014231145575
30.9375865177327,42.3014231145313
30.94,42.301423114523
30.9465884460705,42.3014231145002
30.95,42.3014231144885
30.9555903744082,42.3014231144692
30.96,42.301423114454
30.9645923027459,42.3014231144381
30.97,42.3014231144195
30.9735942310837,42.3014231144071
30.98,42.301423114385
30.9825961594214,42.3014231143761
30.99,42.3014231143505
30.9915980877591,42.301423114345
31,42.3014231143161
31.0006000160969,42.301423114314
31.0096019444346,42.301423114283
31.01,42.3014231142816
31.0186038727723,42.3014231142519
31.02,42.3014231142471
31.0276058011101,42.3014231142209
31.03,42.3014231142127
31.0366077294478,42.3014231141899
31.04,42.3014231141782
31.0456096577855,42.3014231141589
31.05,42.3014231141438
31.0546115861233,42.3014231141279
31.06,42.3014231141093
31.063613514461,42.3014231140969
31.07,42.3014231140749
31.0726154427987,42.3014231140659
31.08,42.3014231140405
31.0816173711365,42.3014231140349
31.09,42.3014231140061
31.0906192994742,42.3014231140039
31.0996212278119,42.3014231139729
31.1,42.3014231139716
31.1086231561496,42.301423113942
31.11,42.3014231139372
31.1176250844874,42.301423113911
31.12,42.3014231139028
31.1266270128251,42.30142311388
31.13,42.3014231138684
31.1356289411628,42.301423113849
31.14,42.301423113834
31.1446308695006,42.3014231138181
31.15,42.3014231137996
31.1536327978383,42.3014231137871
31.16,42.3014231137652
31.162634726176,42.3014231137562
31.17,42.3014231137308
31.1716366545138,42.3014231137252
31.18,42.3014231136965
31.1806385828515,42.3014231136943
31.1896405111892,42.3014231136633
31.19,42.3014231136621
31.198642439527,42.3014231136324
31.2,42.3014231136277
31.2076443678647,42.3014231136015
31.21,42.3014231135934
31.2166462962024,42.3014231135705
31.22,42.301423113559
31.2256482245402,42.3014231135396
31.23,42.3014231135246
31.2346501528779,42.3014231135087
31.24,42.3014231134903
31.2436520812156,42.3014231134778
31.25,42.301423113456
31.2526540095534,42.3014231134469
31.26,42.3014231134216
31.2616559378911,42.3014231134159
31.27,42.3014231133873
31.2706578662288,42.301423113385
31.2796597945665,42.3014231133541
31.28,42.301423113353
31.2886617229043,42.3014231133232
31.29,42.3014231133187
31.297663651242,42.3014231132923
31.3,42.3014231132843
31.3066655795797,42.3014231132615
31.31,42.30142311325
31.3156675079175,42.3014231132306
31.32,42.3014231132157
31.3246694362552,42.3014231131997
31.33,42.3014231131814
31.3336713645929,42.3014231131688
31.34,42.3014231131471
31.3426732929307,42.301423113138
31.35,42.3014231131128
31.3516752212684,42.3014231131071
31.36,42.3014231130785
31.3606771496061,42.3014231130762
31.3696790779439,42.3014231130454
31.37,42.3014231130443
31.3786810062816,42.3014231130145
31.38,42.30142311301
31.3876829346193,42.3014231129836
31.39,42.3014231129757
31.3966848629571,42.3014231129528
31.4,42.3014231129414
31.4056867912948,42.301423112922
31.41,42.3014231129072
31.4146887196325,42.3014231128911
31.42,42.3014231128729
31.4236906479703,42.3014231128603
31.43,42.3014231128387
31.432692576308,42.3014231128295
31.44,42.3014231128044
31.4416945046457,42.3014231127986
31.45,42.3014231127702
31.4506964329834,42.3014231127678
31.4596983613212,42.301423112737
31.46,42.301423112736
31.4687002896589,42.3014231127062
31.47,42.3014231127017
31.4777022179966,42.3014231126754
31.48,42.3014231126675
31.4867041463344,42.3014231126446
31.49,42.3014231126333
31.4957060746721,42.3014231126138
31.5,42.3014231125991
31.5047080030098,42.301423112583
31.51,42.3014231125649
31.5137099313476,42.3014231125522
31.52,42.3014231125307
31.5227118596853,42.3014231125214
31.53,42.3014231124965
31.531713788023,42.3014231124906
31.54,42.3014231124623
31.5407157163608,42.3014231124598
31.5497176446985,42.301423112429
31.55,42.3014231124281
31.5587195730362,42.3014231123983
31.56,42.3014231123939
31.567721501374,42.3014231123675
31.57,42.3014231123597
31.5767234297117,42.3014231123367
31.58,42.3014231123255
31.5857253580494,42.301423112306
31.59,42.3014231122914
31.5947272863872,42.3014231122752
31.6,42.3014231122572
31.6037292147249,42.3014231122445
31.61,42.301423112223
31.6127311430626,42.3014231122137
31.62,42.3014231121889
31.6217330714003,42.301423112183
31.63,42.3014231121548
31.6307349997381,42.3014231121522
31.6397369280758,42.3014231121215
31.64,42.3014231121206
31.6487388564135,42.3014231120908
31.65,42.3014231120865
31.6577407847513,42.30142311206
31.66,42.3014231120523
31.666742713089,42.3014231120293
31.67,42.3014231120182
31.6757446414267,42.3014231119986
31.68,42.3014231119841
31.6847465697645,42.3014231119679
31.69,42.30142311195
31.6937484981022,42.3014231119372
31.7,42.3014231119159
31.7027504264399,42.3014231119065
31.71,42.3014231118817
31.7117523547777,42.3014231118758
31.72,42.3014231118476
31.7207542831154,42.3014231118451
31.7297562114531,42.3014231118144
31.73,42.3014231118135
31.7387581397909,42.3014231117837
31.74,42.3014231117794
31.7477600681286,42.301423111753
31.75,42.3014231117454
31.7567619964663,42.3014231117223
31.76,42.3014231117113
31.7657639248041,42.3014231116916
31.77,42.3014231116772
31.7747658531418,42.301423111661
31.78,42.3014231116431
31.7837677814795,42.3014231116303
31.79,42.3014231116091
31.7927697098173,42.3014231115996
31.8,42.301423111575
31.801771638155,42.301423111569
31.81,42.3014231115409
31.8107735664927,42.3014231115383
31.8197754948304,42.3014231115077
31.82,42.3014231115069
31.8287774231682,42.301423111477
31.83,42.3014231114728
31.8377793515059,42.3014231114464
31.84,42.3014231114388
31.8467812798436,42.3014231114157
31.85,42.3014231114048
31.8557832081814,42.3014231113851
31.86,42.3014231113707
31.8647851365191,42.3014231113544
31.87,42.3014231113367
31.8737870648568,42.3014231113238
31.88,42.3014231113027
31.8827889931946,42.3014231112932
31.89,42.3014231112687
31.8917909215323,42.3014231112626
31.9,42.3014231112346
31.90079284987,42.301423111232
31.9097947782078,42.3014231112013
31.91,42.3014231112006
31.9187967065455,42.3014231111707
31.92,42.3014231111666
31.9277986348832,42.3014231111401
31.93,42.3014231111326
31.936800563221,42.3014231111095
31.94,42.3014231110987
31.9458024915587,42.3014231110789
31.95,42.3014231110647
31.9548044198964,42.3014231110483
31.96,42.3014231110307
31.9638063482342,42.3014231110177
31.97,42.3014231109967
31.9728082765719,42.3014231109872
31.98,42.3014231109627
31.9818102049096,42.3014231109566
31.99,42.3014231109288
31.9908121332473,42.301423110926
31.9998140615851,42.3014231108954
32,42.3014231108948
32.0088159899228,42.3014231108649
32.01,42.3014231108608
32.0178179182605,42.3014231108343
32.02,42.3014231108269
32.0268198465983,42.3014231108037
32.03,42.301423110793
32.035821774936,42.3014231107732
32.04,42.301423110759
32.0448237032737,42.3014231107426
32.05,42.3014231107251
32.0538256316115,42.3014231107121
32.06,42.3014231106911
32.0628275599492,42.3014231106815
32.07,42.3014231106572
32.0718294882869,42.301423110651
32.08,42.3014231106233
32.0808314166247,42.3014231106205
32.0898333449624,42.3014231105899
32.09,42.3014231105894
32.0988352733001,42.3014231105594
32.1,42.3014231105554
32.1078372016379,42.3014231105289
32.11,42.3014231105216
32.1168391299756,42.3014231104984
32.12,42.3014231104877
32.1258410583133,42.3014231104679
32.13,42.3014231104538
32.1348429866511,42.3014231104373
32.14,42.3014231104199
32.1438449149888,42.3014231104068
32.15,42.301423110386
32.1528468433265,42.3014231103763
32.16,42.3014231103521
32.1618487716642,42.3014231103458
32.17,42.3014231103182
32.170850700002,42.3014231103153
32.1798526283397,42.3014231102848
32.18,42.3014231102843
32.1888545566774,42.3014231102544
32.19,42.3014231102505
32.1978564850152,42.3014231102239
32.2,42.3014231102166
32.2068584133529,42.3014231101934
32.21,42.3014231101828
32.2158603416906,42.3014231101629
32.22,42.3014231101489
32.2248622700284,42.3014231101324
32.23,42.3014231101151
32.2338641983661,42.301423110102
32.24,42.3014231100812
32.2428661267038,42.3014231100715
32.25,42.3014231100474
32.2518680550416,42.301423110041
32.26,42.3014231100135
32.2608699833793,42.3014231100106
32.269871911717,42.3014231099801
32.27,42.3014231099797
32.2788738400548,42.3014231099497
32.28,42.3014231099459
32.2878757683925,42.3014231099193
32.29,42.3014231099121
32.2968776967302,42.3014231098888
32.3,42.3014231098783
32.305879625068,42.3014231098584
32.31,42.3014231098445
32.3148815534057,42.301423109828
32.32,42.3014231098107
32.3238834817434,42.3014231097975
32.33,42.3014231097769
32.3328854100811,42.3014231097671
32.34,42.3014231097431
32.3418873384189,42.3014231097367
32.35,42.3014231097093
32.3508892667566,42.3014231097063
32.3598911950943,42.3014231096759
32.36,42.3014231096755
32.3688931234321,42.3014231096454
32.37,42.3014231096417
32.3778950517698,42.301423109615
32.38,42.3014231096079
32.3868969801075,42.3014231095846
32.39,42.3014231095742
32.3958989084453,42.3014231095542
32.4,42.3014231095404
32.404900836783,42.3014231095239
32.41,42.3014231095066
32.4139027651207,42.3014231094935
32.42,42.3014231094729
32.4229046934585,42.3014231094631
32.43,42.3014231094391
32.4319066217962,42.3014231094327
32.44,42.3014231094054
32.4409085501339,42.3014231094023
32.4499104784717,42.301423109372
32.45,42.3014231093717
32.4589124068094,42.3014231093416
32.46,42.3014231093379
32.4679143351471,42.3014231093112
32.47,42.3014231093042
32.4769162634849,42.3014231092809
32.48,42.3014231092705
32.4859181918226,42.3014231092505
32.49,42.3014231092368
32.4949201201603,42.3014231092202
32.5,42.301423109203
32.503922048498,42.3014231091898
32.51,42.3014231091693
32.5129239768358,42.3014231091595
32.52,42.3014231091356
32.5219259051735,42.3014231091291
32.53,42.3014231091019
32.5309278335112,42.3014231090988
32.539929761849,42.3014231090685
32.54,42.3014231090682
32.5489316901867,42.3014231090381
32.55,42.3014231090345
32.5579336185244,42.3014231090078
32.56,42.3014231090009
32.5669355468622,42.3014231089775
32.57,42.3014231089672
32.5759374751999,42.3014231089472
32.58,42.3014231089335
32.5849394035376,42.3014231089169
32.59,42.3014231088998
32.5939413318754,42.3014231088866
32.6,42.3014231088662
32.6029432602131,42.3014231088563
32.61,42.3014231088325
32.6119451885508,42.301423108826
32.62,42.3014231087989
32.6209471168886,42.3014231087957
32.6299490452263,42.3014231087654
32.63,42.3014231087652
32.638950973564,42.3014231087351
32.64,42.3014231087316
32.6479529019018,42.3014231087048
32.65,42.3014231086979
32.6569548302395,42.3014231086745
32.66,42.3014231086643
32.6659567585772,42.3014231086443
32.67,42.3014231086307
32.6749586869149,42.301423108614
32.68,42.301423108597
32.6839606152527,42.3014231085837
32.69,42.3014231085634
32.6929625435904,42.3014231085535
32.7,42.3014231085298
32.7019644719281,42.3014231085232
32.71,42.3014231084962
32.7109664002659,42.3014231084929
32.7199683286036,42.3014231084627
32.72,42.3014231084626
32.7289702569413,42.3014231084324
32.73,42.301423108429
32.7379721852791,42.3014231084022
32.74,42.3014231083954
32.7469741136168,42.3014231083719
32.75,42.3014231083618
32.7559760419545,42.3014231083417
32.76,42.3014231083282
32.7649779702923,42.3014231083115
32.77,42.3014231082946
32.77397989863,42.3014231082812
32.78,42.301423108261
32.7829818269677,42.301423108251
32.79,42.3014231082275
32.7919837553055,42.3014231082208
32.8,42.3014231081939
32.8009856836432,42.3014231081906
32.8099876119809,42.3014231081604
32.81,42.3014231081603
32.8189895403187,42.3014231081302
32.82,42.3014231081268
32.8279914686564,42.3014231081
32.83,42.3014231080932
32.8369933969941,42.3014231080698
32.84,42.3014231080597
32.8459953253318,42.3014231080396
32.85,42.3014231080261
32.8549972536696,42.3014231080094
32.86,42.3014231079926
32.8639991820073,42.3014231079792
32.87,42.3014231079591
32.873001110345,42.301423107949
32.88,42.3014231079255
32.8820030386828,42.3014231079188
32.89,42.301423107892
32.8910049670205,42.3014231078886
32.9,42.3014231078585
32.9000068953582,42.3014231078585
32.909008823696,42.3014231078283
32.91,42.301423107825
32.9180107520337,42.3014231077981
32.92,42.3014231077915
32.9270126803714,42.301423107768
32.93,42.301423107758
32.9360146087092,42.3014231077378
32.94,42.3014231077245
32.9450165370469,42.3014231077077
32.95,42.301423107691
32.9540184653846,42.3014231076775
32.96,42.3014231076575
32.9630203937224,42.3014231076474
32.97,42.301423107624
32.9720223220601,42.3014231076172
32.98,42.3014231075905
32.9810242503978,42.3014231075871
32.99,42.301423107557
32.9900261787356,42.301423107557
32.9990281070733,42.3014231075268
33,42.3014231075236
33.008030035411,42.3014231074967
33.01,42.3014231074901
33.0170319637487,42.3014231074666
33.02,42.3014231074567
33.0260338920865,42.3014231074365
33.03,42.3014231074232
33.0350358204242,42.3014231074064
33.04,42.3014231073898
33.0440377487619,42.3014231073763
33.05,42.3014231073563
33.0530396770997,42.3014231073462
33.06,42.3014231073229
33.0620416054374,42.3014231073161
33.07,42.3014231072894
33.0710435337751,42.301423107286
33.08,42.301423107256
33.0800454621129,42.3014231072559
33.0890473904506,42.3014231072258
33.09,42.3014231072226
33.0980493187883,42.3014231071957
33.1,42.3014231071892
33.1070512471261,42.3014231071656
33.11,42.3014231071558
33.1160531754638,42.3014231071355
33.12,42.3014231071224
33.1250551038015,42.3014231071055
33.13,42.301423107089
33.1340570321393,42.3014231070754
33.14,42.3014231070556
33.143058960477,42.3014231070453
33.15,42.3014231070222
33.1520608888147,42.3014231070153
33.16,42.3014231069888
33.1610628171525,42.3014231069852
33.17,42.3014231069554
33.1700647454902,42.3014231069552
33.1790666738279,42.3014231069251
33.18,42.301423106922
33.1880686021657,42.3014231068951
33.19,42.3014231068887
33.1970705305034,42.3014231068651
33.2,42.3014231068553
33.2060724588411,42.301423106835
33.21,42.3014231068219
33.2150743871788,42.301423106805
33.22,42.3014231067886
33.2240763155166,42.301423106775
33.23,42.3014231067552
33.2330782438543,42.3014231067449
33.24,42.3014231067219
33.242080172192,42.3014231067149
33.25,42.3014231066885
33.2510821005298,42.3014231066849
33.26,42.3014231066552
33.2600840288675,42.3014231066549
33.2690859572052,42.3014231066249
33.27,42.3014231066219
33.278087885543,42.3014231065949
33.28,42.3014231065885
33.2870898138807,42.3014231065649
33.29,42.3014231065552
33.2960917422184,42.3014231065349
33.3,42.3014231065219
33.3050936705562,42.3014231065049
33.31,42.3014231064886
33.3140955988939,42.3014231064749
33.32,42.3014231064553
33.3230975272316,42.3014231064449
33.33,42.301423106422
33.3320994555694,42.301423106415
33.34,42.3014231063886
33.3411013839071,42.301423106385
33.35,42.3014231063554
33.3501033122448,42.301423106355
33.3591052405826,42.3014231063251
33.36,42.3014231063221
33.3681071689203,42.3014231062951
33.37,42.3014231062888
33.377109097258,42.3014231062651
33.38,42.3014231062555
33.3861110255957,42.3014231062352
33.39,42.3014231062222
33.3951129539335,42.3014231062052
33.4,42.301423106189
33.4041148822712,42.3014231061753
33.41,42.3014231061557
33.4131168106089,42.3014231061453
33.42,42.3014231061224
33.4221187389467,42.3014231061154
33.43,42.3014231060892
33.4311206672844,42.3014231060855
33.44,42.3014231060559
33.4401225956221,42.3014231060555
33.4491245239599,42.3014231060256
33.45,42.3014231060227
33.4581264522976,42.3014231059957
33.46,42.3014231059894
33.4671283806353,42.3014231059658
33.47,42.3014231059562
33.4761303089731,42.3014231059358
33.48,42.301423105923
33.4851322373108,42.3014231059059
33.49,42.3014231058898
33.4941341656485,42.301423105876
33.5,42.3014231058565
33.5031360939863,42.3014231058461
33.51,42.3014231058233
33.512138022324,42.3014231058162
33.52,42.3014231057901
33.5211399506617,42.3014231057863
33.53,42.3014231057569
33.5301418789995,42.3014231057564
33.5391438073372,42.3014231057265
33.54,42.3014231057237
33.5481457356749,42.3014231056966
33.55,42.3014231056905
33.5571476640126,42.3014231056668
33.56,42.3014231056573
33.5661495923504,42.3014231056369
33.57,42.3014231056241
33.5751515206881,42.301423105607
33.58,42.3014231055909
33.5841534490258,42.3014231055771
33.59,42.3014231055577
33.5931553773636,42.3014231055473
33.6,42.3014231055246
33.6021573057013,42.3014231055174
33.61,42.3014231054914
33.611159234039,42.3014231054876
33.62,42.3014231054582
33.6201611623768,42.3014231054577
33.6291630907145,42.3014231054278
33.63,42.3014231054251
33.6381650190522,42.301423105398
33.64,42.3014231053919
33.64716694739,42.3014231053682
33.65,42.3014231053588
33.6561688757277,42.3014231053383
33.66,42.3014231053256
33.6651708040654,42.3014231053085
33.67,42.3014231052925
33.6741727324032,42.3014231052786
33.68,42.3014231052593
33.6831746607409,42.3014231052488
33.69,42.3014231052262
33.6921765890786,42.301423105219
33.7,42.3014231051931
33.7011785174164,42.3014231051892
33.71,42.3014231051599
33.7101804457541,42.3014231051593
33.7191823740918,42.3014231051295
33.72,42.3014231051268
33.7281843024295,42.3014231050997
33.73,42.3014231050937
33.7371862307673,42.3014231050699
33.74,42.3014231050606
33.746188159105,42.3014231050401
33.75,42.3014231050275
33.7551900874427,42.3014231050103
33.76,42.3014231049944
33.7641920157805,42.3014231049805
33.77,42.3014231049613
33.7731939441182,42.3014231049507
33.78,42.3014231049282
33.7821958724559,42.3014231049209
33.79,42.3014231048951
33.7911978007937,42.3014231048912
33.8,42.3014231048621
33.8001997291314,42.3014231048614
33.8092016574691,42.3014231048316
33.81,42.301423104829
33.8182035858069,42.3014231048018
33.82,42.3014231047959
33.8272055141446,42.3014231047721
33.83,42.3014231047628
33.8362074424823,42.3014231047423
33.84,42.3014231047298
33.8452093708201,42.3014231047125
33.85,42.3014231046967
33.8542112991578,42.3014231046828
33.86,42.3014231046637
33.8632132274955,42.301423104653
33.87,42.3014231046306
33.8722151558333,42.3014231046233
33.88,42.3014231045976
33.881217084171,42.3014231045935
33.89,42.3014231045645
33.8902190125087,42.3014231045638
33.8992209408464,42.3014231045341
33.9,42.3014231045315
33.9082228691842,42.3014231045043
33.91,42.3014231044985
33.9172247975219,42.3014231044746
33.92,42.3014231044654
33.9262267258596,42.3014231044449
33.93,42.3014231044324
33.9352286541974,42.3014231044152
33.94,42.3014231043994
33.9442305825351,42.3014231043854
33.95,42.3014231043664
33.9532325108728,42.3014231043557
33.96,42.3014231043334
33.9622344392106,42.301423104326
33.97,42.3014231043004
33.9712363675483,42.3014231042963
33.98,42.3014231042674
33.980238295886,42.3014231042666
33.9892402242238,42.3014231042369
33.99,42.3014231042344
33.9982421525615,42.3014231042072
34,42.3014231042014
34.0072440808992,42.3014231041775
34.01,42.3014231041684
34.016246009237,42.3014231041478
34.02,42.3014231041355
34.0252479375747,42.3014231041182
34.03,42.3014231041025
34.0342498659124,42.3014231040885
34.04,42.3014231040695
34.0432517942502,42.3014231040588
34.05,42.3014231040366
34.0522537225879,42.3014231040291
34.06,42.3014231040036
34.0612556509256,42.3014231039994
34.07,42.3014231039706
34.0702575792633,42.3014231039698
34.0792595076011,42.3014231039401
34.08,42.3014231039377
34.0882614359388,42.3014231039105
34.09,42.3014231039047
34.0972633642765,42.3014231038808
34.1,42.3014231038718
34.1062652926143,42.3014231038512
34.11,42.3014231038389
34.115267220952,42.3014231038215
34.12,42.3014231038059
34.1242691492897,42.3014231037919
34.13,42.301423103773
34.1332710776275,42.3014231037622
34.14,42.3014231037401
34.1422730059652,42.3014231037326
34.15,42.3014231037072
34.1512749343029,42.301423103703
34.16,42.3014231036743
34.1602768626407,42.3014231036734
34.1692787909784,42.3014231036437
34.17,42.3014231036413
34.1782807193161,42.3014231036141
34.18,42.3014231036084
34.1872826476539,42.3014231035845
34.19,42.3014231035755
34.1962845759916,42.3014231035549
34.2,42.3014231035427
34.2052865043293,42.3014231035253
34.21,42.3014231035098
34.2142884326671,42.3014231034957
34.22,42.3014231034769
34.2232903610048,42.3014231034661
34.23,42.301423103444
34.2322922893425,42.3014231034365
34.24,42.3014231034111
34.2412942176802,42.3014231034069
34.25,42.3014231033783
34.250296146018,42.3014231033773
34.2592980743557,42.3014231033477
34.26,42.3014231033454
34.2683000026934,42.3014231033181
34.27,42.3014231033125
34.2773019310312,42.3014231032885
34.28,42.3014231032797
34.2863038593689,42.301423103259
34.29,42.3014231032468
34.2953057877066,42.3014231032294
34.3,42.301423103214
34.3043077160444,42.3014231031998
34.31,42.3014231031811
34.3133096443821,42.3014231031703
34.32,42.3014231031483
34.3223115727198,42.3014231031407
34.33,42.3014231031155
34.3313135010576,42.3014231031111
34.34,42.3014231030826
34.3403154293953,42.3014231030816
34.349317357733,42.301423103052
34.35,42.3014231030498
34.3583192860708,42.3014231030225
34.36,42.301423103017
34.3673212144085,42.301423102993
34.37,42.3014231029842
34.3763231427462,42.3014231029634
34.38,42.3014231029514
34.385325071084,42.3014231029339
34.39,42.3014231029186
34.3943269994217,42.3014231029044
34.4,42.3014231028858
34.4033289277594,42.3014231028748
34.41,42.301423102853
34.4123308560971,42.3014231028453
34.42,42.3014231028202
34.4213327844349,42.3014231028158
34.43,42.3014231027874
34.4303347127726,42.3014231027863
34.4393366411103,42.3014231027568
34.44,42.3014231027546
34.4483385694481,42.3014231027273
34.45,42.3014231027218
34.4573404977858,42.3014231026978
34.46,42.301423102689
34.4663424261235,42.3014231026683
34.47,42.3014231026563
34.4753443544613,42.3014231026388
34.48,42.3014231026235
34.484346282799,42.3014231026093
34.49,42.3014231025908
34.4933482111367,42.3014231025798
34.5,42.301423102558
34.5023501394745,42.3014231025503
34.51,42.3014231025253
34.5113520678122,42.3014231025208
34.52,42.3014231024925
34.5203539961499,42.3014231024913
34.5293559244877,42.3014231024619
34.53,42.3014231024598
34.5383578528254,42.3014231024324
34.54,42.301423102427
34.5473597811631,42.3014231024029
34.55,42.3014231023943
34.5563617095009,42.3014231023735
34.56,42.3014231023616
34.5653636378386,42.301423102344
34.57,42.3014231023288
34.5743655661763,42.3014231023146
34.58,42.3014231022961
34.5833674945141,42.3014231022851
34.59,42.3014231022634
34.5923694228518,42.3014231022557
34.6,42.3014231022307
34.6013713511895,42.3014231022262
34.61,42.301423102198
34.6103732795272,42.3014231021968
34.619375207865,42.3014231021674
34.62,42.3014231021653
34.6283771362027,42.3014231021379
34.63,42.3014231021326
34.6373790645404,42.3014231021085
34.64,42.3014231020999
34.6463809928782,42.3014231020791
34.65,42.3014231020672
34.6553829212159,42.3014231020496
34.66,42.3014231020346
34.6643848495536,42.3014231020202
34.67,42.3014231020019
34.6733867778914,42.3014231019908
34.68,42.3014231019692
34.6823887062291,42.3014231019614
34.69,42.3014231019365
34.6913906345668,42.301423101932
34.7,42.3014231019039
34.7003925629046,42.3014231019026
34.7093944912423,42.3014231018732
34.71,42.3014231018712
34.71839641958,42.3014231018438
34.72,42.3014231018386
34.7273983479178,42.3014231018144
34.73,42.3014231018059
34.7364002762555,42.301423101785
34.74,42.3014231017733
34.7454022045932,42.3014231017556
34.75,42.3014231017406
34.754404132931,42.3014231017262
34.76,42.301423101708
34.7634060612687,42.3014231016969
34.77,42.3014231016754
34.7724079896064,42.3014231016675
34.78,42.3014231016427
34.7814099179441,42.3014231016381
34.79,42.3014231016101
34.7904118462819,42.3014231016088
34.7994137746196,42.3014231015794
34.8,42.3014231015775
34.8084157029573,42.30142310155
34.81,42.3014231015449
34.8174176312951,42.3014231015207
34.82,42.3014231015123
34.8264195596328,42.3014231014913
34.83,42.3014231014797
34.8354214879705,42.301423101462
34.84,42.3014231014471
34.8444234163083,42.3014231014327
34.85,42.3014231014145
34.853425344646,42.3014231014033
34.86,42.3014231013819
34.8624272729837,42.301423101374
34.87,42.3014231013493
34.8714292013215,42.3014231013446
34.88,42.3014231013167
34.8804311296592,42.3014231013153
34.8894330579969,42.301423101286
34.89,42.3014231012842
34.8984349863347,42.3014231012567
34.9,42.3014231012516
34.9074369146724,42.3014231012274
34.91,42.301423101219
34.9164388430101,42.301423101198
34.92,42.3014231011864
34.9254407713479,42.3014231011687
34.93,42.3014231011539
34.9344426996856,42.3014231011394
34.94,42.3014231011213
34.9434446280233,42.3014231011101
34.95,42.3014231010888
34.952446556361,42.3014231010808
34.96,42.3014231010562
34.9614484846988,42.3014231010515
34.97,42.3014231010237
34.9704504130365,42.3014231010222
34.9794523413742,42.3014231009929
34.98,42.3014231009912
34.988454269712,42.3014231009637
34.99,42.3014231009586
34.9974561980497,42.3014231009344
35,42.3014231009261
35.0064581263874,42.3014231009051
35.01,42.3014231008936
35.0154600547252,42.3014231008758
35.02,42.3014231008611
35.0244619830629,42.3014231008466
35.03,42.3014231008286
35.0334639114006,42.3014231008173
35.04,42.3014231007961
35.0424658397384,42.301423100788
35.05,42.3014231007635
35.0514677680761,42.3014231007588
35.06,42.301423100731
35.0604696964138,42.3014231007295
35.0694716247516,42.3014231007003
35.07,42.3014231006985
35.0784735530893,42.301423100671
35.08,42.3014231006661
35.087475481427,42.3014231006418
35.09,42.3014231006336
35.0964774097648,42.3014231006125
35.1,42.3014231006011
35.1054793381025,42.3014231005833
35.11,42.3014231005686
35.1144812664402,42.3014231005541
35.12,42.3014231005362
35.1234831947779,42.3014231005248
35.13,42.3014231005037
35.1324851231157,42.3014231004956
35.14,42.3014231004712
35.1414870514534,42.3014231004664
35.15,42.3014231004388
35.1504889797911,42.3014231004372
35.1594909081289,42.301423100408
35.16,42.3014231004063
35.1684928364666,42.3014231003787
35.17,42.3014231003738
35.1774947648043,42.3014231003495
35.18,42.3014231003414
35.1864966931421,42.3014231003203
35.19,42.301423100309
35.1954986214798,42.3014231002911
35.2,42.3014231002765
35.2045005498175,42.3014231002619
35.21,42.3014231002441
35.2135024781553,42.3014231002327
35.22,42.3014231002117
35.222504406493,42.3014231002036
35.23,42.3014231001793
35.2315063348307,42.3014231001744
35.24,42.3014231001468
35.2405082631685,42.3014231001452
35.2495101915062,42.301423100116
35.25,42.3014231001144
35.2585121198439,42.3014231000868
35.26,42.301423100082
35.2675140481817,42.3014231000577
35.27,42.3014231000496
35.2765159765194,42.3014231000285
35.28,42.3014231000172
35.2855179048571,42.3014230999993
35.29,42.3014230999848
35.2945198331948,42.3014230999702
35.3,42.3014230999524
35.3035217615326,42.301423099941
35.31,42.30142309992
35.3125236898703,42.3014230999119
35.32,42.3014230998877
35.321525618208,42.3014230998827
35.33,42.3014230998553
35.3305275465458,42.3014230998536
35.3395294748835,42.3014230998244
35.34,42.3014230998229
35.3485314032212,42.3014230997953
35.35,42.3014230997905
35.357533331559,42.3014230997661
35.36,42.3014230997582
35.3665352598967,42.301423099737
35.37,42.3014230997258
35.3755371882344,42.3014230997079
35.38,42.3014230996935
35.3845391165722,42.3014230996788
35.39,42.3014230996611
35.3935410449099,42.3014230996497
35.4,42.3014230996288
35.4025429732476,42.3014230996205
35.41,42.3014230995964
35.4115449015854,42.3014230995914
35.42,42.3014230995641
35.4205468299231,42.3014230995623
35.4295487582608,42.3014230995332
35.43,42.3014230995317
35.4385506865986,42.3014230995041
35.44,42.3014230994994
35.4475526149363,42.301423099475
35.45,42.3014230994671
35.456554543274,42.3014230994459
35.46,42.3014230994348
35.4655564716117,42.3014230994168
35.47,42.3014230994025
35.4745583999495,42.3014230993877
35.48,42.3014230993701
35.4835603282872,42.3014230993586
35.49,42.3014230993378
35.4925622566249,42.3014230993296
35.5,42.3014230993055
35.5015641849627,42.3014230993005
35.51,42.3014230992732
35.5105661133004,42.3014230992714
35.5195680416381,42.3014230992423
35.52,42.301423099241
35.5285699699759,42.3014230992133
35.53,42.3014230992087
35.5375718983136,42.3014230991842
35.54,42.3014230991764
35.5465738266513,42.3014230991552
35.55,42.3014230991441
35.5555757549891,42.3014230991261
35.56,42.3014230991118
35.5645776833268,42.3014230990971
35.57,42.3014230990795
35.5735796116645,42.301423099068
35.58,42.3014230990473
35.5825815400023,42.301423099039
35.59,42.301423099015
35.59158346834,42.3014230990099
35.6,42.3014230989828
35.6005853966777,42.3014230989809
35.6095873250155,42.3014230989518
35.61,42.3014230989505
35.6185892533532,42.3014230989228
35.62,42.3014230989183
35.6275911816909,42.3014230988938
35.63,42.301423098886
35.6365931100286,42.3014230988648
35.64,42.3014230988538
35.6455950383664,42.3014230988357
35.65,42.3014230988216
35.6545969667041,42.3014230988067
35.66,42.3014230987893
35.6635988950418,42.3014230987777
35.67,42.3014230987571
35.6726008233796,42.3014230987487
35.68,42.3014230987249
35.6816027517173,42.3014230987197
35.69,42.3014230986927
35.690604680055,42.3014230986907
35.6996066083928,42.3014230986617
35.7,42.3014230986604
35.7086085367305,42.3014230986327
35.71,42.3014230986282
35.7176104650682,42.3014230986037
35.72,42.301423098596
35.726612393406,42.3014230985747
35.73,42.3014230985638
35.7356143217437,42.3014230985458
35.74,42.3014230985316
35.7446162500814,42.3014230985168
35.75,42.3014230984994
35.7536181784192,42.3014230984878
35.76,42.3014230984673
35.7626201067569,42.3014230984588
35.77,42.3014230984351
35.7716220350946,42.3014230984299
35.78,42.3014230984029
35.7806239634324,42.3014230984009
35.7896258917701,42.3014230983719
35.79,42.3014230983707
35.7986278201078,42.301423098343
35.8,42.3014230983386
35.8076297484455,42.301423098314
35.81,42.3014230983064
35.8166316767833,42.3014230982851
35.82,42.3014230982742
35.825633605121,42.3014230982561
35.83,42.3014230982421
35.8346355334587,42.3014230982272
35.84,42.3014230982099
35.8436374617965,42.3014230981982
35.85,42.3014230981778
35.8526393901342,42.3014230981693
35.86,42.3014230981456
35.8616413184719,42.3014230981404
35.87,42.3014230981135
35.8706432468097,42.3014230981114
35.8796451751474,42.3014230980825
35.88,42.3014230980814
35.8886471034851,42.3014230980536
35.89,42.3014230980492
35.8976490318229,42.3014230980247
35.9,42.3014230980171
35.9066509601606,42.3014230979957
35.91,42.301423097985
35.9156528884983,42.3014230979668
35.92,42.3014230979529
35.9246548168361,42.3014230979379
35.93,42.3014230979208
35.9336567451738,42.301423097909
35.94,42.3014230978887
35.9426586735115,42.3014230978801
35.95,42.3014230978565
35.9516606018493,42.3014230978512
35.96,42.3014230978245
35.960662530187,42.3014230978223
35.9696644585247,42.3014230977934
35.97,42.3014230977924
35.9786663868625,42.3014230977646
35.98,42.3014230977603
35.9876683152002,42.3014230977357
35.99,42.3014230977282
35.9966702435379,42.3014230977068
36,42.3014230976961
36.0056721718756,42.3014230976779
36.01,42.301423097664
36.0146741002134,42.301423097649
36.02,42.301423097632
36.0236760285511,42.3014230976202
36.03,42.3014230975999
36.0326779568888,42.3014230975913
36.04,42.3014230975678
36.0416798852266,42.3014230975624
36.05,42.3014230975358
36.0506818135643,42.3014230975336
36.059683741902,42.3014230975047
36.06,42.3014230975037
36.0686856702398,42.3014230974759
36.07,42.3014230974717
36.0776875985775,42.301423097447
36.08,42.3014230974396
36.0866895269152,42.3014230974182
36.09,42.3014230974076
36.095691455253,42.3014230973893
36.1,42.3014230973755
36.1046933835907,42.3014230973605
36.11,42.3014230973435
36.1136953119284,42.3014230973317
36.12,42.3014230973115
36.1226972402662,42.3014230973029
36.13,42.3014230972795
36.1316991686039,42.301423097274
36.14,42.3014230972474
36.1407010969416,42.3014230972452
36.1497030252794,42.3014230972164
36.15,42.3014230972154
36.1587049536171,42.3014230971876
36.16,42.3014230971834
36.1677068819548,42.3014230971587
36.17,42.3014230971514
36.1767088102925,42.3014230971299
36.18,42.3014230971194
36.1857107386303,42.3014230971011
36.19,42.3014230970874
36.194712666968,42.3014230970723
36.2,42.3014230970554
36.2037145953057,42.3014230970435
36.21,42.3014230970234
36.2127165236435,42.3014230970147
36.22,42.3014230969914
36.2217184519812,42.3014230969859
36.23,42.3014230969595
36.2307203803189,42.3014230969572
36.2397223086567,42.3014230969284
36.24,42.3014230969275
36.2487242369944,42.3014230968996
36.25,42.3014230968955
36.2577261653321,42.3014230968708
36.26,42.3014230968636
36.2667280936699,42.301423096842
36.27,42.3014230968316
36.2757300220076,42.3014230968133
36.28,42.3014230967996
36.2847319503453,42.3014230967845
36.29,42.3014230967677
36.2937338786831,42.3014230967557
36.3,42.3014230967357
36.3027358070208,42.301423096727
36.31,42.3014230967038
36.3117377353585,42.3014230966982
36.32,42.3014230966718
36.3207396636963,42.3014230966695
36.329741592034,42.3014230966407
36.33,42.3014230966399
36.3387435203717,42.301423096612
36.34,42.301423096608
36.3477454487094,42.3014230965832
36.35,42.301423096576
36.3567473770472,42.3014230965545
36.36,42.3014230965441
36.3657493053849,42.3014230965258
36.37,42.3014230965122
36.3747512337226,42.301423096497
36.38,42.3014230964803
36.3837531620604,42.3014230964683
36.39,42.3014230964484
36.3927550903981,42.3014230964396
36.4,42.3014230964165
36.4017570187358,42.3014230964109
36.41,42.3014230963846
36.4107589470736,42.3014230963821
36.4197608754113,42.3014230963534
36.42,42.3014230963527
36.428762803749,42.3014230963247
36.43,42.3014230963208
36.4377647320868,42.301423096296
36.44,42.3014230962889
36.4467666604245,42.3014230962673
36.45,42.301423096257
36.4557685887622,42.3014230962386
36.46,42.3014230962251
36.4647705171,42.3014230962099
36.47,42.3014230961932
36.4737724454377,42.3014230961812
36.48,42.3014230961614
36.4827743737754,42.3014230961525
36.49,42.3014230961295
36.4917763021132,42.3014230961238
36.5,42.3014230960976
36.5007782304509,42.3014230960951
36.5097801587886,42.3014230960665
36.51,42.3014230960658
36.5187820871263,42.3014230960378
36.52,42.3014230960339
36.5277840154641,42.3014230960091
36.53,42.3014230960021
36.5367859438018,42.3014230959805
36.54,42.3014230959702
36.5457878721395,42.3014230959518
36.55,42.3014230959384
36.5547898004773,42.3014230959231
36.56,42.3014230959065
36.563791728815,42.3014230958945
36.57,42.3014230958747
36.5727936571527,42.3014230958658
36.58,42.3014230958429
36.5817955854905,42.3014230958372
36.59,42.3014230958111
36.5907975138282,42.3014230958085
36.5997994421659,42.3014230957799
36.6,42.3014230957792
36.6088013705037,42.3014230957512
36.61,42.3014230957474
36.6178032988414,42.3014230957226
36.62,42.3014230957156
36.6268052271791,42.301423095694
36.63,42.3014230956838
36.6358071555169,42.3014230956653
36.64,42.301423095652
36.6448090838546,42.3014230956367
36.65,42.3014230956202
36.6538110121923,42.3014230956081
36.66,42.3014230955884
36.6628129405301,42.3014230955795
36.67,42.3014230955566
36.6718148688678,42.3014230955508
36.68,42.3014230955248
36.6808167972055,42.3014230955222
36.6898187255432,42.3014230954936
36.69,42.301423095493
36.698820653881,42.301423095465
36.7,42.3014230954613
36.7078225822187,42.3014230954364
36.71,42.3014230954295
36.7168245105564,42.3014230954078
36.72,42.3014230953977
36.7258264388942,42.3014230953792
36.73,42.301423095366
36.7348283672319,42.3014230953506
36.74,42.3014230953342
36.7438302955696,42.301423095322
36.75,42.3014230953024
36.7528322239074,42.3014230952934
36.76,42.3014230952707
36.7618341522451,42.3014230952649
36.77,42.3014230952389
36.7708360805828,42.3014230952363
36.7798380089206,42.3014230952077
36.78,42.3014230952072
36.7888399372583,42.3014230951791
36.79,42.3014230951755
36.797841865596,42.3014230951506
36.8,42.3014230951437
36.8068437939338,42.301423095122
36.81,42.301423095112
36.8158457222715,42.3014230950934
36.82,42.3014230950803
36.8248476506092,42.3014230950649
36.83,42.3014230950485
36.833849578947,42.3014230950363
36.84,42.3014230950168
36.8428515072847,42.3014230950078
36.85,42.3014230949851
36.8518534356224,42.3014230949792
36.86,42.3014230949534
36.8608553639601,42.3014230949507
36.8698572922979,42.3014230949222
36.87,42.3014230949217
36.8788592206356,42.3014230948936
36.88,42.30142309489
36.8878611489733,42.3014230948651
36.89,42.3014230948583
36.8968630773111,42.3014230948366
36.9,42.3014230948266
36.9058650056488,42.301423094808
36.91,42.3014230947949
36.9148669339865,42.3014230947795
36.92,42.3014230947632
36.9238688623243,42.301423094751
36.93,42.3014230947316
36.932870790662,42.3014230947225
36.94,42.3014230946999
36.9418727189997,42.301423094694
36.95,42.3014230946682
36.9508746473375,42.3014230946655
36.9598765756752,42.3014230946369
36.96,42.3014230946365
36.9688785040129,42.3014230946084
36.97,42.3014230946049
36.9778804323507,42.3014230945799
36.98,42.3014230945732
36.9868823606884,42.3014230945514
36.99,42.3014230945416
36.9958842890261,42.3014230945229
37,42.3014230945099
37.0048862173639,42.3014230944945
37.01,42.3014230944783
37.0138881457016,42.301423094466
37.02,42.3014230944466
37.0228900740393,42.3014230944375
37.03,42.301423094415
37.031892002377,42.301423094409
37.04,42.3014230943834
37.0408939307148,42.3014230943805
37.0498958590525,42.3014230943521
37.05,42.3014230943517
37.0588977873902,42.3014230943236
37.06,42.3014230943201
37.067899715728,42.3014230942951
37.07,42.3014230942885
37.0769016440657,42.3014230942667
37.08,42.3014230942569
37.0859035724034,42.3014230942382
37.09,42.3014230942253
37.0949055007412,42.3014230942098
37.1,42.3014230941937
37.1039074290789,42.3014230941813
37.11,42.3014230941621
37.1129093574166,42.3014230941529
37.12,42.3014230941305
37.1219112857544,42.3014230941244
37.13,42.3014230940989
37.1309132140921,42.301423094096
37.1399151424298,42.3014230940676
37.14,42.3014230940673
37.1489170707676,42.3014230940391
37.15,42.3014230940357
37.1579189991053,42.3014230940107
37.16,42.3014230940041
37.166920927443,42.3014230939823
37.17,42.3014230939725
37.1759228557808,42.3014230939538
37.18,42.301423093941
37.1849247841185,42.3014230939254
37.19,42.3014230939094
37.1939267124562,42.301423093897
37.2,42.3014230938778
37.2029286407939,42.3014230938686
37.21,42.3014230938463
37.2119305691317,42.3014230938402
37.22,42.3014230938147
37.2209324974694,42.3014230938118
37.2299344258071,42.3014230937834
37.23,42.3014230937831
37.2389363541449,42.301423093755
37.24,42.3014230937516
37.2479382824826,42.3014230937266
37.25,42.3014230937201
37.2569402108203,42.3014230936982
37.26,42.3014230936885
37.2659421391581,42.3014230936698
37.27,42.301423093657
37.2749440674958,42.3014230936414
37.28,42.3014230936255
37.2839459958335,42.301423093613
37.29,42.3014230935939
37.2929479241713,42.3014230935846
37.3,42.3014230935624
37.301949852509,42.3014230935563
37.31,42.3014230935309
37.3109517808467,42.3014230935279
37.3199537091845,42.3014230934995
37.32,42.3014230934994
37.3289556375222,42.3014230934712
37.33,42.3014230934679
37.3379575658599,42.3014230934428
37.34,42.3014230934363
37.3469594941977,42.3014230934144
37.35,42.3014230934048
37.3559614225354,42.3014230933861
37.36,42.3014230933734
37.3649633508731,42.3014230933577
37.37,42.3014230933419
37.3739652792109,42.3014230933294
37.38,42.3014230933104
37.3829672075486,42.301423093301
37.39,42.3014230932789
37.3919691358863,42.3014230932727
37.4,42.3014230932474
37.400971064224,42.3014230932444
37.4099729925618,42.301423093216
37.41,42.3014230932159
37.4189749208995,42.3014230931877
37.42,42.3014230931845
37.4279768492372,42.3014230931594
37.43,42.301423093153
37.436978777575,42.301423093131
37.44,42.3014230931215
37.4459807059127,42.3014230931027
37.45,42.3014230930901
37.4549826342504,42.3014230930744
37.46,42.3014230930586
37.4639845625882,42.3014230930461
37.47,42.3014230930272
37.4729864909259,42.3014230930178
37.48,42.3014230929957
37.4819884192636,42.3014230929894
37.49,42.3014230929643
37.4909903476014,42.3014230929611
37.4999922759391,42.3014230929328
37.5,42.3014230929328
37.5089942042768,42.3014230929046
37.51,42.3014230929014
37.5179961326146,42.3014230928763
37.52,42.30142309287
37.5269980609523,42.301423092848
37.53,42.3014230928385
37.53599998929,42.3014230928197
37.54,42.3014230928071
37.5450019176278,42.3014230927914
37.55,42.3014230927757
37.5540038459655,42.3014230927631
37.56,42.3014230927443
37.5630057743032,42.3014230927348
37.57,42.3014230927129
37.5720077026409,42.3014230927065
37.58,42.3014230926815
37.5810096309787,42.3014230926783
37.59,42.3014230926501
37.5900115593164,42.30142309265
37.5990134876541,42.3014230926218
37.6,42.3014230926186
37.6080154159919,42.3014230925935
37.61,42.3014230925873
37.6170173443296,42.3014230925652
37.62,42.3014230925559
37.6260192726673,42.301423092537
37.63,42.3014230925245
37.6350212010051,42.3014230925087
37.64,42.3014230924931
37.6440231293428,42.3014230924805
37.65,42.3014230924617
37.6530250576805,42.3014230924522
37.66,42.3014230924304
37.6620269860183,42.301423092424
37.67,42.301423092399
37.671028914356,42.3014230923958
37.68,42.3014230923676
37.6800308426937,42.3014230923675
37.6890327710315,42.3014230923393
37.69,42.3014230923363
37.6980346993692,42.3014230923111
37.7,42.3014230923049
37.7070366277069,42.3014230922829
37.71,42.3014230922736
37.7160385560447,42.3014230922546
37.72,42.3014230922422
37.7250404843824,42.3014230922264
37.73,42.3014230922109
37.7340424127201,42.3014230921982
37.74,42.3014230921795
37.7430443410578,42.30142309217
37.75,42.3014230921482
37.7520462693956,42.3014230921418
37.76,42.3014230921169
37.7610481977333,42.3014230921136
37.77,42.3014230920856
37.770050126071,42.3014230920854
37.7790520544088,42.3014230920572
37.78,42.3014230920542
37.7880539827465,42.301423092029
37.79,42.3014230920229
37.7970559110842,42.3014230920008
37.8,42.3014230919916
37.806057839422,42.3014230919726
37.81,42.3014230919603
37.8150597677597,42.3014230919445
37.82,42.301423091929
37.8240616960974,42.3014230919163
37.83,42.3014230918977
37.8330636244352,42.3014230918881
37.84,42.3014230918664
37.8420655527729,42.30142309186
37.85,42.3014230918351
37.8510674811106,42.3014230918318
37.86,42.3014230918038
37.8600694094484,42.3014230918036
37.8690713377861,42.3014230917755
37.87,42.3014230917726
37.8780732661238,42.3014230917473
37.88,42.3014230917413
37.8870751944616,42.3014230917192
37.89,42.30142309171
37.8960771227993,42.301423091691
37.9,42.3014230916787
37.905079051137,42.3014230916629
37.91,42.3014230916475
37.9140809794747,42.3014230916347
37.92,42.3014230916162
37.9230829078125,42.3014230916066
37.93,42.301423091585
37.9320848361502,42.3014230915785
37.94,42.3014230915537
37.9410867644879,42.3014230915503
37.95,42.3014230915225
37.9500886928257,42.3014230915222
37.9590906211634,42.3014230914941
37.96,42.3014230914912
37.9680925495011,42.3014230914659
37.97,42.30142309146
37.9770944778389,42.3014230914378
37.98,42.3014230914288
37.9860964061766,42.3014230914097
37.99,42.3014230913975
37.9950983345143,42.3014230913816
38,42.3014230913663
38.0041002628521,42.3014230913535
38.01,42.3014230913351
38.0131021911898,42.3014230913254
38.02,42.3014230913039
38.0221041195275,42.3014230912973
38.03,42.3014230912727
38.0311060478653,42.3014230912692
38.04,42.3014230912414
38.040107976203,42.3014230912411
38.0491099045407,42.301423091213
38.05,42.3014230912102
38.0581118328785,42.3014230911849
38.06,42.301423091179
38.0671137612162,42.3014230911568
38.07,42.3014230911478
38.0761156895539,42.3014230911288
38.08,42.3014230911166
38.0851176178916,42.3014230911007
38.09,42.3014230910855
38.0941195462294,42.3014230910726
38.1,42.3014230910543
38.1031214745671,42.3014230910445
38.11,42.3014230910231
38.1121234029048,42.3014230910165
38.12,42.3014230909919
38.1211253312426,42.3014230909884
38.13,42.3014230909607
38.1301272595803,42.3014230909604
38.139129187918,42.3014230909323
38.14,42.3014230909296
38.1481311162558,42.3014230909042
38.15,42.3014230908984
38.1571330445935,42.3014230908762
38.16,42.3014230908673
38.1661349729312,42.3014230908481
38.17,42.3014230908361
38.175136901269,42.3014230908201
38.18,42.301423090805
38.1841388296067,42.3014230907921
38.19,42.3014230907738
38.1931407579444,42.301423090764
38.2,42.3014230907427
38.2021426862822,42.301423090736
38.21,42.3014230907115
38.2111446146199,42.301423090708
38.22,42.3014230906804
38.2201465429576,42.3014230906799
38.2291484712954,42.3014230906519
38.23,42.3014230906493
38.2381503996331,42.3014230906239
38.24,42.3014230906181
38.2471523279708,42.3014230905959
38.25,42.301423090587
38.2561542563085,42.3014230905678
38.26,42.3014230905559
38.2651561846463,42.3014230905398
38.27,42.3014230905248
38.274158112984,42.3014230905118
38.28,42.3014230904937
38.2831600413217,42.3014230904838
38.29,42.3014230904626
38.2921619696595,42.3014230904558
38.3,42.3014230904315
38.3011638979972,42.3014230904278
38.31,42.3014230904004
38.3101658263349,42.3014230903998
38.3191677546727,42.3014230903718
38.32,42.3014230903693
38.3281696830104,42.3014230903439
38.33,42.3014230903382
38.3371716113481,42.3014230903159
38.34,42.3014230903071
38.3461735396859,42.3014230902879
38.35,42.301423090276
38.3551754680236,42.3014230902599
38.36,42.3014230902449
38.3641773963613,42.3014230902319
38.37,42.3014230902138
38.3731793246991,42.301423090204
38.38,42.3014230901828
38.3821812530368,42.301423090176
38.39,42.3014230901517
38.3911831813745,42.301423090148
38.4,42.3014230901207
38.4001851097123,42.3014230901201
38.40918703805,42.3014230900921
38.41,42.3014230900896
38.4181889663877,42.3014230900641
38.42,42.3014230900585
38.4271908947254,42.3014230900362
38.43,42.3014230900275
38.4361928230632,42.3014230900082
38.44,42.3014230899964
38.4451947514009,42.3014230899803
38.45,42.3014230899654
38.4541966797386,42.3014230899524
38.46,42.3014230899343
38.4631986080764,42.3014230899244
38.47,42.3014230899033
38.4722005364141,42.3014230898965
38.48,42.3014230898723
38.4812024647518,42.3014230898686
38.49,42.3014230898413
38.4902043930896,42.3014230898406
38.4992063214273,42.3014230898127
38.5,42.3014230898102
38.508208249765,42.3014230897848
38.51,42.3014230897792
38.5172101781028,42.3014230897569
38.52,42.3014230897482
38.5262121064405,42.3014230897289
38.53,42.3014230897172
38.5352140347782,42.301423089701
38.54,42.3014230896862
38.544215963116,42.3014230896731
38.55,42.3014230896552
38.5532178914537,42.3014230896452
38.56,42.3014230896242
38.5622198197914,42.3014230896173
38.57,42.3014230895932
38.5712217481292,42.3014230895894
38.58,42.3014230895622
38.5802236764669,42.3014230895615
38.5892256048046,42.3014230895336
38.59,42.3014230895312
38.5982275331423,42.3014230895057
38.6,42.3014230895002
38.6072294614801,42.3014230894778
38.61,42.3014230894693
38.6162313898178,42.30142308945
38.62,42.3014230894383
38.6252333181555,42.3014230894221
38.63,42.3014230894073
38.6342352464933,42.3014230893942
38.64,42.3014230893764
38.643237174831,42.3014230893663
38.65,42.3014230893454
38.6522391031687,42.3014230893385
38.66,42.3014230893144
38.6612410315065,42.3014230893106
38.67,42.3014230892835
38.6702429598442,42.3014230892827
38.6792448881819,42.3014230892549
38.68,42.3014230892525
38.6882468165197,42.301423089227
38.69,42.3014230892216
38.6972487448574,42.3014230891992
38.7,42.3014230891906
38.7062506731951,42.3014230891713
38.71,42.3014230891597
38.7152526015329,42.3014230891435
38.72,42.3014230891288
38.7242545298706,42.3014230891156
38.73,42.3014230890978
38.7332564582083,42.3014230890878
38.74,42.3014230890669
38.7422583865461,42.3014230890599
38.75,42.301423089036
38.7512603148838,42.3014230890321
38.76,42.3014230890051
38.7602622432215,42.3014230890043
38.7692641715593,42.3014230889764
38.77,42.3014230889742
38.778266099897,42.3014230889486
38.78,42.3014230889433
38.7872680282347,42.3014230889208
38.79,42.3014230889124
38.7962699565724,42.301423088893
38.8,42.3014230888814
38.8052718849102,42.3014230888652
38.81,42.3014230888505
38.8142738132479,42.3014230888374
38.82,42.3014230888197
38.8232757415856,42.3014230888095
38.83,42.3014230887888
38.8322776699234,42.3014230887817
38.84,42.3014230887579
38.8412795982611,42.3014230887539
38.85,42.301423088727
38.8502815265988,42.3014230887261
38.8592834549366,42.3014230886983
38.86,42.3014230886961
38.8682853832743,42.3014230886705
38.87,42.3014230886653
38.877287311612,42.3014230886427
38.88,42.3014230886344
38.8862892399498,42.301423088615
38.89,42.3014230886035
38.8952911682875,42.3014230885872
38.9,42.3014230885727
38.9042930966252,42.3014230885594
38.91,42.3014230885418
38.913295024963,42.3014230885316
38.92,42.301423088511
38.9222969533007,42.3014230885039
38.93,42.3014230884801
38.9312988816384,42.3014230884761
38.94,42.3014230884492
38.9403008099762,42.3014230884483
38.9493027383139,42.3014230884206
38.95,42.3014230884184
38.9583046666516,42.3014230883928
38.96,42.3014230883876
38.9673065949893,42.301423088365
38.97,42.3014230883567
38.9763085233271,42.3014230883373
38.98,42.3014230883259
38.9853104516648,42.3014230883095
38.99,42.3014230882951
38.9943123800025,42.3014230882818
39,42.3014230882643
39.0033143083403,42.3014230882541
39.01,42.3014230882335
39.012316236678,42.3014230882263
39.02,42.3014230882026
39.0213181650157,42.3014230881986
39.03,42.3014230881718
39.0303200933535,42.3014230881708
39.0393220216912,42.3014230881431
39.04,42.301423088141
39.0483239500289,42.3014230881154
39.05,42.3014230881102
39.0573258783667,42.3014230880877
39.06,42.3014230880794
39.0663278067044,42.3014230880599
39.07,42.3014230880486
39.0753297350421,42.3014230880322
39.08,42.3014230880178
39.0843316633799,42.3014230880045
39.09,42.301423087987
39.0933335917176,42.3014230879768
39.1,42.3014230879563
39.1023355200553,42.3014230879491
39.11,42.3014230879255
39.1113374483931,42.3014230879214
39.12,42.3014230878947
39.1203393767308,42.3014230878937
39.1293413050685,42.301423087866
39.13,42.3014230878639
39.1383432334062,42.3014230878383
39.14,42.3014230878332
39.147345161744,42.3014230878106
39.15,42.3014230878024
39.1563470900817,42.3014230877829
39.16,42.3014230877717
39.1653490184194,42.3014230877552
39.17,42.3014230877409
39.1743509467572,42.3014230877275
39.18,42.3014230877102
39.1833528750949,42.3014230876999
39.19,42.3014230876794
39.1923548034326,42.3014230876722
39.2,42.3014230876487
39.2013567317704,42.3014230876445
39.21,42.3014230876179
39.2103586601081,42.3014230876168
39.2193605884458,42.3014230875892
39.22,42.3014230875872
39.2283625167836,42.3014230875615
39.23,42.3014230875565
39.2373644451213,42.3014230875338
39.24,42.3014230875257
39.246366373459,42.3014230875062
39.25,42.301423087495
39.2553683017968,42.3014230874785
39.26,42.3014230874643
39.2643702301345,42.3014230874509
39.27,42.3014230874336
39.2733721584722,42.3014230874232
39.28,42.3014230874029
39.28237408681,42.3014230873956
39.29,42.3014230873722
39.2913760151477,42.301423087368
39.3,42.3014230873415
39.3003779434854,42.3014230873403
39.3093798718231,42.3014230873127
39.31,42.3014230873108
39.3183818001609,42.3014230872851
39.32,42.3014230872801
39.3273837284986,42.3014230872574
39.33,42.3014230872494
39.3363856568363,42.3014230872298
39.34,42.3014230872187
39.3453875851741,42.3014230872022
39.35,42.301423087188
39.3543895135118,42.3014230871746
39.36,42.3014230871573
39.3633914418495,42.3014230871469
39.37,42.3014230871267
39.3723933701873,42.3014230871193
39.38,42.301423087096
39.381395298525,42.3014230870917
39.39,42.3014230870653
39.3903972268627,42.3014230870641
39.3993991552005,42.3014230870365
39.4,42.3014230870347
39.4084010835382,42.3014230870089
39.41,42.301423087004
39.4174030118759,42.3014230869813
39.42,42.3014230869734
39.4264049402137,42.3014230869537
39.43,42.3014230869427
39.4354068685514,42.3014230869261
39.44,42.3014230869121
39.4444087968891,42.3014230868986
39.45,42.3014230868814
39.4534107252269,42.301423086871
39.46,42.3014230868508
39.4624126535646,42.3014230868434
39.47,42.3014230868201
39.4714145819023,42.3014230868158
39.48,42.3014230867895
39.48041651024,42.3014230867882
39.4894184385778,42.3014230867607
39.49,42.3014230867589
39.4984203669155,42.3014230867331
39.5,42.3014230867283
39.5074222952532,42.3014230867055
39.51,42.3014230866976
39.516424223591,42.301423086678
39.52,42.301423086667
39.5254261519287,42.3014230866504
39.53,42.3014230866364
39.5344280802664,42.3014230866229
39.54,42.3014230866058
39.5434300086042,42.3014230865953
39.55,42.3014230865752
39.5524319369419,42.3014230865678
39.56,42.3014230865446
39.5614338652796,42.3014230865402
39.57,42.301423086514
39.5704357936174,42.3014230865127
39.5794377219551,42.3014230864851
39.58,42.3014230864834
39.5884396502928,42.3014230864576
39.59,42.3014230864528
39.5974415786306,42.3014230864301
39.6,42.3014230864222
39.6064435069683,42.3014230864025
39.61,42.3014230863917
39.615445435306,42.301423086375
39.62,42.3014230863611
39.6244473636438,42.3014230863475
39.63,42.3014230863305
39.6334492919815,42.30142308632
39.64,42.3014230862999
39.6424512203192,42.3014230862925
39.65,42.3014230862694
39.6514531486569,42.3014230862649
39.66,42.3014230862388
39.6604550769947,42.3014230862374
39.6694570053324,42.3014230862099
39.67,42.3014230862083
39.6784589336701,42.3014230861824
39.68,42.3014230861777
39.6874608620079,42.3014230861549
39.69,42.3014230861472
39.6964627903456,42.3014230861274
39.7,42.3014230861166
39.7054647186833,42.3014230860999
39.71,42.3014230860861
39.7144666470211,42.3014230860724
39.72,42.3014230860555
39.7234685753588,42.3014230860449
39.73,42.301423086025
39.7324705036965,42.3014230860175
39.74,42.3014230859945
39.7414724320343,42.30142308599
39.75,42.3014230859639
39.750474360372,42.3014230859625
39.7594762887097,42.301423085935
39.76,42.3014230859334
39.7684782170475,42.3014230859075
39.77,42.3014230859029
39.7774801453852,42.3014230858801
39.78,42.3014230858724
39.7864820737229,42.3014230858526
39.79,42.3014230858419
39.7954840020607,42.3014230858251
39.8,42.3014230858114
39.8044859303984,42.3014230857977
39.81,42.3014230857809
39.8134878587361,42.3014230857702
39.82,42.3014230857504
39.8224897870738,42.3014230857428
39.83,42.3014230857199
39.8314917154116,42.3014230857153
39.84,42.3014230856894
39.8404936437493,42.3014230856879
39.849495572087,42.3014230856604
39.85,42.3014230856589
39.8584975004248,42.301423085633
39.86,42.3014230856284
39.8674994287625,42.3014230856055
39.87,42.3014230855979
39.8765013571002,42.3014230855781
39.88,42.3014230855675
39.885503285438,42.3014230855507
39.89,42.301423085537
39.8945052137757,42.3014230855233
39.9,42.3014230855065
39.9035071421134,42.3014230854958
39.91,42.3014230854761
39.9125090704512,42.3014230854684
39.92,42.3014230854456
39.9215109987889,42.301423085441
39.93,42.3014230854151
39.9305129271266,42.3014230854136
39.9395148554644,42.3014230853862
39.94,42.3014230853847
39.9485167838021,42.3014230853587
39.95,42.3014230853542
39.9575187121398,42.3014230853314
39.96,42.3014230853238
39.9665206404776,42.301423085304
39.97,42.3014230852934
39.9755225688153,42.3014230852765
39.98,42.3014230852629
39.984524497153,42.3014230852491
39.99,42.3014230852325
39.9935264254907,42.3014230852217
40,42.3014230852021
40.0025283538285,42.3014230851944
40.01,42.3014230851716
40.0115302821662,42.301423085167
40.02,42.3014230851412
40.0205322105039,42.3014230851396
40.0295341388417,42.3014230851122
40.03,42.3014230851108
40.0385360671794,42.3014230850848
40.04,42.3014230850804
40.0475379955171,42.3014230850575
40.05,42.30142308505
40.0565399238549,42.3014230850301
40.06,42.3014230850196
40.0655418521926,42.3014230850027
40.07,42.3014230849892
40.0745437805303,42.3014230849753
40.08,42.3014230849588
40.0835457088681,42.301423084948
40.09,42.3014230849284
40.0925476372058,42.3014230849206
40.1,42.301423084898
40.1015495655435,42.3014230848933
40.11,42.3014230848676
40.1105514938813,42.3014230848659
40.119553422219,42.3014230848386
40.12,42.3014230848372
40.1285553505567,42.3014230848112
40.13,42.3014230848068
40.1375572788945,42.3014230847839
40.14,42.3014230847765
40.1465592072322,42.3014230847565
40.15,42.3014230847461
40.1555611355699,42.3014230847292
40.16,42.3014230847157
40.1645630639077,42.3014230847019
40.17,42.3014230846854
40.1735649922454,42.3014230846745
40.18,42.301423084655
40.1825669205831,42.3014230846472
40.19,42.3014230846246
40.1915688489208,42.3014230846199
40.2,42.3014230845943
40.2005707772586,42.3014230845926
40.2095727055963,42.3014230845652
40.21,42.3014230845639
40.218574633934,42.3014230845379
40.22,42.3014230845336
40.2275765622718,42.3014230845106
40.23,42.3014230845032
40.2365784906095,42.3014230844833
40.24,42.3014230844729
40.2455804189472,42.301423084456
40.25,42.3014230844426
40.254582347285,42.3014230844287
40.26,42.3014230844122
40.2635842756227,42.3014230844014
40.27,42.3014230843819
40.2725862039604,42.3014230843741
40.28,42.3014230843516
40.2815881322982,42.3014230843468
40.29,42.3014230843213
40.2905900606359,42.3014230843195
40.2995919889736,42.3014230842922
40.3,42.301423084291
40.3085939173114,42.3014230842649
40.31,42.3014230842607
40.3175958456491,42.3014230842376
40.32,42.3014230842304
40.3265977739868,42.3014230842104
40.33,42.3014230842001
40.3355997023246,42.3014230841831
40.34,42.3014230841698
40.3446016306623,42.3014230841558
40.35,42.3014230841395
40.353603559,42.3014230841286
40.36,42.3014230841092
40.3626054873377,42.3014230841013
40.37,42.3014230840789
40.3716074156755,42.301423084074
40.38,42.3014230840486
40.3806093440132,42.3014230840468
40.3896112723509,42.3014230840195
40.39,42.3014230840183
40.3986132006887,42.3014230839923
40.4,42.301423083988
40.4076151290264,42.301423083965
40.41,42.3014230839578
40.4166170573641,42.3014230839377
40.42,42.3014230839275
40.4256189857019,42.3014230839105
40.43,42.3014230838972
40.4346209140396,42.3014230838833
40.44,42.301423083867
40.4436228423773,42.301423083856
40.45,42.3014230838367
40.4526247707151,42.3014230838288
40.46,42.3014230838065
40.4616266990528,42.3014230838016
40.47,42.3014230837762
40.4706286273905,42.3014230837743
40.4796305557283,42.3014230837471
40.48,42.301423083746
40.488632484066,42.3014230837199
40.49,42.3014230837157
40.4976344124037,42.3014230836927
40.5,42.3014230836855
40.5066363407415,42.3014230836654
40.51,42.3014230836553
40.5156382690792,42.3014230836382
40.52,42.301423083625
40.5246401974169,42.301423083611
40.53,42.3014230835948
40.5336421257546,42.3014230835838
40.54,42.3014230835646
40.5426440540924,42.3014230835566
40.55,42.3014230835344
40.5516459824301,42.3014230835294
40.56,42.3014230835042
40.5606479107678,42.3014230835022
40.5696498391056,42.301423083475
40.57,42.3014230834739
40.5786517674433,42.3014230834478
40.58,42.3014230834437
40.587653695781,42.3014230834206
40.59,42.3014230834135
40.5966556241188,42.3014230833934
40.6,42.3014230833833
40.6056575524565,42.3014230833663
40.61,42.3014230833531
40.6146594807942,42.3014230833391
40.62,42.301423083323
40.623661409132,42.3014230833119
40.63,42.3014230832928
40.6326633374697,42.3014230832847
40.64,42.3014230832626
40.6416652658074,42.3014230832576
40.65,42.3014230832324
40.6506671941452,42.3014230832304
40.6596691224829,42.3014230832032
40.66,42.3014230832022
40.6686710508206,42.3014230831761
40.67,42.3014230831721
40.6776729791584,42.3014230831489
40.68,42.3014230831419
40.6866749074961,42.3014230831217
40.69,42.3014230831117
40.6956768358338,42.3014230830946
40.7,42.3014230830816
40.7046787641715,42.3014230830674
40.71,42.3014230830514
40.7136806925093,42.3014230830403
40.72,42.3014230830212
40.722682620847,42.3014230830131
40.73,42.3014230829911
40.7316845491847,42.301423082986
40.74,42.3014230829609
40.7406864775225,42.3014230829589
40.7496884058602,42.3014230829317
40.75,42.3014230829308
40.7586903341979,42.3014230829046
40.76,42.3014230829007
40.7676922625357,42.3014230828775
40.77,42.3014230828705
40.7766941908734,42.3014230828503
40.78,42.3014230828404
40.7856961192111,42.3014230828232
40.79,42.3014230828103
40.7946980475489,42.3014230827961
40.8,42.3014230827801
40.8036999758866,42.301423082769
40.81,42.30142308275
40.8127019042243,42.3014230827419
40.82,42.3014230827199
40.8217038325621,42.3014230827148
40.83,42.3014230826898
40.8307057608998,42.3014230826877
40.8397076892375,42.3014230826606
40.84,42.3014230826597
40.8487096175753,42.3014230826335
40.85,42.3014230826296
40.857711545913,42.3014230826064
40.86,42.3014230825995
40.8667134742507,42.3014230825793
40.87,42.3014230825694
40.8757154025884,42.3014230825522
40.88,42.3014230825393
40.8847173309262,42.3014230825251
40.89,42.3014230825092
40.8937192592639,42.301423082498
40.9,42.3014230824791
40.9027211876016,42.3014230824709
40.91,42.301423082449
40.9117231159394,42.3014230824438
40.92,42.3014230824189
40.9207250442771,42.3014230824168
40.9297269726148,42.3014230823897
40.93,42.3014230823889
40.9387289009526,42.3014230823626
40.94,42.3014230823588
40.9477308292903,42.3014230823356
40.95,42.3014230823287
40.956732757628,42.3014230823085
40.96,42.3014230822987
40.9657346859658,42.3014230822814
40.97,42.3014230822686
40.9747366143035,42.3014230822544
40.98,42.3014230822385
40.9837385426412,42.3014230822273
40.99,42.3014230822085
40.992740470979,42.3014230822003
41,42.3014230821784
41.0017423993167,42.3014230821732
41.01,42.3014230821484
41.0107443276544,42.3014230821462
41.0197462559922,42.3014230821191
41.02,42.3014230821184
41.0287481843299,42.3014230820921
41.03,42.3014230820883
41.0377501126676,42.301423082065
41.04,42.3014230820583
41.0467520410053,42.301423082038
41.05,42.3014230820283
41.0557539693431,42.301423082011
41.06,42.3014230819982
41.0647558976808,42.301423081984
41.07,42.3014230819682
41.0737578260185,42.3014230819569
41.08,42.3014230819382
41.0827597543563,42.3014230819299
41.09,42.3014230819082
41.091761682694,42.3014230819029
41.1,42.3014230818782
41.1007636110317,42.3014230818759
41.1097655393695,42.3014230818489
41.11,42.3014230818482
41.1187674677072,42.3014230818218
41.12,42.3014230818181
41.1277693960449,42.3014230817948
41.13,42.3014230817882
41.1367713243827,42.3014230817678
41.14,42.3014230817582
41.1457732527204,42.3014230817408
41.15,42.3014230817282
41.1547751810581,42.3014230817138
41.16,42.3014230816982
41.1637771093959,42.3014230816868
41.17,42.3014230816682
41.1727790377336,42.3014230816598
41.18,42.3014230816382
41.1817809660713,42.3014230816329
41.19,42.3014230816082
41.1907828944091,42.3014230816059
41.1997848227468,42.3014230815789
41.2,42.3014230815783
41.2087867510845,42.3014230815519
41.21,42.3014230815483
41.2177886794222,42.3014230815249
41.22,42.3014230815183
41.22679060776,42.301423081498
41.23,42.3014230814883
41.2357925360977,42.301423081471
41.24,42.3014230814584
41.2447944644354,42.301423081444
41.25,42.3014230814284
41.2537963927732,42.3014230814171
41.26,42.3014230813985
41.2627983211109,42.3014230813901
41.27,42.3014230813685
41.2718002494486,42.3014230813631
41.28,42.3014230813386
41.2808021777864,42.3014230813362
41.2898041061241,42.3014230813092
41.29,42.3014230813087
41.2988060344618,42.3014230812823
41.3,42.3014230812787
41.3078079627996,42.3014230812553
41.31,42.3014230812488
41.3168098911373,42.3014230812284
41.32,42.3014230812188
41.325811819475,42.3014230812014
41.33,42.3014230811889
41.3348137478128,42.3014230811745
41.34,42.301423081159
41.3438156761505,42.3014230811476
41.35,42.3014230811291
41.3528176044882,42.3014230811207
41.36,42.3014230810992
41.361819532826,42.3014230810937
41.37,42.3014230810693
41.3708214611637,42.3014230810668
41.3798233895014,42.3014230810399
41.38,42.3014230810394
41.3888253178391,42.3014230810129
41.39,42.3014230810094
41.3978272461769,42.301423080986
41.4,42.3014230809795
41.4068291745146,42.3014230809591
41.41,42.3014230809497
41.4158311028523,42.3014230809322
41.42,42.3014230809198
41.4248330311901,42.3014230809053
41.43,42.3014230808899
41.4338349595278,42.3014230808784
41.44,42.30142308086
41.4428368878655,42.3014230808515
41.45,42.3014230808301
41.4518388162033,42.3014230808246
41.46,42.3014230808002
41.460840744541,42.3014230807977
41.4698426728787,42.3014230807708
41.47,42.3014230807703
41.4788446012165,42.3014230807439
41.48,42.3014230807405
41.4878465295542,42.301423080717
41.49,42.3014230807106
41.4968484578919,42.3014230806902
41.5,42.3014230806807
41.5058503862297,42.3014230806633
41.51,42.3014230806509
41.5148523145674,42.3014230806364
41.52,42.301423080621
41.5238542429051,42.3014230806095
41.53,42.3014230805912
41.5328561712429,42.3014230805826
41.54,42.3014230805613
41.5418580995806,42.3014230805558
41.55,42.3014230805315
41.5508600279183,42.3014230805289
41.5598619562561,42.301423080502
41.56,42.3014230805016
41.5688638845938,42.3014230804752
41.57,42.3014230804718
41.5778658129315,42.3014230804483
41.58,42.301423080442
41.5868677412692,42.3014230804215
41.59,42.3014230804121
41.595869669607,42.3014230803946
41.6,42.3014230803823
41.6048715979447,42.3014230803678
41.61,42.3014230803525
41.6138735262824,42.3014230803409
41.62,42.3014230803227
41.6228754546202,42.3014230803141
41.63,42.3014230802928
41.6318773829579,42.3014230802873
41.64,42.301423080263
41.6408793112956,42.3014230802604
41.6498812396334,42.3014230802336
41.65,42.3014230802332
41.6588831679711,42.3014230802068
41.66,42.3014230802034
41.6678850963088,42.3014230801799
41.67,42.3014230801736
41.6768870246466,42.3014230801531
41.68,42.3014230801438
41.6858889529843,42.3014230801263
41.69,42.301423080114
41.694890881322,42.3014230800995
41.7,42.3014230800842
41.7038928096598,42.3014230800727
41.71,42.3014230800545
41.7128947379975,42.3014230800458
41.72,42.3014230800247
41.7218966663352,42.301423080019
41.73,42.3014230799949
41.730898594673,42.3014230799922
41.7399005230107,42.3014230799654
41.74,42.3014230799651
41.7489024513484,42.3014230799386
41.75,42.3014230799353
41.7579043796861,42.3014230799118
41.76,42.3014230799056
41.7669063080239,42.301423079885
41.77,42.3014230798758
41.7759082363616,42.3014230798582
41.78,42.3014230798461
41.7849101646993,42.3014230798314
41.79,42.3014230798163
41.7939120930371,42.3014230798047
41.8,42.3014230797865
41.8029140213748,42.3014230797779
41.81,42.3014230797568
41.8119159497125,42.3014230797511
41.82,42.301423079727
41.8209178780503,42.3014230797243
41.829919806388,42.3014230796975
41.83,42.3014230796973
41.8389217347257,42.3014230796708
41.84,42.3014230796676
41.8479236630635,42.301423079644
41.85,42.3014230796378
41.8569255914012,42.3014230796172
41.86,42.3014230796081
41.8659275197389,42.3014230795905
41.87,42.3014230795784
41.8749294480767,42.3014230795637
41.88,42.3014230795486
41.8839313764144,42.301423079537
41.89,42.3014230795189
41.8929333047521,42.3014230795102
41.9,42.3014230794892
41.9019352330899,42.3014230794835
41.91,42.3014230794595
41.9109371614276,42.3014230794567
41.9199390897653,42.30142307943
41.92,42.3014230794298
41.928941018103,42.3014230794032
41.93,42.3014230794001
41.9379429464408,42.3014230793765
41.94,42.3014230793704
41.9469448747785,42.3014230793498
41.95,42.3014230793407
41.9559468031162,42.301423079323
41.96,42.301423079311
41.964948731454,42.3014230792963
41.97,42.3014230792813
41.9739506597917,42.3014230792696
41.98,42.3014230792516
41.9829525881294,42.3014230792428
41.99,42.3014230792219
41.9919545164672,42.3014230792161
42,42.3014230791922
42.0009564448049,42.3014230791894
42.0099583731426,42.3014230791627
42.01,42.3014230791626
42.0189603014804,42.301423079136
42.02,42.3014230791329
42.0279622298181,42.3014230791093
42.03,42.3014230791032
42.0369641581558,42.3014230790826
42.04,42.3014230790736
42.0459660864936,42.3014230790559
42.05,42.3014230790439
42.0549680148313,42.3014230790291
42.06,42.3014230790142
42.063969943169,42.3014230790025
42.07,42.3014230789846
42.0729718715068,42.3014230789757
42.08,42.3014230789549
42.0819737998445,42.3014230789491
42.09,42.3014230789253
42.0909757281822,42.3014230789224
42.0999776565199,42.3014230788957
42.1,42.3014230788956
42.1089795848577,42.301423078869
42.11,42.301423078866
42.1179815131954,42.3014230788423
42.12,42.3014230788364
42.1269834415331,42.3014230788157
42.13,42.3014230788067
42.1359853698709,42.301423078789
42.14,42.3014230787771
42.1449872982086,42.3014230787623
42.15,42.3014230787475
42.1539892265463,42.3014230787356
42.16,42.3014230787178
42.1629911548841,42.301423078709
42.17,42.3014230786882
42.1719930832218,42.3014230786823
42.18,42.3014230786586
42.1809950115595,42.3014230786557
42.1899969398973,42.301423078629
42.19,42.301423078629
42.198998868235,42.3014230786024
42.2,42.3014230785994
42.2080007965727,42.3014230785757
42.21,42.3014230785698
42.2170027249105,42.301423078549
42.22,42.3014230785402
42.2260046532482,42.3014230785224
42.23,42.3014230785106
42.2350065815859,42.3014230784958
42.24,42.301423078481
42.2440085099237,42.3014230784691
42.25,42.3014230784514
42.2530104382614,42.3014230784425
42.26,42.3014230784218
42.2620123665991,42.3014230784159
42.27,42.3014230783922
42.2710142949368,42.3014230783892
42.28,42.3014230783626
42.2800162232746,42.3014230783626
42.2890181516123,42.301423078336
42.29,42.3014230783331
42.29802007995,42.3014230783093
42.3,42.3014230783035
42.3070220082878,42.3014230782827
42.31,42.3014230782739
42.3160239366255,42.3014230782561
42.32,42.3014230782444
42.3250258649632,42.3014230782295
42.33,42.3014230782148
42.334027793301,42.3014230782029
42.34,42.3014230781853
42.3430297216387,42.3014230781763
42.35,42.3014230781557
42.3520316499764,42.3014230781497
42.36,42.3014230781261
42.3610335783142,42.3014230781231
42.37,42.3014230780966
42.3700355066519,42.3014230780965
42.3790374349896,42.3014230780699
42.38,42.301423078067
42.3880393633274,42.3014230780433
42.39,42.3014230780375
42.3970412916651,42.3014230780167
42.4,42.301423078008
42.4060432200028,42.3014230779901
42.41,42.3014230779784
42.4150451483406,42.3014230779635
42.42,42.3014230779489
42.4240470766783,42.301423077937
42.43,42.3014230779194
42.433049005016,42.3014230779104
42.44,42.3014230778899
42.4420509333537,42.3014230778838
42.45,42.3014230778604
42.4510528616915,42.3014230778573
42.46,42.3014230778308
42.4600547900292,42.3014230778307
42.4690567183669,42.3014230778041
42.47,42.3014230778013
42.4780586467047,42.3014230777776
42.48,42.3014230777718
42.4870605750424,42.301423077751
42.49,42.3014230777423
42.4960625033801,42.3014230777245
42.5,42.3014230777128
42.5050644317179,42.3014230776979
42.51,42.3014230776834
42.5140663600556,42.3014230776713
42.52,42.3014230776539
42.5230682883933,42.3014230776448
42.53,42.3014230776244
42.5320702167311,42.3014230776183
42.54,42.3014230775949
42.5410721450688,42.3014230775917
42.55,42.3014230775654
42.5500740734065,42.3014230775652
42.5590760017443,42.3014230775387
42.56,42.3014230775359
42.568077930082,42.3014230775121
42.57,42.3014230775065
42.5770798584197,42.3014230774856
42.58,42.301423077477
42.5860817867575,42.3014230774591
42.59,42.3014230774475
42.5950837150952,42.3014230774326
42.6,42.3014230774181
42.6040856434329,42.301423077406
42.61,42.3014230773886
42.6130875717706,42.3014230773795
42.62,42.3014230773592
42.6220895001084,42.301423077353
42.63,42.3014230773297
42.6310914284461,42.3014230773265
42.64,42.3014230773003
42.6400933567838,42.3014230773
42.6490952851216,42.3014230772735
42.65,42.3014230772708
42.6580972134593,42.301423077247
42.66,42.3014230772414
42.667099141797,42.3014230772205
42.67,42.301423077212
42.6761010701348,42.301423077194
42.68,42.3014230771825
42.6851029984725,42.3014230771675
42.69,42.3014230771531
42.6941049268102,42.301423077141
42.7,42.3014230771237
42.703106855148,42.3014230771145
42.71,42.3014230770942
42.7121087834857,42.301423077088
42.72,42.3014230770648
42.7211107118234,42.3014230770616
42.73,42.3014230770354
42.7301126401612,42.3014230770351
42.7391145684989,42.3014230770086
42.74,42.301423077006
42.7481164968366,42.3014230769822
42.75,42.3014230769766
42.7571184251744,42.3014230769557
42.76,42.3014230769472
42.7661203535121,42.3014230769292
42.77,42.3014230769178
42.7751222818498,42.3014230769027
42.78,42.3014230768884
42.7841242101875,42.3014230768763
42.79,42.301423076859
42.7931261385253,42.3014230768498
42.8,42.3014230768296
42.802128066863,42.3014230768234
42.81,42.3014230768003
42.8111299952007,42.3014230767969
42.82,42.3014230767709
42.8201319235385,42.3014230767705
42.8291338518762,42.301423076744
42.83,42.3014230767415
42.8381357802139,42.3014230767176
42.84,42.3014230767121
42.8471377085517,42.3014230766912
42.85,42.3014230766827
42.8561396368894,42.3014230766647
42.86,42.3014230766534
42.8651415652271,42.3014230766383
42.87,42.301423076624
42.8741434935649,42.3014230766118
42.88,42.3014230765947
42.8831454219026,42.3014230765854
42.89,42.3014230765653
42.8921473502403,42.301423076559
42.9,42.301423076536
42.9011492785781,42.3014230765326
42.91,42.3014230765066
42.9101512069158,42.3014230765062
42.9191531352535,42.3014230764797
42.92,42.3014230764772
42.9281550635913,42.3014230764533
42.93,42.3014230764479
42.937156991929,42.3014230764269
42.94,42.3014230764186
42.9461589202667,42.3014230764005
42.95,42.3014230763892
42.9551608486045,42.3014230763741
42.96,42.3014230763599
42.9641627769422,42.3014230763477
42.97,42.3014230763306
42.9731647052799,42.3014230763213
42.98,42.3014230763013
42.9821666336176,42.3014230762949
42.99,42.3014230762719
42.9911685619554,42.3014230762685
43,42.3014230762426
43.0001704902931,42.3014230762421
43.0091724186308,42.3014230762157
43.01,42.3014230762133
43.0181743469686,42.3014230761893
43.02,42.301423076184
43.0271762753063,42.301423076163
43.03,42.3014230761547
43.036178203644,42.3014230761366
43.04,42.3014230761254
43.0451801319818,42.3014230761102
43.05,42.3014230760961
43.0541820603195,42.3014230760838
43.06,42.3014230760668
43.0631839886572,42.3014230760575
43.07,42.3014230760375
43.072185916995,42.3014230760311
43.08,42.3014230760082
43.0811878453327,42.3014230760047
43.09,42.3014230759789
43.0901897736704,42.3014230759784
43.0991917020082,42.301423075952
43.1,42.3014230759496
43.1081936303459,42.3014230759256
43.11,42.3014230759203
43.1171955586836,42.3014230758993
43.12,42.3014230758911
43.1261974870214,42.3014230758729
43.13,42.3014230758618
43.1351994153591,42.3014230758466
43.14,42.3014230758325
43.1442013436968,42.3014230758202
43.15,42.3014230758033
43.1532032720345,42.3014230757939
43.16,42.301423075774
43.1622052003723,42.3014230757676
43.17,42.3014230757447
43.17120712871,42.3014230757412
43.18,42.3014230757155
43.1802090570477,42.3014230757149
43.1892109853855,42.3014230756885
43.19,42.3014230756862
43.1982129137232,42.3014230756622
43.2,42.301423075657
43.2072148420609,42.3014230756359
43.21,42.3014230756277
43.2162167703987,42.3014230756096
43.22,42.3014230755985
43.2252186987364,42.3014230755832
43.23,42.3014230755693
43.2342206270741,42.3014230755569
43.24,42.30142307554
43.2432225554119,42.3014230755306
43.25,42.3014230755108
43.2522244837496,42.3014230755043
43.26,42.3014230754816
43.2612264120873,42.301423075478
43.27,42.3014230754523
43.2702283404251,42.3014230754517
43.2792302687628,42.3014230754254
43.28,42.3014230754231
43.2882321971005,42.3014230753991
43.29,42.3014230753939
43.2972341254383,42.3014230753728
43.3,42.3014230753647
43.306236053776,42.3014230753465
43.31,42.3014230753355
43.3152379821137,42.3014230753202
43.32,42.3014230753063
43.3242399104514,42.3014230752939
43.33,42.3014230752771
43.3332418387892,42.3014230752676
43.34,42.3014230752479
43.3422437671269,42.3014230752413
43.35,42.3014230752187
43.3512456954646,42.301423075215
43.36,42.3014230751895
43.3602476238024,42.3014230751888
43.3692495521401,42.3014230751625
43.37,42.3014230751603
43.3782514804778,42.3014230751362
43.38,42.3014230751311
43.3872534088156,42.30142307511
43.39,42.3014230751019
43.3962553371533,42.3014230750837
43.4,42.3014230750728
43.405257265491,42.3014230750574
43.41,42.3014230750436
43.4142591938288,42.3014230750312
43.42,42.3014230750144
43.4232611221665,42.3014230750049
43.43,42.3014230749852
43.4322630505042,42.3014230749787
43.44,42.3014230749561
43.441264978842,42.3014230749524
43.45,42.3014230749269
43.4502669071797,42.3014230749261
43.4592688355174,42.3014230748999
43.46,42.3014230748978
43.4682707638552,42.3014230748737
43.47,42.3014230748686
43.4772726921929,42.3014230748474
43.48,42.3014230748395
43.4862746205306,42.3014230748212
43.49,42.3014230748103
43.4952765488683,42.3014230747949
43.5,42.3014230747812
43.5042784772061,42.3014230747687
43.51,42.301423074752
43.5132804055438,42.3014230747425
43.52,42.3014230747229
43.5222823338815,42.3014230747162
43.53,42.3014230746938
43.5312842622193,42.30142307469
43.54,42.3014230746646
43.540286190557,42.3014230746638
43.5492881188947,42.3014230746376
43.55,42.3014230746355
43.5582900472325,42.3014230746114
43.56,42.3014230746064
43.5672919755702,42.3014230745852
43.57,42.3014230745773
43.5762939039079,42.3014230745589
43.58,42.3014230745481
43.5852958322457,42.3014230745327
43.59,42.301423074519
43.5942977605834,42.3014230745065
43.6,42.3014230744899
43.6032996889211,42.3014230744803
43.61,42.3014230744608
43.6123016172589,42.3014230744541
43.62,42.3014230744317
43.6213035455966,42.3014230744279
43.63,42.3014230744026
43.6303054739343,42.3014230744017
43.6393074022721,42.3014230743755
43.64,42.3014230743735
43.6483093306098,42.3014230743494
43.65,42.3014230743444
43.6573112589475,42.3014230743232
43.66,42.3014230743154
43.6663131872852,42.301423074297
43.67,42.3014230742863
43.675315115623,42.3014230742708
43.68,42.3014230742572
43.6843170439607,42.3014230742446
43.69,42.3014230742281
43.6933189722984,42.3014230742185
43.7,42.301423074199
43.7023209006362,42.3014230741923
43.71,42.30142307417
43.7113228289739,42.3014230741661
43.72,42.3014230741409
43.7203247573116,42.3014230741399
43.7293266856494,42.3014230741138
43.73,42.3014230741118
43.7383286139871,42.3014230740876
43.74,42.3014230740828
43.7473305423248,42.3014230740615
43.75,42.3014230740537
43.7563324706626,42.3014230740353
43.76,42.3014230740247
43.7653343990003,42.3014230740092
43.77,42.3014230739956
43.774336327338,42.301423073983
43.78,42.3014230739666
43.7833382556758,42.3014230739569
43.79,42.3014230739375
43.7923401840135,42.3014230739307
43.8,42.3014230739085
43.8013421123512,42.3014230739046
43.81,42.3014230738794
43.810344040689,42.3014230738784
43.8193459690267,42.3014230738523
43.82,42.3014230738504
43.8283478973644,42.3014230738262
43.83,42.3014230738214
43.8373498257021,42.3014230738001
43.84,42.3014230737924
43.8463517540399,42.3014230737739
43.85,42.3014230737633
43.8553536823776,42.3014230737478
43.86,42.3014230737343
43.8643556107153,42.3014230737217
43.87,42.3014230737053
43.8733575390531,42.3014230736956
43.88,42.3014230736763
43.8823594673908,42.3014230736695
43.89,42.3014230736473
43.8913613957285,42.3014230736433
43.9,42.3014230736183
43.9003633240663,42.3014230736172
43.909365252404,42.3014230735911
43.91,42.3014230735893
43.9183671807417,42.301423073565
43.92,42.3014230735603
43.9273691090795,42.3014230735389
43.93,42.3014230735313
43.9363710374172,42.3014230735128
43.94,42.3014230735023
43.9453729657549,42.3014230734867
43.95,42.3014230734733
43.9543748940927,42.3014230734606
43.96,42.3014230734443
43.9633768224304,42.3014230734345
43.97,42.3014230734153
43.9723787507681,42.3014230734084
43.98,42.3014230733864
43.9813806791059,42.3014230733824
43.99,42.3014230733574
43.9903826074436,42.3014230733563
43.9993845357813,42.3014230733302
44,42.3014230733284
44.008386464119,42.3014230733041
44.01,42.3014230732994
44.0173883924568,42.301423073278
44.02,42.3014230732705
44.0263903207945,42.301423073252
44.03,42.3014230732415
44.0353922491322,42.3014230732259
44.04,42.3014230732126
44.04439417747,42.3014230731998
44.05,42.3014230731836
44.0533961058077,42.3014230731738
44.06,42.3014230731547
44.0623980341454,42.3014230731477
44.07,42.3014230731257
44.0713999624832,42.3014230731217
44.08,42.3014230730968
44.0804018908209,42.3014230730956
44.0894038191586,42.3014230730696
44.09,42.3014230730678
44.0984057474964,42.3014230730435
44.1,42.3014230730389
44.1074076758341,42.3014230730175
44.11,42.30142307301
44.1164096041718,42.3014230729914
44.12,42.301423072981
44.1254115325096,42.3014230729654
44.13,42.3014230729521
44.1344134608473,42.3014230729393
44.14,42.3014230729232
44.143415389185,42.3014230729133
44.15,42.3014230728943
44.1524173175228,42.3014230728873
44.16,42.3014230728653
44.1614192458605,42.3014230728612
44.17,42.3014230728364
44.1704211741982,42.3014230728352
44.1794231025359,42.3014230728092
44.18,42.3014230728075
44.1884250308737,42.3014230727832
44.19,42.3014230727786
44.1974269592114,42.3014230727571
44.2,42.3014230727497
44.2064288875491,42.3014230727311
44.21,42.3014230727208
44.2154308158869,42.3014230727051
44.22,42.3014230726919
44.2244327442246,42.3014230726791
44.23,42.301423072663
44.2334346725623,42.3014230726531
44.24,42.3014230726341
44.2424366009001,42.3014230726271
44.25,42.3014230726052
44.2514385292378,42.3014230726011
44.26,42.3014230725764
44.2604404575755,42.3014230725751
44.2694423859133,42.3014230725491
44.27,42.3014230725475
44.278444314251,42.3014230725231
44.28,42.3014230725186
44.2874462425887,42.3014230724971
44.29,42.3014230724897
44.2964481709265,42.3014230724711
44.3,42.3014230724609
44.3054500992642,42.3014230724451
44.31,42.301423072432
44.3144520276019,42.3014230724191
44.32,42.3014230724031
44.3234539559397,42.3014230723932
44.33,42.3014230723743
44.3324558842774,42.3014230723672
44.34,42.3014230723454
44.3414578126151,42.3014230723412
44.35,42.3014230723166
44.3504597409529,42.3014230723152
44.3594616692906,42.3014230722893
44.36,42.3014230722877
44.3684635976283,42.3014230722633
44.37,42.3014230722589
44.377465525966,42.3014230722373
44.38,42.30142307223
44.3864674543038,42.3014230722114
44.39,42.3014230722012
44.3954693826415,42.3014230721854
44.4,42.3014230721724
44.4044713109792,42.3014230721595
44.41,42.3014230721435
44.413473239317,42.3014230721335
44.42,42.3014230721147
44.4224751676547,42.3014230721076
44.43,42.3014230720859
44.4314770959924,42.3014230720816
44.44,42.301423072057
44.4404790243302,42.3014230720557
44.4494809526679,42.3014230720297
44.45,42.3014230720282
44.4584828810056,42.3014230720038
44.46,42.3014230719994
44.4674848093434,42.3014230719778
44.47,42.3014230719706
44.4764867376811,42.3014230719519
44.48,42.3014230719418
44.4854886660188,42.301423071926
44.49,42.301423071913
44.4944905943566,42.3014230719001
44.5,42.3014230718842
44.5034925226943,42.3014230718741
44.51,42.3014230718554
44.512494451032,42.3014230718482
44.52,42.3014230718266
44.5214963793698,42.3014230718223
44.53,42.3014230717978
44.5304983077075,42.3014230717964
44.5395002360452,42.3014230717705
44.54,42.301423071769
44.5485021643829,42.3014230717445
44.55,42.3014230717402
44.5575040927207,42.3014230717186
44.56,42.3014230717115
44.5665060210584,42.3014230716927
44.57,42.3014230716827
44.5755079493961,42.3014230716668
44.58,42.3014230716539
44.5845098777339,42.3014230716409
44.59,42.3014230716251
44.5935118060716,42.301423071615
44.6,42.3014230715964
44.6025137344093,42.3014230715891
44.61,42.3014230715676
44.6115156627471,42.3014230715632
44.62,42.3014230715388
44.6205175910848,42.3014230715374
44.6295195194225,42.3014230715115
44.63,42.3014230715101
44.6385214477603,42.3014230714856
44.64,42.3014230714813
44.647523376098,42.3014230714597
44.65,42.3014230714526
44.6565253044357,42.3014230714338
44.66,42.3014230714238
44.6655272327735,42.3014230714079
44.67,42.3014230713951
44.6745291611112,42.3014230713821
44.68,42.3014230713663
44.6835310894489,42.3014230713562
44.69,42.3014230713376
44.6925330177867,42.3014230713303
44.7,42.3014230713089
44.7015349461244,42.3014230713045
44.71,42.3014230712801
44.7105368744621,42.3014230712786
44.7195388027998,42.3014230712527
44.72,42.3014230712514
44.7285407311376,42.3014230712269
44.73,42.3014230712227
44.7375426594753,42.301423071201
44.74,42.301423071194
44.746544587813,42.3014230711752
44.75,42.3014230711652
44.7555465161508,42.3014230711493
44.76,42.3014230711365
44.7645484444885,42.3014230711235
44.77,42.3014230711078
44.7735503728262,42.3014230710976
44.78,42.3014230710791
44.782552301164,42.3014230710718
44.79,42.3014230710504
44.7915542295017,42.301423071046
44.8,42.3014230710217
44.8005561578394,42.3014230710201
44.8095580861772,42.3014230709943
44.81,42.301423070993
44.8185600145149,42.3014230709685
44.82,42.3014230709643
44.8275619428526,42.3014230709426
44.83,42.3014230709356
44.8365638711904,42.3014230709168
44.84,42.3014230709069
44.8455657995281,42.301423070891
44.85,42.3014230708783
44.8545677278658,42.3014230708651
44.86,42.3014230708496
44.8635696562036,42.3014230708393
44.87,42.3014230708209
44.8725715845413,42.3014230708135
44.88,42.3014230707922
44.881573512879,42.3014230707877
44.89,42.3014230707636
44.8905754412167,42.3014230707619
44.8995773695545,42.3014230707361
44.9,42.3014230707349
44.9085792978922,42.3014230707103
44.91,42.3014230707062
44.9175812262299,42.3014230706845
44.92,42.3014230706776
44.9265831545677,42.3014230706587
44.93,42.3014230706489
44.9355850829054,42.3014230706329
44.94,42.3014230706202
44.9445870112431,42.3014230706071
44.95,42.3014230705916
44.9535889395809,42.3014230705813
44.96,42.301423070563
44.9625908679186,42.3014230705555
44.97,42.3014230705343
44.9715927962563,42.3014230705297
44.98,42.3014230705057
44.9805947245941,42.301423070504
44.9895966529318,42.3014230704782
44.99,42.301423070477
44.9985985812695,42.3014230704524
45,42.3014230704484
45.0076005096073,42.3014230704266
45.01,42.3014230704198
45.016602437945,42.3014230704009
45.02,42.3014230703911
45.0256043662827,42.3014230703751
45.03,42.3014230703625
45.0346062946205,42.3014230703493
45.04,42.3014230703339
45.0436082229582,42.3014230703236
45.05,42.3014230703053
45.0526101512959,42.3014230702978
45.06,42.3014230702767
45.0616120796336,42.301423070272
45.07,42.301423070248
45.0706140079714,42.3014230702463
45.0796159363091,42.3014230702205
45.08,42.3014230702194
45.0886178646468,42.3014230701948
45.09,42.3014230701908
45.0976197929846,42.301423070169
45.1,42.3014230701622
45.1066217213223,42.3014230701433
45.11,42.3014230701336
45.11562364966,42.3014230701176
45.12,42.301423070105
45.1246255779978,42.3014230700918
45.13,42.3014230700764
45.1336275063355,42.3014230700661
45.14,42.3014230700479
45.1426294346732,42.3014230700404
45.15,42.3014230700193
45.151631363011,42.3014230700146
45.16,42.3014230699907
45.1606332913487,42.3014230699889
45.1696352196864,42.3014230699631
45.17,42.3014230699621
45.1786371480242,42.3014230699374
45.18,42.3014230699335
45.1876390763619,42.3014230699117
45.19,42.301423069905
45.1966410046996,42.301423069886
45.2,42.3014230698764
45.2056429330374,42.3014230698603
45.21,42.3014230698478
45.2146448613751,42.3014230698346
45.22,42.3014230698193
45.2236467897128,42.3014230698089
45.23,42.3014230697907
45.2326487180505,42.3014230697831
45.24,42.3014230697622
45.2416506463883,42.3014230697575
45.25,42.3014230697336
45.250652574726,42.3014230697317
45.2596545030637,42.301423069706
45.26,42.3014230697051
45.2686564314015,42.3014230696804
45.27,42.3014230696765
45.2776583597392,42.3014230696547
45.28,42.301423069648
45.2866602880769,42.301423069629
45.29,42.3014230696194
45.2956622164147,42.3014230696033
45.3,42.3014230695909
45.3046641447524,42.3014230695776
45.31,42.3014230695624
45.3136660730901,42.3014230695519
45.32,42.3014230695338
45.3226680014279,42.3014230695262
45.33,42.3014230695053
45.3316699297656,42.3014230695006
45.34,42.3014230694768
45.3406718581033,42.3014230694749
45.3496737864411,42.3014230694492
45.35,42.3014230694483
45.3586757147788,42.3014230694235
45.36,42.3014230694198
45.3676776431165,42.3014230693979
45.37,42.3014230693912
45.3766795714543,42.3014230693722
45.38,42.3014230693627
45.385681499792,42.3014230693465
45.39,42.3014230693342
45.3946834281297,42.3014230693209
45.4,42.3014230693057
45.4036853564674,42.3014230692952
45.41,42.3014230692772
45.4126872848052,42.3014230692696
45.42,42.3014230692487
45.4216892131429,42.3014230692439
45.43,42.3014230692202
45.4306911414806,42.3014230692183
45.4396930698184,42.3014230691926
45.44,42.3014230691917
45.4486949981561,42.301423069167
45.45,42.3014230691633
45.4576969264938,42.3014230691413
45.46,42.3014230691348
45.4666988548316,42.3014230691157
45.47,42.3014230691063
45.4757007831693,42.3014230690901
45.48,42.3014230690778
45.484702711507,42.3014230690644
45.49,42.3014230690493
45.4937046398448,42.3014230690388
45.5,42.3014230690209
45.5027065681825,42.3014230690132
45.51,42.3014230689924
45.5117084965202,42.3014230689875
45.52,42.3014230689639
45.520710424858,42.3014230689619
45.5297123531957,42.3014230689363
45.53,42.3014230689355
45.5387142815334,42.3014230689107
45.54,42.301423068907
45.5477162098712,42.3014230688851
45.55,42.3014230688786
45.5567181382089,42.3014230688595
45.56,42.3014230688501
45.5657200665466,42.3014230688339
45.57,42.3014230688217
45.5747219948843,42.3014230688082
45.58,42.3014230687932
45.5837239232221,42.3014230687826
45.59,42.3014230687648
45.5927258515598,42.3014230687571
45.6,42.3014230687364
45.6017277798975,42.3014230687315
45.61,42.3014230687079
45.6107297082353,42.3014230687059
45.619731636573,42.3014230686803
45.62,42.3014230686795
45.6287335649107,42.3014230686547
45.63,42.3014230686511
45.6377354932485,42.3014230686291
45.64,42.3014230686226
45.6467374215862,42.3014230686035
45.65,42.3014230685942
45.6557393499239,42.3014230685779
45.66,42.3014230685658
45.6647412782617,42.3014230685523
45.67,42.3014230685374
45.6737432065994,42.3014230685268
45.68,42.301423068509
45.6827451349371,42.3014230685012
45.69,42.3014230684806
45.6917470632749,42.3014230684756
45.7,42.3014230684522
45.7007489916126,42.30142306845
45.7097509199503,42.3014230684245
45.71,42.3014230684238
45.7187528482881,42.3014230683989
45.72,42.3014230683954
45.7277547766258,42.3014230683733
45.73,42.301423068367
45.7367567049635,42.3014230683478
45.74,42.3014230683386
45.7457586333013,42.3014230683222
45.75,42.3014230683102
45.754760561639,42.3014230682967
45.76,42.3014230682818
45.7637624899767,42.3014230682711
45.77,42.3014230682534
45.7727644183144,42.3014230682456
45.78,42.301423068225
45.7817663466522,42.30142306822
45.79,42.3014230681967
45.7907682749899,42.3014230681945
45.7997702033276,42.301423068169
45.8,42.3014230681683
45.8087721316654,42.3014230681434
45.81,42.3014230681399
45.8177740600031,42.3014230681179
45.82,42.3014230681116
45.8267759883408,42.3014230680923
45.83,42.3014230680832
45.8357779166786,42.3014230680668
45.84,42.3014230680548
45.8447798450163,42.3014230680413
45.85,42.3014230680265
45.853781773354,42.3014230680158
45.86,42.3014230679981
45.8627837016918,42.3014230679902
45.87,42.3014230679698
45.8717856300295,42.3014230679647
45.88,42.3014230679414
45.8807875583672,42.3014230679392
45.889789486705,42.3014230679137
45.89,42.3014230679131
45.8987914150427,42.3014230678882
45.9,42.3014230678848
45.9077933433804,42.3014230678627
45.91,42.3014230678564
45.9167952717182,42.3014230678372
45.92,42.3014230678281
45.9257972000559,42.3014230678117
45.93,42.3014230677998
45.9347991283936,42.3014230677862
45.94,42.3014230677714
45.9438010567313,42.3014230677607
45.95,42.3014230677431
45.9528029850691,42.3014230677352
45.96,42.3014230677148
45.9618049134068,42.3014230677097
45.97,42.3014230676865
45.9708068417445,42.3014230676842
45.9798087700823,42.3014230676587
45.98,42.3014230676581
45.98881069842,42.3014230676332
45.99,42.3014230676298
45.9978126267577,42.3014230676077
46,42.3014230676015
46.0068145550955,42.3014230675822
46.01,42.3014230675732
46.0158164834332,42.3014230675568
46.02,42.3014230675449
46.0248184117709,42.3014230675313
46.03,42.3014230675166
46.0338203401087,42.3014230675058
46.04,42.3014230674883
46.0428222684464,42.3014230674804
46.05,42.30142306746
46.0518241967841,42.3014230674549
46.06,42.3014230674318
46.0608261251219,42.3014230674294
46.0698280534596,42.301423067404
46.07,42.3014230674035
46.0788299817973,42.3014230673785
46.08,42.3014230673752
46.0878319101351,42.301423067353
46.09,42.3014230673469
46.0968338384728,42.3014230673276
46.1,42.3014230673186
46.1058357668105,42.3014230673021
46.11,42.3014230672904
46.1148376951482,42.3014230672767
46.12,42.3014230672621
46.123839623486,42.3014230672512
46.13,42.3014230672338
46.1328415518237,42.3014230672258
46.14,42.3014230672056
46.1418434801614,42.3014230672004
46.15,42.3014230671773
46.1508454084992,42.3014230671749
46.1598473368369,42.3014230671495
46.16,42.301423067149
46.1688492651746,42.301423067124
46.17,42.3014230671208
46.1778511935124,42.3014230670986
46.18,42.3014230670925
46.1868531218501,42.3014230670732
46.19,42.3014230670643
46.1958550501878,42.3014230670478
46.2,42.3014230670361
46.2048569785256,42.3014230670223
46.21,42.3014230670078
46.2138589068633,42.3014230669969
46.22,42.3014230669796
46.222860835201,42.3014230669715
46.23,42.3014230669514
46.2318627635388,42.3014230669461
46.24,42.3014230669231
46.2408646918765,42.3014230669207
46.2498666202142,42.3014230668953
46.25,42.3014230668949
46.258868548552,42.3014230668698
46.26,42.3014230668667
46.2678704768897,42.3014230668444
46.27,42.3014230668384
46.2768724052274,42.301423066819
46.28,42.3014230668102
46.2858743335651,42.3014230667936
46.29,42.301423066782
46.2948762619029,42.3014230667683
46.3,42.3014230667538
46.3038781902406,42.3014230667428
46.31,42.3014230667256
46.3128801185783,42.3014230667175
46.32,42.3014230666974
46.3218820469161,42.3014230666921
46.33,42.3014230666692
46.3308839752538,42.3014230666667
46.3398859035915,42.3014230666413
46.34,42.301423066641
46.3488878319293,42.3014230666159
46.35,42.3014230666128
46.357889760267,42.3014230665905
46.36,42.3014230665846
46.3668916886047,42.3014230665652
46.37,42.3014230665564
46.3758936169425,42.3014230665398
46.38,42.3014230665282
46.3848955452802,42.3014230665144
46.39,42.3014230665
46.3938974736179,42.3014230664891
46.4,42.3014230664718
46.4028994019557,42.3014230664637
46.41,42.3014230664437
46.4119013302934,42.3014230664383
46.42,42.3014230664155
46.4209032586311,42.301423066413
46.4299051869689,42.3014230663876
46.43,42.3014230663873
46.4389071153066,42.3014230663622
46.44,42.3014230663592
46.4479090436443,42.3014230663369
46.45,42.301423066331
46.456910971982,42.3014230663115
46.46,42.3014230663028
46.4659129003198,42.3014230662862
46.47,42.3014230662747
46.4749148286575,42.3014230662608
46.48,42.3014230662465
46.4839167569952,42.3014230662355
46.49,42.3014230662184
46.492918685333,42.3014230662102
46.5,42.3014230661902
46.5019206136707,42.3014230661848
46.51,42.3014230661621
46.5109225420084,42.3014230661595
46.5199244703462,42.3014230661342
46.52,42.3014230661339
46.5289263986839,42.3014230661088
46.53,42.3014230661058
46.5379283270216,42.3014230660835
46.54,42.3014230660777
46.5469302553594,42.3014230660582
46.55,42.3014230660495
46.5559321836971,42.3014230660329
46.56,42.3014230660214
46.5649341120348,42.3014230660075
46.57,42.3014230659933
46.5739360403726,42.3014230659822
46.58,42.3014230659652
46.5829379687103,42.3014230659569
46.59,42.301423065937
46.591939897048,42.3014230659316
46.6,42.3014230659089
46.6009418253858,42.3014230659063
46.6099437537235,42.301423065881
46.61,42.3014230658808
46.6189456820612,42.3014230658557
46.62,42.3014230658527
46.6279476103989,42.3014230658304
46.63,42.3014230658246
46.6369495387367,42.3014230658051
46.64,42.3014230657965
46.6459514670744,42.3014230657798
46.65,42.3014230657684
46.6549533954121,42.3014230657545
46.66,42.3014230657403
46.6639553237499,42.3014230657292
46.67,42.3014230657122
46.6729572520876,42.3014230657039
46.68,42.3014230656841
46.6819591804253,42.3014230656786
46.69,42.301423065656
46.6909611087631,42.3014230656533
46.6999630371008,42.301423065628
46.7,42.3014230656279
46.7089649654385,42.3014230656028
46.71,42.3014230655998
46.7179668937763,42.3014230655775
46.72,42.3014230655718
46.726968822114,42.3014230655522
46.73,42.3014230655437
46.7359707504517,42.3014230655269
46.74,42.3014230655156
46.7449726787895,42.3014230655017
46.75,42.3014230654876
46.7539746071272,42.3014230654764
46.76,42.3014230654595
46.7629765354649,42.3014230654511
46.77,42.3014230654314
46.7719784638027,42.3014230654259
46.78,42.3014230654034
46.7809803921404,42.3014230654006
46.7899823204781,42.3014230653754
46.79,42.3014230653753
46.7989842488158,42.3014230653501
46.8,42.3014230653473
46.8079861771536,42.3014230653249
46.81,42.3014230653192
46.8169881054913,42.3014230652996
46.82,42.3014230652912
46.825990033829,42.3014230652744
46.83,42.3014230652631
46.8349919621668,42.3014230652491
46.84,42.3014230652351
46.8439938905045,42.3014230652239
46.85,42.301423065207
46.8529958188422,42.3014230651986
46.86,42.301423065179
46.86199774718,42.3014230651734
46.87,42.301423065151
46.8709996755177,42.3014230651482
46.88,42.3014230651229
46.8800016038554,42.3014230651229
46.8890035321932,42.3014230650977
46.89,42.3014230650949
46.8980054605309,42.3014230650725
46.9,42.3014230650669
46.9070073888686,42.3014230650473
46.91,42.3014230650389
46.9160093172064,42.301423065022
46.92,42.3014230650109
46.9250112455441,42.3014230649968
46.93,42.3014230649828
46.9340131738818,42.3014230649716
46.94,42.3014230649548
46.9430151022196,42.3014230649464
46.95,42.3014230649268
46.9520170305573,42.3014230649212
46.96,42.3014230648988
46.961018958895,42.301423064896
46.97,42.3014230648708
46.9700208872327,42.3014230648708
46.9790228155705,42.3014230648456
46.98,42.3014230648428
46.9880247439082,42.3014230648204
46.99,42.3014230648148
46.9970266722459,42.3014230647952
47,42.3014230647869
47.0060286005837,42.30142306477
47.01,42.3014230647589
47.0150305289214,42.3014230647448
47.02,42.3014230647309
47.0240324572591,42.3014230647196
47.03,42.3014230647029
47.0330343855969,42.3014230646944
47.04,42.3014230646749
47.0420363139346,42.3014230646692
47.05,42.301423064647
47.0510382422723,42.3014230646441
47.06,42.301423064619
47.0600401706101,42.3014230646189
47.0690420989478,42.3014230645937
47.07,42.301423064591
47.0780440272855,42.3014230645685
47.08,42.3014230645631
47.0870459556233,42.3014230645434
47.09,42.3014230645351
47.096047883961,42.3014230645182
47.1,42.3014230645072
