time,data
0,-83.6992195782326
0.025,-83.6992195782326
0.05,-83.6992195782326
0.075,-83.6992195782326
0.1,-83.6992195784966
0.125,-83.6992195790162
0.15,-83.6992195797813
0.175,-83.6992195806477
0.2,-83.6992195814492
0.225,-83.6992195819853
0.25,-83.699219582064
0.275,-83.6992195814992
0.3,-83.6992195801259
0.325,-83.6992195778006
0.35,-83.6992195743943
0.375,-83.69921956981
0.4,-83.6992195639606
0.425,-83.6992195567922
0.45,-83.6992195482543
0.475,-83.6992195383283
0.5,-83.6992195270019
0.525,-83.6992195142826
0.55,-83.699219500167
0.575,-83.6992194846779
0.6,-83.6992194678239
0.625,-83.6992194496407
0.65,-83.6992194301494
0.675,-83.6992194093962
0.7,-83.6992193874089
0.725,-83.6992193642403
0.75,-83.6992193399231
0.775,-83.6992193145144
0.8,-83.6992192880458
0.825,-83.6992192605765
0.85,-83.6992192321541
0.875,-83.6992192028391
0.9,-83.6992191726648
0.925,-83.6992191416882
0.95,-83.6992191099322
0.975,-83.6992190774546
1,-83.6992190442951
1.025,-83.6992190105153
1.05,-83.6992189761661
1.075,-83.6992189413055
1.1,-83.6992189059679
1.125,-83.6992188702036
1.15,-83.6992188340425
1.175,-83.6992187975314
1.2,-83.6992187606892
1.225,-83.6992187235607
1.25,-83.6992186861758
1.275,-83.6992186485799
1.3,-83.6992186108098
1.325,-83.6992185729071
1.35,-83.6992185348873
1.375,-83.6992184967865
1.4,-83.6992184586272
1.425,-83.6992184204447
1.45,-83.6992183822603
1.475,-83.6992183441064
1.5,-83.6992183060082
1.525,-83.6992182679941
1.55,-83.6992182300787
1.575,-83.6992181922856
1.6,-83.6992181546267
1.625,-83.6992181171237
1.65,-83.6992180797871
1.675,-83.699218042637
1.7,-83.6992180056827
1.725,-83.6992179689422
1.75,-83.6992179324236
1.775,-83.6992178961438
1.8,-83.6992178601108
1.825,-83.6992178243403
1.85,-83.6992177888407
1.875,-83.6992177536266
1.9,-83.6992177187058
1.925,-83.6992176840914
1.95,-83.6992176497901
1.975,-83.6992176158131
2,-83.6992175821664
2.025,-83.6992175488597
2.05,-83.6992175158996
2.075,-83.6992174832941
2.1,-83.6992174510459
2.125,-83.6992174191607
2.15,-83.6992173876405
2.175,-83.6992173564899
2.2,-83.6992173257099
2.225,-83.6992172953038
2.25,-83.6992172652725
2.275,-83.6992172356189
2.3,-83.6992172063438
2.325,-83.6992171774495
2.35,-83.6992171489364
2.375,-83.6992171208059
2.4,-83.6992170930584
2.425,-83.6992170656944
2.45,-83.6992170387135
2.475,-83.6992170121152
2.5,-83.6992169858982
2.525,-83.6992169600615
2.55,-83.6992169346046
2.575,-83.6992169095258
2.6,-83.6992168848241
2.625,-83.6992168604972
2.65,-83.6992168365433
2.675,-83.6992168129595
2.7,-83.699216789744
2.725,-83.6992167668929
2.75,-83.6992167444036
2.775,-83.699216722272
2.8,-83.6992167004956
2.825,-83.6992166790699
2.85,-83.6992166579927
2.875,-83.6992166372589
2.9,-83.6992166168647
2.925,-83.6992165968053
2.95,-83.6992165770783
2.975,-83.6992165576788
3,-83.6992165386037
3.025,-83.699216519848
3.05,-83.699216501409
3.075,-83.6992164832812
3.1,-83.6992164654619
3.125,-83.6992164479452
3.15,-83.6992164307291
3.175,-83.6992164138075
3.2,-83.6992163971772
3.225,-83.6992163808316
3.25,-83.6992163647669
3.275,-83.6992163489765
3.3,-83.6992163334582
3.325,-83.699216318205
3.35,-83.699216303213
3.375,-83.699216288475
3.4,-83.6992162739874
3.425,-83.6992162597432
3.45,-83.699216245739
3.475,-83.6992162319677
3.5,-83.6992162184259
3.525,-83.6992162051065
3.55,-83.6992161920055
3.575,-83.6992161791162
3.6,-83.699216166435
3.625,-83.6992161539553
3.65,-83.6992161416741
3.675,-83.6992161295849
3.7,-83.699216117685
3.725,-83.6992161059676
3.75,-83.6992160944286
3.775,-83.6992160830616
3.8,-83.6992160718648
3.825,-83.6992160608322
3.85,-83.6992160499615
3.875,-83.6992160392468
3.9,-83.6992160286852
3.925,-83.6992160182705
3.95,-83.6992160080002
3.975,-83.6992159978684
4,-83.6992159878728
4.025,-83.6992159780075
4.05,-83.6992159682706
4.075,-83.699215958656
4.1,-83.6992159491616
4.125,-83.6992159397806
4.15,-83.6992159305084
4.175,-83.6992159213386
4.2,-83.6992159122693
4.225,-83.6992159032946
4.25,-83.6992158944117
4.275,-83.6992158856148
4.3,-83.699215876901
4.325,-83.6992158682646
4.35,-83.6992158597027
4.375,-83.6992158512102
4.4,-83.6992158427852
4.425,-83.6992158344223
4.45,-83.699215826118
4.475,-83.6992158178673
4.5,-83.6992158096685
4.525,-83.6992158015171
4.55,-83.6992157934105
4.575,-83.699215785345
4.6,-83.6992157773187
4.625,-83.699215769328
4.65,-83.6992157613715
4.675,-83.6992157534459
4.7,-83.6992157455496
4.725,-83.6992157376798
4.75,-83.6992157298341
4.775,-83.69921572201
4.8,-83.6992157142063
4.825,-83.6992157064208
4.85,-83.699215698652
4.875,-83.6992156908983
4.9,-83.6992156831588
4.925,-83.6992156754325
4.95,-83.6992156677182
4.975,-83.6992156600156
5,-83.6992156523233
5.025,-83.6992156446413
5.05,-83.6992156369693
5.075,-83.6992156293073
5.1,-83.6992156216551
5.125,-83.6992156140132
5.15,-83.6992156063812
5.175,-83.6992155987601
5.2,-83.6992155911503
5.225,-83.6992155835529
5.25,-83.6992155759672
5.275,-83.6992155683949
5.3,-83.6992155608356
5.325,-83.6992155532911
5.35,-83.6992155457628
5.375,-83.6992155382525
5.4,-83.6992155307605
5.425,-83.6992155232886
5.45,-83.6992155158368
5.475,-83.6992155084069
5.5,-83.699215500999
5.525,-83.6992154936154
5.55,-83.6992154862564
5.575,-83.6992154789247
5.6,-83.6992154716216
5.625,-83.6992154643499
5.65,-83.6992154571102
5.675,-83.6992154499051
5.7,-83.6992154427348
5.725,-83.6992154356021
5.75,-83.6992154285078
5.775,-83.6992154214549
5.8,-83.6992154144428
5.825,-83.6992154074753
5.85,-83.6992154005533
5.875,-83.6992153936811
5.9,-83.6992153868596
5.925,-83.6992153800934
5.95,-83.699215373384
5.975,-83.6992153667364
6,-83.6992153601522
6.025,-83.6992153536364
6.05,-83.6992153471902
6.075,-83.6992153408187
6.1,-83.699215334523
6.125,-83.6992153283085
6.15,-83.6992153221769
6.175,-83.6992153161337
6.2,-83.6992153101806
6.225,-83.6992153043235
6.25,-83.6992152985636
6.275,-83.6992152929072
6.3,-83.6992152873569
6.325,-83.6992152819189
6.35,-83.6992152765966
6.375,-83.6992152713954
6.4,-83.6992152663149
6.425,-83.6992152613608
6.45,-83.6992152565344
6.475,-83.699215251842
6.5,-83.6992152473783
6.525,-83.6992152431422
6.55,-83.699215239114
6.575,-83.6992152352678
6.6,-83.6992152315773
6.625,-83.6992152280194
6.65,-83.6992152245747
6.675,-83.699215221228
6.7,-83.6992152178566
6.725,-83.6992152144827
6.75,-83.6992152111575
6.775,-83.6992152079004
6.8,-83.6992152047058
6.825,-83.6992152015917
6.85,-83.6992151985577
6.875,-83.6992151956241
6.9,-83.6992151928053
6.925,-83.6992151901177
6.95,-83.6992151875714
6.975,-83.6992151851784
7,-83.6992151829461
7.025,-83.6992151808833
7.05,-83.6992151789949
7.075,-83.6992151772877
7.1,-83.6992151757658
7.125,-83.6992151744342
7.15,-83.699215173296
7.175,-83.6992151723552
7.2,-83.6992151716143
7.225,-83.6992151710764
7.25,-83.6992151707433
7.275,-83.6992151706174
7.3,-83.6992151707008
7.325,-83.699215170995
7.35,-83.6992151715023
7.375,-83.6992151722238
7.4,-83.6992151731613
7.425,-83.6992151743149
7.45,-83.6992151756859
7.475,-83.6992151772741
7.5,-83.6992151790815
7.525,-83.699215181107
7.55,-83.6992151833512
7.575,-83.6992151858125
7.6,-83.699215188492
7.625,-83.6992151913879
7.65,-83.6992151944997
7.675,-83.6992151978256
7.7,-83.6992152013671
7.725,-83.6992152051218
7.75,-83.6992152090906
7.775,-83.6992152132702
7.8,-83.6992152176603
7.825,-83.6992152222572
7.85,-83.699215227062
7.875,-83.6992152320702
7.9,-83.6992152372818
7.925,-83.6992152426917
7.95,-83.6992152482994
7.975,-83.6992152540996
8,-83.699215260092
8.025,-83.699215266271
8.05,-83.6992152726369
8.075,-83.6992152791836
8.1,-83.6992152859102
8.125,-83.6992152928105
8.15,-83.6992152998848
8.175,-83.6992153071261
8.2,-83.6992153145321
8.225,-83.6992153220959
8.25,-83.6992153298181
8.275,-83.6992153376909
8.3,-83.6992153457119
8.325,-83.6992153538731
8.35,-83.6992153621737
8.375,-83.6992153706053
8.4,-83.6992153791661
8.425,-83.699215387847
8.45,-83.6992153966454
8.475,-83.699215405552
8.5,-83.699215414567
8.525,-83.6992154236803
8.55,-83.6992154328884
8.575,-83.6992154421813
8.6,-83.6992154515572
8.625,-83.6992154610057
8.65,-83.6992154705269
8.675,-83.6992154801088
8.7,-83.6992154897507
8.725,-83.6992154994389
8.75,-83.6992155091669
8.775,-83.6992155189214
8.8,-83.6992155286942
8.825,-83.6992155384739
8.85,-83.6992155482599
8.875,-83.6992155580408
8.9,-83.6992155678113
8.925,-83.6992155775601
8.95,-83.6992155872876
8.975,-83.6992155969815
9,-83.6992156066361
9.025,-83.6992156162389
9.05,-83.6992156257863
9.075,-83.6992156352662
9.1,-83.699215644677
9.125,-83.6992156540054
9.15,-83.6992156632476
9.175,-83.6992156723898
9.2,-83.6992156814261
9.225,-83.6992156903436
9.25,-83.6992156991367
9.275,-83.6992157077931
9.3,-83.6992157163095
9.325,-83.6992157246737
9.35,-83.6992157328784
9.375,-83.6992157409131
9.4,-83.6992157487773
9.425,-83.6992157564601
9.45,-83.6992157639545
9.475,-83.6992157712506
9.5,-83.6992157783464
9.525,-83.6992157852322
9.55,-83.6992157919026
9.575,-83.6992157983485
9.6,-83.6992158045647
9.625,-83.6992158105433
9.65,-83.6992158162851
9.675,-83.6992158217816
9.7,-83.6992158270274
9.725,-83.6992158320141
9.75,-83.6992158367361
9.775,-83.6992158411866
9.8,-83.6992158453609
9.825,-83.6992158492538
9.85,-83.6992158528655
9.875,-83.6992158561908
9.9,-83.6992158592238
9.925,-83.6992158619605
9.95,-83.6992158644326
9.975,-83.6992158666245
10,-83.6992158685153
10.025,-83.699215870088
10.05,-83.6992158713179
10.075,-83.6992158721976
10.1,-83.6992158727061
10.125,-83.6992158728478
10.15,-83.6992158726154
10.175,-83.6992158720215
10.2,-83.6992158710694
10.225,-83.6992158697743
10.25,-83.6992158681378
10.275,-83.6992158661766
10.3,-83.699215863896
10.325,-83.6992158613132
10.35,-83.699215858437
10.375,-83.6992158552833
10.4,-83.6992158518553
10.425,-83.6992158481688
10.45,-83.6992158442664
10.475,-83.6992158401503
10.5,-83.699215835848
10.525,-83.6992158313433
10.55,-83.6992158266143
10.575,-83.6992158216433
10.6,-83.6992158164339
10.625,-83.6992158109674
10.65,-83.6992158052227
10.675,-83.6992157991855
10.7,-83.6992157928456
10.725,-83.6992157861942
10.75,-83.6992157792228
10.775,-83.6992157719265
10.8,-83.699215764298
10.825,-83.699215756336
10.85,-83.6992157480393
10.875,-83.6992157394084
10.9,-83.6992157304405
10.925,-83.6992157211379
10.95,-83.6992157114984
10.975,-83.6992157015263
11,-83.6992156912211
11.025,-83.6992156805883
11.05,-83.6992156696292
11.075,-83.6992156583497
11.1,-83.6992156467532
11.125,-83.6992156348454
11.15,-83.6992156226259
11.175,-83.6992156101011
11.2,-83.6992155972693
11.225,-83.6992155841386
11.25,-83.699215570713
11.275,-83.6992155570011
11.3,-83.6992155430064
11.325,-83.6992155287366
11.35,-83.699215514193
11.375,-83.6992154993835
11.4,-83.6992154843116
11.425,-83.6992154689847
11.45,-83.699215453404
11.475,-83.6992154375767
11.5,-83.699215421508
11.525,-83.6992154052043
11.55,-83.6992153886665
11.575,-83.6992153719008
11.6,-83.6992153549087
11.625,-83.6992153376968
11.65,-83.6992153202699
11.675,-83.6992153026339
11.7,-83.6992152848398
11.725,-83.6992152668747
11.75,-83.6992152487333
11.775,-83.6992152303915
11.8,-83.6992152118231
11.825,-83.699215193009
11.85,-83.6992151739521
11.875,-83.699215154634
11.9,-83.6992151350517
11.925,-83.6992151151844
11.95,-83.6992150950084
11.975,-83.6992150745077
12,-83.6992150536719
12.025,-83.6992150324908
12.05,-83.6992150109576
12.075,-83.6992149890653
12.1,-83.6992149668048
12.125,-83.6992149441727
12.15,-83.6992149211645
12.175,-83.6992148977798
12.2,-83.6992148738809
12.225,-83.6992148495185
12.25,-83.69921482475
12.275,-83.6992147996435
12.3,-83.6992147742442
12.325,-83.6992147486081
12.35,-83.6992147227831
12.375,-83.6992146968082
12.4,-83.6992146707021
12.425,-83.6992146444933
12.45,-83.6992146182087
12.475,-83.699214591867
12.5,-83.6992145654879
12.525,-83.6992145390805
12.55,-83.6992145126463
12.575,-83.699214486191
12.6,-83.6992144597192
12.625,-83.6992144332351
12.65,-83.6992144067425
12.675,-83.6992143802438
12.7,-83.699214353742
12.725,-83.6992143272381
12.75,-83.69921430073
12.775,-83.699214274219
12.8,-83.6992142477087
12.825,-83.6992142211996
12.85,-83.6992141946907
12.875,-83.6992141681822
12.9,-83.6992141416725
12.925,-83.6992141151623
12.95,-83.6992140886529
12.975,-83.6992140621454
13,-83.6992140356397
13.025,-83.699214009137
13.05,-83.6992139826362
13.075,-83.6992139561391
13.1,-83.6992139296468
13.125,-83.6992139031609
13.15,-83.6992138766838
13.175,-83.6992138502165
13.2,-83.6992138237582
13.225,-83.6992137973098
13.25,-83.6992137708724
13.275,-83.6992137444469
13.3,-83.6992137180326
13.325,-83.6992136916305
13.35,-83.6992136652398
13.375,-83.699213638862
13.4,-83.6992136124971
13.425,-83.6992135861468
13.45,-83.6992135598121
13.475,-83.6992135334947
13.5,-83.6992135071947
13.525,-83.6992134809141
13.55,-83.6992134546551
13.575,-83.6992134284192
13.6,-83.6992134022052
13.625,-83.699213376015
13.65,-83.6992133498501
13.675,-83.6992133237128
13.7,-83.6992132976048
13.725,-83.699213271528
13.75,-83.6992132454819
13.775,-83.6992132194683
13.8,-83.6992131934884
13.825,-83.6992131675439
13.85,-83.6992131416328
13.875,-83.6992131157576
13.9,-83.6992130899215
13.925,-83.6992130641268
13.95,-83.6992130383732
13.975,-83.6992130126631
14,-83.6992129870008
14.025,-83.6992129613875
14.05,-83.6992129358217
14.075,-83.6992129103043
14.1,-83.6992128848421
14.125,-83.6992128594336
14.15,-83.6992128340745
14.175,-83.6992128087635
14.2,-83.6992127835026
14.225,-83.6992127582899
14.25,-83.6992127331376
14.275,-83.6992127080391
14.3,-83.6992126829808
14.325,-83.699212657957
14.35,-83.69921263297
14.375,-83.6992126080145
14.4,-83.6992125830916
14.425,-83.6992125581948
14.45,-83.6992125333233
14.475,-83.6992125084695
14.5,-83.6992124836269
14.525,-83.6992124587886
14.55,-83.6992124339521
14.575,-83.6992124091116
14.6,-83.6992123842646
14.625,-83.6992123594057
14.65,-83.6992123345302
14.675,-83.6992123096337
14.7,-83.6992122847133
14.725,-83.6992122597661
14.75,-83.6992122347884
14.775,-83.6992122097787
14.8,-83.6992121847444
14.825,-83.6992121596818
14.85,-83.6992121345853
14.875,-83.6992121094508
14.9,-83.6992120842802
14.925,-83.6992120590694
14.95,-83.6992120338142
14.975,-83.6992120085109
15,-83.6992119831566
15.025,-83.6992119577487
15.05,-83.6992119322895
15.075,-83.6992119067759
15.1,-83.6992118812089
15.125,-83.6992118555843
15.15,-83.6992118298966
15.175,-83.6992118041421
15.2,-83.6992117783194
15.225,-83.6992117524258
15.25,-83.6992117264635
15.275,-83.6992117004292
15.3,-83.69921167432
15.325,-83.6992116481323
15.35,-83.6992116218651
15.375,-83.6992115955155
15.4,-83.6992115690811
15.425,-83.6992115425593
15.45,-83.6992115159524
15.475,-83.6992114892572
15.5,-83.6992114624688
15.525,-83.6992114355845
15.55,-83.6992114086072
15.575,-83.6992113815334
15.6,-83.699211354361
15.625,-83.6992113270864
15.65,-83.6992112997082
15.675,-83.699211272223
15.7,-83.6992112446283
15.725,-83.699211216921
15.75,-83.6992111891005
15.775,-83.6992111611637
15.8,-83.6992111331121
15.825,-83.699211104942
15.85,-83.6992110766498
15.875,-83.699211048232
15.9,-83.6992110196891
15.925,-83.6992109910175
15.95,-83.6992109622143
15.975,-83.6992109332765
16,-83.6992109042033
16.025,-83.6992108749923
16.05,-83.6992108456063
16.075,-83.6992108160558
16.1,-83.6992107863371
16.125,-83.6992107564717
16.15,-83.6992107264568
16.175,-83.6992106963209
16.2,-83.6992106660545
16.225,-83.6992106356957
16.25,-83.6992106052243
16.275,-83.699210574695
16.3,-83.6992105441276
16.325,-83.6992105135848
16.35,-83.6992104830732
16.375,-83.6992104526618
16.4,-83.699210422309
16.425,-83.6992103921104
16.45,-83.6992103620805
16.475,-83.6992103323367
16.5,-83.6992103029014
16.525,-83.6992102739044
16.55,-83.699210245323
16.575,-83.6992102173157
16.6,-83.6992101899484
16.625,-83.6992101633909
16.65,-83.6992101375725
16.675,-83.699210112708
16.7,-83.6992100888774
16.725,-83.6992100663224
16.75,-83.6992100450379
16.775,-83.6992100252994
16.8,-83.6992100071226
16.825,-83.6992099908296
16.85,-83.6992099768519
16.875,-83.6992099654128
16.9,-83.6992099566787
16.925,-83.6992099507614
16.95,-83.6992099482168
16.975,-83.6992099489276
17,-83.6992099529012
17.025,-83.6992099598767
17.05,-83.699209969871
17.075,-83.6992099825531
17.1,-83.6992099979211
17.125,-83.6992100155776
17.15,-83.6992100352864
17.175,-83.6992100566602
17.2,-83.6992100794563
17.225,-83.6992101033513
17.25,-83.6992101281471
17.275,-83.6992101535874
17.3,-83.6992101795451
17.325,-83.6992102058099
17.35,-83.6992102322603
17.375,-83.6992102587223
17.4,-83.6992102850605
17.425,-83.6992103111461
17.45,-83.6992103369002
17.475,-83.6992103622297
17.5,-83.6992103870907
17.525,-83.6992104114082
17.55,-83.6992104351287
17.575,-83.6992104581942
17.6,-83.6992104805656
17.625,-83.6992105022001
17.65,-83.6992105230808
17.675,-83.6992105431723
17.7,-83.6992105624455
17.725,-83.6992105808733
17.75,-83.6992105984384
17.775,-83.6992106151214
17.8,-83.6992106309088
17.825,-83.6992106457864
17.85,-83.6992106597448
17.875,-83.6992106727738
17.9,-83.6992106848648
17.925,-83.6992106960111
17.95,-83.6992107062085
17.975,-83.6992107154526
18,-83.6992107237402
18.025,-83.6992107310681
18.05,-83.6992107374328
18.075,-83.699210742832
18.1,-83.6992107472653
18.125,-83.6992107507307
18.15,-83.6992107532274
18.175,-83.6992107547535
18.2,-83.6992107553079
18.225,-83.6992107548891
18.25,-83.6992107534961
18.275,-83.699210751128
18.3,-83.6992107477842
18.325,-83.6992107434639
18.35,-83.6992107381662
18.375,-83.6992107318904
18.4,-83.699210724636
18.425,-83.6992107164023
18.45,-83.6992107071895
18.475,-83.6992106969969
18.5,-83.6992106858234
18.525,-83.699210673669
18.55,-83.6992106605341
18.575,-83.6992106464184
18.6,-83.6992106313212
18.625,-83.6992106152422
18.65,-83.6992105981809
18.675,-83.6992105801369
18.7,-83.6992105611106
18.725,-83.6992105411017
18.75,-83.6992105201097
18.775,-83.6992104981344
18.8,-83.6992104751761
18.825,-83.6992104512346
18.85,-83.6992104263087
18.875,-83.6992104003985
18.9,-83.6992103735041
18.925,-83.6992103456258
18.95,-83.6992103167643
18.975,-83.6992102869199
19,-83.6992102560916
19.025,-83.6992102242799
19.05,-83.6992101914846
19.075,-83.699210157706
19.1,-83.6992101229435
19.125,-83.6992100871977
19.15,-83.6992100504678
19.175,-83.6992100127549
19.2,-83.6992099740597
19.225,-83.6992099343832
19.25,-83.6992098937248
19.275,-83.6992098520856
19.3,-83.6992098094661
19.325,-83.6992097658671
19.35,-83.6992097212876
19.375,-83.6992096757289
19.4,-83.6992096291913
19.425,-83.6992095816763
19.45,-83.6992095331845
19.475,-83.6992094837176
19.5,-83.6992094332758
19.525,-83.6992093818611
19.55,-83.6992093294731
19.575,-83.6992092761139
19.6,-83.6992092217825
19.625,-83.6992091664815
19.65,-83.6992091102127
19.675,-83.6992090529788
19.7,-83.6992089947801
19.725,-83.6992089356194
19.75,-83.6992088754969
19.775,-83.6992088144157
19.8,-83.6992087523746
19.825,-83.6992086893776
19.85,-83.6992086254261
19.875,-83.6992085605243
19.9,-83.6992084946731
19.925,-83.6992084278766
19.95,-83.6992083601341
19.975,-83.69920829145
20,-83.6992082218273
20.025,-83.6992081512702
20.05,-83.6992080797766
20.075,-83.6992080073517
20.1,-83.6992079339969
20.125,-83.6992078597177
20.15,-83.6992077845157
20.175,-83.6992077083966
20.2,-83.6992076313615
20.225,-83.6992075534162
20.25,-83.6992074745621
20.275,-83.6992073948052
20.3,-83.6992073141464
20.325,-83.699207232592
20.35,-83.6992071501421
20.375,-83.6992070668037
20.4,-83.6992069825779
20.425,-83.6992068974725
20.45,-83.6992068114877
20.475,-83.6992067246323
20.5,-83.6992066369099
20.525,-83.699206548329
20.55,-83.6992064588926
20.575,-83.6992063686087
20.6,-83.699206277477
20.625,-83.6992061855063
20.65,-83.6992060926963
20.675,-83.6992059990573
20.7,-83.6992059045946
20.725,-83.6992058093184
20.75,-83.6992057132312
20.775,-83.6992056163431
20.8,-83.6992055186593
20.825,-83.699205420189
20.85,-83.6992053209292
20.875,-83.6992052208905
20.9,-83.6992051200773
20.925,-83.6992050185013
20.95,-83.6992049161612
20.975,-83.6992048130702
21,-83.6992047092347
21.025,-83.6992046046684
21.05,-83.699204499372
21.075,-83.6992043933601
21.1,-83.6992042866391
21.125,-83.6992041792234
21.15,-83.6992040711131
21.175,-83.6992039623235
21.2,-83.6992038528616
21.225,-83.6992037427425
21.25,-83.6992036319666
21.275,-83.6992035205499
21.3,-83.6992034085004
21.325,-83.699203295834
21.35,-83.6992031825519
21.375,-83.6992030686708
21.4,-83.6992029541919
21.425,-83.6992028391344
21.45,-83.6992027235089
21.475,-83.699202607334
21.5,-83.6992024906117
21.525,-83.6992023733609
21.55,-83.6992022555893
21.575,-83.699202137316
21.6,-83.6992020185507
21.625,-83.6992018993107
21.65,-83.6992017795988
21.675,-83.6992016594327
21.7,-83.699201538819
21.725,-83.6992014177758
21.75,-83.6992012963071
21.775,-83.6992011744313
21.8,-83.6992010521551
21.825,-83.6992009294973
21.85,-83.6992008064638
21.875,-83.6992006830736
21.9,-83.6992005593331
21.925,-83.699200435261
21.95,-83.6992003108624
21.975,-83.6992001861565
22,-83.6992000611521
22.025,-83.6991999358678
22.05,-83.6991998103092
22.075,-83.6991996844945
22.1,-83.6991995584338
22.125,-83.6991994321442
22.15,-83.6991993056295
22.175,-83.6991991789067
22.2,-83.6991990519874
22.225,-83.6991989248869
22.25,-83.699198797611
22.275,-83.6991986701736
22.3,-83.6991985425805
22.325,-83.6991984148447
22.35,-83.6991982869765
22.375,-83.6991981589867
22.4,-83.6991980308767
22.425,-83.6991979026566
22.45,-83.6991977743326
22.475,-83.6991976459145
22.5,-83.6991975174085
22.525,-83.6991973888232
22.55,-83.6991972601691
22.575,-83.6991971314511
22.6,-83.6991970026723
22.625,-83.699196873835
22.65,-83.6991967449444
22.675,-83.6991966160007
22.7,-83.6991964870052
22.725,-83.6991963579565
22.75,-83.6991962288641
22.775,-83.6991960997231
22.8,-83.6991959705284
22.825,-83.6991958412734
22.85,-83.6991957119553
22.875,-83.6991955825681
22.9,-83.6991954531072
22.925,-83.6991953235679
22.95,-83.699195193948
22.975,-83.699195064244
23,-83.6991949344525
23.025,-83.6991948045714
23.05,-83.6991946745964
23.075,-83.6991945445269
23.1,-83.6991944143633
23.125,-83.6991942841057
23.15,-83.6991941537537
23.175,-83.6991940233078
23.2,-83.6991938927673
23.225,-83.6991937621335
23.25,-83.699193631407
23.275,-83.6991935005899
23.3,-83.6991933696821
23.325,-83.6991932386858
23.35,-83.6991931076032
23.375,-83.6991929764362
23.4,-83.6991928451846
23.425,-83.6991927138502
23.45,-83.6991925824337
23.475,-83.6991924509369
23.5,-83.6991923193611
23.525,-83.6991921877081
23.55,-83.6991920559776
23.575,-83.699191924172
23.6,-83.6991917922939
23.625,-83.6991916603452
23.65,-83.6991915283241
23.675,-83.6991913962331
23.7,-83.6991912640751
23.725,-83.6991911318528
23.75,-83.6991909995668
23.775,-83.69919086722
23.8,-83.699190734812
23.825,-83.6991906023462
23.85,-83.6991904698253
23.875,-83.6991903372523
23.9,-83.6991902046282
23.925,-83.6991900719558
23.95,-83.6991899392353
23.975,-83.6991898064697
24,-83.6991896736616
24.025,-83.6991895408139
24.05,-83.6991894079267
24.075,-83.6991892750029
24.1,-83.6991891420439
24.125,-83.6991890090525
24.15,-83.6991888760291
24.175,-83.699188742977
24.2,-83.6991886098986
24.225,-83.6991884767969
24.25,-83.6991883436726
24.275,-83.6991882105284
24.3,-83.6991880773641
24.325,-83.6991879441833
24.35,-83.6991878109886
24.375,-83.6991876777835
24.4,-83.6991875445687
24.425,-83.6991874113475
24.45,-83.6991872781259
24.475,-83.699187144909
24.5,-83.6991870117004
24.525,-83.6991868785048
24.55,-83.6991867453246
24.575,-83.6991866121644
24.6,-83.6991864790296
24.625,-83.6991863459248
24.65,-83.6991862128519
24.675,-83.6991860798155
24.7,-83.699185946819
24.725,-83.6991858138672
24.75,-83.6991856809644
24.775,-83.6991855481148
24.8,-83.6991854153211
24.825,-83.6991852825869
24.85,-83.6991851499132
24.875,-83.6991850173031
24.9,-83.6991848847595
24.925,-83.6991847522858
24.95,-83.6991846198828
24.975,-83.6991844875538
25,-83.6991843553024
25.025,-83.6991842231321
25.05,-83.6991840910436
25.075,-83.6991839590398
25.1,-83.6991838271204
25.125,-83.6991836952896
25.15,-83.6991835635504
25.175,-83.6991834319078
25.2,-83.6991833003623
25.225,-83.6991831689191
25.25,-83.6991830375818
25.275,-83.699182906356
25.3,-83.6991827752464
25.325,-83.6991826442572
25.35,-83.6991825133877
25.375,-83.6991823826414
25.4,-83.6991822520173
25.425,-83.6991821215212
25.45,-83.6991819911547
25.475,-83.6991818609253
25.5,-83.6991817308368
25.525,-83.6991816008964
25.55,-83.6991814711049
25.575,-83.6991813414692
25.6,-83.6991812119948
25.625,-83.6991810826892
25.65,-83.6991809535522
25.675,-83.6991808245916
25.7,-83.6991806958066
25.725,-83.6991805672079
25.75,-83.6991804387987
25.775,-83.6991803105904
25.8,-83.6991801825877
25.825,-83.6991800548029
25.85,-83.6991799271555
25.875,-83.6991797996866
25.9,-83.6991796724667
25.925,-83.6991795455396
25.95,-83.6991794189028
25.975,-83.6991792925965
26,-83.6991791665477
26.025,-83.6991790408293
26.05,-83.6991789155723
26.075,-83.6991787908355
26.1,-83.6991786665643
26.125,-83.6991785428214
26.15,-83.699178419735
26.175,-83.6991782973433
26.2,-83.6991781755809
26.225,-83.6991780544914
26.25,-83.6991779341776
26.275,-83.6991778146675
26.3,-83.6991776958799
26.325,-83.6991775778575
26.35,-83.6991774607129
26.375,-83.6991773444715
26.4,-83.6991772290902
26.425,-83.6991771145937
26.45,-83.6991770010712
26.475,-83.6991768885258
26.5,-83.6991767769289
26.525,-83.6991766662756
26.55,-83.6991765566086
26.575,-83.6991764479117
26.6,-83.6991763402063
26.625,-83.6991762334555
26.65,-83.6991761276459
26.675,-83.6991760227335
26.7,-83.6991759187009
26.725,-83.699175815503
26.75,-83.6991757131145
26.775,-83.6991756114954
26.8,-83.699175510625
26.825,-83.6991754104677
26.85,-83.6991753109997
26.875,-83.6991752121932
26.9,-83.699175114033
26.925,-83.6991750164958
26.95,-83.6991749195655
26.975,-83.6991748232251
27,-83.6991747274597
27.025,-83.6991746322575
27.05,-83.6991745376162
27.075,-83.6991744435256
27.1,-83.6991743499778
27.125,-83.6991742569656
27.15,-83.6991741644871
27.175,-83.6991740725352
27.2,-83.6991739811039
27.225,-83.6991738901888
27.25,-83.6991737997925
27.275,-83.699173709911
27.3,-83.6991736205394
27.325,-83.6991735316736
27.35,-83.6991734433102
27.375,-83.6991733554454
27.4,-83.6991732680743
27.425,-83.6991731811964
27.45,-83.6991730948139
27.475,-83.6991730089256
27.5,-83.6991729235458
27.525,-83.6991728386684
27.55,-83.6991727542927
27.575,-83.6991726704075
27.6,-83.6991725870139
27.625,-83.6991725040996
27.65,-83.6991724216625
27.675,-83.6991723396874
27.7,-83.6991722581728
27.725,-83.6991721771006
27.75,-83.6991720964701
27.775,-83.6991720162621
27.8,-83.699171936475
27.825,-83.6991718570859
27.85,-83.6991717780924
27.875,-83.6991716994704
27.9,-83.6991716212162
27.925,-83.699171543302
27.95,-83.6991714657186
27.975,-83.6991713884398
28,-83.6991713114609
28.025,-83.6991712347541
28.05,-83.6991711583179
28.075,-83.6991710821211
28.1,-83.6991710061536
28.125,-83.6991709303816
28.15,-83.6991708548
28.175,-83.6991707793749
28.2,-83.699170704098
28.225,-83.6991706289328
28.25,-83.6991705538741
28.275,-83.6991704788853
28.3,-83.6991704039561
28.325,-83.6991703290485
28.35,-83.6991702541467
28.375,-83.6991701792143
28.4,-83.6991701042454
28.425,-83.6991700292066
28.45,-83.699169954098
28.475,-83.6991698788817
28.5,-83.6991698035537
28.525,-83.6991697280711
28.55,-83.6991696524326
28.575,-83.6991695765936
28.6,-83.6991695005459
28.625,-83.6991694242412
28.65,-83.6991693476742
28.675,-83.6991692707933
28.7,-83.6991691935946
28.725,-83.699169116025
28.75,-83.699169038125
28.775,-83.6991689598205
28.8,-83.6991688810736
28.825,-83.6991688018088
28.85,-83.6991687220034
28.875,-83.699168641586
28.9,-83.6991685605475
28.925,-83.6991684788204
28.95,-83.6991683963923
28.975,-83.6991683131937
29,-83.6991682292226
29.025,-83.6991681444092
29.05,-83.699168058747
29.075,-83.6991679721613
29.1,-83.6991678846492
29.125,-83.6991677961343
29.15,-83.6991677066029
29.175,-83.6991676159823
29.2,-83.6991675242658
29.225,-83.6991674313782
29.25,-83.6991673373154
29.275,-83.6991672419988
29.3,-83.6991671454881
29.325,-83.6991670476707
29.35,-83.6991669485115
29.375,-83.6991668478931
29.4,-83.6991667457898
29.425,-83.6991666420881
29.45,-83.6991665367435
29.475,-83.6991664296543
29.5,-83.6991663208094
29.525,-83.6991662101103
29.55,-83.6991660975504
29.575,-83.6991659830274
29.6,-83.6991658665326
29.625,-83.6991657479599
29.65,-83.6991656273043
29.675,-83.6991655044559
29.7,-83.6991653794013
29.725,-83.699165252027
29.75,-83.6991651223256
29.775,-83.6991649901802
29.8,-83.6991648555809
29.825,-83.6991647184062
29.85,-83.699164578642
29.875,-83.6991644361649
29.9,-83.6991642909643
29.925,-83.6991641429142
29.95,-83.6991639919959
29.975,-83.6991638380815
30,-83.6991636811585
30.025,-83.6991635210973
30.05,-83.6991633579416
30.075,-83.6991631915364
30.1,-83.699163021819
30.125,-83.6991628486393
30.15,-83.6991626720121
30.175,-83.6991624917795
30.2,-83.6991623078849
30.225,-83.6991621201827
30.25,-83.6991619286393
30.275,-83.6991617331233
30.3,-83.6991615336199
30.325,-83.6991613300039
30.35,-83.6991611222973
30.375,-83.6991609103656
30.4,-83.6991606942267
30.425,-83.6991604737341
30.45,-83.6991602488395
30.475,-83.6991600194049
30.5,-83.6991597853973
30.525,-83.6991595466905
30.55,-83.6991593033077
30.575,-83.6991590551178
30.6,-83.6991588020889
30.625,-83.6991585440929
30.65,-83.6991582811507
30.675,-83.6991580131294
30.7,-83.6991577399876
30.725,-83.699157461598
30.75,-83.6991571779314
30.775,-83.6991568888691
30.8,-83.6991565944194
30.825,-83.6991562944644
30.85,-83.6991559889762
30.875,-83.6991556778388
30.9,-83.699155361071
30.925,-83.6991550385538
30.95,-83.6991547102471
30.975,-83.6991543760348
31,-83.6991540359135
31.025,-83.6991536897699
31.05,-83.699153337567
31.075,-83.6991529791975
31.1,-83.6991526146365
31.125,-83.6991522437837
31.15,-83.6991518666181
31.175,-83.6991514830451
31.2,-83.699151093081
31.225,-83.6991506966303
31.25,-83.6991502936615
31.275,-83.6991498840804
31.3,-83.6991494678801
31.325,-83.6991490449701
31.35,-83.6991486152934
31.375,-83.6991481787661
31.4,-83.6991477353092
31.425,-83.6991472848539
31.45,-83.6991468273383
31.475,-83.699146362711
31.5,-83.6991458909279
31.525,-83.6991454119528
31.55,-83.6991449257537
31.575,-83.6991444323044
31.6,-83.6991439314792
31.625,-83.699143423182
31.65,-83.6991429073254
31.675,-83.6991423838278
31.7,-83.6991418526106
31.725,-83.6991413135989
31.75,-83.6991407667218
31.775,-83.6991402119107
31.8,-83.6991396491013
31.825,-83.6991390782311
31.85,-83.6991384992385
31.875,-83.6991379120648
31.9,-83.6991373166588
31.925,-83.6991367129705
31.95,-83.6991361009515
31.975,-83.6991354805557
32,-83.6991348517459
32.025,-83.699134214486
32.05,-83.6991335687446
32.075,-83.6991329144923
32.1,-83.6991322517048
32.125,-83.6991315803598
32.15,-83.6991309004442
32.175,-83.6991302119457
32.2,-83.699129514862
32.225,-83.6991288091917
32.25,-83.699128094941
32.275,-83.6991273721173
32.3,-83.6991266407396
32.325,-83.6991259008277
32.35,-83.6991251524081
32.375,-83.6991243955091
32.4,-83.6991236301684
32.425,-83.6991228564247
32.45,-83.6991220743266
32.475,-83.6991212839239
32.5,-83.6991204852802
32.525,-83.6991196784595
32.55,-83.6991188635673
32.575,-83.6991180407039
32.6,-83.6991172099793
32.625,-83.6991163715025
32.65,-83.6991155254013
32.675,-83.6991146718015
32.7,-83.6991138110599
32.725,-83.6991129434654
32.75,-83.6991120693764
32.775,-83.6991111890901
32.8,-83.6991103029236
32.825,-83.6991094111539
32.85,-83.6991085141289
32.875,-83.6991076121393
32.9,-83.6991067051842
32.925,-83.6991057934126
32.95,-83.699104877007
32.975,-83.6991039562037
33,-83.6991030315801
33.025,-83.699102103499
33.05,-83.6991011724122
33.075,-83.6991002386556
33.1,-83.6990993026681
33.125,-83.6990983647812
33.15,-83.6990974252932
33.175,-83.6990964844633
33.2,-83.6990955426004
33.225,-83.6990945999637
33.25,-83.6990936568064
33.275,-83.6990927133577
33.3,-83.6990917698328
33.325,-83.6990908264374
33.35,-83.6990898833443
33.375,-83.6990889407326
33.4,-83.6990879988167
33.425,-83.6990870577943
33.45,-83.6990861178041
33.475,-83.6990851790026
33.5,-83.6990842413463
33.525,-83.6990833049264
33.55,-83.6990823696298
33.575,-83.699081435521
33.6,-83.6990805025367
33.625,-83.6990795707752
33.65,-83.699078640143
33.675,-83.6990777107235
33.7,-83.699076782585
33.725,-83.6990758558791
33.75,-83.6990749305523
33.775,-83.6990740067038
33.8,-83.6990730841543
33.825,-83.699072162934
33.85,-83.699071242943
33.875,-83.6990703242297
33.9,-83.6990694066897
33.925,-83.6990684903663
33.95,-83.6990675752333
33.975,-83.69906666136
34,-83.6990657485711
34.025,-83.6990648368537
34.05,-83.699063926124
34.075,-83.6990630163928
34.1,-83.6990621076042
34.125,-83.6990611997681
34.15,-83.699060292853
34.175,-83.6990593868687
34.2,-83.6990584817251
34.225,-83.6990575773709
34.25,-83.6990566735861
34.275,-83.6990557701777
34.3,-83.6990548669893
34.325,-83.6990539638305
34.35,-83.6990530605757
34.375,-83.6990521570382
34.4,-83.6990512531228
34.425,-83.6990503486396
34.45,-83.6990494435254
34.475,-83.6990485375902
34.5,-83.699047630992
34.525,-83.6990467236884
34.55,-83.6990458157361
34.575,-83.6990449070595
34.6,-83.6990439977234
34.625,-83.6990430876549
34.65,-83.6990421768149
34.675,-83.6990412651056
34.7,-83.6990403525572
34.725,-83.6990394391162
34.75,-83.699038524801
34.775,-83.6990376095621
34.8,-83.6990366933999
34.825,-83.6990357762763
34.85,-83.6990348582325
34.875,-83.6990339392589
34.9,-83.6990330194084
34.925,-83.6990320986887
34.95,-83.6990311771231
34.975,-83.6990302547142
35,-83.6990293315365
35.025,-83.6990284076226
35.05,-83.6990274830191
35.075,-83.6990265577551
35.1,-83.6990256318732
35.125,-83.6990247054036
35.15,-83.6990237783889
35.175,-83.6990228508634
35.2,-83.699021922882
35.225,-83.6990209944902
35.25,-83.6990200657443
35.275,-83.6990191366955
35.3,-83.6990182074039
35.325,-83.6990172779243
35.35,-83.6990163482759
35.375,-83.6990154184907
35.4,-83.6990144886261
35.425,-83.6990135587286
35.45,-83.6990126290785
35.475,-83.6990116997491
35.5,-83.6990107709603
35.525,-83.6990098427578
35.55,-83.6990089152388
35.575,-83.6990079883917
35.6,-83.6990070622653
35.625,-83.6990061368356
35.65,-83.6990052123017
35.675,-83.6990042886857
35.7,-83.6990033658767
35.725,-83.6990024438016
35.75,-83.699001522574
35.775,-83.6990006022056
35.8,-83.698999682548
35.825,-83.6989987635519
35.85,-83.6989978454695
35.875,-83.6989969284284
35.9,-83.6989960121959
35.925,-83.6989950967281
35.95,-83.6989941819558
35.975,-83.6989932678884
36,-83.6989923545592
36.025,-83.6989914420732
36.05,-83.6989905303082
36.075,-83.6989896192823
36.1,-83.6989887089911
36.125,-83.6989877995077
36.15,-83.6989868907431
36.175,-83.698985982715
36.2,-83.6989850753858
36.225,-83.6989841687901
36.25,-83.6989832629402
36.275,-83.6989823578936
36.3,-83.6989814536048
36.325,-83.6989805500907
36.35,-83.6989796470318
36.375,-83.6989787443288
36.4,-83.6989778420586
36.425,-83.6989769402894
36.45,-83.6989760389349
36.475,-83.6989751379806
36.5,-83.6989742372921
36.525,-83.6989733368055
36.55,-83.6989724362998
36.575,-83.6989715355901
36.6,-83.6989706345122
36.625,-83.6989697329118
36.65,-83.6989688306517
36.675,-83.6989679275955
36.7,-83.6989670236307
36.725,-83.698966118632
36.75,-83.6989652125147
36.775,-83.698964305165
36.8,-83.6989633964847
36.825,-83.6989624863629
36.85,-83.6989615747199
36.875,-83.6989606614556
36.9,-83.6989597464835
36.925,-83.6989588297098
36.95,-83.6989579110662
36.975,-83.6989569904723
37,-83.6989560678587
37.025,-83.6989551431531
37.05,-83.6989542164565
37.075,-83.6989532878516
37.1,-83.6989523574306
37.125,-83.6989514252734
37.15,-83.6989504914782
37.175,-83.6989495561277
37.2,-83.6989486193218
37.225,-83.6989476811421
37.25,-83.6989467416897
37.275,-83.6989458010465
37.3,-83.6989448592928
37.325,-83.6989439164981
37.35,-83.6989429727462
37.375,-83.6989420281065
37.4,-83.6989410826465
37.425,-83.6989401364255
37.45,-83.6989391895122
37.475,-83.6989382419653
37.5,-83.698937293841
37.525,-83.69893634519
37.55,-83.6989353960683
37.575,-83.6989344465253
37.6,-83.6989334966069
37.625,-83.6989325463554
37.65,-83.698931595816
37.675,-83.6989306450296
37.7,-83.6989296940338
37.725,-83.6989287428642
37.75,-83.6989277915559
37.775,-83.698926840143
37.8,-83.6989258886571
37.825,-83.6989249371291
37.85,-83.6989239855854
37.875,-83.6989230340537
37.9,-83.6989220825578
37.925,-83.6989211311229
37.95,-83.6989201797696
37.975,-83.6989192285203
38,-83.6989182773947
38.025,-83.698917326413
38.05,-83.6989163755915
38.075,-83.6989154249481
38.1,-83.6989144744965
38.125,-83.698913524253
38.15,-83.6989125742281
38.175,-83.6989116244361
38.2,-83.6989106748872
38.225,-83.6989097255947
38.25,-83.6989087765655
38.275,-83.6989078278104
38.3,-83.6989068793369
38.325,-83.6989059311555
38.35,-83.6989049832695
38.375,-83.6989040356871
38.4,-83.6989030884138
38.425,-83.6989021414579
38.45,-83.6989011948233
38.475,-83.6989002485171
38.5,-83.6988993025402
38.525,-83.698898356898
38.55,-83.6988974115921
38.575,-83.6988964666275
38.6,-83.6988955220029
38.625,-83.6988945777216
38.65,-83.6988936337838
38.675,-83.6988926901925
38.7,-83.6988917469455
38.725,-83.6988908040447
38.75,-83.6988898614884
38.775,-83.6988889192784
38.8,-83.6988879774116
38.825,-83.6988870358888
38.85,-83.6988860947077
38.875,-83.6988851538688
38.9,-83.6988842133687
38.925,-83.6988832732072
38.95,-83.6988823333812
38.975,-83.6988813938905
39,-83.6988804547311
39.025,-83.6988795159022
39.05,-83.6988785773981
39.075,-83.6988776392165
39.1,-83.6988767013546
39.125,-83.6988757638116
39.15,-83.6988748265824
39.175,-83.6988738896646
39.2,-83.6988729530553
39.225,-83.6988720167532
39.25,-83.6988710807531
39.275,-83.6988701450523
39.3,-83.6988692096463
39.325,-83.6988682745322
39.35,-83.6988673397073
39.375,-83.6988664051698
39.4,-83.6988654709149
39.425,-83.6988645369396
39.45,-83.6988636032397
39.475,-83.6988626698124
39.5,-83.6988617366548
39.525,-83.6988608037649
39.55,-83.6988598711394
39.575,-83.698858938776
39.6,-83.69885800667
39.625,-83.6988570748182
39.65,-83.6988561432165
39.675,-83.698855211862
39.7,-83.6988542807518
39.725,-83.6988533498839
39.75,-83.6988524192542
39.775,-83.6988514888597
39.8,-83.6988505586967
39.825,-83.6988496287624
39.85,-83.6988486990544
39.875,-83.6988477695705
39.9,-83.698846840308
39.925,-83.6988459112646
39.95,-83.6988449824366
39.975,-83.6988440538211
40,-83.6988431254148
40.025,-83.698842197215
40.05,-83.6988412692194
40.075,-83.6988403414261
40.1,-83.6988394138319
40.125,-83.6988384864344
40.15,-83.6988375592305
40.175,-83.6988366322181
40.2,-83.698835705395
40.225,-83.6988347787596
40.25,-83.6988338523088
40.275,-83.6988329260406
40.3,-83.6988319999523
40.325,-83.698831074042
40.35,-83.6988301483076
40.375,-83.6988292227478
40.4,-83.6988282973604
40.425,-83.6988273721439
40.45,-83.6988264470956
40.475,-83.6988255222135
40.5,-83.6988245974959
40.525,-83.6988236729411
40.55,-83.6988227485473
40.575,-83.6988218243132
40.6,-83.6988209002361
40.625,-83.6988199763145
40.65,-83.6988190525461
40.675,-83.6988181289295
40.7,-83.6988172054627
40.725,-83.6988162821442
40.75,-83.6988153589725
40.775,-83.6988144359465
40.8,-83.6988135130643
40.825,-83.6988125903244
40.85,-83.6988116677253
40.875,-83.6988107452661
40.9,-83.6988098229454
40.925,-83.6988089007619
40.95,-83.6988079787139
40.975,-83.6988070567999
41,-83.6988061350183
41.025,-83.6988052133678
41.05,-83.6988042918473
41.075,-83.6988033704558
41.1,-83.6988024491916
41.125,-83.6988015280535
41.15,-83.6988006070403
41.175,-83.6987996861513
41.2,-83.6987987653851
41.225,-83.6987978447408
41.25,-83.6987969242168
41.275,-83.6987960038119
41.3,-83.698795083525
41.325,-83.6987941633554
41.35,-83.6987932433017
41.375,-83.6987923233633
41.4,-83.6987914035384
41.425,-83.698790483826
41.45,-83.698789564225
41.475,-83.6987886447348
41.5,-83.6987877253538
41.525,-83.698786806081
41.55,-83.6987858869151
41.575,-83.6987849678553
41.6,-83.6987840489005
41.625,-83.6987831300503
41.65,-83.6987822113032
41.675,-83.6987812926584
41.7,-83.6987803741145
41.725,-83.6987794556707
41.75,-83.6987785373262
41.775,-83.6987776190806
41.8,-83.6987767009322
41.825,-83.6987757828805
41.85,-83.6987748649242
41.875,-83.6987739470624
41.9,-83.6987730292944
41.925,-83.6987721116197
41.95,-83.6987711940374
41.975,-83.6987702765468
42,-83.6987693591467
42.025,-83.6987684418361
42.05,-83.6987675246142
42.075,-83.6987666074806
42.1,-83.6987656904343
42.125,-83.6987647734746
42.15,-83.6987638566001
42.175,-83.6987629398102
42.2,-83.6987620231036
42.225,-83.6987611064796
42.25,-83.6987601899376
42.275,-83.6987592734771
42.3,-83.6987583570968
42.325,-83.6987574407961
42.35,-83.6987565245739
42.375,-83.6987556084295
42.4,-83.6987546923622
42.425,-83.6987537763716
42.45,-83.6987528604565
42.475,-83.6987519446162
42.5,-83.6987510288497
42.525,-83.6987501131564
42.55,-83.6987491975356
42.575,-83.6987482819869
42.6,-83.6987473665092
42.625,-83.6987464511018
42.65,-83.6987455357637
42.675,-83.6987446204945
42.7,-83.698743705293
42.725,-83.6987427901588
42.75,-83.6987418750912
42.775,-83.6987409600899
42.8,-83.6987400451538
42.825,-83.6987391302822
42.85,-83.6987382154744
42.875,-83.6987373007297
42.9,-83.6987363860474
42.925,-83.6987354714273
42.95,-83.6987345568684
42.975,-83.6987336423699
43,-83.6987327279312
43.025,-83.6987318135516
43.05,-83.6987308992302
43.075,-83.6987299849667
43.1,-83.6987290707602
43.125,-83.6987281566102
43.15,-83.698727242516
43.175,-83.6987263284769
43.2,-83.6987254144923
43.225,-83.6987245005618
43.25,-83.6987235866844
43.275,-83.6987226728598
43.3,-83.6987217590875
43.325,-83.6987208453672
43.35,-83.6987199316979
43.375,-83.6987190180792
43.4,-83.6987181045104
43.425,-83.698717190991
43.45,-83.6987162775202
43.475,-83.6987153640976
43.5,-83.6987144507227
43.525,-83.6987135373952
43.55,-83.6987126241145
43.575,-83.6987117108802
43.6,-83.6987107976915
43.625,-83.698709884548
43.65,-83.6987089714489
43.675,-83.6987080583937
43.7,-83.6987071453821
43.725,-83.6987062324136
43.75,-83.6987053194876
43.775,-83.6987044066036
43.8,-83.6987034937609
43.825,-83.6987025809593
43.85,-83.6987016681979
43.875,-83.6987007554765
43.9,-83.6986998427946
43.925,-83.698698930152
43.95,-83.6986980175482
43.975,-83.6986971049827
44,-83.698696192455
44.025,-83.6986952799647
44.05,-83.698694367511
44.075,-83.6986934550938
44.1,-83.6986925427125
44.125,-83.6986916303669
44.15,-83.6986907180564
44.175,-83.6986898057809
44.2,-83.6986888935397
44.225,-83.6986879813324
44.25,-83.6986870691586
44.275,-83.698686157018
44.3,-83.6986852449102
44.325,-83.6986843328348
44.35,-83.6986834207914
44.375,-83.6986825087795
44.4,-83.6986815967987
44.425,-83.6986806848488
44.45,-83.6986797729294
44.475,-83.6986788610402
44.5,-83.6986779491806
44.525,-83.6986770373503
44.55,-83.6986761255488
44.575,-83.6986752137758
44.6,-83.698674302031
44.625,-83.6986733903142
44.65,-83.6986724786249
44.675,-83.6986715669628
44.7,-83.6986706553274
44.725,-83.6986697437185
44.75,-83.6986688321356
44.775,-83.6986679205785
44.8,-83.6986670090469
44.825,-83.6986660975404
44.85,-83.6986651860588
44.875,-83.6986642746019
44.9,-83.6986633631693
44.925,-83.6986624517607
44.95,-83.6986615403757
44.975,-83.6986606290141
45,-83.6986597176756
45.025,-83.6986588063598
45.05,-83.6986578950665
45.075,-83.6986569837954
45.1,-83.6986560725463
45.125,-83.6986551613191
45.15,-83.6986542501132
45.175,-83.6986533389286
45.2,-83.6986524277648
45.225,-83.6986515166216
45.25,-83.6986506054989
45.275,-83.6986496943964
45.3,-83.6986487833137
45.325,-83.6986478722507
45.35,-83.6986469612071
45.375,-83.6986460501825
45.4,-83.6986451391769
45.425,-83.69864422819
45.45,-83.6986433172215
45.475,-83.6986424062711
45.5,-83.6986414953387
45.525,-83.6986405844239
45.55,-83.6986396735266
45.575,-83.6986387626464
45.6,-83.6986378517832
45.625,-83.6986369409367
45.65,-83.6986360301067
45.675,-83.6986351192931
45.7,-83.6986342084954
45.725,-83.6986332977137
45.75,-83.6986323869476
45.775,-83.698631476197
45.8,-83.6986305654615
45.825,-83.6986296547412
45.85,-83.6986287440356
45.875,-83.6986278333446
45.9,-83.698626922668
45.925,-83.6986260120057
45.95,-83.6986251013574
45.975,-83.6986241907229
46,-83.698623280102
46.025,-83.6986223694945
46.05,-83.6986214589004
46.075,-83.6986205483194
46.1,-83.6986196377514
46.125,-83.6986187271961
46.15,-83.6986178166534
46.175,-83.698616906123
46.2,-83.6986159956046
46.225,-83.6986150850983
46.25,-83.6986141746037
46.275,-83.6986132641208
46.3,-83.6986123536492
46.325,-83.6986114431888
46.35,-83.6986105327395
46.375,-83.6986096223011
46.4,-83.6986087118734
46.425,-83.6986078014564
46.45,-83.6986068910498
46.475,-83.6986059806534
46.5,-83.698605070267
46.525,-83.6986041598906
46.55,-83.6986032495238
46.575,-83.6986023391665
46.6,-83.6986014288185
46.625,-83.6986005184797
46.65,-83.6985996081499
46.675,-83.698598697829
46.7,-83.6985977875167
46.725,-83.6985968772129
46.75,-83.6985959669175
46.775,-83.6985950566304
46.8,-83.6985941463514
46.825,-83.6985932360803
46.85,-83.6985923258168
46.875,-83.6985914155609
46.9,-83.6985905053123
46.925,-83.698589595071
46.95,-83.6985886848367
46.975,-83.6985877746093
47,-83.6985868643885
47.025,-83.6985859541744
47.05,-83.6985850439667
47.075,-83.6985841337652
47.1,-83.6985832235698
47.125,-83.6985823133805
47.15,-83.6985814031971
47.175,-83.6985804930194
47.2,-83.6985795828473
47.225,-83.6985786726806
47.25,-83.6985777625192
47.275,-83.6985768523629
47.3,-83.6985759422116
47.325,-83.6985750320652
47.35,-83.6985741219234
47.375,-83.6985732117862
47.4,-83.6985723016533
47.425,-83.6985713915247
47.45,-83.6985704814001
47.475,-83.6985695712795
47.5,-83.6985686611627
47.525,-83.6985677510495
47.55,-83.6985668409397
47.575,-83.6985659308332
47.6,-83.69856502073
47.625,-83.6985641106297
47.65,-83.6985632005324
47.675,-83.6985622904379
47.7,-83.698561380346
47.725,-83.6985604702566
47.75,-83.6985595601696
47.775,-83.6985586500848
47.8,-83.6985577400022
47.825,-83.6985568299215
47.85,-83.6985559198427
47.875,-83.6985550097656
47.9,-83.6985540995406
47.925,-83.6985531890272
47.95,-83.6985522782418
47.975,-83.6985513671976
48,-83.6985504559104
48.025,-83.6985495443938
48.05,-83.6985486326617
48.075,-83.6985477207263
48.1,-83.6985468086015
48.125,-83.6985458962996
48.15,-83.6985449838329
48.175,-83.6985440712124
48.2,-83.6985431584484
48.225,-83.6985422455504
48.25,-83.6985413325288
48.275,-83.6985404193923
48.3,-83.6985395061499
48.325,-83.698538592809
48.35,-83.6985376793777
48.375,-83.698536765863
48.4,-83.6985358522726
48.425,-83.698534938613
48.45,-83.6985340248904
48.475,-83.6985331111105
48.5,-83.6985321972791
48.525,-83.6985312834012
48.55,-83.6985303694822
48.575,-83.6985294555269
48.6,-83.6985285415396
48.625,-83.6985276275244
48.65,-83.6985267134856
48.675,-83.6985257994268
48.7,-83.6985248853517
48.725,-83.6985239712633
48.75,-83.6985230571652
48.775,-83.6985221430603
48.8,-83.6985212289513
48.825,-83.6985203148408
48.85,-83.6985194007314
48.875,-83.6985184866256
48.9,-83.6985175725253
48.925,-83.6985166584328
48.95,-83.69851574435
48.975,-83.6985148302787
49,-83.6985139162207
49.025,-83.6985130021775
49.05,-83.6985120881507
49.075,-83.6985111741418
49.1,-83.6985102601522
49.125,-83.698509346183
49.15,-83.6985084322355
49.175,-83.6985075183106
49.2,-83.6985066044095
49.225,-83.698505690533
49.25,-83.6985047766821
49.275,-83.6985038628575
49.3,-83.6985029490601
49.325,-83.6985020352905
49.35,-83.6985011215494
49.375,-83.6985002078374
49.4,-83.6984992941551
49.425,-83.698498380503
49.45,-83.6984974668815
49.475,-83.6984965532912
49.5,-83.6984956397323
49.525,-83.6984947262054
49.55,-83.6984938127107
49.575,-83.6984928992486
49.6,-83.6984919858192
49.625,-83.698491072423
49.65,-83.69849015906
49.675,-83.6984892457306
49.7,-83.6984883324348
49.725,-83.698487419173
49.75,-83.6984865059451
49.775,-83.6984855927512
49.8,-83.6984846795914
49.825,-83.6984837664659
49.85,-83.6984828533745
49.875,-83.6984819403173
49.9,-83.6984810272943
49.925,-83.6984801143057
49.95,-83.6984792013513
49.975,-83.698478288431
50,-83.6984773755449
50.025,-83.698476462693
50.05,-83.6984755498752
50.075,-83.6984746370915
50.1,-83.6984737243417
50.125,-83.6984728116258
50.15,-83.6984718989437
50.175,-83.6984709862952
50.2,-83.6984700736802
50.225,-83.6984691610983
50.25,-83.6984682485496
50.275,-83.6984673360339
50.3,-83.6984664235509
50.325,-83.6984655111005
50.35,-83.6984645986823
50.375,-83.6984636862963
50.4,-83.698462773942
50.425,-83.6984618616194
50.45,-83.6984609493283
50.475,-83.6984600370683
50.5,-83.6984591248394
50.525,-83.6984582126412
50.55,-83.6984573004737
50.575,-83.6984563883369
50.6,-83.6984554762304
50.625,-83.6984545641541
50.65,-83.6984536521076
50.675,-83.6984527400908
50.7,-83.6984518281032
50.725,-83.6984509161446
50.75,-83.6984500042147
50.775,-83.6984490923132
50.8,-83.6984481804401
50.825,-83.6984472685952
50.85,-83.6984463567782
50.875,-83.6984454449889
50.9,-83.6984445332269
50.925,-83.6984436214921
50.95,-83.6984427097839
50.975,-83.6984417981023
51,-83.6984408864468
51.025,-83.6984399748172
51.05,-83.6984390632132
51.075,-83.6984381516346
51.1,-83.6984372400812
51.125,-83.6984363285528
51.15,-83.698435417049
51.175,-83.6984345055698
51.2,-83.6984335941145
51.225,-83.6984326826832
51.25,-83.6984317712753
51.275,-83.6984308598909
51.3,-83.6984299485294
51.325,-83.6984290371907
51.35,-83.6984281258745
51.375,-83.6984272145806
51.4,-83.6984263033086
51.425,-83.6984253920584
51.45,-83.6984244808298
51.475,-83.6984235696225
51.5,-83.6984226584364
51.525,-83.6984217472711
51.55,-83.6984208361263
51.575,-83.6984199250019
51.6,-83.6984190138975
51.625,-83.6984181028132
51.65,-83.6984171917484
51.675,-83.6984162807031
51.7,-83.6984153696769
51.725,-83.6984144586695
51.75,-83.6984135476809
51.775,-83.6984126367109
51.8,-83.698411725759
51.825,-83.6984108148252
51.85,-83.6984099039092
51.875,-83.6984089930107
51.9,-83.6984080821295
51.925,-83.6984071712654
51.95,-83.6984062604181
51.975,-83.6984053495876
52,-83.6984044387735
52.025,-83.6984035279756
52.05,-83.6984026171938
52.075,-83.6984017064279
52.1,-83.6984007956776
52.125,-83.698399884943
52.15,-83.6983989742236
52.175,-83.6983980635194
52.2,-83.6983971528301
52.225,-83.6983962421555
52.25,-83.6983953314955
52.275,-83.6983944208498
52.3,-83.6983935102183
52.325,-83.6983925996008
52.35,-83.6983916889971
52.375,-83.6983907784071
52.4,-83.6983898678306
52.425,-83.6983889572676
52.45,-83.6983880467177
52.475,-83.6983871361809
52.5,-83.6983862256569
52.525,-83.6983853151457
52.55,-83.698384404647
52.575,-83.6983834941608
52.6,-83.6983825836869
52.625,-83.6983816732251
52.65,-83.6983807627752
52.675,-83.6983798523372
52.7,-83.6983789419108
52.725,-83.698378031496
52.75,-83.6983771210926
52.775,-83.6983762107004
52.8,-83.6983753003194
52.825,-83.6983743899493
52.85,-83.6983734795901
52.875,-83.6983725692417
52.9,-83.698371658904
52.925,-83.6983707485767
52.95,-83.6983698382599
52.975,-83.6983689279533
53,-83.6983680176568
53.025,-83.6983671073703
53.05,-83.6983661970938
53.075,-83.6983652868271
53.1,-83.6983643765701
53.125,-83.6983634663228
53.15,-83.6983625560848
53.175,-83.6983616458563
53.2,-83.698360735637
53.225,-83.698359825427
53.25,-83.698358915226
53.275,-83.6983580050339
53.3,-83.6983570948508
53.325,-83.6983561846764
53.35,-83.6983552745108
53.375,-83.6983543643537
53.4,-83.6983534542051
53.425,-83.698352544065
53.45,-83.6983516339331
53.475,-83.6983507238095
53.5,-83.698349813694
53.525,-83.6983489035865
53.55,-83.6983479934869
53.575,-83.6983470833952
53.6,-83.6983461733113
53.625,-83.6983452632351
53.65,-83.6983443531664
53.675,-83.6983434431053
53.7,-83.6983425330517
53.725,-83.6983416230054
53.75,-83.6983407129664
53.775,-83.6983398029347
53.8,-83.69833889291
53.825,-83.6983379828924
53.85,-83.6983370728818
53.875,-83.698336162878
53.9,-83.698335252881
53.925,-83.6983343428908
53.95,-83.6983334329072
53.975,-83.6983325229302
54,-83.6983316129596
54.025,-83.6983307029954
54.05,-83.6983297930375
54.075,-83.6983288830859
54.1,-83.6983279731405
54.125,-83.6983270632012
54.15,-83.6983261532679
54.175,-83.6983252433406
54.2,-83.6983243334193
54.225,-83.6983234235037
54.25,-83.6983225135938
54.275,-83.6983216036896
54.3,-83.6983206937909
54.325,-83.6983197838978
54.35,-83.6983188740102
54.375,-83.6983179641279
54.4,-83.698317054251
54.425,-83.6983161443793
54.45,-83.6983152345129
54.475,-83.6983143246515
54.5,-83.6983134147953
54.525,-83.6983125049439
54.55,-83.6983115950975
54.575,-83.698310685256
54.6,-83.6983097754192
54.625,-83.6983088655871
54.65,-83.6983079557596
54.675,-83.6983070459366
54.7,-83.6983061361181
54.725,-83.698305226304
54.75,-83.6983043164943
54.775,-83.6983034066888
54.8,-83.6983024968875
54.825,-83.6983015870905
54.85,-83.6983006772975
54.875,-83.6982997675085
54.9,-83.6982988577234
54.925,-83.6982979479422
54.95,-83.6982970381649
54.975,-83.6982961283912
55,-83.6982952186213
55.025,-83.698294308855
55.05,-83.6982933990922
55.075,-83.6982924893329
55.1,-83.698291579577
55.125,-83.6982906698245
55.15,-83.6982897600752
55.175,-83.6982888503291
55.2,-83.6982879405863
55.225,-83.6982870308465
55.25,-83.6982861211097
55.275,-83.698285211376
55.3,-83.6982843016451
55.325,-83.6982833919172
55.35,-83.698282482192
55.375,-83.6982815724696
55.4,-83.6982806627499
55.425,-83.6982797530328
55.45,-83.6982788433182
55.475,-83.6982779336062
55.5,-83.6982770238966
55.525,-83.6982761141895
55.55,-83.6982752044847
55.575,-83.6982742947823
55.6,-83.6982733850821
55.625,-83.6982724753841
55.65,-83.6982715656883
55.675,-83.6982706559945
55.7,-83.6982697463029
55.725,-83.6982688366132
55.75,-83.6982679269255
55.775,-83.6982670172397
55.8,-83.6982661075558
55.825,-83.6982651978737
55.85,-83.6982642881934
55.875,-83.6982633785148
55.9,-83.6982624688379
55.925,-83.6982615591627
55.95,-83.698260649489
55.975,-83.698259739817
56,-83.6982588301464
56.025,-83.6982579204773
56.05,-83.6982570108097
56.075,-83.6982561011435
56.1,-83.6982551914787
56.125,-83.6982542818152
56.15,-83.6982533721531
56.175,-83.6982524624922
56.2,-83.6982515528326
56.225,-83.6982506431742
56.25,-83.6982497335169
56.275,-83.6982488238609
56.3,-83.698247914206
56.325,-83.6982470045521
56.35,-83.6982460948994
56.375,-83.6982451852477
56.4,-83.698244275597
56.425,-83.6982433659473
56.45,-83.6982424562986
56.475,-83.6982415466509
56.5,-83.6982406370041
56.525,-83.6982397273583
56.55,-83.6982388177134
56.575,-83.6982379080694
56.6,-83.6982369984264
56.625,-83.6982360887842
56.65,-83.6982351791429
56.675,-83.6982342695024
56.7,-83.6982333598628
56.725,-83.6982324502241
56.75,-83.6982315404366
56.775,-83.6982306303602
56.8,-83.698229720011
56.825,-83.6982288094027
56.85,-83.6982278985499
56.875,-83.6982269874659
56.9,-83.6982260761652
56.925,-83.6982251646604
56.95,-83.6982242529659
56.975,-83.6982233410939
57,-83.6982224290572
57.025,-83.6982215168667
57.05,-83.6982206045332
57.075,-83.6982196920662
57.1,-83.6982187794761
57.125,-83.6982178667721
57.15,-83.6982169539629
57.175,-83.6982160410562
57.2,-83.6982151280605
57.225,-83.6982142149832
57.25,-83.6982133018312
57.275,-83.698212388611
57.3,-83.6982114753289
57.325,-83.6982105619907
57.35,-83.6982096486024
57.375,-83.6982087351693
57.4,-83.6982078216965
57.425,-83.6982069081889
57.45,-83.6982059946602
57.475,-83.6982050811203
57.5,-83.6982041676094
57.525,-83.6982032541539
57.55,-83.6982023407963
57.575,-83.6982014275655
57.6,-83.6982005144874
57.625,-83.6981996015807
57.65,-83.6981986888635
57.675,-83.6981977763488
57.7,-83.6981968640509
57.725,-83.6981959519801
57.75,-83.6981950401496
57.775,-83.6981941285688
57.8,-83.6981932172419
57.825,-83.6981923061729
57.85,-83.6981913953703
57.875,-83.6981904848403
57.9,-83.6981895745912
57.925,-83.698188664629
57.95,-83.6981877549561
57.975,-83.6981868455747
58,-83.6981859364928
58.025,-83.6981850277156
58.05,-83.6981841192437
58.075,-83.6981832110783
58.1,-83.6981823032264
58.125,-83.698181395693
58.15,-83.6981804884792
58.175,-83.6981795815864
58.2,-83.6981786750197
58.225,-83.6981777687826
58.25,-83.6981768628766
58.275,-83.6981759573028
58.3,-83.698175052068
58.325,-83.6981741471765
58.35,-83.6981732426277
58.375,-83.6981723384215
58.4,-83.6981714345653
58.425,-83.6981705310638
58.45,-83.6981696279163
58.475,-83.6981687251228
58.5,-83.6981678226821
58.525,-83.6981669205935
58.55,-83.698166018863
58.575,-83.6981651174941
58.6,-83.6981642164854
58.625,-83.6981633158362
58.65,-83.6981624155542
58.675,-83.6981615156441
58.7,-83.6981606161065
58.725,-83.6981597169423
58.75,-83.6981588181475
58.775,-83.6981579197201
58.8,-83.6981570216669
58.825,-83.6981561239922
58.85,-83.6981552266959
58.875,-83.6981543297785
58.9,-83.6981534332463
58.925,-83.6981525371032
58.95,-83.6981516413488
58.975,-83.6981507459834
59,-83.6981498510055
59.025,-83.6981489564145
59.05,-83.6981480622068
59.075,-83.6981471683801
59.1,-83.6981462749409
59.125,-83.6981453818929
59.15,-83.6981444892342
59.175,-83.6981435969641
59.2,-83.6981427050904
59.225,-83.6981418136178
59.25,-83.6981409225481
59.275,-83.6981400318828
59.3,-83.6981391416198
59.325,-83.6981382517579
59.35,-83.6981373623038
59.375,-83.6981364732613
59.4,-83.6981355846316
59.425,-83.6981346964158
59.45,-83.6981338086113
59.475,-83.6981329212167
59.5,-83.6981320342391
59.525,-83.6981311476825
59.55,-83.6981302615482
59.575,-83.6981293758372
59.6,-83.698128490547
59.625,-83.6981276056761
59.65,-83.6981267212321
59.675,-83.6981258372194
59.7,-83.6981249536395
59.725,-83.6981240704934
59.75,-83.6981231877914
59.775,-83.6981223055394
59.8,-83.6981214237384
59.825,-83.6981205423893
59.85,-83.6981196614912
59.875,-83.6981187810432
59.9,-83.698117901055
59.925,-83.6981170215319
59.95,-83.6981161424746
59.975,-83.6981152638836
60,-83.6981143857576
60.025,-83.6981135080957
60.05,-83.6981126309097
60.075,-83.6981117542064
60.1,-83.6981108779872
60.125,-83.6981100022534
60.15,-83.6981091270171
60.175,-83.6981082522855
60.2,-83.6981073780604
60.225,-83.6981065043429
60.25,-83.6981056311323
60.275,-83.6981047584277
60.3,-83.6981038862408
60.325,-83.6981030145783
60.35,-83.6981021434419
60.375,-83.6981012728324
60.4,-83.698100402767
60.425,-83.6980995332558
60.45,-83.698098664301
60.475,-83.6980977959037
60.5,-83.6980969280616
60.525,-83.6980960607724
60.55,-83.6980951940528
60.575,-83.6980943279118
60.6,-83.6980934623531
60.625,-83.6980925973784
60.65,-83.6980917329841
60.675,-83.698090869167
60.7,-83.6980900059425
60.725,-83.6980891433187
60.75,-83.6980882812997
60.775,-83.698087419888
60.8,-83.6980865590823
60.825,-83.698085698881
60.85,-83.6980848392991
60.875,-83.6980839803446
60.9,-83.6980831220212
60.925,-83.6980822643301
60.95,-83.6980814072932
60.975,-83.6980805509231
61,-83.6980796952234
61.025,-83.6980788401959
61.05,-83.6980779858394
61.075,-83.698077132152
61.1,-83.6980762791546
61.125,-83.698075426859
61.15,-83.6980745752686
61.175,-83.6980737243847
61.2,-83.6980728742057
61.225,-83.698072024729
61.25,-83.6980711759769
61.275,-83.6980703279615
61.3,-83.6980694806869
61.325,-83.6980686341545
61.35,-83.6980677883886
61.375,-83.6980669434026
61.4,-83.6980660992051
61.425,-83.6980652558007
61.45,-83.6980644132162
61.475,-83.6980635714663
61.5,-83.698062730557
61.525,-83.6980618904917
61.55,-83.6980610512722
61.575,-83.6980602128981
61.6,-83.6980593753943
61.625,-83.6980585387734
61.65,-83.6980577030404
61.675,-83.6980568681975
61.7,-83.6980560342763
61.725,-83.6980552012948
61.75,-83.6980543692601
61.775,-83.6980535381757
61.8,-83.6980527080729
61.825,-83.6980518789692
61.85,-83.6980510509105
61.875,-83.6980502239244
61.9,-83.698049398024
61.925,-83.6980485732169
61.95,-83.6980477495415
61.975,-83.6980469270192
62,-83.6980461057021
62.025,-83.6980452856215
62.05,-83.6980444667945
62.075,-83.6980436492317
62.1,-83.698042833015
62.125,-83.6980420181925
62.15,-83.6980412048438
62.175,-83.6980403930182
62.2,-83.6980395827908
62.225,-83.6980387742086
62.25,-83.6980379673449
62.275,-83.6980371622446
62.3,-83.69803635893
62.325,-83.6980355574154
62.35,-83.6980347577076
62.375,-83.6980339598096
62.4,-83.698033163714
62.425,-83.6980323694145
62.45,-83.6980315768949
62.475,-83.6980307861418
62.5,-83.6980299971376
62.525,-83.6980292098675
62.55,-83.6980284243199
62.575,-83.6980276404838
62.6,-83.6980268583419
62.625,-83.6980260778807
62.65,-83.698025299081
62.675,-83.6980245219273
62.7,-83.6980237464071
62.725,-83.6980229725092
62.75,-83.6980222002166
62.775,-83.6980214295158
62.8,-83.69802066039
62.825,-83.6980198928246
62.85,-83.6980191268081
62.875,-83.6980183623294
62.9,-83.6980175993738
62.925,-83.6980168379287
62.95,-83.6980160779802
62.975,-83.6980153195152
63,-83.6980145625223
63.025,-83.6980138069907
63.05,-83.6980130529047
63.075,-83.6980123002508
63.1,-83.6980115490128
63.125,-83.6980107991768
63.15,-83.6980100507319
63.175,-83.6980093036681
63.2,-83.6980085579693
63.225,-83.6980078136224
63.25,-83.6980070706216
63.275,-83.6980063289594
63.3,-83.6980055886236
63.325,-83.6980048496036
63.35,-83.6980041118852
63.375,-83.6980033754564
63.4,-83.6980026403094
63.425,-83.6980019064358
63.45,-83.6980011738218
63.475,-83.698000442456
63.5,-83.6979997123326
63.525,-83.6979989834449
63.55,-83.6979982557818
63.575,-83.6979975293342
63.6,-83.6979968040883
63.625,-83.6979960800333
63.65,-83.6979953571623
63.675,-83.6979946354684
63.7,-83.697993914939
63.725,-83.6979931955647
63.75,-83.6979924773312
63.775,-83.6979917602275
63.8,-83.6979910442477
63.825,-83.6979903293868
63.85,-83.6979896156353
63.875,-83.697988902987
63.9,-83.6979881914366
63.925,-83.6979874809794
63.95,-83.6979867716042
63.975,-83.6979860633045
64,-83.6979853560665
64.025,-83.6979846498813
64.05,-83.6979839447432
64.075,-83.6979832406487
64.1,-83.6979825375873
64.125,-83.6979818355546
64.15,-83.6979811345471
64.175,-83.697980434563
64.2,-83.6979797354685
64.225,-83.6979790371381
64.25,-83.6979783394617
64.275,-83.6979776423324
64.3,-83.6979769456552
64.325,-83.6979762493367
64.35,-83.6979755532996
64.375,-83.6979748574666
64.4,-83.6979741617721
64.425,-83.6979734661493
64.45,-83.697972770544
64.475,-83.6979720749002
64.5,-83.6979713791688
64.525,-83.6979706832993
64.55,-83.697969987248
64.575,-83.6979692909707
64.6,-83.6979685944314
64.625,-83.6979678975942
64.65,-83.6979672004334
64.675,-83.6979665029226
64.7,-83.6979658050404
64.725,-83.6979651067649
64.75,-83.6979644080862
64.775,-83.6979637089937
64.8,-83.6979630094792
64.825,-83.6979623095325
64.85,-83.6979616091506
64.875,-83.6979609083312
64.9,-83.6979602070758
64.925,-83.6979595053852
64.95,-83.697958803264
64.975,-83.6979581007163
65,-83.6979573977522
65.025,-83.6979566943834
65.05,-83.6979559906249
65.075,-83.6979552864924
65.1,-83.6979545820047
65.125,-83.6979538771813
65.15,-83.6979531720478
65.175,-83.6979524666323
65.2,-83.6979517609642
65.225,-83.697951055074
65.25,-83.6979503489926
65.275,-83.6979496427522
65.3,-83.6979489363885
65.325,-83.697948229941
65.35,-83.6979475234494
65.375,-83.6979468169543
65.4,-83.6979461104989
65.425,-83.6979454041307
65.45,-83.6979446978977
65.475,-83.6979439918507
65.5,-83.6979432860394
65.525,-83.6979425805162
65.55,-83.697941875335
65.575,-83.6979411705555
65.6,-83.6979404662367
65.625,-83.6979397624406
65.65,-83.6979390592287
65.675,-83.6979383566672
65.7,-83.69793765482
65.725,-83.6979369537547
65.75,-83.6979362535383
65.775,-83.6979355542411
65.8,-83.6979348559325
65.825,-83.6979341586874
65.85,-83.697933462581
65.875,-83.6979327676928
65.9,-83.6979320741024
65.925,-83.6979313818928
65.95,-83.697930691148
65.975,-83.6979300019573
66,-83.6979293144108
66.025,-83.697928628601
66.05,-83.6979279446215
66.075,-83.6979272625686
66.1,-83.697926582637
66.125,-83.6979259050217
66.15,-83.6979252299139
66.175,-83.6979245574998
66.2,-83.6979238879627
66.225,-83.6979232214812
66.25,-83.6979225582422
66.275,-83.6979218984277
66.3,-83.6979212422174
66.325,-83.6979205897838
66.35,-83.6979199412979
66.375,-83.6979192969208
66.4,-83.6979186568148
66.425,-83.6979180211319
66.45,-83.6979173900301
66.475,-83.6979167636478
66.5,-83.6979161421292
66.525,-83.6979155256024
66.55,-83.6979149142045
66.575,-83.6979143080568
66.6,-83.6979137072904
66.625,-83.6979131120205
66.65,-83.6979125223774
66.675,-83.6979119384707
66.7,-83.6979113604254
66.725,-83.6979107883363
66.75,-83.697910222267
66.775,-83.6979096623574
66.8,-83.6979091087373
66.825,-83.6979085615792
66.85,-83.6979080210468
66.875,-83.6979074873174
66.9,-83.6979069604529
66.925,-83.6979064407308
66.95,-83.6979059284543
66.975,-83.6979054239058
67,-83.6979049273805
67.025,-83.6979044390796
67.05,-83.6979039591223
67.075,-83.6979034877285
67.1,-83.6979030251635
67.125,-83.6979025716573
67.15,-83.6979021274663
67.175,-83.6979016926845
67.2,-83.6979012672991
67.225,-83.6979008513993
67.25,-83.6979004451647
67.275,-83.6979000487209
67.3,-83.6978996622121
67.325,-83.6978992857057
67.35,-83.6978989192697
67.375,-83.6978985629468
67.4,-83.6978982168027
67.425,-83.6978978808466
67.45,-83.6978975551431
67.475,-83.6978972396751
67.5,-83.6978969345153
67.525,-83.6978966395894
67.55,-83.6978963548021
67.575,-83.6978960800544
67.6,-83.6978958153504
67.625,-83.697895560577
67.65,-83.6978953156984
67.675,-83.6978950805664
67.7,-83.6978948550273
67.725,-83.6978946389357
67.75,-83.697894432268
67.775,-83.6978942348758
67.8,-83.6978940468191
67.825,-83.6978938678841
67.85,-83.6978936982512
67.875,-83.6978935375603
67.9,-83.697893385402
67.925,-83.6978932413826
67.95,-83.6978931052206
67.975,-83.6978929765882
68,-83.697892855525
68.025,-83.6978927416779
68.05,-83.6978926346795
68.075,-83.6978925341907
68.1,-83.6978924401706
68.125,-83.69789235228
68.15,-83.6978922703768
68.175,-83.6978921940961
68.2,-83.6978921230879
68.225,-83.6978920570433
68.25,-83.6978919959506
68.275,-83.6978919395093
68.3,-83.6978918874229
68.325,-83.6978918394267
68.35,-83.6978917954377
68.375,-83.6978917552205
68.4,-83.6978917185547
68.425,-83.6978916852479
68.45,-83.6978916551667
68.475,-83.6978916281651
68.5,-83.6978916041176
68.525,-83.6978915829187
68.55,-83.6978915644421
68.575,-83.6978915486272
68.6,-83.697891535429
68.625,-83.6978915248105
68.65,-83.6978915166575
68.675,-83.6978915109702
68.7,-83.6978915077583
68.725,-83.6978915070304
68.75,-83.6978915085708
68.775,-83.6978915124628
68.8,-83.6978915188037
68.825,-83.6978915276794
68.85,-83.69789153882
68.875,-83.6978915524067
68.9,-83.6978915686297
68.925,-83.6978915876532
68.95,-83.6978916091794
68.975,-83.697891633476
69,-83.6978916607126
69.025,-83.697891691155
69.05,-83.6978917250249
69.075,-83.6978917624927
69.1,-83.6978918032685
69.125,-83.6978918476121
69.15,-83.6978918956854
69.175,-83.69789194774
69.2,-83.6978920037375
69.225,-83.6978920639413
69.25,-83.6978921285848
69.275,-83.6978921978555
69.3,-83.6978922718122
69.325,-83.6978923505848
69.35,-83.6978924342754
69.375,-83.6978925229574
69.4,-83.697892616917
69.425,-83.6978927160989
69.45,-83.6978928206771
69.475,-83.6978929304744
69.5,-83.6978930453064
69.525,-83.697893165006
69.55,-83.6978932897392
69.575,-83.6978934192782
69.6,-83.6978935536213
69.625,-83.697893692497
69.65,-83.697893835656
69.675,-83.6978939828879
69.7,-83.6978941342346
69.725,-83.6978942894796
69.75,-83.6978944487206
69.775,-83.6978946116721
69.8,-83.6978947780679
69.825,-83.6978949476826
69.85,-83.6978951205671
69.875,-83.69789529649
69.9,-83.6978954752431
69.925,-83.6978956566528
69.95,-83.6978958407326
69.975,-83.6978960273077
70,-83.6978962162232
70.025,-83.6978964073509
70.05,-83.6978966006803
70.075,-83.6978967960899
70.1,-83.6978969935299
70.125,-83.6978971929027
70.15,-83.6978973940853
70.175,-83.6978975970151
70.2,-83.697897801712
70.225,-83.6978980081081
70.25,-83.6978982161533
70.275,-83.6978984258034
70.3,-83.6978986370214
70.325,-83.6978988497772
70.35,-83.697899064045
70.375,-83.6978992797975
70.4,-83.6978994970117
70.425,-83.6978997156679
70.45,-83.6978999356577
70.475,-83.6979001569874
70.5,-83.6979003797207
70.525,-83.6979006038473
70.55,-83.6979008292854
70.575,-83.6979010560514
70.6,-83.6979012841623
70.625,-83.6979015136311
70.65,-83.6979017444833
70.675,-83.6979019767251
70.7,-83.6979022102243
70.725,-83.6979024450297
70.75,-83.697902681189
70.775,-83.6979029187409
70.8,-83.6979031578285
70.825,-83.6979033984389
70.85,-83.6979036405493
70.875,-83.6979038841359
70.9,-83.6979041291362
70.925,-83.6979043755266
70.95,-83.697904623289
70.975,-83.6979048724083
71,-83.6979051228709
71.025,-83.6979053746647
71.05,-83.697905627773
71.075,-83.6979058821942
71.1,-83.6979061379258
71.125,-83.6979063949637
71.15,-83.6979066533026
71.175,-83.6979069129359
71.2,-83.6979071738427
71.225,-83.6979074360144
71.25,-83.6979076994427
71.275,-83.6979079641192
71.3,-83.6979082300353
71.325,-83.6979084971818
71.35,-83.6979087654339
71.375,-83.6979090348349
71.4,-83.6979093054251
71.425,-83.6979095772362
71.45,-83.6979098502905
71.475,-83.6979101246027
71.5,-83.6979104001806
71.525,-83.6979106770274
71.55,-83.6979109551993
71.575,-83.6979112346629
71.6,-83.6979115153852
71.625,-83.6979117973366
71.65,-83.697912080492
71.675,-83.6979123648295
71.7,-83.6979126506098
71.725,-83.6979129376794
71.75,-83.6979132258983
71.775,-83.6979135151511
71.8,-83.6979138053471
71.825,-83.6979140964166
71.85,-83.6979143874008
71.875,-83.697914676714
71.9,-83.6979149642587
71.925,-83.6979152505552
71.95,-83.6979155366132
71.975,-83.6979158224101
72,-83.6979161079012
72.025,-83.6979163930462
72.05,-83.6979166776393
72.075,-83.6979169617193
72.1,-83.6979172436277
72.125,-83.6979175222141
72.15,-83.6979177986632
72.175,-83.6979180732928
72.2,-83.6979183464377
72.225,-83.6979186181926
72.25,-83.6979188887906
72.275,-83.6979191581835
72.3,-83.6979194263872
72.325,-83.6979196933207
72.35,-83.6979199591124
72.375,-83.6979202235945
72.4,-83.6979204867113
72.425,-83.6979207483429
72.45,-83.697921008508
72.475,-83.6979212670345
72.5,-83.6979215238623
72.525,-83.6979217788702
72.55,-83.6979220319823
72.575,-83.6979222831535
72.6,-83.697922532443
72.625,-83.697922779757
72.65,-83.6979230250427
72.675,-83.6979232681997
72.7,-83.6979235092334
72.725,-83.6979237480409
72.75,-83.6979239845932
72.775,-83.6979242188228
72.8,-83.6979244506936
72.825,-83.69792468019
72.85,-83.6979249073138
72.875,-83.6979251319771
72.9,-83.6979253541597
72.925,-83.6979255738017
72.95,-83.697925790874
72.975,-83.6979260053673
73,-83.6979262172633
73.025,-83.6979264264746
73.05,-83.6979266329781
73.075,-83.697926836729
73.1,-83.6979270377108
73.125,-83.6979272359246
73.15,-83.6979274303181
73.175,-83.697927620095
73.2,-83.6979278047642
73.225,-83.697927984043
73.25,-83.6979281578045
73.275,-83.6979283259884
73.3,-83.6979284886052
73.325,-83.6979286457119
73.35,-83.6979287973833
73.375,-83.6979289437395
73.4,-83.6979290849059
73.425,-83.6979292210114
73.45,-83.6979293521872
73.475,-83.6979294785664
73.5,-83.6979296002822
73.525,-83.697929717468
73.55,-83.6979298302636
73.575,-83.6979299387916
73.6,-83.6979300431787
73.625,-83.6979301435527
73.65,-83.6979302400375
73.675,-83.6979303327646
73.7,-83.6979304218595
73.725,-83.6979305074438
73.75,-83.697930589636
73.775,-83.6979306685519
73.8,-83.6979307443049
73.825,-83.6979308170063
73.85,-83.6979308867648
73.875,-83.6979309536878
73.9,-83.6979310178729
73.925,-83.6979310794187
73.95,-83.6979311384174
73.975,-83.6979311949409
74,-83.6979312490055
74.025,-83.697931300347
74.05,-83.6979313474307
74.075,-83.6979313822728
74.1,-83.6979313682176
74.125,-83.6979313030838
74.15,-83.6979312207612
74.175,-83.6979311176851
74.2,-83.6979309932682
74.225,-83.6979308479016
74.25,-83.6979306816225
74.275,-83.6979304942618
74.3,-83.697930285623
74.325,-83.6979300551345
74.35,-83.6979298020338
74.375,-83.6979295254342
74.4,-83.6979292243591
74.425,-83.697928897749
74.45,-83.6979285444371
74.475,-83.6979281630558
74.5,-83.6979277516368
74.525,-83.6979280720936
74.55,-83.6979283036448
74.575,-83.6979285926892
74.6,-83.6979289195999
74.625,-83.6979292343169
74.65,-83.6979296369226
74.675,-83.6979291551234
74.7,-83.6979294748971
74.725,-83.69792979205
74.75,-83.6979299555456
74.775,-83.6979301975845
74.8,-83.6979303446688
74.825,-83.6979304032209
74.85,-83.6979303811162
74.875,-83.6979302859149
74.9,-83.6979301267595
74.925,-83.6979299169827
74.95,-83.6979296711462
74.975,-83.6979294038534
75,-83.6979291260321
75.025,-83.6979288443954
75.05,-83.697928561938
75.075,-83.6979282798762
75.1,-83.6979279986337
75.125,-83.697927718345
75.15,-83.6979274392848
75.175,-83.6979271612463
75.2,-83.6979268841961
75.225,-83.6979266080928
75.25,-83.6979263329058
75.275,-83.6979260586074
75.3,-83.6979257851727
75.325,-83.6979255125782
75.35,-83.6979252405548
75.375,-83.6979249692511
75.4,-83.6979246986776
75.425,-83.6979244288269
75.45,-83.6979241599311
75.475,-83.697923891812
75.5,-83.6979236244191
75.525,-83.697923357724
75.55,-83.6979230917053
75.575,-83.6979228263446
75.6,-83.6979225616251
75.625,-83.697922297531
75.65,-83.6979220340472
75.675,-83.697921771159
75.7,-83.6979215088525
75.725,-83.697921247114
75.75,-83.6979209856881
75.775,-83.6979207247042
75.8,-83.6979204641948
75.825,-83.6979202041646
75.85,-83.6979199448507
75.875,-83.6979196861064
75.9,-83.6979194278784
75.925,-83.6979191701405
75.95,-83.6979189128757
75.975,-83.6979186560705
76,-83.6979183997131
76.025,-83.6979181437924
76.05,-83.6979178882982
76.075,-83.6979176332206
76.1,-83.6979173785502
76.125,-83.697917124278
76.15,-83.6979168701566
76.175,-83.6979166163038
76.2,-83.6979163629983
76.225,-83.6979161101271
76.25,-83.6979158576436
76.275,-83.6979156055254
76.3,-83.6979153537586
76.325,-83.6979151023329
76.35,-83.6979148512396
76.375,-83.6979146004709
76.4,-83.6979143500196
76.425,-83.6979140998787
76.45,-83.6979138500416
76.475,-83.697913600502
76.5,-83.6979133510182
76.525,-83.6979131017012
76.55,-83.6979128528305
76.575,-83.6979126043066
76.6,-83.697912356086
76.625,-83.6979121081472
76.65,-83.697911860478
76.675,-83.6979116130696
76.7,-83.6979113659154
76.725,-83.6979111190093
76.75,-83.697910872346
76.775,-83.6979106259205
76.8,-83.6979103797281
76.825,-83.6979101337644
76.85,-83.6979098877924
76.875,-83.6979096419182
76.9,-83.6979093961882
76.925,-83.6979091506229
76.95,-83.6979089054632
76.975,-83.6979086606024
77,-83.6979084159922
77.025,-83.6979081716085
77.05,-83.6979079274381
77.075,-83.6979076834722
77.1,-83.6979074397046
77.125,-83.6979071961303
77.15,-83.697906952745
77.175,-83.6979067095449
77.2,-83.6979064665267
77.225,-83.6979062236871
77.25,-83.6979059810233
77.275,-83.6979057385324
77.3,-83.6979054959828
77.325,-83.697905253476
77.35,-83.6979050112886
77.375,-83.6979047693389
77.4,-83.6979045275891
77.425,-83.69790428602
77.45,-83.6979040446216
77.475,-83.6979038033873
77.5,-83.697903562313
77.525,-83.6979033213951
77.55,-83.6979030806312
77.575,-83.6979028400187
77.6,-83.6979025995557
77.625,-83.6979023592403
77.65,-83.6979021188444
77.675,-83.6979018784667
77.7,-83.6979016383815
77.725,-83.697901398512
77.75,-83.697901158822
77.775,-83.6979009192932
77.8,-83.6979006799161
77.825,-83.6979004406849
77.85,-83.6979002015958
77.875,-83.6978999626463
77.9,-83.6978997238344
77.925,-83.6978994851583
77.95,-83.6978992466167
77.975,-83.6978990082084
78,-83.6978987699323
78.025,-83.6978985317876
78.05,-83.6978982935503
78.075,-83.6978980553166
78.1,-83.6978978173575
78.125,-83.6978975796006
78.15,-83.6978973420113
78.175,-83.6978971045722
78.2,-83.6978968672743
78.225,-83.6978966301124
78.25,-83.6978963930833
78.275,-83.6978961561849
78.3,-83.6978959194158
78.325,-83.6978956827748
78.35,-83.6978954460407
78.375,-83.6978952093075
78.4,-83.6978949728435
78.425,-83.6978947365784
78.45,-83.6978945004784
78.475,-83.6978942645267
78.5,-83.6978940287144
78.525,-83.6978937930366
78.55,-83.6978935574904
78.575,-83.697893322074
78.6,-83.6978930867862
78.625,-83.6978928516262
78.65,-83.6978926163754
78.675,-83.6978923811265
78.7,-83.6978921461446
78.725,-83.6978919113616
78.75,-83.6978916767446
78.775,-83.6978914422772
78.8,-83.6978912079508
78.825,-83.6978909737607
78.85,-83.6978907397043
78.875,-83.69789050578
78.9,-83.6978902719867
78.925,-83.6978900383238
78.95,-83.6978898047912
78.975,-83.6978895713885
79,-83.6978893381158
79.025,-83.6978891049732
79.05,-83.6978888719609
79.075,-83.6978886390789
79.1,-83.6978884063278
79.125,-83.6978881737077
79.15,-83.697887941219
79.175,-83.6978877088621
79.2,-83.6978874766375
79.225,-83.6978872445455
79.25,-83.6978870125867
79.275,-83.6978867807614
79.3,-83.6978865490702
79.325,-83.6978863175137
79.35,-83.6978860860922
79.375,-83.6978858548065
79.4,-83.6978856236569
79.425,-83.6978853926441
79.45,-83.6978851617687
79.475,-83.6978849310312
79.5,-83.6978847004322
79.525,-83.6978844699723
79.55,-83.6978842396522
79.575,-83.6978840094725
79.6,-83.6978837794337
79.625,-83.6978835495367
79.65,-83.6978833197819
79.675,-83.69788309017
79.7,-83.6978828607018
79.725,-83.6978826313779
79.75,-83.6978824019916
79.775,-83.6978821726303
79.8,-83.6978819433402
79.825,-83.6978817141469
79.85,-83.6978814852717
79.875,-83.6978812566365
79.9,-83.6978810282028
79.925,-83.6978807999512
79.95,-83.6978805718712
79.975,-83.6978803439571
80,-83.6978801162057
80.025,-83.6978798886149
80.05,-83.6978796611839
80.075,-83.6978794339119
80.1,-83.6978792067988
80.125,-83.6978789798447
80.15,-83.6978787528465
80.175,-83.6978785258893
80.2,-83.6978782992207
80.225,-83.6978780727803
80.25,-83.6978778465387
80.275,-83.6978776204814
80.3,-83.6978773946006
80.325,-83.6978771688924
80.35,-83.6978769433548
80.375,-83.6978767179867
80.4,-83.6978764927876
80.425,-83.6978762677575
80.45,-83.6978760428965
80.475,-83.6978758182049
80.5,-83.6978755936832
80.525,-83.697875369332
80.55,-83.6978751449531
80.575,-83.6978749206297
80.6,-83.6978746966042
80.625,-83.6978744728181
80.65,-83.6978742492431
80.675,-83.6978740258649
80.7,-83.6978738026762
80.725,-83.6978735796732
80.75,-83.6978733568541
80.775,-83.6978731342177
80.8,-83.6978729117638
80.825,-83.6978726894923
80.85,-83.6978724674034
80.875,-83.6978722454975
80.9,-83.6978720237752
80.925,-83.697871802237
80.95,-83.6978715806896
80.975,-83.6978713592138
81,-83.6978711378531
81.025,-83.6978709166316
81.05,-83.6978706957565
81.075,-83.697870475156
81.1,-83.6978702547945
81.125,-83.6978700346539
81.15,-83.6978698147246
81.175,-83.6978695950013
81.2,-83.6978693754808
81.225,-83.6978691561616
81.25,-83.6978689370426
81.275,-83.6978687181234
81.3,-83.6978684992142
81.325,-83.6978682803936
81.35,-83.6978680618924
81.375,-83.6978678436553
81.4,-83.697867625655
81.425,-83.6978674078778
81.45,-83.6978671903168
81.475,-83.6978669729681
81.5,-83.69786675583
81.525,-83.6978665389014
81.55,-83.697866322182
81.575,-83.6978661056717
81.6,-83.6978658893708
81.625,-83.6978656732797
81.65,-83.6978654572135
81.675,-83.6978652412492
81.7,-83.6978650256127
81.725,-83.6978648102504
81.75,-83.6978645951359
81.775,-83.697864380256
81.8,-83.6978641656042
81.825,-83.6978639511768
81.85,-83.697863736972
81.875,-83.6978635229889
81.9,-83.6978633092274
81.925,-83.6978630956873
81.95,-83.6978628821875
81.975,-83.697862668803
82,-83.6978624557549
82.025,-83.6978622429906
82.05,-83.6978620304845
82.075,-83.6978618182236
82.1,-83.6978616062013
82.125,-83.6978613944142
82.15,-83.6978611828604
82.175,-83.6978609715391
82.2,-83.6978607604499
82.225,-83.697860549593
82.25,-83.6978603389685
82.275,-83.6978601285768
82.3,-83.6978599184185
82.325,-83.6978597084942
82.35,-83.6978594988046
82.375,-83.6978592893503
82.4,-83.6978590799567
82.425,-83.6978588706966
82.45,-83.6978586617837
82.475,-83.6978584531678
82.5,-83.6978582448244
82.525,-83.6978580367411
82.55,-83.6978578289117
82.575,-83.6978576213329
82.6,-83.697857414003
82.625,-83.6978572069213
82.65,-83.6978570000874
82.675,-83.6978567935014
82.7,-83.6978565869924
82.725,-83.6978563806309
82.75,-83.6978561746254
82.775,-83.6978559689267
82.8,-83.6978557635109
82.825,-83.6978555583657
82.85,-83.6978553534851
82.875,-83.6978551488656
82.9,-83.6978549445058
82.925,-83.6978547404046
82.95,-83.6978545365619
82.975,-83.6978543329777
83,-83.6978541296523
83.025,-83.6978539265859
83.05,-83.6978537237793
83.075,-83.6978535212329
83.1,-83.6978533189474
83.125,-83.6978531169235
83.15,-83.6978529151619
83.175,-83.6978527136635
83.2,-83.6978525124289
83.225,-83.6978523114591
83.25,-83.6978521107547
83.275,-83.6978519103166
83.3,-83.6978517101457
83.325,-83.6978515102427
83.35,-83.6978513106086
83.375,-83.6978511112441
83.4,-83.69785091215
83.425,-83.6978507133273
83.45,-83.6978505147768
83.475,-83.6978503164992
83.5,-83.6978501184956
83.525,-83.6978499207666
83.55,-83.6978497233131
83.575,-83.697849526136
83.6,-83.6978493292361
83.625,-83.6978491326144
83.65,-83.6978489362714
83.675,-83.6978487402083
83.7,-83.6978485442693
83.725,-83.6978483485187
83.75,-83.6978481531474
83.775,-83.6978479581113
83.8,-83.697847763389
83.825,-83.6978475689696
83.85,-83.6978473748475
83.875,-83.69784718102
83.9,-83.6978469874854
83.925,-83.6978467942432
83.95,-83.6978466012931
83.975,-83.6978464086352
84,-83.6978462162697
84.025,-83.6978460241971
84.05,-83.6978458324179
84.075,-83.6978456409326
84.1,-83.6978454497419
84.125,-83.6978452588465
84.15,-83.6978450682471
84.175,-83.6978448779444
84.2,-83.6978446879392
84.225,-83.6978444982322
84.25,-83.6978443088242
84.275,-83.697844119716
84.3,-83.6978439309083
84.325,-83.6978437424021
84.35,-83.697843554198
84.375,-83.6978433662969
84.4,-83.6978431786995
84.425,-83.6978429914067
84.45,-83.6978428044193
84.475,-83.6978426177381
84.5,-83.6978424313638
84.525,-83.6978422452973
84.55,-83.6978420595394
84.575,-83.6978418740909
84.6,-83.6978416889526
84.625,-83.6978415041252
84.65,-83.6978413196096
84.675,-83.6978411354066
84.7,-83.6978409515169
84.725,-83.6978407679414
84.75,-83.6978405846808
84.775,-83.697840401736
84.8,-83.6978402191078
84.825,-83.6978400367968
84.85,-83.6978398546658
84.875,-83.697839672771
84.9,-83.6978394912808
84.925,-83.6978393101571
84.95,-83.6978391293812
84.975,-83.6978389489437
85,-83.6978387688396
85.025,-83.6978385890665
85.05,-83.6978384096231
85.075,-83.6978382305087
85.1,-83.6978380515891
85.125,-83.6978378729182
85.15,-83.6978376946587
85.175,-83.6978375167734
85.2,-83.6978373392438
85.225,-83.6978371620608
85.25,-83.6978369852192
85.275,-83.6978368087167
85.3,-83.6978366325518
85.325,-83.6978364567238
85.35,-83.6978362812325
85.375,-83.6978361060779
85.4,-83.6978359312602
85.425,-83.6978357567798
85.45,-83.6978355826371
85.475,-83.6978354088326
85.5,-83.6978352353669
85.525,-83.6978350622406
85.55,-83.6978348894542
85.575,-83.6978347170086
85.6,-83.6978345447786
85.625,-83.6978343728153
85.65,-83.6978342012713
85.675,-83.6978340301126
85.7,-83.6978338593223
85.725,-83.697833688892
85.75,-83.6978335188171
85.775,-83.6978333490955
85.8,-83.6978331797259
85.825,-83.6978330107077
85.85,-83.6978328420408
85.875,-83.6978326737252
85.9,-83.6978325056407
85.925,-83.6978323378356
85.95,-83.6978321704562
85.975,-83.6978320034697
86,-83.6978318368599
86.025,-83.6978316706186
86.05,-83.6978315047415
86.075,-83.6978313392263
86.1,-83.6978311740718
86.125,-83.6978310092775
86.15,-83.697830844727
86.175,-83.6978306804665
86.2,-83.6978305166367
86.225,-83.6978303532059
86.25,-83.6978301901585
86.275,-83.6978300274865
86.3,-83.6978298651859
86.325,-83.6978297032541
86.35,-83.6978295416902
86.375,-83.6978293804935
86.4,-83.6978292196637
86.425,-83.6978290592009
86.45,-83.6978288989945
86.475,-83.6978287390886
86.5,-83.6978285796176
86.525,-83.6978284205516
86.55,-83.6978282618761
86.575,-83.6978281035834
86.6,-83.6978279456698
86.625,-83.697827788133
86.65,-83.6978276309719
86.675,-83.697827474186
86.7,-83.6978273177752
86.725,-83.6978271617393
86.75,-83.6978270059734
86.775,-83.697826850519
86.8,-83.6978266955041
86.825,-83.6978265409005
86.85,-83.6978263866944
86.875,-83.6978262328787
86.9,-83.6978260794496
86.925,-83.6978259264052
86.95,-83.6978257737444
86.975,-83.6978256214666
87,-83.6978254695718
87.025,-83.6978253180599
87.05,-83.6978251669311
87.075,-83.6978250161858
87.1,-83.6978248658242
87.125,-83.6978247158469
87.15,-83.6978245662543
87.175,-83.697824417047
87.2,-83.6978242682254
87.225,-83.6978241197903
87.25,-83.6978239717421
87.275,-83.6978238240815
87.3,-83.6978236768091
87.325,-83.6978235299254
87.35,-83.6978233834311
87.375,-83.6978232373269
87.4,-83.6978230916133
87.425,-83.697822946291
87.45,-83.6978228013606
87.475,-83.6978226568227
87.5,-83.697822512678
87.525,-83.697822368927
87.55,-83.6978222255705
87.575,-83.6978220826089
87.6,-83.697821940043
87.625,-83.6978217978734
87.65,-83.6978216561007
87.675,-83.6978215147254
87.7,-83.6978213737483
87.725,-83.6978212331699
87.75,-83.6978210929908
87.775,-83.6978209532118
87.8,-83.6978208138332
87.825,-83.6978206748559
87.85,-83.6978205362803
87.875,-83.6978203981072
87.9,-83.697820260337
87.925,-83.6978201229704
87.95,-83.697819986008
87.975,-83.6978198494504
88,-83.6978197132981
88.025,-83.6978195775519
88.05,-83.6978194422122
88.075,-83.6978193072797
88.1,-83.6978191727549
88.125,-83.6978190386385
88.15,-83.697818904931
88.175,-83.697818771633
88.2,-83.6978186387451
88.225,-83.6978185062678
88.25,-83.6978183742018
88.275,-83.6978182425476
88.3,-83.6978181113059
88.325,-83.6978179804771
88.35,-83.6978178500618
88.375,-83.6978177200606
88.4,-83.6978175904741
88.425,-83.6978174613029
88.45,-83.6978173325474
88.475,-83.6978172042084
88.5,-83.6978170762862
88.525,-83.6978169487816
88.55,-83.6978168216949
88.575,-83.6978166950269
88.6,-83.697816568778
88.625,-83.6978164429488
88.65,-83.6978163175399
88.675,-83.6978161925518
88.7,-83.697816067985
88.725,-83.6978159438401
88.75,-83.6978158201176
88.775,-83.6978156968181
88.8,-83.6978155739421
88.825,-83.6978154514901
88.85,-83.6978153294627
88.875,-83.6978152078603
88.9,-83.6978150866837
88.925,-83.6978149659332
88.95,-83.6978148456094
88.975,-83.6978147257127
89,-83.6978146062439
89.025,-83.6978144872033
89.05,-83.6978143685915
89.075,-83.6978142504089
89.1,-83.6978141326562
89.125,-83.6978140153338
89.15,-83.6978138984422
89.175,-83.697813781982
89.2,-83.6978136659536
89.225,-83.6978135503576
89.25,-83.6978134351944
89.275,-83.6978133204646
89.3,-83.6978132061687
89.325,-83.6978130923071
89.35,-83.6978129788804
89.375,-83.697812865889
89.4,-83.6978127533335
89.425,-83.6978126412143
89.45,-83.6978125295319
89.475,-83.6978124182869
89.5,-83.6978123074796
89.525,-83.6978121971106
89.55,-83.6978120871804
89.575,-83.6978119776894
89.6,-83.6978118686382
89.625,-83.6978117600271
89.65,-83.6978116518567
89.675,-83.6978115441273
89.7,-83.6978114368397
89.725,-83.6978113299941
89.75,-83.697811223591
89.775,-83.6978111176309
89.8,-83.6978110121143
89.825,-83.6978109070416
89.85,-83.6978108024133
89.875,-83.6978106982298
89.9,-83.6978105944916
89.925,-83.6978104911991
89.95,-83.6978103883528
89.975,-83.6978102859532
90,-83.6978101840007
90.025,-83.6978100824956
90.05,-83.6978099814386
90.075,-83.6978098808299
90.1,-83.6978097806701
90.125,-83.6978096809596
90.15,-83.6978095816988
90.175,-83.6978094828882
90.2,-83.6978093845281
90.225,-83.697809286619
90.25,-83.6978091891614
90.275,-83.6978090921557
90.3,-83.6978089956022
90.325,-83.6978088995014
90.35,-83.6978088038537
90.375,-83.6978087086596
90.4,-83.6978086139194
90.425,-83.6978085196336
90.45,-83.6978084258025
90.475,-83.6978083324267
90.5,-83.6978082395064
90.525,-83.6978081470421
90.55,-83.6978080550342
90.575,-83.6978079634832
90.6,-83.6978078723893
90.625,-83.697807781753
90.65,-83.6978076915746
90.675,-83.6978076018547
90.7,-83.6978075125935
90.725,-83.6978074237915
90.75,-83.697807335449
90.775,-83.6978072475665
90.8,-83.6978071601442
90.825,-83.6978070731827
90.85,-83.6978069866822
90.875,-83.6978069006431
90.9,-83.6978068150659
90.925,-83.6978067299509
90.95,-83.6978066452984
90.975,-83.6978065611089
91,-83.6978064773826
91.025,-83.6978063941201
91.05,-83.6978063113215
91.075,-83.6978062289873
91.1,-83.6978061471179
91.125,-83.6978060657136
91.15,-83.6978059847747
91.175,-83.6978059043016
91.2,-83.6978058242947
91.225,-83.6978057447542
91.25,-83.6978056656806
91.275,-83.6978055870743
91.3,-83.6978055089354
91.325,-83.6978054312644
91.35,-83.6978053540617
91.375,-83.6978052773275
91.4,-83.6978052010621
91.425,-83.697805125266
91.45,-83.6978050499394
91.475,-83.6978049750827
91.5,-83.6978049006962
91.525,-83.6978048267802
91.55,-83.697804753335
91.575,-83.697804680361
91.6,-83.6978046078585
91.625,-83.6978045358278
91.65,-83.6978044642692
91.675,-83.6978043931829
91.7,-83.6978043225695
91.725,-83.697804252429
91.75,-83.6978041827619
91.775,-83.6978041135685
91.8,-83.6978040448413
91.825,-83.6978039765805
91.85,-83.6978039087943
91.875,-83.697803841485
91.9,-83.6978037746536
91.925,-83.6978037083003
91.95,-83.6978036424205
91.975,-83.6978035770126
92,-83.697803512077
92.025,-83.6978034476147
92.05,-83.6978033836272
92.075,-83.6978033201158
92.1,-83.6978032570816
92.125,-83.6978031945256
92.15,-83.6978031324488
92.175,-83.6978030708518
92.2,-83.6978030097352
92.225,-83.6978029490995
92.25,-83.6978028889452
92.275,-83.6978028292726
92.3,-83.697802770082
92.325,-83.6978027113736
92.35,-83.6978026531478
92.375,-83.6978025954046
92.4,-83.6978025381444
92.425,-83.6978024813672
92.45,-83.6978024250732
92.475,-83.6978023692627
92.5,-83.6978023139356
92.525,-83.6978022590922
92.55,-83.6978022047325
92.575,-83.6978021508568
92.6,-83.6978020974651
92.625,-83.6978020445576
92.65,-83.6978019921344
92.675,-83.6978019401955
92.7,-83.6978018887412
92.725,-83.6978018377715
92.75,-83.6978017872866
92.775,-83.6978017372866
92.8,-83.6978016877715
92.825,-83.6978016387416
92.85,-83.6978015901968
92.875,-83.6978015421374
92.9,-83.6978014945635
92.925,-83.6978014474751
92.95,-83.6978014008724
92.975,-83.6978013547555
93,-83.6978013091245
93.025,-83.6978012639794
93.05,-83.6978012193206
93.075,-83.6978011751479
93.1,-83.6978011314616
93.125,-83.6978010882617
93.15,-83.6978010455484
93.175,-83.6978010033218
93.2,-83.6978009615819
93.225,-83.6978009203289
93.25,-83.6978008795629
93.275,-83.697800839284
93.3,-83.6978007994923
93.325,-83.6978007601879
93.35,-83.6978007213709
93.375,-83.6978006830414
93.4,-83.6978006451995
93.425,-83.6978006078454
93.45,-83.697800570979
93.475,-83.6978005346005
93.5,-83.69780049871
93.525,-83.6978004633076
93.55,-83.6978004283934
93.575,-83.6978003939675
93.6,-83.69780036003
93.625,-83.6978003265809
93.65,-83.6978002936204
93.675,-83.6978002611486
93.7,-83.6978002291655
93.725,-83.6978001976712
93.75,-83.6978001666658
93.775,-83.6978001361494
93.8,-83.6978001061221
93.825,-83.697800076584
93.85,-83.6978000475351
93.875,-83.6978000189756
93.9,-83.6977999909055
93.925,-83.6977999633248
93.95,-83.6977999362337
93.975,-83.6977999096323
94,-83.6977998835205
94.025,-83.6977998578986
94.05,-83.6977998327665
94.075,-83.6977998081243
94.1,-83.6977997839722
94.125,-83.69779976031
94.15,-83.6977997371381
94.175,-83.6977997144563
94.2,-83.6977996922648
94.225,-83.6977996705635
94.25,-83.6977996493527
94.275,-83.6977996286323
94.3,-83.6977996084024
94.325,-83.697799588663
94.35,-83.6977995694143
94.375,-83.6977995506562
94.4,-83.6977995323888
94.425,-83.6977995146122
94.45,-83.6977994973264
94.475,-83.6977994805314
94.5,-83.6977994642274
94.525,-83.6977994484142
94.55,-83.6977994330921
94.575,-83.697799418261
94.6,-83.697799403921
94.625,-83.697799390072
94.65,-83.6977993767142
94.675,-83.6977993638476
94.7,-83.6977993514721
94.725,-83.6977993395879
94.75,-83.697799328195
94.775,-83.6977993172934
94.8,-83.697799306883
94.825,-83.697799296964
94.85,-83.6977992875364
94.875,-83.6977992786002
94.9,-83.6977992701553
94.925,-83.6977992622019
94.95,-83.6977992547399
94.975,-83.6977992477694
95,-83.6977992412903
95.025,-83.6977992353027
95.05,-83.6977992298066
95.075,-83.6977992248019
95.1,-83.6977992202888
95.125,-83.6977992162671
95.15,-83.697799212737
95.175,-83.6977992096983
95.2,-83.6977992071512
95.225,-83.6977992050955
95.25,-83.6977992035313
95.275,-83.6977992024586
95.3,-83.6977992018774
95.325,-83.6977992017876
95.35,-83.6977992021893
95.375,-83.6977992030824
95.4,-83.6977992044669
95.425,-83.6977992063428
95.45,-83.6977992087101
95.475,-83.6977992115688
95.5,-83.6977992149188
95.525,-83.6977992187601
95.55,-83.6977992230926
95.575,-83.6977992279165
95.6,-83.6977992332315
95.625,-83.6977992390377
95.65,-83.6977992453351
95.675,-83.6977992521236
95.7,-83.6977992593344
95.725,-83.6977992670008
95.75,-83.6977992752077
95.775,-83.697799283929
95.8,-83.6977992931523
95.825,-83.6977993028718
95.85,-83.6977993130129
95.875,-83.6977993236085
95.9,-83.6977993346743
95.925,-83.6977993462174
95.95,-83.6977993582412
95.975,-83.6977993707475
96,-83.697799383737
96.025,-83.6977993972101
96.05,-83.6977994111669
96.075,-83.6977994256077
96.1,-83.6977994405324
96.125,-83.6977994559412
96.15,-83.6977994718342
96.175,-83.6977994882113
96.2,-83.6977995050728
96.225,-83.6977995224187
96.25,-83.697799540249
96.275,-83.6977995585639
96.3,-83.6977995773635
96.325,-83.6977995966479
96.35,-83.6977996164171
96.375,-83.6977996366712
96.4,-83.6977996574104
96.425,-83.6977996786347
96.45,-83.6977997003442
96.475,-83.6977997225389
96.5,-83.697799745219
96.525,-83.6977997683844
96.55,-83.6977997920353
96.575,-83.6977998161717
96.6,-83.6977998407937
96.625,-83.6977998659012
96.65,-83.6977998914944
96.675,-83.6977999175733
96.7,-83.6977999441379
96.725,-83.6977999711882
96.75,-83.6977999987242
96.775,-83.6978000267461
96.8,-83.6978000552536
96.825,-83.697800084247
96.85,-83.6978001137261
96.875,-83.697800143691
96.9,-83.6978001741417
96.925,-83.6978002050781
96.95,-83.6978002365002
96.975,-83.6978002684081
97,-83.6978003008016
97.025,-83.6978003336807
97.05,-83.6978003670455
97.075,-83.6978004008959
97.1,-83.6978004352318
97.125,-83.6978004700531
97.15,-83.6978005053599
97.175,-83.697800541152
97.2,-83.6978005775265
97.225,-83.697800614439
97.25,-83.6978006517698
97.275,-83.6978006895527
97.3,-83.697800727804
97.325,-83.6978007665316
97.35,-83.6978008057395
97.375,-83.6978008454295
97.4,-83.6978008856025
97.425,-83.697800926259
97.45,-83.6978009673992
97.475,-83.697801009023
97.5,-83.6978010511305
97.525,-83.6978010937216
97.55,-83.6978011367962
97.575,-83.6978011803543
97.6,-83.6978012243956
97.625,-83.6978012689201
97.65,-83.6978013139277
97.675,-83.6978013594182
97.7,-83.6978014053916
97.725,-83.6978014518476
97.75,-83.6978014987861
97.775,-83.6978015462071
97.8,-83.6978015941103
97.825,-83.6978016424957
97.85,-83.697801691363
97.875,-83.6978017407122
97.9,-83.697801790543
97.925,-83.6978018408553
97.95,-83.697801891649
97.975,-83.6978019429238
98,-83.6978019946797
98.025,-83.6978020469164
98.05,-83.6978020996338
98.075,-83.6978021528317
98.1,-83.6978022065099
98.125,-83.6978022606683
98.15,-83.6978023153066
98.175,-83.6978023704247
98.2,-83.6978024260223
98.225,-83.6978024820993
98.25,-83.6978025386554
98.275,-83.6978025956906
98.3,-83.6978026532045
98.325,-83.6978027111969
98.35,-83.6978027696678
98.375,-83.6978028286167
98.4,-83.6978028880436
98.425,-83.6978029479481
98.45,-83.6978030083302
98.475,-83.6978030691895
98.5,-83.6978031305258
98.525,-83.6978031923389
98.55,-83.6978032546285
98.575,-83.6978033173945
98.6,-83.6978033806366
98.625,-83.6978034443545
98.65,-83.697803508548
98.675,-83.6978035732169
98.7,-83.6978036383608
98.725,-83.6978037039796
98.75,-83.697803770073
98.775,-83.6978038366407
98.8,-83.6978039036825
98.825,-83.6978039711981
98.85,-83.6978040391872
98.875,-83.6978041076496
98.9,-83.697804176585
98.925,-83.6978042459932
98.95,-83.6978043158737
98.975,-83.6978043862265
99,-83.6978044570511
99.025,-83.6978045283473
99.05,-83.6978046001149
99.075,-83.6978046723534
99.1,-83.6978047450627
99.125,-83.6978048182425
99.15,-83.6978048918924
99.175,-83.6978049660121
99.2,-83.6978050406014
99.225,-83.6978051156598
99.25,-83.6978051911873
99.275,-83.6978052671833
99.3,-83.6978053436477
99.325,-83.69780542058
99.35,-83.69780549798
99.375,-83.6978055758474
99.4,-83.6978056541818
99.425,-83.6978057329829
99.45,-83.6978058122505
99.475,-83.697805891984
99.5,-83.6978059721833
99.525,-83.697806052848
99.55,-83.6978061339777
99.575,-83.6978062155722
99.6,-83.697806297631
99.625,-83.6978063801539
99.65,-83.6978064631404
99.675,-83.6978065465903
99.7,-83.6978066305032
99.725,-83.6978067148787
99.75,-83.6978067997165
99.775,-83.6978068850163
99.8,-83.6978069707776
99.825,-83.6978070570001
99.85,-83.6978071436835
99.875,-83.6978072308274
99.9,-83.6978073184313
99.925,-83.697807406495
99.95,-83.6978074950181
99.975,-83.6978075840002
100,-83.6978076734409
100.025,-83.6978077633398
100.05,-83.6978078536966
100.075,-83.6978079445109
100.1,-83.6978080357823
100.125,-83.6978081275104
100.15,-83.6978082196947
100.175,-83.6978083123351
100.2,-83.6978084054309
100.225,-83.6978084989819
100.25,-83.6978085929876
100.275,-83.6978086874476
100.3,-83.6978087823616
100.325,-83.6978088777291
100.35,-83.6978089735497
100.375,-83.697809069823
100.4,-83.6978091665486
100.425,-83.6978092637261
100.45,-83.6978093613551
100.475,-83.6978094594351
100.5,-83.6978095579658
100.525,-83.6978096569467
100.55,-83.6978097563773
100.575,-83.6978098562573
100.6,-83.6978099565863
100.625,-83.6978100573637
100.65,-83.6978101585892
100.675,-83.6978102602624
100.7,-83.6978103623828
100.725,-83.6978104649499
100.75,-83.6978105679633
100.775,-83.6978106714226
100.8,-83.6978107753274
100.825,-83.6978108796771
100.85,-83.6978109844714
100.875,-83.6978110897097
100.9,-83.6978111953918
100.925,-83.6978113015169
100.95,-83.6978114080848
100.975,-83.697811515095
101,-83.697811622547
101.025,-83.6978117304403
101.05,-83.6978118387745
101.075,-83.6978119475491
101.1,-83.6978120567636
101.125,-83.6978121664176
101.15,-83.6978122765106
101.175,-83.6978123870422
101.2,-83.6978124980118
101.225,-83.6978126094189
101.25,-83.6978127212632
101.275,-83.697812833544
101.3,-83.697812946261
101.325,-83.6978130594136
101.35,-83.6978131730013
101.375,-83.6978132870237
101.4,-83.6978134014802
101.425,-83.6978135163705
101.45,-83.6978136316939
101.475,-83.6978137474499
101.5,-83.6978138636382
101.525,-83.6978139802581
101.55,-83.6978140973092
101.575,-83.6978142147909
101.6,-83.6978143327028
101.625,-83.6978144510443
101.65,-83.697814569815
101.675,-83.6978146890143
101.7,-83.6978148086417
101.725,-83.6978149286966
101.75,-83.6978150491787
101.775,-83.6978151700872
101.8,-83.6978152914218
101.825,-83.6978154131819
101.85,-83.697815535367
101.875,-83.6978156579765
101.9,-83.6978157810099
101.925,-83.6978159044667
101.95,-83.6978160283463
101.975,-83.6978161526482
102,-83.6978162773719
102.025,-83.6978164025168
102.05,-83.6978165280825
102.075,-83.6978166540682
102.1,-83.6978167804736
102.125,-83.6978169072979
102.15,-83.6978170345408
102.175,-83.6978171622017
102.2,-83.6978172902799
102.225,-83.6978174187749
102.25,-83.6978175476863
102.275,-83.6978176770134
102.3,-83.6978178067556
102.325,-83.6978179369124
102.35,-83.6978180674833
102.375,-83.6978181984676
102.4,-83.6978183298649
102.425,-83.6978184616745
102.45,-83.6978185938958
102.475,-83.6978187265283
102.5,-83.6978188595714
102.525,-83.6978189930246
102.55,-83.6978191268872
102.575,-83.6978192611587
102.6,-83.6978193958385
102.625,-83.697819530926
102.65,-83.6978196664207
102.675,-83.6978198023218
102.7,-83.697819938629
102.725,-83.6978200753414
102.75,-83.6978202124587
102.775,-83.69782034998
102.8,-83.697820487905
102.825,-83.697820626233
102.85,-83.6978207649633
102.875,-83.6978209040954
102.9,-83.6978210436286
102.925,-83.6978211835625
102.95,-83.6978213238962
102.975,-83.6978214646293
103,-83.6978216057612
103.025,-83.6978217472912
103.05,-83.6978218892187
103.075,-83.697822031543
103.1,-83.6978221742637
103.125,-83.69782231738
103.15,-83.6978224608913
103.175,-83.6978226047971
103.2,-83.6978227490966
103.225,-83.6978228937893
103.25,-83.6978230388746
103.275,-83.6978231843517
103.3,-83.6978233302201
103.325,-83.6978234764792
103.35,-83.6978236231282
103.375,-83.6978237701667
103.4,-83.6978239175938
103.425,-83.697824065409
103.45,-83.6978242136117
103.475,-83.6978243622012
103.5,-83.6978245111769
103.525,-83.697824660538
103.55,-83.697824810284
103.575,-83.6978249604143
103.6,-83.6978251111237
103.625,-83.6978252623272
103.65,-83.6978254137841
103.675,-83.6978255655567
103.7,-83.6978257178717
103.725,-83.6978258706584
103.75,-83.6978260238806
103.775,-83.6978261775187
103.8,-83.6978263315623
103.825,-83.6978264860047
103.85,-83.6978266408419
103.875,-83.697826796071
103.9,-83.6978269514908
103.925,-83.6978271071874
103.95,-83.6978272632027
103.975,-83.6978274195579
104,-83.697827576464
104.025,-83.6978277338399
104.05,-83.6978278916446
104.075,-83.6978280498566
104.1,-83.6978282084642
104.125,-83.6978283674605
104.15,-83.6978285268413
104.175,-83.6978286866035
104.2,-83.697828846745
104.225,-83.6978290072639
104.25,-83.6978291681588
104.275,-83.6978293294282
104.3,-83.6978294910709
104.325,-83.6978296530858
104.35,-83.6978298154717
104.375,-83.6978299782277
104.4,-83.6978301413526
104.425,-83.6978303048454
104.45,-83.6978304687052
104.475,-83.6978306329309
104.5,-83.6978307975218
104.525,-83.6978309624767
104.55,-83.6978311277948
104.575,-83.6978312934752
104.6,-83.6978314595168
104.625,-83.6978316259189
104.65,-83.6978317926805
104.675,-83.6978319598006
104.7,-83.6978321272785
104.725,-83.6978322951131
104.75,-83.6978324633037
104.775,-83.6978326318492
104.8,-83.6978328007489
104.825,-83.6978329700018
104.85,-83.697833139607
104.875,-83.6978333095638
104.9,-83.6978334798711
104.925,-83.6978336505281
104.95,-83.6978338215339
104.975,-83.6978339928878
105,-83.6978341645887
105.025,-83.6978343366358
105.05,-83.6978345090283
105.075,-83.6978346817653
105.1,-83.697834854846
105.125,-83.6978350282694
105.15,-83.6978352020347
105.175,-83.697835376141
105.2,-83.6978355505876
105.225,-83.6978357253735
105.25,-83.6978359004979
105.275,-83.6978360759599
105.3,-83.6978362517586
105.325,-83.6978364278933
105.35,-83.6978366043631
105.375,-83.6978367811671
105.4,-83.6978369583044
105.425,-83.6978371357743
105.45,-83.6978373135759
105.475,-83.6978374917083
105.5,-83.6978376701706
105.525,-83.6978378489621
105.55,-83.6978380280819
105.575,-83.6978382075292
105.6,-83.697838387303
105.625,-83.6978385674026
105.65,-83.6978387478271
105.675,-83.6978389285758
105.7,-83.6978391096476
105.725,-83.6978392910418
105.75,-83.6978394727576
105.775,-83.6978396547941
105.8,-83.6978398371505
105.825,-83.6978400198259
105.85,-83.6978402028195
105.875,-83.6978403861305
105.9,-83.6978405697579
105.925,-83.6978407537011
105.95,-83.6978409379591
105.975,-83.697841122531
106,-83.6978413074161
106.025,-83.6978414926136
106.05,-83.6978416781225
106.075,-83.6978418639421
106.1,-83.6978420500714
106.125,-83.6978422365097
106.15,-83.6978424232561
106.175,-83.6978426103098
106.2,-83.69784279767
106.225,-83.6978429853357
106.25,-83.6978431733062
106.275,-83.6978433615806
106.3,-83.6978435501581
106.325,-83.6978437390378
106.35,-83.6978439282189
106.375,-83.6978441177006
106.4,-83.6978443074819
106.425,-83.6978444975622
106.45,-83.6978446879404
106.475,-83.6978448786159
106.5,-83.6978450695876
106.525,-83.6978452608549
106.55,-83.6978454524168
106.575,-83.6978456442725
106.6,-83.6978458364212
106.625,-83.697846028862
106.65,-83.697846221594
106.675,-83.6978464146165
106.7,-83.6978466077038
106.725,-83.6978468009542
106.75,-83.6978469946409
106.775,-83.6978471886903
106.8,-83.697847383066
106.825,-83.6978475777495
106.85,-83.6978477727307
106.875,-83.6978479680041
106.9,-83.6978481635659
106.925,-83.6978483594138
106.95,-83.6978485555458
106.975,-83.6978487519604
107,-83.6978489486563
107.025,-83.6978491456323
107.05,-83.6978493428873
107.075,-83.6978495404203
107.1,-83.6978497382301
107.125,-83.697849936316
107.15,-83.6978501346769
107.175,-83.6978503333119
107.2,-83.69785053222
107.225,-83.6978507314005
107.25,-83.6978509308522
107.275,-83.6978511305745
107.3,-83.6978513305664
107.325,-83.697851530827
107.35,-83.6978517313554
107.375,-83.6978519321507
107.4,-83.6978521332121
107.425,-83.6978523345386
107.45,-83.6978525361294
107.475,-83.6978527379837
107.5,-83.6978529401005
107.525,-83.6978531424789
107.55,-83.6978533451181
107.575,-83.6978535480172
107.6,-83.6978537509448
107.625,-83.6978539540014
107.65,-83.6978541574671
107.675,-83.6978543612667
107.7,-83.6978545653631
107.725,-83.6978547697373
107.75,-83.697854974379
107.775,-83.6978551792823
107.8,-83.6978553844435
107.825,-83.6978555898601
107.85,-83.69785579553
107.875,-83.6978560014518
107.9,-83.6978562076239
107.925,-83.6978564140452
107.95,-83.6978566207145
107.975,-83.6978568276308
108,-83.6978570347928
108.025,-83.6978572421998
108.05,-83.6978574498505
108.075,-83.6978576577442
108.1,-83.6978578658799
108.125,-83.6978580742565
108.15,-83.6978582828732
108.175,-83.697858491729
108.2,-83.697858700823
108.225,-83.6978589101544
108.25,-83.6978591197221
108.275,-83.6978593295252
108.3,-83.6978595395629
108.325,-83.6978597498343
108.35,-83.6978599603383
108.375,-83.6978601710741
108.4,-83.6978603820408
108.425,-83.6978605932375
108.45,-83.6978608046633
108.475,-83.6978610163171
108.5,-83.6978612281982
108.525,-83.6978614403057
108.55,-83.6978616526385
108.575,-83.6978618651958
108.6,-83.6978620779766
108.625,-83.6978622909802
108.65,-83.6978625042054
108.675,-83.6978627176514
108.7,-83.6978629313174
108.725,-83.6978631452023
108.75,-83.6978633593053
108.775,-83.6978635736255
108.8,-83.6978637881618
108.825,-83.6978640029134
108.85,-83.6978642178795
108.875,-83.6978644330589
108.9,-83.697864648451
108.925,-83.6978648640546
108.95,-83.6978650798689
108.975,-83.6978652958929
109,-83.6978655121258
109.025,-83.6978657285666
109.05,-83.6978659452144
109.075,-83.6978661620683
109.1,-83.6978663791272
109.125,-83.6978665963904
109.15,-83.6978668138568
109.175,-83.6978670315256
109.2,-83.6978672493958
109.225,-83.6978674674665
109.25,-83.6978676857367
109.275,-83.6978679042056
109.3,-83.6978681228721
109.325,-83.6978683417354
109.35,-83.6978685605563
109.375,-83.6978687794383
109.4,-83.6978689986703
109.425,-83.6978692181755
109.45,-83.6978694379156
109.475,-83.697869657871
109.5,-83.6978698780312
109.525,-83.69787009839
109.55,-83.6978703189435
109.575,-83.697870539689
109.6,-83.6978707606244
109.625,-83.6978709817479
109.65,-83.6978712030581
109.675,-83.6978714245538
109.7,-83.6978716462335
109.725,-83.6978718680962
109.75,-83.6978720901407
109.775,-83.697872312366
109.8,-83.697872534771
109.825,-83.6978727573547
109.85,-83.6978729801161
109.875,-83.6978732030542
109.9,-83.6978734261679
109.925,-83.6978736494564
109.95,-83.6978738729186
109.975,-83.6978740965535
110,-83.6978743203603
110.025,-83.6978745443378
110.05,-83.6978747684851
110.075,-83.6978749928014
110.1,-83.6978752172855
110.125,-83.6978754419365
110.15,-83.6978756667536
110.175,-83.6978758917356
110.2,-83.6978761168817
110.225,-83.6978763421909
110.25,-83.6978765674221
110.275,-83.697876792679
110.3,-83.6978770182533
110.325,-83.6978772440676
110.35,-83.6978774700834
110.375,-83.697877696281
110.4,-83.6978779226498
110.425,-83.6978781491834
110.45,-83.697878375878
110.475,-83.6978786027307
110.5,-83.6978788297393
110.525,-83.6978790569022
110.55,-83.6978792842178
110.575,-83.6978795116846
110.6,-83.6978797393015
110.625,-83.6978799670672
110.65,-83.6978801949806
110.675,-83.6978804230405
110.7,-83.697880651246
110.725,-83.6978808795958
110.75,-83.6978811080891
110.775,-83.6978813367247
110.8,-83.6978815655016
110.825,-83.6978817944189
110.85,-83.6978820234755
110.875,-83.6978822526704
110.9,-83.6978824820027
110.925,-83.6978827114713
110.95,-83.6978829410752
110.975,-83.6978831708134
111,-83.697883400685
111.025,-83.697883630689
111.05,-83.6978838608243
111.075,-83.69788409109
111.1,-83.6978843214851
111.125,-83.6978845520086
111.15,-83.6978847826596
111.175,-83.6978850134369
111.2,-83.6978852443397
111.225,-83.697885475367
111.25,-83.6978857065177
111.275,-83.6978859377908
111.3,-83.6978861691855
111.325,-83.6978864007006
111.35,-83.6978866323353
111.375,-83.6978868640884
111.4,-83.6978870959591
111.425,-83.6978873279463
111.45,-83.697887560049
111.475,-83.6978877922663
111.5,-83.6978880245972
111.525,-83.6978882570406
111.55,-83.6978884895956
111.575,-83.6978887222611
111.6,-83.6978889550363
111.625,-83.69788918792
111.65,-83.6978894209114
111.675,-83.6978896540093
111.7,-83.6978898872129
111.725,-83.6978901205211
111.75,-83.6978903539329
111.775,-83.6978905874474
111.8,-83.6978908210635
111.825,-83.6978910547802
111.85,-83.6978912885967
111.875,-83.6978915225117
111.9,-83.6978917565244
111.925,-83.6978919906338
111.95,-83.6978922248389
111.975,-83.6978924591386
112,-83.697892693532
112.025,-83.697892928018
112.05,-83.6978931625958
112.075,-83.6978933972643
112.1,-83.6978936320224
112.125,-83.6978938668692
112.15,-83.6978941018037
112.175,-83.6978943368249
112.2,-83.6978945719318
112.225,-83.6978948071234
112.25,-83.6978950423987
112.275,-83.6978952777567
112.3,-83.6978955131964
112.325,-83.6978957487168
112.35,-83.6978959843169
112.375,-83.6978962199957
112.4,-83.6978964557522
112.425,-83.6978966915854
112.45,-83.6978969274942
112.475,-83.6978971634778
112.5,-83.6978973995351
112.525,-83.6978976356651
112.55,-83.6978978718667
112.575,-83.6978981081391
112.6,-83.6978983444811
112.625,-83.6978985808918
112.65,-83.6978988173702
112.675,-83.6978990539153
112.7,-83.6978992905261
112.725,-83.6978995272015
112.75,-83.6978997639406
112.775,-83.6979000007424
112.8,-83.6979002376058
112.825,-83.6979004745299
112.85,-83.6979007115136
112.875,-83.697900948556
112.9,-83.697901185656
112.925,-83.6979014228127
112.95,-83.697901660025
112.975,-83.697901897292
113,-83.6979021346125
113.025,-83.6979023719857
113.05,-83.6979026094105
113.075,-83.6979028468859
113.1,-83.6979030844109
113.125,-83.6979033219845
113.15,-83.6979035596057
113.175,-83.6979037972735
113.2,-83.6979040349868
113.225,-83.6979042727447
113.25,-83.6979045105462
113.275,-83.6979047483902
113.3,-83.6979049862758
113.325,-83.6979052242019
113.35,-83.6979054621676
113.375,-83.6979057001718
113.4,-83.6979059382135
113.425,-83.6979061762917
113.45,-83.6979064144054
113.475,-83.6979066525536
113.5,-83.6979068907353
113.525,-83.6979071289495
113.55,-83.6979073671951
113.575,-83.6979076054712
113.6,-83.6979078437767
113.625,-83.6979080821107
113.65,-83.6979083204722
113.675,-83.69790855886
113.7,-83.6979087972733
113.725,-83.697909035711
113.75,-83.6979092741721
113.775,-83.6979095126555
113.8,-83.6979097511604
113.825,-83.6979099896856
113.85,-83.6979102282302
113.875,-83.6979104667931
113.9,-83.6979107053734
113.925,-83.69791094397
113.95,-83.6979111825819
113.975,-83.6979114212082
114,-83.6979116598477
114.025,-83.6979118984996
114.05,-83.6979121371627
114.075,-83.6979123758361
114.1,-83.6979126145188
114.125,-83.6979128532097
114.15,-83.6979130916743
114.175,-83.6979133300124
114.2,-83.697913568507
114.225,-83.6979138070843
114.25,-83.6979140457073
114.275,-83.6979142843571
114.3,-83.697914523023
114.325,-83.697914761699
114.35,-83.6979150003809
114.375,-83.6979152390658
114.4,-83.6979154777516
114.425,-83.6979157164364
114.45,-83.6979159551186
114.475,-83.6979161937967
114.5,-83.6979164324693
114.525,-83.6979166711353
114.55,-83.6979169097933
114.575,-83.6979171484423
114.6,-83.6979173870812
114.625,-83.6979176257087
114.65,-83.6979178643238
114.675,-83.6979181029256
114.7,-83.6979183415128
114.725,-83.6979185800844
114.75,-83.6979188186395
114.775,-83.697919057177
114.8,-83.6979192956958
114.825,-83.6979195341949
114.85,-83.6979197726733
114.875,-83.69792001113
114.9,-83.6979202495639
114.925,-83.697920487974
114.95,-83.6979207263594
114.975,-83.697920964719
115,-83.6979212030517
115.025,-83.6979214413566
115.05,-83.6979216796326
115.075,-83.6979219178788
115.1,-83.6979221560941
115.125,-83.6979223942775
115.15,-83.6979226324279
115.175,-83.6979228705445
115.2,-83.6979231086261
115.225,-83.6979233466718
115.25,-83.6979235846805
115.275,-83.6979238226512
115.3,-83.6979240605829
115.325,-83.6979242984747
115.35,-83.6979245363254
115.375,-83.6979247741342
115.4,-83.6979250118999
115.425,-83.6979252496215
115.45,-83.6979254872981
115.475,-83.6979257249287
115.5,-83.6979259625122
115.525,-83.6979262000476
115.55,-83.697926437534
115.575,-83.6979266749702
115.6,-83.6979269123554
115.625,-83.6979271496884
115.65,-83.6979273869683
115.675,-83.6979276241942
115.7,-83.6979278613649
115.725,-83.6979280984794
115.75,-83.6979283355368
115.775,-83.6979285725361
115.8,-83.6979288094763
115.825,-83.6979290463563
115.85,-83.6979292831751
115.875,-83.6979295199317
115.9,-83.6979297566253
115.925,-83.6979299932546
115.95,-83.6979302298188
115.975,-83.6979304663167
116,-83.6979307027476
116.025,-83.6979309391102
116.05,-83.6979311754037
116.075,-83.6979314116269
116.1,-83.697931647779
116.125,-83.6979318838589
116.15,-83.6979321198657
116.175,-83.6979323557982
116.2,-83.6979325916556
116.225,-83.6979328274367
116.25,-83.6979330631408
116.275,-83.6979332987666
116.3,-83.6979335343132
116.325,-83.6979337697797
116.35,-83.697934005165
116.375,-83.6979342404681
116.4,-83.6979344756881
116.425,-83.6979347108239
116.45,-83.6979349458745
116.475,-83.697935180839
116.5,-83.6979354157163
116.525,-83.6979356505055
116.55,-83.6979358852056
116.575,-83.6979361198155
116.6,-83.6979363543344
116.625,-83.697936588761
116.65,-83.6979368230946
116.675,-83.6979370573341
116.7,-83.6979372914785
116.725,-83.6979375255268
116.75,-83.6979377594781
116.775,-83.6979379933313
116.8,-83.6979382270854
116.825,-83.6979384607395
116.85,-83.6979386942925
116.875,-83.6979389277436
116.9,-83.6979391610916
116.925,-83.6979393943356
116.95,-83.6979396274746
116.975,-83.6979398605077
117,-83.6979400934338
117.025,-83.697940326252
117.05,-83.6979405589613
117.075,-83.6979407915606
117.1,-83.6979410240491
117.125,-83.6979412564256
117.15,-83.6979414886894
117.175,-83.6979417208392
117.2,-83.6979419528743
117.225,-83.6979421847935
117.25,-83.6979424165959
117.275,-83.6979426482806
117.3,-83.6979428798465
117.325,-83.6979431112927
117.35,-83.6979433426182
117.375,-83.697943573822
117.4,-83.6979438049031
117.425,-83.6979440358606
117.45,-83.6979442666935
117.475,-83.6979444974008
117.5,-83.6979447279815
117.525,-83.6979449584346
117.55,-83.6979451887592
117.575,-83.6979454189544
117.6,-83.697945649019
117.625,-83.6979458789523
117.65,-83.6979461087531
117.675,-83.6979463384205
117.7,-83.6979465679536
117.725,-83.6979467973513
117.75,-83.6979470266127
117.775,-83.6979472557369
117.8,-83.6979474847228
117.825,-83.6979477135695
117.85,-83.6979479422761
117.875,-83.6979481708415
117.9,-83.6979483992648
117.925,-83.697948627545
117.95,-83.6979488556811
117.975,-83.6979490836723
118,-83.6979493115175
118.025,-83.6979495392158
118.05,-83.6979497667662
118.075,-83.6979499941677
118.1,-83.6979502214194
118.125,-83.6979504485203
118.15,-83.6979506754695
118.175,-83.697950902266
118.2,-83.6979511289088
118.225,-83.697951355397
118.25,-83.6979515817296
118.275,-83.6979518079057
118.3,-83.6979520339243
118.325,-83.6979522597845
118.35,-83.6979524854852
118.375,-83.6979527110256
118.4,-83.6979529364047
118.425,-83.6979531616216
118.45,-83.6979533866752
118.475,-83.6979536115647
118.5,-83.697953836289
118.525,-83.6979540608473
118.55,-83.6979542852385
118.575,-83.6979545094618
118.6,-83.6979547335162
118.625,-83.6979549574008
118.65,-83.6979551811145
118.675,-83.6979554046564
118.7,-83.6979556280257
118.725,-83.6979558512214
118.75,-83.6979560742424
118.775,-83.6979562970879
118.8,-83.697956519757
118.825,-83.6979567422486
118.85,-83.6979569645619
118.875,-83.6979571866959
118.9,-83.6979574086496
118.925,-83.6979576304222
118.95,-83.6979578520127
118.975,-83.6979580734202
119,-83.6979582946436
119.025,-83.6979585156822
119.05,-83.6979587365348
119.075,-83.6979589572008
119.1,-83.6979591776789
119.125,-83.6979593979685
119.15,-83.6979596180684
119.175,-83.6979598379779
119.2,-83.6979600576959
119.225,-83.6979602772215
119.25,-83.6979604965539
119.275,-83.697960715692
119.3,-83.697960934635
119.325,-83.6979611533818
119.35,-83.6979613719317
119.375,-83.6979615902837
119.4,-83.6979618084368
119.425,-83.6979620263901
119.45,-83.6979622441428
119.475,-83.6979624616938
119.5,-83.6979626790423
119.525,-83.6979628961873
119.55,-83.697963113128
119.575,-83.6979633298634
119.6,-83.6979635463926
119.625,-83.6979637627147
119.65,-83.6979639788287
119.675,-83.6979641947338
119.7,-83.697964410429
119.725,-83.6979646259134
119.75,-83.6979648411862
119.775,-83.6979650562464
119.8,-83.697965271093
119.825,-83.6979654857253
119.85,-83.6979657001422
119.875,-83.697965914343
119.9,-83.6979661283266
119.925,-83.6979663420921
119.95,-83.6979665556387
119.975,-83.6979667689655
120,-83.6979669820715
120.025,-83.6979671949559
120.05,-83.6979674076178
120.075,-83.6979676200562
120.1,-83.6979678322702
120.125,-83.6979680442591
120.15,-83.6979682560217
120.175,-83.6979684675574
120.2,-83.6979686788651
120.225,-83.6979688899441
120.25,-83.6979691007932
120.275,-83.6979693114119
120.3,-83.697969521799
120.325,-83.6979697319537
120.35,-83.6979699418752
120.375,-83.6979701515625
120.4,-83.6979703610148
120.425,-83.6979705702311
120.45,-83.6979707792106
120.475,-83.6979709879524
120.5,-83.6979711964557
120.525,-83.6979714047195
120.55,-83.6979716127429
120.575,-83.6979718205252
120.6,-83.6979720280653
120.625,-83.6979722353624
120.65,-83.6979724424157
120.675,-83.6979726492243
120.7,-83.6979728557873
120.725,-83.6979730621038
120.75,-83.6979732681729
120.775,-83.6979734739938
120.8,-83.6979736795657
120.825,-83.6979738848876
120.85,-83.6979740899586
120.875,-83.697974294778
120.9,-83.6979744993448
120.925,-83.6979747036582
120.95,-83.6979749077173
120.975,-83.6979751115212
121,-83.6979753150691
121.025,-83.6979755183602
121.05,-83.6979757213935
121.075,-83.6979759241683
121.1,-83.6979761266836
121.125,-83.6979763289386
121.15,-83.6979765309324
121.175,-83.6979767326642
121.2,-83.6979769341332
121.225,-83.6979771353384
121.25,-83.6979773362791
121.275,-83.6979775369544
121.3,-83.6979777373634
121.325,-83.6979779375053
121.35,-83.6979781373792
121.375,-83.6979783369843
121.4,-83.6979785363198
121.425,-83.6979787353848
121.45,-83.6979789341784
121.475,-83.6979791326999
121.5,-83.6979793309484
121.525,-83.697979528923
121.55,-83.697979726623
121.575,-83.6979799240474
121.6,-83.6979801211954
121.625,-83.6979803180663
121.65,-83.6979805146592
121.675,-83.6979807109732
121.7,-83.6979809070075
121.725,-83.6979811027613
121.75,-83.6979812982338
121.775,-83.6979814934241
121.8,-83.6979816881769
121.825,-83.6979818825561
121.85,-83.697982076594
121.875,-83.697982270308
121.9,-83.6979824637077
121.925,-83.6979826567993
121.95,-83.6979828495863
121.975,-83.6979830420713
122,-83.6979832342557
122.025,-83.6979834261405
122.05,-83.6979836177263
122.075,-83.6979838090133
122.1,-83.6979840000016
122.125,-83.6979841906908
122.15,-83.6979843810808
122.175,-83.6979845711712
122.2,-83.6979847609614
122.225,-83.6979849504509
122.25,-83.6979851396392
122.275,-83.6979853285255
122.3,-83.6979855171092
122.325,-83.6979857053897
122.35,-83.6979858933661
122.375,-83.6979860810379
122.4,-83.6979862684043
122.425,-83.6979864554645
122.45,-83.6979866422178
122.475,-83.6979868286634
122.5,-83.6979870148006
122.525,-83.6979872006287
122.55,-83.6979873861468
122.575,-83.6979875713543
122.6,-83.6979877562503
122.625,-83.6979879408341
122.65,-83.6979881251049
122.675,-83.697988309062
122.7,-83.6979884927045
122.725,-83.6979886760318
122.75,-83.6979888590431
122.775,-83.6979890417375
122.8,-83.6979892241144
122.825,-83.6979894061729
122.85,-83.6979895879123
122.875,-83.6979897693319
122.9,-83.6979899504309
122.925,-83.6979901312084
122.95,-83.6979903116638
122.975,-83.6979904917963
123,-83.6979906716051
123.025,-83.6979908510895
123.05,-83.6979910302486
123.075,-83.6979912090818
123.1,-83.6979913875883
123.125,-83.6979915657674
123.15,-83.6979917436181
123.175,-83.6979919211399
123.2,-83.6979920983319
123.225,-83.6979922751935
123.25,-83.6979924517237
123.275,-83.697992627922
123.3,-83.6979928037875
123.325,-83.6979929793195
123.35,-83.6979931545172
123.375,-83.6979933293799
123.4,-83.6979935039068
123.425,-83.6979936780972
123.45,-83.6979938519504
123.475,-83.6979940254656
123.5,-83.697994198642
123.525,-83.6979943714789
123.55,-83.6979945439756
123.575,-83.6979947161313
123.6,-83.6979948879453
123.625,-83.6979950594168
123.65,-83.6979952305451
123.675,-83.6979954013295
123.7,-83.6979955717693
123.725,-83.6979957418636
123.75,-83.6979959116118
123.775,-83.6979960810131
123.8,-83.6979962500669
123.825,-83.6979964187723
123.85,-83.6979965871286
123.875,-83.6979967551352
123.9,-83.6979969227913
123.925,-83.6979970900961
123.95,-83.697997257049
123.975,-83.6979974236492
124,-83.697997589896
124.025,-83.6979977557887
124.05,-83.6979979213265
124.075,-83.6979980865088
124.1,-83.6979982513348
124.125,-83.6979984158039
124.15,-83.6979985799153
124.175,-83.6979987436682
124.2,-83.6979989070621
124.225,-83.6979990700961
124.25,-83.6979992327696
124.275,-83.6979993950819
124.3,-83.6979995570322
124.325,-83.6979997186199
124.35,-83.6979998798442
124.375,-83.6980000407045
124.4,-83.6980002012001
124.425,-83.6980003613303
124.45,-83.6980005210943
124.475,-83.6980006804915
124.5,-83.6980008395212
124.525,-83.6980009981826
124.55,-83.6980011564752
124.575,-83.6980013143982
124.6,-83.6980014719509
124.625,-83.6980016291327
124.65,-83.6980017859429
124.675,-83.6980019423807
124.7,-83.6980020984456
124.725,-83.6980022541368
124.75,-83.6980024094536
124.775,-83.6980025643954
124.8,-83.6980027189615
124.825,-83.6980028731512
124.85,-83.6980030269639
124.875,-83.6980031803989
124.9,-83.6980033334555
124.925,-83.6980034861331
124.95,-83.698003638431
124.975,-83.6980037903485
125,-83.6980039418849
125.025,-83.6980040930397
125.05,-83.6980042438122
125.075,-83.6980043942016
125.1,-83.6980045442074
125.125,-83.6980046938288
125.15,-83.6980048430654
125.175,-83.6980049919163
125.2,-83.698005140381
125.225,-83.6980052884587
125.25,-83.6980054361489
125.275,-83.698005583451
125.3,-83.6980057303642
125.325,-83.6980058768879
125.35,-83.6980060230215
125.375,-83.6980061687644
125.4,-83.6980063141159
125.425,-83.6980064590754
125.45,-83.6980066036423
125.475,-83.6980067478159
125.5,-83.6980068915956
125.525,-83.6980070349808
125.55,-83.6980071779709
125.575,-83.6980073205652
125.6,-83.698007462763
125.625,-83.6980076045639
125.65,-83.6980077459672
125.675,-83.6980078869722
125.7,-83.6980080275784
125.725,-83.6980081677851
125.75,-83.6980083075917
125.775,-83.6980084469977
125.8,-83.6980085860023
125.825,-83.6980087246051
125.85,-83.6980088628054
125.875,-83.6980090006026
125.9,-83.6980091379961
125.925,-83.6980092749852
125.95,-83.6980094115695
125.975,-83.6980095477483
126,-83.698009683521
126.025,-83.6980098188871
126.05,-83.6980099538459
126.075,-83.6980100883968
126.1,-83.6980102225393
126.125,-83.6980103562728
126.15,-83.6980104895967
126.175,-83.6980106225104
126.2,-83.6980107550134
126.225,-83.698010887105
126.25,-83.6980110187847
126.275,-83.698011150052
126.3,-83.6980112809062
126.325,-83.6980114113467
126.35,-83.6980115413731
126.375,-83.6980116709847
126.4,-83.698011800181
126.425,-83.6980119289614
126.45,-83.6980120573254
126.475,-83.6980121852723
126.5,-83.6980123128018
126.525,-83.6980124399131
126.55,-83.6980125666057
126.575,-83.6980126928791
126.6,-83.6980128187327
126.625,-83.6980129441661
126.65,-83.6980130691786
126.675,-83.6980131937696
126.7,-83.6980133179387
126.725,-83.6980134416854
126.75,-83.698013565009
126.775,-83.6980136879091
126.8,-83.698013810385
126.825,-83.6980139324363
126.85,-83.6980140540625
126.875,-83.698014175263
126.9,-83.6980142960372
126.925,-83.6980144163848
126.95,-83.698014536305
126.975,-83.6980146557975
127,-83.6980147748616
127.025,-83.698014893497
127.05,-83.698015011703
127.075,-83.6980151294791
127.1,-83.6980152468249
127.125,-83.6980153637398
127.15,-83.6980154802233
127.175,-83.6980155962749
127.2,-83.6980157118941
127.225,-83.6980158270804
127.25,-83.6980159418333
127.275,-83.6980160561523
127.3,-83.698016170037
127.325,-83.6980162834867
127.35,-83.698016396501
127.375,-83.6980165090794
127.4,-83.6980166212215
127.425,-83.6980167329268
127.45,-83.6980168441946
127.475,-83.6980169550247
127.5,-83.6980170654164
127.525,-83.6980171753694
127.55,-83.6980172848831
127.575,-83.698017393957
127.6,-83.6980175025908
127.625,-83.6980176107838
127.65,-83.6980177185357
127.675,-83.698017825846
127.7,-83.6980179327141
127.725,-83.6980180391397
127.75,-83.6980181451223
127.775,-83.6980182506614
127.8,-83.6980183557565
127.825,-83.6980184604073
127.85,-83.6980185646132
127.875,-83.6980186683737
127.9,-83.6980187716886
127.925,-83.6980188745572
127.95,-83.6980189769791
127.975,-83.698019078954
128,-83.6980191804813
128.025,-83.6980192815606
128.05,-83.6980193821915
128.075,-83.6980194823736
128.1,-83.6980195821063
128.125,-83.6980196813893
128.15,-83.6980197802222
128.175,-83.6980198786044
128.2,-83.6980199765356
128.225,-83.6980200740154
128.25,-83.6980201710433
128.275,-83.6980202676189
128.3,-83.6980203637418
128.325,-83.6980204594116
128.35,-83.6980205546278
128.375,-83.6980206493901
128.4,-83.698020743698
128.425,-83.6980208375511
128.45,-83.698020930949
128.475,-83.6980210238913
128.5,-83.6980211163776
128.525,-83.6980212084076
128.55,-83.6980212999807
128.575,-83.6980213910966
128.6,-83.6980214817549
128.625,-83.6980215719552
128.65,-83.6980216616971
128.675,-83.6980217509803
128.7,-83.6980218398043
128.725,-83.6980219281688
128.75,-83.6980220160733
128.775,-83.6980221035175
128.8,-83.698022190501
128.825,-83.6980222770234
128.85,-83.6980223630844
128.875,-83.6980224486836
128.9,-83.6980225338205
128.925,-83.6980226184949
128.95,-83.6980227027064
128.975,-83.6980227864546
129,-83.6980228697391
129.025,-83.6980229525596
129.05,-83.6980230349157
129.075,-83.6980231168071
129.1,-83.6980231982333
129.125,-83.6980232791941
129.15,-83.6980233596891
129.175,-83.698023439718
129.2,-83.6980235192803
129.225,-83.6980235983758
129.25,-83.6980236770041
129.275,-83.6980237551649
129.3,-83.6980238328578
129.325,-83.6980239100825
129.35,-83.6980239868386
129.375,-83.6980240631259
129.4,-83.6980241389439
129.425,-83.6980242142924
129.45,-83.698024289171
129.475,-83.6980243635795
129.5,-83.6980244375174
129.525,-83.6980245109845
129.55,-83.6980245839804
129.575,-83.6980246565048
129.6,-83.6980247285575
129.625,-83.6980248001381
129.65,-83.6980248712462
129.675,-83.6980249418816
129.7,-83.698025012044
129.725,-83.698025081733
129.75,-83.6980251509484
129.775,-83.6980252196899
129.8,-83.6980252879571
129.825,-83.6980253557498
129.85,-83.6980254230677
129.875,-83.6980254899104
129.9,-83.6980255562777
129.925,-83.6980256221694
129.95,-83.698025687585
129.975,-83.6980257525244
130,-83.6980258169872
130.025,-83.6980258809731
130.05,-83.698025944482
130.075,-83.6980260075135
130.1,-83.6980260700673
130.125,-83.6980261321432
130.15,-83.6980261937409
130.175,-83.6980262548601
130.2,-83.6980263155005
130.225,-83.698026375662
130.25,-83.6980264353442
130.275,-83.6980264945469
130.3,-83.6980265532698
130.325,-83.6980266115127
130.35,-83.6980266692752
130.375,-83.6980267265573
130.4,-83.6980267833585
130.425,-83.6980268396788
130.45,-83.6980268955177
130.475,-83.6980269508751
130.5,-83.6980270057508
130.525,-83.6980270601445
130.55,-83.6980271140559
130.575,-83.6980271674848
130.6,-83.6980272204311
130.625,-83.6980272728944
130.65,-83.6980273248746
130.675,-83.6980273763713
130.7,-83.6980274273845
130.725,-83.6980274779138
130.75,-83.6980275279591
130.775,-83.6980275775201
130.8,-83.6980276265966
130.825,-83.6980276751884
130.85,-83.6980277232954
130.875,-83.6980277709172
130.9,-83.6980278180536
130.925,-83.6980278647046
130.95,-83.6980279108698
130.975,-83.698027956549
131,-83.6980280017422
131.025,-83.698028046449
131.05,-83.6980280906693
131.075,-83.6980281344029
131.1,-83.6980281776495
131.125,-83.6980282204091
131.15,-83.6980282626814
131.175,-83.6980283044663
131.2,-83.6980283457635
131.225,-83.6980283865729
131.25,-83.6980284268942
131.275,-83.6980284667274
131.3,-83.6980285060723
131.325,-83.6980285449286
131.35,-83.6980285832963
131.375,-83.6980286211751
131.4,-83.6980286585648
131.425,-83.6980286954654
131.45,-83.6980287318766
131.475,-83.6980287677984
131.5,-83.6980288032305
131.525,-83.6980288381728
131.55,-83.6980288726251
131.575,-83.6980289065873
131.6,-83.6980289400592
131.625,-83.6980289730408
131.65,-83.6980290055318
131.675,-83.6980290375321
131.7,-83.6980290690415
131.725,-83.69802910006
131.75,-83.6980291305874
131.775,-83.6980291606236
131.8,-83.6980291901684
131.825,-83.6980292192217
131.85,-83.6980292477834
131.875,-83.6980292758534
131.9,-83.6980293034315
131.925,-83.6980293305176
131.95,-83.6980293571116
131.975,-83.6980293832134
132,-83.6980294088229
132.025,-83.6980294339399
132.05,-83.6980294585644
132.075,-83.6980294826962
132.1,-83.6980295063352
132.125,-83.6980295294814
132.15,-83.6980295521346
132.175,-83.6980295742948
132.2,-83.6980295959618
132.225,-83.6980296171355
132.25,-83.6980296378159
132.275,-83.6980296580029
132.3,-83.6980296776963
132.325,-83.6980296968961
132.35,-83.6980297156022
132.375,-83.6980297338146
132.4,-83.6980297515331
132.425,-83.6980297687576
132.45,-83.6980297854882
132.475,-83.6980298017247
132.5,-83.698029817467
132.525,-83.6980298327151
132.55,-83.6980298474689
132.575,-83.6980298617284
132.6,-83.6980298754935
132.625,-83.6980298887641
132.65,-83.6980299015402
132.675,-83.6980299138217
132.7,-83.6980299256086
132.725,-83.6980299369007
132.75,-83.6980299476982
132.775,-83.6980299580008
132.8,-83.6980299678087
132.825,-83.6980299771216
132.85,-83.6980299859397
132.875,-83.6980299942627
132.9,-83.6980300020908
132.925,-83.6980300094239
132.95,-83.698030016262
132.975,-83.6980300226049
133,-83.6980300284528
133.025,-83.6980300338055
133.05,-83.6980300386631
133.075,-83.6980300430255
133.1,-83.6980300468926
133.125,-83.6980300502646
133.15,-83.6980300531413
133.175,-83.6980300555228
133.2,-83.6980300574091
133.225,-83.6980300588001
133.25,-83.6980300596958
133.275,-83.6980300600962
133.3,-83.6980300600014
133.325,-83.6980300594113
133.35,-83.698030058326
133.375,-83.6980300567454
133.4,-83.6980300546695
133.425,-83.6980300520983
133.45,-83.698030049032
133.475,-83.6980300454704
133.5,-83.6980300414136
133.525,-83.6980300368616
133.55,-83.6980300318145
133.575,-83.6980300262721
133.6,-83.6980300202347
133.625,-83.6980300137022
133.65,-83.6980300066746
133.675,-83.698029999152
133.7,-83.6980299911343
133.725,-83.6980299826217
133.75,-83.6980299736141
133.775,-83.6980299641117
133.8,-83.6980299541144
133.825,-83.6980299436223
133.85,-83.6980299326354
133.875,-83.6980299211538
133.9,-83.6980299091775
133.925,-83.6980298967067
133.95,-83.6980298837412
133.975,-83.6980298702813
134,-83.6980298563269
134.025,-83.6980298418781
134.05,-83.698029826935
134.075,-83.6980298114976
134.1,-83.6980297955661
134.125,-83.6980297791404
134.15,-83.6980297622207
134.175,-83.698029744807
134.2,-83.6980297268993
134.225,-83.6980297084979
134.25,-83.6980296896027
134.275,-83.6980296702139
134.3,-83.6980296503315
134.325,-83.6980296299556
134.35,-83.6980296090863
134.375,-83.6980295877237
134.4,-83.6980295658678
134.425,-83.6980295435188
134.45,-83.6980295206768
134.475,-83.6980294973419
134.5,-83.6980294735142
134.525,-83.6980294491937
134.55,-83.6980294243806
134.575,-83.698029399075
134.6,-83.698029373277
134.625,-83.6980293469867
134.65,-83.6980293202043
134.675,-83.6980292929297
134.7,-83.6980292651633
134.725,-83.698029236905
134.75,-83.698029208155
134.775,-83.6980291789135
134.8,-83.6980291491805
134.825,-83.6980291189562
134.85,-83.6980290882407
134.875,-83.6980290570342
134.9,-83.6980290253367
134.925,-83.6980289931485
134.95,-83.6980289604697
134.975,-83.6980289273003
135,-83.6980288936406
135.025,-83.6980288594907
135.05,-83.6980288248507
135.075,-83.6980287897209
135.1,-83.6980287541012
135.125,-83.698028717992
135.15,-83.6980286813933
135.175,-83.6980286443054
135.2,-83.6980286067283
135.225,-83.6980285686623
135.25,-83.6980285301075
135.275,-83.6980284910641
135.3,-83.6980284515322
135.325,-83.698028411512
135.35,-83.6980283710037
135.375,-83.6980283300075
135.4,-83.6980282885235
135.425,-83.6980282465519
135.45,-83.698028204093
135.475,-83.6980281611468
135.5,-83.6980281177136
135.525,-83.6980280737936
135.55,-83.698028029387
135.575,-83.6980279844939
135.6,-83.6980279391145
135.625,-83.6980278932491
135.65,-83.6980278468978
135.675,-83.6980278000609
135.7,-83.6980277527385
135.725,-83.6980277049309
135.75,-83.6980276566382
135.775,-83.6980276078607
135.8,-83.6980275585986
135.825,-83.698027508852
135.85,-83.6980274586213
135.875,-83.6980274079066
135.9,-83.6980273567082
135.925,-83.6980273050262
135.95,-83.698027252861
135.975,-83.6980272002126
136,-83.6980271470814
136.025,-83.6980270934676
136.05,-83.6980270393714
136.075,-83.6980269847931
136.1,-83.6980269297328
136.125,-83.6980268741909
136.15,-83.6980268181675
136.175,-83.698026761663
136.2,-83.6980267046775
136.225,-83.6980266472113
136.25,-83.6980265892647
136.275,-83.6980265308379
136.3,-83.6980264719311
136.325,-83.6980264125446
136.35,-83.6980263526788
