0,-83.697418742318
1.14910418594337e-12,-83.697418742318
1.14910418594338e-12,-83.697418742318
1.15045851793977e-12,-83.697418742318
1.15045851793978e-12,-83.697418742318
1.23964776145492e-12,-83.697418742318
1.23964776145493e-12,-83.697418742318
1.24021707750362e-12,-83.697418742318
1.24021707750363e-12,-83.697418742318
3.79319056676919e-08,-83.697418742318
2.27585232920764e-07,-83.6974187423179
1.17585186918612e-06,-83.6974187423173
5.91718505051293e-06,-83.6974187423143
2.96238509571469e-05,-83.6974187422994
0.000145310148809409,-83.6974187422265
0.000362204015732985,-83.6974187420899
0.000702496705494701,-83.6974187418757
0.00120939120275291,-83.6974187415566
0.00173515141643177,-83.6974187412259
0.00226091163011063,-83.6974187408952
0.0027866718437895,-83.6974187405647
0.00352146607001681,-83.697418740103
0.00425626029624413,-83.6974187396415
0.00499105452247144,-83.6974187391802
0.00572584874869876,-83.6974187387189
0.00671232940448458,-83.6974187381
0.0076988100602704,-83.6974187374813
0.00908412890800479,-83.6974187366127
0.01,-83.6974187360387
0.0109460728253011,-83.697418735446
0.0128080167425973,-83.6974187342799
0.0146699606598936,-83.6974187331144
0.0173064117285951,-83.6974187314652
0.02,-83.6974187297813
0.0207553906629213,-83.6974187293093
0.0253078725415325,-83.6974187264664
0.03,-83.6974187235393
0.0313275669094719,-83.6974187227116
0.0393838400053776,-83.6974187176937
0.04,-83.69741871731
0.0474401131012832,-83.6974187126825
0.05,-83.6974187110918
0.0504158714180546,-83.6974187108334
0.0508317428361092,-83.6974187105752
0.0512476142541637,-83.697418710317
0.0519246846462613,-83.6974187098966
0.0529771014351845,-83.6974187092434
0.0546425819108153,-83.6974187082099
0.0570727865699121,-83.6974187067026
0.06,-83.6974187048883
0.0610157678822192,-83.6974187042589
0.0610162109262806,-83.6974187042586
0.0610166539703419,-83.6974187042583
0.0610188691906487,-83.697418704257
0.0610299452921823,-83.6974187042501
0.0610853257998507,-83.6974187042158
0.0613622283381925,-83.6974187040443
0.0623533095374898,-83.6974187034306
0.0633443907367872,-83.697418702817
0.0646632311957464,-83.6974187020008
0.0653404718512166,-83.6974187015817
0.0660177125066867,-83.6974187011627
0.0666949531621569,-83.6974187007437
0.0679688081336872,-83.6974186999559
0.0689089495137447,-83.6974186993746
0.0698490908938022,-83.6974186987935
0.07,-83.6974186987002
0.0714819670285924,-83.6974186977844
0.0731148431633827,-83.6974186967759
0.0747477192981729,-83.6974186957677
0.0763805954329631,-83.6974186947599
0.0785542290845768,-83.697418693419
0.08,-83.6974186925274
0.081499549718574,-83.697418691603
0.0857966968494526,-83.6974186889562
0.09,-83.6974186863696
0.0916368566260076,-83.6974186853628
0.0974770164025626,-83.6974186817748
0.1,-83.6974186802258
0.108245119683573,-83.697418675171
0.11,-83.6974186740954
0.116490239367146,-83.697418670124
0.12,-83.6974186679783
0.126490239367146,-83.6974186640164
0.13,-83.697418661876
0.134273713562425,-83.6974186592728
0.14,-83.697418655789
0.142057187757704,-83.6974186545378
0.149840661952982,-83.6974186498116
0.15,-83.6974186497136
0.159908854802331,-83.6974186437073
0.16,-83.6974186436503
0.169817709604662,-83.6974186377096
0.17,-83.6974186375976
0.172996754367458,-83.6974186357864
0.176175799130254,-83.6974186338658
0.18,-83.6974186315567
0.18066169655291,-83.6974186311567
0.187668821091169,-83.697418626931
0.19,-83.6974186255249
0.197668821091169,-83.6974186208995
0.2,-83.6974186194441
0.21,-83.6974186134063
0.21,-83.6974186133099
0.217347130439593,-83.6974186088948
0.22,-83.6974186072718
0.227347130439593,-83.6974186028597
0.23,-83.6974186012638
0.237347130439593,-83.6974185968593
0.24,-83.6974185952648
0.247347130439593,-83.6974185908644
0.25,-83.6974185892712
0.26,-83.6974185832873
0.27,-83.697418577309
0.28,-83.697418571342
0.29,-83.6974185653867
0.29,-83.6974185653789
0.3,-83.6974185594435
0.31,-83.6974185535128
0.32,-83.6974185475949
0.33,-83.6974185416905
0.34,-83.6974185358001
0.35,-83.697418529924
0.36,-83.6974185240628
0.36,-83.6974185240555
0.37,-83.6974185182172
0.37,-83.69741851821
0.38,-83.6974185123875
0.38,-83.6974185123806
0.39,-83.6974185065744
0.39,-83.6974185065676
0.4,-83.6974185007783
0.41,-83.6974184949996
0.42,-83.697418489239
0.42,-83.6974184892329
0.43,-83.6974184834968
0.43,-83.6974184834914
0.44,-83.697418477774
0.44,-83.6974184777692
0.45,-83.6974184720707
0.46,-83.6974184663869
0.47,-83.6974184607231
0.48,-83.6974184550794
0.48,-83.6974184550754
0.49,-83.6974184494561
0.49,-83.6974184494523
0.5,-83.6974184438534
0.51,-83.6974184382715
0.52,-83.6974184327106
0.53,-83.6974184271708
0.54,-83.6974184216522
0.55,-83.6974184161548
0.56,-83.6974184106787
0.57,-83.6974184052238
0.58,-83.6974183997902
0.58,-83.6974183997877
0.59,-83.6974183943777
0.59,-83.6974183943753
0.6,-83.6974183889863
0.61,-83.6974183836158
0.62,-83.6974183782662
0.63,-83.6974183729372
0.64,-83.6974183676287
0.65,-83.6974183623405
0.66,-83.6974183570729
0.67,-83.6974183518346
0.68,-83.6974183466093
0.69,-83.6974183414069
0.7,-83.697418336227
0.71,-83.69741833106
0.71,-83.697418331059
0.72,-83.6974183259092
0.72,-83.6974183259082
0.73,-83.697418320777
0.73,-83.6974183207759
0.74,-83.6974183156629
0.74,-83.6974183156618
0.75,-83.6974183105668
0.76,-83.6974183054884
0.77,-83.6974183004276
0.78,-83.6974182953839
0.79,-83.6974182903572
0.8,-83.6974182853472
0.81,-83.6974182803536
0.82,-83.6974182753764
0.83,-83.6974182704152
0.84,-83.6974182654755
0.84,-83.6974182654734
0.85,-83.6974182605451
0.86,-83.6974182556273
0.87,-83.6974182507213
0.88,-83.6974182458306
0.89,-83.6974182409567
0.9,-83.6974182361055
0.91,-83.697418231269
0.92,-83.6974182264471
0.93,-83.6974182216396
0.94,-83.6974182168464
0.95,-83.6974182120673
0.96,-83.6974182073022
0.96,-83.6974182073035
0.97,-83.6974182025498
0.97,-83.6974182025506
0.98,-83.6974181978108
0.98,-83.6974181978115
0.99,-83.6974181930854
0.99,-83.6974181930861
1,-83.6974181883735
1.01,-83.6974181836752
1.02,-83.6974181789903
1.03,-83.697418174319
1.04,-83.6974181696609
1.05,-83.6974181650161
1.06,-83.6974181603845
1.07,-83.6974181557662
1.08,-83.697418151161
1.09,-83.69741814657
1.1,-83.6974181420099
1.11,-83.6974181374439
1.12,-83.697418132891
1.13,-83.6974181283507
1.14,-83.6974181238234
1.15,-83.697418119309
1.16,-83.6974181148075
1.16,-83.6974181148077
1.17,-83.6974181103191
1.17,-83.697418110305
1.18,-83.6974181058294
1.18,-83.6974181058423
1.19,-83.6974181013795
1.19,-83.697418101381
1.2,-83.6974180969311
1.21,-83.6974180924955
1.22,-83.6974180880728
1.23,-83.697418083663
1.24,-83.697418079266
1.25,-83.6974180748817
1.26,-83.6974180705101
1.27,-83.6974180661512
1.28,-83.6974180618051
1.29,-83.6974180574716
1.3,-83.6974180531507
1.31,-83.6974180488422
1.32,-83.6974180445461
1.33,-83.6974180402622
1.34,-83.6974180359908
1.35,-83.6974180317316
1.36,-83.6974180274848
1.37,-83.6974180232502
1.38,-83.6974180190278
1.39,-83.6974180148176
1.4,-83.6974180106194
1.41,-83.6974180064331
1.41,-83.6974180064339
1.42,-83.6974180022589
1.42,-83.6974180022597
1.43,-83.6974179980966
1.43,-83.6974179980974
1.44,-83.6974179939461
1.44,-83.6974179939468
1.45,-83.6974179898072
1.46,-83.6974179856799
1.47,-83.6974179815644
1.48,-83.6974179774603
1.49,-83.6974179733677
1.5,-83.6974179692864
1.51,-83.6974179652163
1.52,-83.6974179611575
1.53,-83.6974179571098
1.54,-83.6974179530731
1.55,-83.6974179490473
1.56,-83.6974179450332
1.57,-83.69741794103
1.58,-83.6974179370376
1.59,-83.6974179330557
1.6,-83.6974179290842
1.61,-83.6974179251231
1.62,-83.6974179211721
1.63,-83.6974179172313
1.64,-83.6974179133008
1.65,-83.6974179093803
1.66,-83.6974179054463
1.67,-83.697417901544
1.67,-83.6974179015433
1.68,-83.6974178976516
1.68,-83.697417897651
1.69,-83.697417893769
1.69,-83.6974178937683
1.7,-83.697417889896
1.71,-83.6974178860327
1.72,-83.6974178821791
1.73,-83.6974178783352
1.74,-83.6974178745006
1.75,-83.6974178706754
1.76,-83.6974178668595
1.77,-83.697417863053
1.78,-83.6974178592558
1.79,-83.6974178554676
1.8,-83.6974178516881
1.81,-83.6974178479177
1.82,-83.6974178441564
1.83,-83.6974178404041
1.84,-83.6974178366606
1.85,-83.6974178329259
1.86,-83.6974178292
1.87,-83.697417825483
1.88,-83.6974178217747
1.89,-83.6974178180751
1.9,-83.697417814384
1.91,-83.6974178107014
1.92,-83.6974178070273
1.92,-83.6974178070265
1.93,-83.6974178033619
1.93,-83.697417803361
1.94,-83.6974177997047
1.94,-83.6974177997038
1.95,-83.6974177960558
1.96,-83.6974177924152
1.97,-83.6974177887831
1.98,-83.6974177851593
1.99,-83.6974177815438
2,-83.6974177779364
2.01,-83.6974177743371
2.02,-83.6974177707462
2.03,-83.697417767164
2.04,-83.6974177635906
2.05,-83.6974177600252
2.06,-83.6974177564677
2.07,-83.6974177529192
2.08,-83.6974177493793
2.09,-83.6974177458473
2.1,-83.6974177423232
2.11,-83.6974177388069
2.12,-83.6974177352987
2.13,-83.6974177317985
2.14,-83.6974177283059
2.15,-83.6974177248203
2.16,-83.6974177213436
2.17,-83.6974177178751
2.18,-83.6974177144143
2.19,-83.6974177109613
2.2,-83.6974177075157
2.21,-83.6974177040778
2.22,-83.6974177006478
2.23,-83.6974176972256
2.23999999999999,-83.697417693811
2.24999999999999,-83.6974176904039
2.25999999999999,-83.6974176870044
2.26999999999999,-83.6974176836125
2.27999999999999,-83.6974176802288
2.28999999999999,-83.6974176768527
2.29999999999999,-83.6974176734859
2.30999999999999,-83.6974176701266
2.31999999999999,-83.6974176667752
2.32999999999999,-83.6974176634316
2.33999999999999,-83.6974176600956
2.34999999999999,-83.6974176567671
2.35999999999999,-83.6974176534462
2.36999999999999,-83.6974176501333
2.37999999999999,-83.6974176468283
2.38999999999999,-83.6974176435306
2.39999999999999,-83.697417640239
2.40999999999999,-83.6974176369546
2.41999999999999,-83.6974176336783
2.42999999999999,-83.69741763041
2.43999999999999,-83.6974176271495
2.44999999999999,-83.6974176238965
2.45999999999999,-83.6974176206514
2.46999999999999,-83.6974176174145
2.47999999999999,-83.6974176141857
2.48999999999999,-83.6974176109647
2.49999999999999,-83.6974176077515
2.50999999999999,-83.6974176045462
2.51999999999999,-83.6974176013931
2.52999999999999,-83.6974175982442
2.53999999999999,-83.697417595102
2.54999999999999,-83.6974175919345
2.55999999999999,-83.6974175887681
2.56999999999999,-83.69741758561
2.57999999999999,-83.6974175824602
2.58999999999999,-83.6974175793184
2.59999999999999,-83.6974175761845
2.60999999999999,-83.6974175730586
2.61999999999999,-83.6974175699413
2.62999999999999,-83.6974175668322
2.63999999999999,-83.6974175637313
2.64999999999999,-83.6974175606384
2.65999999999999,-83.6974175575536
2.66999999999999,-83.6974175544775
2.67999999999999,-83.6974175514097
2.68999999999999,-83.6974175483501
2.69999999999999,-83.6974175452985
2.70999999999998,-83.6974175422553
2.71999999999998,-83.6974175392207
2.72999999999998,-83.6974175361946
2.73999999999998,-83.6974175331768
2.74999999999998,-83.6974175301672
2.75999999999998,-83.697417527166
2.76999999999998,-83.6974175243257
2.77999999999998,-83.6974175213425
2.78999999999998,-83.6974175183689
2.79999999999998,-83.6974175154036
2.80999999999998,-83.6974175124469
2.81999999999998,-83.6974175094991
2.82999999999998,-83.6974175065601
2.83999999999998,-83.6974175036297
2.84999999999998,-83.6974175007077
2.85999999999998,-83.6974174977943
2.86999999999998,-83.69741749489
2.87999999999998,-83.6974174919946
2.88999999999998,-83.6974174891078
2.89999999999998,-83.6974174862296
2.90999999999998,-83.69741748336
2.91999999999998,-83.6974174804997
2.92999999999998,-83.6974174776485
2.93999999999998,-83.6974174748061
2.94999999999998,-83.6974174719723
2.95999999999998,-83.6974174691474
2.96999999999998,-83.6974174663318
2.97999999999998,-83.6974174635254
2.98999999999998,-83.6974174607278
2.99999999999998,-83.697417457939
3.00999999999998,-83.6974174551592
3.01999999999998,-83.6974174523888
3.02999999999998,-83.6974174496275
3.03999999999998,-83.6974174468753
3.04999999999998,-83.6974174441319
3.05999999999998,-83.6974174413977
3.06999999999998,-83.6974174386731
3.07999999999998,-83.697417435958
3.08999999999998,-83.6974174332521
3.09999999999998,-83.6974174305551
3.10999999999998,-83.6974174278674
3.11999999999998,-83.6974174251895
3.12999999999998,-83.697417422521
3.13999999999998,-83.6974174198618
3.14999999999998,-83.6974174172117
3.15999999999998,-83.6974174145709
3.16999999999998,-83.6974174119401
3.17999999999997,-83.6974174093189
3.18999999999997,-83.6974174067072
3.19999999999997,-83.6974174041047
3.20999999999997,-83.6974174015117
3.21999999999997,-83.6974173989288
3.22999999999997,-83.6974173963557
3.23999999999997,-83.6974173937922
3.24999999999997,-83.6974173912381
3.25999999999997,-83.6974173886927
3.26999999999997,-83.6974173861505
3.27999999999997,-83.6974173836733
3.28999999999997,-83.6974173811815
3.29999999999997,-83.6974173786756
3.30999999999997,-83.6974173761794
3.31999999999997,-83.6974173736935
3.32999999999997,-83.6974173712178
3.33999999999997,-83.6974173687519
3.34999999999997,-83.6974173662957
3.35999999999997,-83.6974173638493
3.36999999999997,-83.6974173614134
3.37999999999997,-83.6974173589878
3.38999999999997,-83.6974173565722
3.39999999999997,-83.6974173541662
3.40999999999997,-83.6974173517703
3.41999999999997,-83.697417349385
3.42999999999997,-83.69741734701
3.43999999999997,-83.697417344645
3.44999999999997,-83.6974173422898
3.45999999999997,-83.6974173399448
3.46999999999997,-83.6974173376105
3.47999999999997,-83.6974173352868
3.48999999999997,-83.6974173329732
3.49999999999997,-83.6974173306697
3.50999999999997,-83.6974173283765
3.51999999999997,-83.6974173260942
3.52999999999997,-83.6974173238225
3.53999999999997,-83.6974173215613
3.54999999999997,-83.6974173193101
3.55999999999997,-83.6974173170693
3.56999999999997,-83.6974173148395
3.57999999999997,-83.6974173126206
3.58999999999997,-83.6974173104121
3.59999999999997,-83.6974173082139
3.60999999999997,-83.6974173060262
3.61999999999997,-83.6974173038497
3.62999999999997,-83.6974173016842
3.63999999999997,-83.6974172995293
3.64999999999996,-83.6974172973847
3.65999999999996,-83.6974172952508
3.66999999999996,-83.6974172931283
3.67999999999996,-83.6974172910169
3.68999999999996,-83.6974172889162
3.69999999999996,-83.6974172868259
3.70999999999996,-83.6974172847465
3.71999999999996,-83.6974172826787
3.72999999999996,-83.6974172806221
3.73999999999996,-83.6974172785765
3.74999999999996,-83.6974172765416
3.75999999999996,-83.6974172745176
3.76999999999996,-83.6974172725054
3.77999999999996,-83.6974172705044
3.78999999999996,-83.6974172685146
3.79999999999996,-83.6974172665354
3.80999999999996,-83.6974172645673
3.81999999999996,-83.6974172626111
3.82999999999996,-83.6974172606665
3.83999999999996,-83.697417258743
3.84999999999996,-83.6974172568194
3.85999999999996,-83.697417254907
3.86999999999996,-83.6974172530066
3.87999999999996,-83.6974172511179
3.88999999999996,-83.6974172492405
3.89999999999996,-83.6974172473741
3.90999999999996,-83.6974172455192
3.91999999999996,-83.6974172436765
3.92999999999996,-83.6974172418457
3.93999999999996,-83.6974172400265
3.94999999999996,-83.6974172382185
3.95999999999996,-83.6974172364221
3.96999999999996,-83.6974172346381
3.97999999999996,-83.6974172328662
3.98999999999996,-83.6974172311061
3.99999999999996,-83.6974172293573
4.00999999999996,-83.6974172276202
4.01999999999996,-83.6974172258958
4.02999999999996,-83.6974172241836
4.03999999999996,-83.6974172224832
4.04999999999996,-83.6974172207943
4.05999999999996,-83.6974172191173
4.06999999999996,-83.6974172174531
4.07999999999996,-83.6974172158013
4.08999999999996,-83.6974172141615
4.09999999999996,-83.6974172125334
4.10999999999996,-83.6974172109174
4.11999999999995,-83.6974172093143
4.12999999999995,-83.6974172077237
4.13999999999995,-83.6974172061446
4.14999999999995,-83.697417204577
4.15999999999995,-83.6974172030217
4.16999999999995,-83.6974172014795
4.17999999999995,-83.69741719995
4.18999999999995,-83.6974171984329
4.19999999999995,-83.6974171969277
4.20999999999995,-83.6974171954349
4.21999999999995,-83.6974171939553
4.22999999999995,-83.6974171924885
4.23999999999995,-83.6974171910341
4.24999999999995,-83.6974171895918
4.25999999999995,-83.697417188162
4.26999999999995,-83.6974171867458
4.27999999999995,-83.6974171853425
4.28999999999995,-83.697417183952
4.29999999999995,-83.6974171825737
4.30999999999995,-83.6974171812082
4.31999999999995,-83.6974171798563
4.32999999999995,-83.6974171785177
4.33999999999995,-83.6974171771919
4.34999999999995,-83.6974171758784
4.35999999999995,-83.6974171745779
4.36999999999995,-83.6974171732912
4.37999999999995,-83.6974171720179
4.38999999999995,-83.6974171707576
4.39999999999995,-83.6974171695099
4.40999999999995,-83.6974171682752
4.41999999999995,-83.6974171670545
4.42999999999995,-83.6974171658472
4.43999999999995,-83.6974171646526
4.44999999999995,-83.69741716347
4.45999999999995,-83.6974171623005
4.46999999999995,-83.6974171611452
4.47999999999995,-83.6974171600036
4.48999999999995,-83.6974171588753
4.49999999999995,-83.6974171577597
4.50999999999995,-83.6974171566577
4.51999999999995,-83.69741715557
4.52999999999995,-83.6974171544963
4.53999999999995,-83.6974171534361
4.54999999999995,-83.6974171523891
4.55999999999995,-83.6974171513557
4.56999999999995,-83.6974171503369
4.57999999999995,-83.6974171493322
4.58999999999994,-83.6974171483413
4.59999999999994,-83.6974171473636
4.60999999999994,-83.6974171463997
4.61999999999994,-83.6974171454506
4.62999999999994,-83.697417144516
4.63999999999994,-83.6974171435952
4.64999999999994,-83.6974171426878
4.65999999999994,-83.6974171417944
4.66999999999994,-83.697417140916
4.67999999999994,-83.697417140052
4.68999999999994,-83.697417139202
4.69999999999994,-83.6974171383656
4.70999999999994,-83.6974171375432
4.71999999999994,-83.697417136736
4.72999999999994,-83.6974171359434
4.73999999999994,-83.697417135165
4.74999999999994,-83.6974171344003
4.75999999999994,-83.6974171336489
4.76999999999994,-83.6974171329128
4.77999999999994,-83.6974171321917
4.78999999999994,-83.6974171314848
4.79999999999994,-83.6974171307919
4.80999999999994,-83.6974171301136
4.81999999999994,-83.697417129451
4.82999999999994,-83.6974171288036
4.83999999999994,-83.6974171281709
4.84999999999994,-83.6974171275523
4.85999999999994,-83.6974171269486
4.86999999999994,-83.6974171263607
4.87999999999994,-83.6974171257881
4.88999999999994,-83.6974171252302
4.89999999999994,-83.6974171246866
4.90999999999994,-83.697417124158
4.91999999999994,-83.6974171236454
4.92999999999994,-83.6974171231483
4.93999999999994,-83.6974171226662
4.94999999999994,-83.6974171221985
4.95999999999994,-83.6974171217459
4.96999999999994,-83.6974171213097
4.97999999999994,-83.6974171208892
4.98999999999994,-83.6974171204839
4.99999999999994,-83.6974171200933
5.00999999999994,-83.6974171197181
5.01999999999994,-83.6974171193595
5.02999999999994,-83.6974171190171
5.03999999999994,-83.6974171186901
5.04999999999993,-83.6974171183782
5.05999999999993,-83.6974171180818
5.06999999999993,-83.6974171178023
5.07999999999993,-83.6974171175388
5.08999999999993,-83.6974171172902
5.09999999999993,-83.6974171170566
5.10999999999993,-83.6974171168389
5.11999999999993,-83.6974171166383
5.12999999999993,-83.6974171164542
5.13999999999993,-83.697417116286
5.14999999999993,-83.6974171161332
5.15999999999993,-83.6974171159964
5.16999999999993,-83.6974171158772
5.17999999999993,-83.6974171157748
5.18999999999993,-83.6974171156886
5.19999999999993,-83.697417115618
5.20999999999993,-83.6974171155638
5.21999999999993,-83.6974171155271
5.22999999999993,-83.6974171155075
5.23999999999993,-83.6974171155041
5.24999999999993,-83.6974171155165
5.25999999999993,-83.6974171155454
5.26999999999993,-83.6974171155924
5.27999999999993,-83.6974171156567
5.28999999999993,-83.6974171157377
5.29999999999993,-83.6974171158347
5.30999999999993,-83.6974171159486
5.31999999999993,-83.6974171160807
5.32999999999993,-83.6974171162302
5.33999999999993,-83.6974171163965
5.34999999999993,-83.697417116579
5.35999999999993,-83.6974171167786
5.36999999999993,-83.6974171169969
5.37999999999993,-83.697417117233
5.38999999999993,-83.6974171174863
5.39999999999993,-83.6974171177562
5.40999999999993,-83.6974171180436
5.41999999999993,-83.6974171183498
5.42999999999993,-83.6974171186747
5.43999999999993,-83.697417119017
5.44999999999993,-83.6974171193763
5.45999999999993,-83.6974171197533
5.46999999999993,-83.6974171201494
5.47999999999993,-83.6974171205639
5.48999999999993,-83.697417120996
5.49999999999993,-83.6974171214452
5.50999999999993,-83.6974171219123
5.51999999999992,-83.6974171223993
5.52999999999992,-83.6974171229051
5.53999999999992,-83.697417123429
5.54999999999992,-83.6974171239704
5.55999999999992,-83.6974171245302
5.56999999999992,-83.6974171251099
5.57999999999992,-83.6974171257087
5.58999999999992,-83.6974171263257
5.59999999999992,-83.6974171269605
5.60999999999992,-83.6974171276139
5.61999999999992,-83.6974171282878
5.62999999999992,-83.6974171289811
5.63067309684326,-83.6974171290254
5.6313461936866,-83.6974171290728
5.63201929052993,-83.6974171291203
5.63317950609909,-83.6974171292026
5.63496493905453,-83.6974171293296
5.6393006779643,-83.6974171296409
5.64,-83.6974171296901
5.64588920123801,-83.6974171301197
5.65,-83.6974171303777
5.65834820239913,-83.6974171308126
5.66,-83.6974171308979
5.66669640479826,-83.6974171312601
5.67,-83.6974171314031
5.67504460719739,-83.6974171315813
5.68,-83.6974171316358
5.68834820239913,-83.69741713174
5.68909954061505,-83.6974171317475
5.68985087883097,-83.6974171317575
5.69,-83.6974171317594
5.69075508224707,-83.6974171317698
5.69226034593695,-83.697417131788
5.69410141036169,-83.6974171318087
5.69594247478644,-83.69741713183
5.69778353921118,-83.697417131852
5.7,-83.6974171318794
5.70280327561885,-83.6974171319156
5.70730962537693,-83.6974171319776
5.71,-83.6974171320158
5.71369984087381,-83.697417132072
5.72,-83.6974171321278
5.72369984087381,-83.6974171321443
5.73,-83.6974171321223
5.73066333629789,-83.6974171321139
5.73132667259578,-83.6974171321074
5.73199000889366,-83.6974171321011
5.73307392553692,-83.697417132091
5.73388635624643,-83.6974171320834
5.73496156288309,-83.6974171320738
5.7360566291502,-83.6974171320642
5.73715169541731,-83.6974171320549
5.73802329571101,-83.6974171320475
5.73935136551779,-83.6974171320369
5.74,-83.6974171320316
5.74102316062694,-83.6974171320239
5.74204632125388,-83.6974171320163
5.74306948188082,-83.6974171320088
5.74409264250775,-83.6974171320017
5.74511580313469,-83.6974171319947
5.74613896376163,-83.697417131988
5.74716212438857,-83.6974171319815
5.74842104674345,-83.6974171319739
5.74967996909833,-83.6974171319666
5.75,-83.6974171319645
5.75125892235488,-83.6974171319579
5.75251784470976,-83.6974171319514
5.75385121445172,-83.6974171319449
5.75518458419369,-83.6974171319389
5.75651795393565,-83.6974171319334
5.75785132367762,-83.6974171319283
5.75969907780273,-83.697417131922
5.76,-83.6974171319205
5.76259266849313,-83.697417131914
5.76548625918352,-83.6974171318888
5.76896723291022,-83.6974171318487
5.77,-83.6974171318369
5.77486156059133,-83.6974171317887
5.78,-83.697417131645
5.78239601081639,-83.6974171315798
5.79,-83.6974171313455
5.79239601081639,-83.6974171312654
5.8,-83.6974171309801
5.81,-83.6974171305888
5.82,-83.6974171302294
5.83,-83.6974171299042
5.84,-83.6974171296154
5.85,-83.6974171293661
5.86,-83.6974171291611
5.87,-83.6974171290062
5.88,-83.6974171289056
5.89,-83.6974171288644
5.9,-83.6974171288881
5.91,-83.697417128984
5.92,-83.6974171291598
5.93,-83.6974171294215
5.94,-83.697417129775
5.95,-83.6974171302267
5.96,-83.6974171307836
5.97,-83.6974171314529
5.98,-83.6974171322397
5.99,-83.6974171331491
6,-83.697417134186
6.01,-83.6974171353562
6.01058676759373,-83.6974171354273
6.01117353518747,-83.6974171355007
6.01176030278121,-83.6974171355746
6.01234707037495,-83.6974171356489
6.01317206722536,-83.6974171357544
6.01431665909289,-83.6974171359022
6.01589066629073,-83.6974171361085
6.01807051836654,-83.6974171364
6.02,-83.6974171366635
6.02111808619032,-83.6974171368185
6.02543761497853,-83.6974171374242
6.02975714376675,-83.6974171380502
6.03,-83.6974171380854
6.03809049827471,-83.6974171393359
6.04,-83.6974171396234
6.04642385278268,-83.6974171405722
6.05,-83.6974171410639
6.05833335450796,-83.6974171421862
6.06,-83.6974171424221
6.06666670901592,-83.697417143416
6.07,-83.6974171439005
6.07218438067263,-83.6974171442106
6.07770205232935,-83.6974171449864
6.08,-83.6974171453171
6.08321972398606,-83.6974171457959
6.09,-83.6974171468216
6.09321972398606,-83.697417147322
6.1,-83.6974171483883
6.11,-83.6974171500511
6.12,-83.6974171518799
6.13,-83.6974171538757
6.14,-83.6974171560389
6.15,-83.6974171583701
6.16,-83.6974171608703
6.17,-83.6974171635393
6.18,-83.6974171663762
6.19,-83.6974171693801
6.2,-83.6974171725504
6.21,-83.6974171758865
6.22,-83.697417179388
6.23,-83.6974171830532
6.24,-83.6974171868809
6.243,-83.6974171880598
6.246,-83.697417189254
6.2479643798389,-83.6974171900437
6.2499287596778,-83.6974171908396
6.25,-83.6974171908683
6.25153064348721,-83.6974171914932
6.25306128697441,-83.6974171921216
6.25459193046162,-83.6974171927539
6.25659181024794,-83.6974171935858
6.25942173045413,-83.697417194774
6.26,-83.6974171950181
6.26158185401223,-83.6974171956895
6.26374197757033,-83.6974171966084
6.26723380013547,-83.6974171981055
6.26928750281991,-83.6974171989948
6.27,-83.6974171993048
6.27134120550434,-83.6974171998909
6.27339490818878,-83.6974172007904
6.27544861087321,-83.6974172016946
6.27825922215824,-83.697417202943
6.28,-83.6974172037222
6.28221800595232,-83.6974172047222
6.2861767897464,-83.6974172065159
6.29,-83.6974172082657
6.29013557354048,-83.6974172083276
6.29409435733456,-83.6974172101641
6.29805314112865,-83.6974172120239
6.3,-83.6974172129471
6.30508491838087,-83.697417215387
6.31,-83.6974172177826
6.31016983676173,-83.6974172178654
6.31650955515445,-83.6974172210109
6.32,-83.6974172227674
6.32284927354717,-83.6974172242149
6.32918899193989,-83.6974172274624
6.33,-83.6974172278801
6.33733000702488,-83.6974172317067
6.34,-83.6974172331081
6.34547102210986,-83.697417235994
6.35,-83.6974172383898
6.36,-83.6974172437454
6.37,-83.6974172492404
6.38,-83.6974172548728
6.39,-83.6974172606397
6.4,-83.6974172665382
6.41,-83.6974172725653
6.41724468511869,-83.6974172770101
6.41988840826851,-83.6974172786478
6.42,-83.6974172787168
6.42253213141834,-83.6974172802946
6.42517585456816,-83.6974172819476
6.42682037306018,-83.6974172829791
6.4284648915522,-83.6974172840141
6.43,-83.6974172849832
6.43010941004422,-83.6974172850522
6.43173897319579,-83.6974172860844
6.43336853634735,-83.6974172871196
6.43534911799525,-83.6974172883822
6.43732969964314,-83.6974172896494
6.43931028129103,-83.6974172909212
6.44,-83.697417291365
6.44281970285233,-83.6974172931862
6.44568183704693,-83.6974172950422
6.44854397124153,-83.6974172969067
6.45,-83.6974172978587
6.4518757130605,-83.697417299089
6.45375142612099,-83.6974173003232
6.45562713918149,-83.6974173015614
6.45750285224199,-83.6974173028037
6.46,-83.6974173044637
6.46063138557637,-83.6974173048843
6.4641757747807,-83.697417307255
6.46772016398503,-83.6974173096391
6.47,-83.6974173111797
6.47051988560176,-83.6974173115316
6.47392343015168,-83.6974173138447
6.4773269747016,-83.6974173161698
6.48,-83.6974173180046
6.48073051925151,-83.6974173185071
6.48413406380143,-83.6974173208574
6.48654692049323,-83.6974173225305
6.48895977718504,-83.6974173242094
6.49,-83.6974173249347
6.4913918034992,-83.6974173259071
6.49382382981337,-83.6974173276108
6.49564369505366,-83.6974173288893
6.49746356029396,-83.6974173301708
6.5,-83.697417331962
6.50093911138022,-83.6974173326264
6.50187822276043,-83.6974173332919
6.50484268233915,-83.6974173353977
6.50982329624583,-83.6974173389525
6.51,-83.6974173390784
6.5134569657522,-83.6974173415588
6.51794668485424,-83.6974173447989
6.52,-83.6974173462869
6.52243640395628,-83.6974173480575
6.52952748478417,-83.697417353244
6.53,-83.6974173535906
6.53196552985133,-83.6974173550369
6.53354288864861,-83.697417356201
6.5351202474459,-83.6974173573677
6.53669760624318,-83.6974173585363
6.53827496504046,-83.6974173597068
6.54,-83.6974173609889
6.54116754569369,-83.6974173618577
6.54406012634692,-83.697417364016
6.54800933441929,-83.6974173669723
6.55,-83.6974173684659
6.55659681132057,-83.6974173734322
6.56,-83.697417376003
6.5654074963041,-83.697417380101
6.57,-83.6974173836046
6.57421818128763,-83.6974173868401
6.58,-83.6974173913087
6.58302886627116,-83.6974173936608
6.59,-83.6974173991102
6.59183955125469,-83.6974174005538
6.6,-83.6974174069931
6.60881068498353,-83.6974174139852
6.61,-83.6974174149308
6.61762136996706,-83.6974174210084
6.62,-83.6974174229207
6.62643205495059,-83.6974174281321
6.63,-83.697417431058
6.63524273993412,-83.6974174353866
6.64,-83.6974174393561
6.64405342491765,-83.6974174427581
6.65,-83.6974174477935
6.65881068498353,-83.6974174553062
6.66,-83.6974174563214
6.66762136996706,-83.6974174628394
6.67,-83.6974174648921
6.67643205495059,-83.6974174704902
6.68,-83.6974174736391
6.68524273993412,-83.6974174782999
6.69,-83.6974174825795
6.69405342491765,-83.697417486248
6.7,-83.697417491682
6.70881068498353,-83.6974174997872
6.71,-83.6974175008815
6.71762136996706,-83.6974175079022
6.72,-83.6974175101148
6.72643205495059,-83.6974175161527
6.73,-83.6974175195544
6.73524273993412,-83.6974175245913
6.74,-83.6974175292213
6.74405342491765,-83.6974175331909
6.75,-83.6974175390746
6.75881068498353,-83.6974175478487
6.76,-83.6974175490325
6.76762136996706,-83.6974175566225
6.77,-83.697417559016
6.77643205495059,-83.6974175655511
6.78,-83.6974175692378
6.78524273993412,-83.6974175746987
6.79,-83.6974175797229
6.79405342491765,-83.6974175840315
6.8,-83.6974175904207
6.80881068498353,-83.6974175999477
6.81,-83.6974176012325
6.81762136996706,-83.6974176094656
6.82,-83.6974176120633
6.82643205495059,-83.6974176191592
6.83,-83.697417623171
6.83318863555874,-83.6974176267869
6.83994521616688,-83.6974176345385
6.84,-83.6974176346011
6.84994521616688,-83.6974176460472
6.85,-83.6974176461102
6.86,-83.6974176580685
6.87,-83.6974176700039
6.88,-83.6974176819151
6.89,-83.6974176937999
6.9,-83.6974177056563
6.91,-83.6974177174823
6.92,-83.6974177292756
6.93,-83.6974177410349
6.94,-83.6974177527585
6.95,-83.6974177644451
6.96,-83.697417776093
6.97,-83.6974177877009
6.98,-83.6974177992676
6.99,-83.6974178107922
7,-83.6974178222739
7.01,-83.6974178337122
7.02,-83.697417845106
7.03,-83.6974178564548
7.04,-83.6974178677582
7.05,-83.6974178790162
7.06,-83.6974178902286
7.07,-83.6974179013951
7.08,-83.6974179125155
7.09,-83.6974179235902
7.1,-83.6974179346193
7.10999999999999,-83.6974179456035
7.11999999999999,-83.6974179565431
7.12999999999999,-83.6974179674382
7.13999999999999,-83.6974179782867
7.14999999999999,-83.6974179890755
7.15999999999999,-83.6974179997832
7.16999999999999,-83.6974180103875
7.17999999999999,-83.6974180208674
7.18999999999999,-83.6974180312035
7.19999999999999,-83.6974180413777
7.20999999999999,-83.6974180513731
7.21999999999999,-83.6974180611731
7.22999999999999,-83.6974180707614
7.23999999999999,-83.6974180801234
7.24999999999999,-83.6974180892452
7.25999999999999,-83.6974180981145
7.2673504485752,-83.6974181044658
7.27,-83.6974181067191
7.2747008971504,-83.6974181106689
7.28,-83.697418115188
7.28205134572561,-83.6974181169509
7.29,-83.6974181238023
7.29205134572561,-83.6974181255554
7.3,-83.6974181323397
7.31,-83.6974181406908
7.31786210612217,-83.6974181470357
7.32,-83.6974181487266
7.32572421224435,-83.6974181531811
7.33,-83.6974181565646
7.33358631836652,-83.6974181594329
7.34,-83.6974181646459
7.34358631836652,-83.6974181675486
7.35,-83.6974181727896
7.36,-83.6974181808621
7.36741283813915,-83.6974181866197
7.37,-83.6974181885831
7.3748256762783,-83.6974181921811
7.38,-83.6974181960917
7.38223851441744,-83.6974181977947
7.39,-83.6974182037138
7.39121365743221,-83.6974182046296
7.4,-83.6974182111817
7.40623943645603,-83.697418215689
7.41,-83.6974182183349
7.41247887291206,-83.6974182200497
7.41720538382136,-83.6974182233376
7.42,-83.6974182252682
7.42193189473065,-83.6974182265852
7.43,-83.6974182320366
7.43053327860207,-83.6974182323919
7.43913466247349,-83.6974182380076
7.44,-83.6974182385582
7.4477360463449,-83.6974182433499
7.45,-83.697418244782
7.45860138387142,-83.6974182504889
7.46,-83.6974182513891
7.46476721082267,-83.697418254399
7.47,-83.6974182577616
7.47093303777392,-83.697418258367
7.47709886472517,-83.697418262338
7.48,-83.6974182641638
7.48462206602591,-83.6974182670019
7.49,-83.6974182703278
7.49462206602591,-83.6974182731754
7.5,-83.697418276557
7.51,-83.6974182827947
7.51769619031251,-83.697418287315
7.52,-83.6974182886203
7.52539238062502,-83.6974182915895
7.53,-83.6974182941701
7.53308857093753,-83.6974182959159
7.54,-83.6974182998669
7.54267007692133,-83.697418301372
7.55,-83.6974183054974
7.5595815059838,-83.6974183106736
7.56,-83.6974183108907
7.5691630119676,-83.6974183154626
7.57,-83.6974183158901
7.5787445179514,-83.6974183204948
7.58,-83.697418321212
7.58832602393521,-83.6974183260859
7.59,-83.6974183271352
7.59790752991901,-83.6974183321901
7.6,-83.6974183336081
7.6095815059838,-83.6974183403927
7.61,-83.6974183406805
7.6191630119676,-83.6974183467851
7.62,-83.6974183473528
7.6287445179514,-83.697418353415
7.63,-83.6974183543414
7.63832602393521,-83.6974183605975
7.64,-83.6974183619246
7.64790752991901,-83.6974183682869
7.65,-83.6974183700501
7.6595815059838,-83.6974183784113
7.66,-83.6974183787678
7.6691630119676,-83.6974183863762
7.67,-83.6974183870809
7.6787445179514,-83.6974183945721
7.68,-83.6974183957031
7.68832602393521,-83.6974184033131
7.69,-83.6974184049114
7.69790752991901,-83.6974184125528
7.7,-83.6974184146534
7.7095815059838,-83.6974184245546
7.71,-83.6974184249783
7.7191630119676,-83.6974184340561
7.72,-83.6974184348946
7.7287445179514,-83.6974184437813
7.73,-83.6974184451117
7.73832602393521,-83.6974184540417
7.74,-83.6974184559043
7.74790752991901,-83.6974184647913
7.75,-83.6974184672201
7.7595815059838,-83.6974184786186
7.76,-83.6974184791075
7.7691630119676,-83.6974184896146
7.77,-83.6974184905833
7.7787445179514,-83.6974185008265
7.78,-83.6974185023508
7.78832602393521,-83.6974185125632
7.79,-83.6974185146825
7.79790752991901,-83.697418524779
7.8,-83.6974185275265
7.8095815059838,-83.6974185403784
7.81,-83.6974185409307
7.8191630119676,-83.697418552826
7.82,-83.6974185539212
7.8287445179514,-83.6974185654818
7.83,-83.6974185671943
7.83832602393521,-83.6974185786515
7.84,-83.6974185810199
7.84790752991901,-83.6974185922897
7.85,-83.6974185953462
7.8595815059838,-83.6974186096067
7.86,-83.6974186102205
7.8691630119676,-83.6974186234618
7.87,-83.6974186246795
7.8787445179514,-83.6974186375169
7.88,-83.6974186394117
7.88832602393521,-83.697418652074
7.89,-83.6974186546834
7.89790752991901,-83.6974186670881
7.9,-83.6974186704433
7.9095815059838,-83.6974186860645
7.91,-83.6974186867377
7.9191630119676,-83.6974187012791
7.92,-83.6974187026152
7.9287445179514,-83.6974187166846
7.93,-83.6974187187568
7.93605884327387,-83.6974187288549
7.94,-83.6974187355632
7.94337316859634,-83.6974187413256
7.95,-83.6974187526971
7.95896655464536,-83.6974187679138
7.96,-83.6974187696448
7.96793310929072,-83.697418782773
7.97,-83.6974187862114
7.97689966393608,-83.697418797752
7.98,-83.6974188030302
7.98586621858144,-83.6974188130481
7.99,-83.6974188201978
7.9948327732268,-83.6974188285632
8,-83.6974188375796
8.00896655464536,-83.6974188531673
8.01,-83.6974188549409
8.01793310929072,-83.6974188683963
8.02,-83.6974188719188
8.02689966393608,-83.6974188837368
8.03,-83.6974188891371
8.03586621858144,-83.6974188993834
8.04,-83.6974189066911
8.0448327732268,-83.6974189152394
8.05,-83.6974189244483
8.05896655464536,-83.6974189403664
8.06,-83.6974189421781
8.06793310929072,-83.6974189559256
8.07,-83.6974189595231
8.07689966393608,-83.6974189715886
8.08,-83.6974189770976
8.08586621858144,-83.6974189875471
8.09,-83.6974189949952
8.0948327732268,-83.6974190037061
8.1,-83.6974190130857
8.10896655464536,-83.6974190292967
8.11,-83.6974190311423
8.11793310929072,-83.6974190451492
8.12,-83.6974190488135
8.12689966393608,-83.697419061098
8.13,-83.6974190667029
8.13586621858144,-83.6974190773314
8.14,-83.6974190849027
8.1448327732268,-83.6974190937559
8.15,-83.6974191032848
8.15896655464536,-83.6974191197514
8.16,-83.6974191216266
8.16793310929072,-83.6974191358606
8.17,-83.6974191395831
8.17689966393608,-83.6974191520592
8.18,-83.6974191577476
8.18586621858144,-83.6974191685323
8.19,-83.6974191762108
8.1948327732268,-83.6974191851882
8.2,-83.6974191948471
8.20896655464536,-83.6974192115371
8.21,-83.6974192134382
8.21793310929072,-83.6974192278719
8.22,-83.6974192316456
8.22689966393608,-83.69741924429
8.23,-83.6974192500516
8.23586621858144,-83.6974192609729
8.24,-83.6974192687452
8.2448327732268,-83.6974192778311
8.25,-83.6974192876035
8.25896655464536,-83.6974193044888
8.26,-83.6974193064127
8.26793310929072,-83.6974193210227
8.27,-83.6974193248416
8.27689966393608,-83.6974193376348
8.28,-83.6974193434611
8.28586621858144,-83.6974193545033
8.29,-83.6974193623584
8.2948327732268,-83.6974193715403
8.3,-83.6974193814133
8.30896655464536,-83.6974193984727
8.31,-83.6974194004169
8.31793310929072,-83.6974194151858
8.32,-83.6974194190455
8.32689966393608,-83.697419431973
8.33,-83.6974194378573
8.33586621858144,-83.6974194490085
8.34,-83.6974194569381
8.3448327732268,-83.6974194662066
8.35,-83.6974194761703
8.35896655464536,-83.6974194933871
8.36,-83.6974194953498
8.36793310929072,-83.697419510264
8.37,-83.697419514161
8.37689966393608,-83.6974195272115
8.38,-83.697419533149
8.38586621858144,-83.6974195443997
8.39,-83.6974195523973
8.3948327732268,-83.697419561745
8.4,-83.6974195717914
8.40896655464536,-83.6974195891528
8.41,-83.6974195911326
8.41793310929072,-83.6974196061817
8.42,-83.6974196101134
8.42689966393608,-83.697419623278
8.43,-83.6974196292647
8.43586621858144,-83.6974196406075
8.44,-83.6974196486678
8.4448327732268,-83.6974196580885
8.45,-83.6974196682113
8.45896655464536,-83.6974196857062
8.46,-83.6974196877018
8.46793310929072,-83.6974197028767
8.47,-83.6974197068467
8.47373440499327,-83.6974197140643
8.47953570069583,-83.6974197253713
8.48,-83.6974197262757
8.48533699639838,-83.6974197366079
8.49,-83.6974197456373
8.49533699639838,-83.6974197559495
8.5,-83.6974197650001
8.51,-83.6974197843594
8.52,-83.6974198033271
8.53,-83.6974198219047
8.54,-83.6974198400938
8.55,-83.6974198578963
8.56,-83.6974198753159
8.57,-83.6974198923573
8.58,-83.6974199090225
8.59,-83.6974199253136
8.6,-83.6974199412324
8.61,-83.6974199567833
8.62,-83.6974199719715
8.63,-83.6974199867993
8.64,-83.6974200012686
8.65,-83.6974200153813
8.66,-83.6974200291415
8.67,-83.6974200425544
8.68,-83.6974200556221
8.69,-83.6974200683463
8.7,-83.6974200807286
8.71,-83.6974200927729
8.72,-83.6974201044839
8.73,-83.6974201158634
8.73999999999999,-83.6974201269128
8.74999999999999,-83.6974201376335
8.75999999999999,-83.6974201480288
8.76999999999999,-83.6974201581029
8.77999999999999,-83.6974201678573
8.78999999999999,-83.697420177293
8.79999999999999,-83.6974201864111
8.80999999999999,-83.6974201952143
8.81999999999999,-83.6974202037067
8.82999999999999,-83.6974202118891
8.83999999999999,-83.6974202197623
8.84999999999999,-83.6974202273269
8.85999999999999,-83.6974202345858
8.86999999999999,-83.6974202415428
8.87999999999999,-83.6974202481986
8.88999999999999,-83.6974202545537
8.89999999999999,-83.6974202606084
8.90999999999999,-83.6974202663648
8.91999999999999,-83.6974202718259
8.92999999999999,-83.697420276992
8.93999999999999,-83.6974202818633
8.94999999999999,-83.69742028644
8.95999999999999,-83.6974202907238
8.96999999999999,-83.6974202947169
8.97999999999999,-83.6974202984196
8.98999999999999,-83.697420301832
8.99999999999999,-83.697420304954
9.00999999999999,-83.6974203077868
9.01999999999999,-83.6974203103321
9.02999999999999,-83.69742031259
9.03999999999999,-83.6974203145604
9.04999999999999,-83.6974203162432
9.05999999999999,-83.6974203176388
9.06999999999999,-83.6974203187479
9.07999999999999,-83.6974203195704
9.08999999999999,-83.6974203201061
9.09999999999999,-83.6974203203548
9.10999999999999,-83.6974203203175
9.11999999999999,-83.6974203199958
9.12999999999999,-83.6974203193896
9.13999999999999,-83.6974203184988
9.14999999999999,-83.6974203173233
9.15999999999999,-83.6974203158638
9.16999999999999,-83.6974203141217
9.17999999999999,-83.697420312097
9.18999999999999,-83.6974203097896
9.19999999999999,-83.6974203071993
9.20999999999998,-83.6974203043269
9.21999999999998,-83.6974203011734
9.22999999999998,-83.6974202977388
9.23999999999998,-83.6974202940229
9.24999999999998,-83.6974202900258
9.25999999999998,-83.6974202857481
9.26999999999998,-83.6974202811909
9.27999999999998,-83.6974202763544
9.28999999999998,-83.6974202712382
9.29999999999998,-83.6974202658426
9.30999999999998,-83.6974202601678
9.31999999999998,-83.6974202542147
9.32999999999998,-83.6974202479834
9.33999999999998,-83.6974202414737
9.34999999999998,-83.6974202346856
9.35999999999998,-83.6974202276196
9.36999999999998,-83.6974202202766
9.37999999999998,-83.6974202126564
9.38999999999998,-83.6974202047592
9.39999999999998,-83.6974201965849
9.40999999999998,-83.6974201881338
9.41999999999998,-83.6974201794064
9.42999999999998,-83.6974201704029
9.43999999999998,-83.6974201611231
9.44999999999998,-83.6974201515671
9.45999999999998,-83.6974201417353
9.46999999999998,-83.697420131628
9.47999999999998,-83.6974201212456
9.48999999999998,-83.6974201105878
9.49999999999998,-83.6974200996549
9.50999999999998,-83.6974200884469
9.51999999999998,-83.6974200769638
9.52999999999998,-83.6974200652058
9.53999999999998,-83.6974200531728
9.54999999999998,-83.6974200408648
9.55999999999998,-83.6974200282818
9.56999999999998,-83.6974200154234
9.57999999999998,-83.6974200022896
9.58999999999998,-83.6974199888802
9.59999999999998,-83.6974199751951
9.60999999999998,-83.6974199612342
9.61999999999998,-83.6974199469971
9.62999999999998,-83.6974199324835
9.63999999999998,-83.6974199176933
9.64999999999998,-83.6974199026262
9.65999999999998,-83.6974198872816
9.66999999999998,-83.6974198716587
9.67999999999997,-83.697419855757
9.68999999999997,-83.6974198395763
9.69999999999997,-83.6974198231163
9.70999999999997,-83.6974198063762
9.71999999999997,-83.6974197893552
9.72999999999997,-83.6974197720528
9.73999999999997,-83.6974197544686
9.74999999999997,-83.697419736602
9.75999999999997,-83.6974197184517
9.76999999999997,-83.697419700016
9.77999999999997,-83.6974196812942
9.78999999999997,-83.6974196622854
9.79999999999997,-83.6974196429888
9.80999999999997,-83.697419623403
9.81999999999997,-83.6974196035259
9.82999999999997,-83.6974195833582
9.83999999999997,-83.6974195629097
9.84999999999997,-83.6974195422028
9.85999999999997,-83.6974195212628
9.86299999999997,-83.6974195149383
9.86599999999997,-83.6974195085961
9.86859314141806,-83.6974195030998
9.87,-83.6974195001125
9.87118628283614,-83.6974194975909
9.8728411140237,-83.697419494063
9.87449594521126,-83.697419490527
9.87679933299486,-83.6974194855972
9.87854832574935,-83.697419481848
9.88,-83.6974194787322
9.88090137557421,-83.6974194767958
9.88325442539906,-83.6974194717249
9.88667591262997,-83.6974194643363
9.89,-83.6974194571413
9.89009739986088,-83.69741945693
9.89351888709179,-83.6974194495067
9.8969403743227,-83.697419442067
9.9,-83.6974194354014
9.90342148723091,-83.6974194279341
9.90684297446182,-83.697419420453
9.91,-83.6974194135386
9.91164484078819,-83.6974194099318
9.91644670711457,-83.6974193993627
9.92,-83.6974193915174
9.92124857344094,-83.697419388758
9.92605043976732,-83.6974193781152
9.93,-83.6974193693394
9.93085230609369,-83.697419367444
9.93946563574098,-83.6974193482415
9.94,-83.6974193470474
9.94807896538826,-83.6974193289839
9.95,-83.6974193246557
9.95861332964729,-83.6974193050217
9.96,-83.6974193018578
9.96722665929457,-83.6974192853625
9.97,-83.6974192789783
9.97154776982945,-83.6974192753957
9.97586888036434,-83.6974192653524
9.98,-83.6974192557377
9.98018999089922,-83.6974192552952
9.98346273893916,-83.6974192476756
9.9867354869791,-83.6974192400543
9.99,-83.6974192324523
9.99222774445711,-83.6974192272647
9.99772000193513,-83.6974192144398
10,-83.6974192091078
10.005492257478,-83.6974191962672
10.01,-83.6974191857315
10.0137361720306,-83.6974191770021
10.02,-83.6974191623186
10.0237361720306,-83.6974191535423
10.03,-83.6974191387611
10.0312042547071,-83.6974191359133
10.0386723373837,-83.6974191182327
10.04,-83.6974191150886
10.0482264503366,-83.6974190956262
10.05,-83.6974190914105
10.0595541129529,-83.697419068504
10.06,-83.6974190674354
10.0691082259058,-83.6974190456389
10.07,-83.6974190434943
10.0747284093277,-83.6974190320679
10.08,-83.6974190192159
10.0803485927496,-83.6974190183638
10.0859687761714,-83.697419004632
10.09,-83.6974189947903
10.0915889595933,-83.6974189909133
10.0972091430152,-83.6974189771885
10.1,-83.6974189703726
10.1056201834219,-83.6974189566595
10.1086201834219,-83.697418949346
10.11,-83.6974189459836
10.1105110910648,-83.6974189447384
10.1124019987077,-83.6974189401306
10.1129692710006,-83.6974189387481
10.1135365432935,-83.6974189373659
10.1143871008733,-83.6974189352938
10.1155638668287,-83.6974189324276
10.1164392101647,-83.697418930296
10.1173145535007,-83.6974189281649
10.1187951250381,-83.6974189245612
10.12,-83.6974189216294
10.1201332084912,-83.6974189213052
10.1214712919443,-83.6974189180499
10.1228093753974,-83.6974189147953
10.1241474588505,-83.6974189115416
10.125124202809,-83.6974189091671
10.1263188003858,-83.6974189062637
10.1270757571999,-83.6974189044243
10.127832714014,-83.6974189025853
10.1289413477024,-83.6974188998924
10.13,-83.6974188973216
10.1300499813909,-83.6974188972002
10.1310450566072,-83.6974188947844
10.1320401318235,-83.697418892369
10.1330352070398,-83.6974188899543
10.1343030659866,-83.6974188868785
10.1352769156281,-83.6974188845167
10.1362507652696,-83.6974188821555
10.1375380903144,-83.6974188790353
10.1388254153591,-83.6974188759163
10.14,-83.6974188730714
10.1401127404039,-83.6974188727983
10.1410457843056,-83.697418870539
10.1419788282072,-83.6974188682802
10.1429118721089,-83.6974188660219
10.1438449160106,-83.6974188637642
10.1453755020616,-83.6974188600621
10.1481091060216,-83.6974188534544
10.15,-83.6974188488867
10.1545718962739,-83.6974188378541
10.16,-83.6974188247751
10.1606112284383,-83.6974188233033
10.1689931440921,-83.6974188031413
10.17,-83.6974188007214
10.1773750597458,-83.6974187830203
10.18,-83.6974187767039
10.1857569753996,-83.6974187628202
10.19,-83.6974187525426
10.1941388910534,-83.6974187425025
10.2,-83.697418728247
10.2083819156538,-83.6974187078486
10.21,-83.6974187039147
10.2167638313075,-83.6974186874879
10.22,-83.6974186796126
10.2251457469613,-83.6974186670704
10.23,-83.6974186551979
10.2312860845039,-83.6974186520483
10.2374264220465,-83.6974186370056
10.24,-83.6974186307026
10.2474264220465,-83.6974186125307
10.25,-83.697418606223
10.26,-83.6974185816447
10.27,-83.6974185571017
10.28,-83.6974185325916
10.2809,-83.6974185303869
10.2818,-83.6974185281827
10.2836125079525,-83.6974185237445
10.2854250159051,-83.6974185193071
10.2859687682908,-83.697418517976
10.2865125206766,-83.697418516645
10.2892312826054,-83.6974185099913
10.29,-83.6974185081102
10.2900746723283,-83.6974185079275
10.2909180620511,-83.697418505864
10.2929004731694,-83.6974185010141
10.2948828842877,-83.6974184961651
10.2968652954059,-83.6974184913169
10.2988477065242,-83.6974184864696
10.3,-83.6974184836524
10.3044797686434,-83.6974184727027
10.3089595372867,-83.6974184617563
10.31,-83.6974184592142
10.3163740251783,-83.6974184436439
10.3185983715458,-83.6974184382019
10.32,-83.6974184347697
10.3231166226015,-83.6974184271374
10.324051609382,-83.6974184248473
10.3249865961624,-83.6974184225571
10.3263266493817,-83.6974184192744
10.327666702601,-83.697418415991
10.3290067558203,-83.697418412707
10.33,-83.6974184102724
10.3303468090396,-83.6974184094222
10.3316868622589,-83.6974184061364
10.3334939090629,-83.6974184017041
10.3353009558669,-83.69741839727
10.3371080026708,-83.6974183928338
10.3389150494748,-83.6974183883955
10.34,-83.6974183857295
10.3410538221674,-83.6974183831393
10.3431925948599,-83.6974183778788
10.3462088765815,-83.6974183704526
10.3485670603624,-83.6974183646407
10.35,-83.6974183611063
10.3532999649716,-83.6974183529587
10.3565999299431,-83.6974183447984
10.3598998949147,-83.6974183366245
10.36,-83.6974183363762
10.3650330281621,-83.6974183238805
10.37,-83.6974183115088
10.3727704588224,-83.6974183045898
10.38,-83.6974182864702
10.3805078894827,-83.6974182851934
10.388245320143,-83.6974182656844
10.39,-83.6974182612435
10.398245320143,-83.6974182402872
10.4,-83.6974182358087
10.41,-83.6974182101527
10.42,-83.697418184248
10.43,-83.6974181580763
10.44,-83.6974181316227
10.45,-83.6974181048807
10.46,-83.6974180778538
10.47,-83.6974180505521
10.48,-83.6974180229888
10.49,-83.6974179951775
10.5,-83.6974179671316
10.503,-83.6974179586736
10.506,-83.6974179501963
10.51,-83.6974179388634
10.5112837374209,-83.6974179352191
10.5190539563824,-83.6974179130938
10.52,-83.6974179103916
10.5268241753438,-83.6974178908507
10.53,-83.697417881733
10.532178979323,-83.6974178754698
10.5375337833023,-83.6974178600492
10.54,-83.6974178529308
10.5445624021784,-83.6974178397346
10.55,-83.6974178239683
10.5586503607263,-83.697417798799
10.56,-83.6974177948611
10.5673007214525,-83.6974177735141
10.57,-83.697417765606
10.5720385116696,-83.6974177596295
10.5767763018867,-83.6974177457221
10.58,-83.6974177362424
10.5815140921038,-83.6974177317852
10.586251882321,-83.6974177178205
10.59,-83.6974177067531
10.5909896725381,-83.6974177038278
10.5957274627552,-83.6974176898085
10.6,-83.6974176771433
10.6047377902171,-83.6974176630745
10.61,-83.6974176474196
10.6116382603302,-83.6974176425399
10.6185387304432,-83.6974176219573
10.62,-83.6974176175928
10.6235624122411,-83.6974176069449
10.63,-83.6974175876776
10.6311512578546,-83.6974175842288
10.636819215389,-83.6974175672377
10.64,-83.6974175576953
10.6461069877546,-83.6974175393658
10.65,-83.6974175276752
10.6527863317097,-83.697417519306
10.6555726634194,-83.6974175109371
10.658358995129,-83.6974175025692
10.66,-83.6974174976418
10.6619046325745,-83.6974174919236
10.6685479489994,-83.6974174719876
10.67,-83.6974174676325
10.6751912654244,-83.6974174520737
10.6793038495407,-83.697417439756
10.68,-83.6974174376718
10.6834164336571,-83.6974174274496
10.6875290177734,-83.6974174151553
10.69,-83.6974174077757
10.6916416018897,-83.6974174028769
10.695754186006,-83.6974173906163
10.7,-83.6974173779802
10.7070877499934,-83.6974173569434
10.71,-83.6974173483219
10.7170877499934,-83.6974173274
10.72,-83.6974173188231
10.7227704054897,-83.6974173106746
10.7284530609861,-83.6974172939966
10.73,-83.6974172894668
10.7341357164824,-83.6974172773816
10.74,-83.6974172602997
10.7411292968955,-83.6974172570179
10.7481228773085,-83.6974172367572
10.75,-83.6974172313386
10.7527905911557,-83.6974172232996
10.7555811823115,-83.6974172152804
10.7583717734672,-83.6974172072814
10.76,-83.6974172026238
10.7620477039492,-83.6974171967763
10.7656630342755,-83.6974171864765
10.7692783646017,-83.6974171762109
10.77,-83.6974171741662
10.7720560412632,-83.6974171683489
10.7742656131899,-83.6974171621084
10.7753653438313,-83.697417159007
10.7764650744728,-83.6974171559092
10.7775648051142,-83.6974171528149
10.7783538457915,-83.6974171505971
10.7791428864689,-83.6974171483811
10.78,-83.697417145976
10.7803507413748,-83.6974171449924
10.7812518519104,-83.6974171424671
10.782152962446,-83.6974171399441
10.7833035759125,-83.6974171367261
10.784454189379,-83.6974171335121
10.7856048028455,-83.6974171303023
10.786755416312,-83.6974171270965
10.7879060297785,-83.6974171238949
10.789056643245,-83.6974171206974
10.79,-83.697417118079
10.7902072567115,-83.6974171175041
10.7913578701779,-83.6974171143149
10.7925084836444,-83.6974171111298
10.7940987823455,-83.6974171067345
10.795308065907,-83.6974171033977
10.7969595243966,-83.6974170988485
10.7986109828861,-83.6974170943082
10.8,-83.6974170904964
10.8016514584895,-83.6974170859727
10.8033029169791,-83.697417081458
10.8049543754686,-83.6974170769524
10.8066058339581,-83.697417072456
10.8082572924477,-83.6974170679688
10.8099087509372,-83.6974170634909
10.81,-83.6974170632437
10.8121352655248,-83.6974170574685
10.8143617801124,-83.6974170514602
10.8165882947,-83.6974170454676
10.8188148092876,-83.6974170394922
10.82,-83.6974170363185
10.8210413238752,-83.6974170335341
10.823713831054,-83.6974170264036
10.8274689872891,-83.6974170164256
10.83,-83.6974170097283
10.8312241435241,-83.6974170064971
10.8349792997592,-83.6974169966151
10.8387344559943,-83.6974169867807
10.84,-83.6974169834774
10.843670218792,-83.6974169739286
10.85,-83.6974169575544
10.8528100702999,-83.6974169503248
10.8556201405998,-83.6974169431212
10.8584302108997,-83.6974169359435
10.86,-83.6974169319449
10.8623317877497,-83.6974169260199
10.868462564806,-83.6974169105141
10.87,-83.6974169066426
10.8769180730962,-83.697416889309
10.88,-83.6974168816239
10.8853735813865,-83.6974168682758
10.89,-83.6974168568294
10.8938290896768,-83.6974168473913
10.9,-83.6974168322422
10.9025366524871,-83.6974168260377
10.9050733049742,-83.697416819848
10.9076099574612,-83.6974168136726
10.91,-83.6974168078671
10.9108506484595,-83.6974168058037
10.9178711637163,-83.6974167888281
10.92,-83.6974167836995
10.927064361466,-83.6974167667399
10.93,-83.6974167597119
10.9362575592158,-83.6974167447656
10.94,-83.6974167358436
10.9454507569656,-83.6974167228762
10.95,-83.6974167120726
10.9508273877975,-83.6974167101088
10.951654775595,-83.6974167081461
10.954021400801,-83.6974167025367
10.9583643466239,-83.6974166922608
10.96,-83.6974166883965
10.9644951142726,-83.6974166777903
10.97,-83.6974166648193
10.9735885977769,-83.6974166563737
10.98,-83.6974166412976
10.9826820812813,-83.6974166349973
10.99,-83.6974166178197
10.9917755647857,-83.6974166136558
11,-83.6974165943828
11.0027280450513,-83.6974165879973
11.0054560901026,-83.6974165816155
11.01,-83.6974165709953
11.0112196649128,-83.6974165681469
11.02,-83.6974165476635
11.020270701102,-83.6974165470332
11.0293217372911,-83.6974165259738
11.03,-83.6974165243986
11.0383727734803,-83.6974165049829
11.04,-83.6974165012138
11.0474238096694,-83.6974164840351
11.05,-83.6974164780777
11.050814593257,-83.6974164761928
11.051629186514,-83.6974164743086
11.054609883204,-83.6974164674205
11.057590579894,-83.697416460543
11.06,-83.6974164549913
11.0612679869187,-83.6974164520725
11.0671233084393,-83.6974164386151
11.07,-83.697416432018
11.0753289633132,-83.6974164198237
11.08,-83.6974164091555
11.0853289633132,-83.6974163970102
11.09,-83.6974163863819
11.0953289633132,-83.6974163742823
11.1,-83.6974163636941
11.103,-83.6974163569019
11.106,-83.6974163501207
11.11,-83.6974163410964
11.1150754167695,-83.6974163296744
11.12,-83.6974163186137
11.1241508335391,-83.6974163093084
11.13,-83.6974162962185
11.1332262503086,-83.6974162890125
11.14,-83.6974162739102
11.1423016670782,-83.6974162687887
11.15,-83.69741625169
11.1527226250309,-83.6974162456562
11.1554452500617,-83.6974162396295
11.16,-83.6974162295636
11.1610045824763,-83.6974162273465
11.17,-83.6974162075297
11.1703005705321,-83.6974162068693
11.1795965585879,-83.6974161864671
11.18,-83.697416185584
11.1888925466437,-83.6974161661395
11.19,-83.6974161637208
11.1981885346995,-83.6974161458443
11.2,-83.6974161418898
11.2027887964167,-83.6974161357954
11.2055775928335,-83.6974161297066
11.2089651330365,-83.6974161223175
11.21,-83.6974161200618
11.213220107841,-83.6974161130463
11.2193931950023,-83.6974160996035
11.22,-83.6974160982831
11.2273616565124,-83.6974160822705
11.23,-83.697416076532
11.2373616565124,-83.6974160605162
11.24,-83.6974160547713
11.2473616565124,-83.6974160387348
11.25,-83.6974160329815
11.2500243518703,-83.6974160329284
11.2500487037405,-83.6974160328752
11.2500815769223,-83.6974160328034
11.2501057347231,-83.6974160327507
11.2501376354822,-83.697416032681
11.2501804391405,-83.6974160325875
11.2502740907814,-83.697416032383
11.2504012328162,-83.6974160321053
11.2506130878458,-83.6974160316427
11.2508249428754,-83.69741603118
11.2515609181608,-83.6974160295726
11.2522968934461,-83.6974160279652
11.2530328687315,-83.6974160263579
11.2540892312854,-83.6974160240508
11.2551455938393,-83.6974160217442
11.2564549842646,-83.6974160188859
11.2577643746899,-83.697416016029
11.2590737651151,-83.6974160131738
11.26,-83.6974160111553
11.2603831555404,-83.6974160103206
11.260775972668,-83.697416009465
11.2610501769879,-83.6974160088678
11.2613243813078,-83.6974160082708
11.2615985856277,-83.6974160076738
11.2618727899476,-83.697416007077
11.2622792191045,-83.6974160061926
11.2630408750085,-83.6974160045358
11.2638025309125,-83.6974160028799
11.2647741710557,-83.6974160007689
11.2657458111989,-83.6974159986595
11.2680973938584,-83.6974159935613
11.27,-83.6974159894442
11.2717586069496,-83.6974159856449
11.2769271861413,-83.6974159745088
11.2784777598988,-83.6974159711775
11.28,-83.6974159679113
11.2800283336564,-83.6974159678506
11.2826628889588,-83.6974159622076
11.2846578252212,-83.6974159579427
11.29,-83.6974159465538
11.2902334582877,-83.6974159460574
11.2919061482076,-83.6974159425011
11.2935788381276,-83.6974159389489
11.2940806451035,-83.6974159378841
11.2945824520795,-83.6974159368196
11.2970914869594,-83.6974159315023
11.3,-83.6974159253493
11.305508307769,-83.6974159137249
11.3071608000997,-83.6974159102445
11.3088132924304,-83.6974159067666
11.31,-83.6974159042705
11.3123416492852,-83.6974158993483
11.3176981522746,-83.697415888097
11.3193051031714,-83.6974158847246
11.32,-83.6974158832666
11.3209120540682,-83.6974158813532
11.321598132711,-83.6974158799138
11.3222842113538,-83.6974158784744
11.3245433903995,-83.697415873736
11.3297942955881,-83.6974158627299
11.33,-83.6974158622996
11.336851112441,-83.6974158479523
11.34,-83.6974158413461
11.3470568168529,-83.6974158265474
11.35,-83.6974158203789
11.3570568168529,-83.6974158055934
11.36,-83.6974157994304
11.3641136337057,-83.6974157908186
11.37,-83.6974157784917
11.3711704505586,-83.697415776041
11.3782272674115,-83.6974157612626
11.38,-83.6974157575524
11.3868124654501,-83.6974157432982
11.39,-83.6974157366269
11.3953976634887,-83.6974157253256
11.4,-83.6974157156825
11.4085851980386,-83.6974156976914
11.41,-83.6974156947295
11.4171703960772,-83.6974156797202
11.42,-83.6974156737966
11.4257555941159,-83.6974156617433
11.43,-83.6974156528494
11.4343407921545,-83.6974156437528
11.44,-83.6974156318897
11.4429259901931,-83.6974156257574
11.45,-83.6974156109306
11.4585851980386,-83.69741559295
11.46,-83.6974155899899
11.4671703960772,-83.6974155749908
11.47,-83.6974155690723
11.4757555941159,-83.697415557031
11.48,-83.6974155481478
11.4843407921545,-83.6974155390635
11.49,-83.6974155272182
11.4929259901931,-83.6974155210957
11.5,-83.6974155062946
11.5085851980386,-83.6974154883468
11.51,-83.6974154853923
11.5171703960772,-83.6974154704213
11.52,-83.6974154645148
11.5257555941159,-83.6974154524997
11.53,-83.6974154436379
11.5343407921545,-83.6974154345763
11.54,-83.697415422763
11.5429259901931,-83.6974154166576
11.55,-83.6974154018997
11.5585851980386,-83.6974153840059
11.56,-83.6974153810603
11.5671703960772,-83.697415366135
11.57,-83.6974153602475
11.5757555941159,-83.6974153482727
11.58,-83.6974153394427
11.5843407921545,-83.6974153304147
11.59,-83.6974153186472
11.5929259901931,-83.6974153125661
11.6,-83.6974152978687
11.6085851980386,-83.69741528005
11.61,-83.6974152771169
11.6171703960772,-83.6974152622548
11.62,-83.6974152563932
11.6257555941158,-83.6974152444728
11.63,-83.697415235685
11.6343407921545,-83.6974152267012
11.64,-83.6974152149935
11.6429259901931,-83.6974152089438
11.65,-83.6974151943243
11.6585851980386,-83.6974151766016
11.66,-83.6974151736843
11.6671703960772,-83.697415158903
11.67,-83.6974151530742
11.6757555941159,-83.6974151412224
11.68,-83.6974151324875
11.6843407921545,-83.6974151235587
11.69,-83.6974151119248
11.6929259901931,-83.697415105914
11.7,-83.6974150913897
11.7085851980386,-83.6974150737843
11.71,-83.6974150708871
11.7171703960772,-83.6974150562037
11.72,-83.6974150504151
11.7257555941159,-83.6974150386454
11.73,-83.6974150299731
11.7343407921545,-83.6974150211094
11.74,-83.6974150095625
11.7429259901931,-83.6974150035972
11.75,-83.6974149891846
11.7515111882317,-83.6974149861094
11.76,-83.6974149688403
11.7600963862703,-83.6974149686463
11.7686815843089,-83.6974149512055
11.77,-83.6974149485314
11.7772667823476,-83.6974149337916
11.78,-83.6974149282543
11.7858519803862,-83.6974149164054
11.79,-83.697414908016
11.7944371784248,-83.6974148990487
11.8,-83.6974148878176
11.8085851980386,-83.6974148705068
11.81,-83.6974148676582
11.8171703960772,-83.6974148532216
11.82,-83.6974148475323
11.8257555941159,-83.6974148359677
11.83,-83.6974148274508
11.8343407921545,-83.6974148187479
11.84,-83.6974148074146
11.8429259901931,-83.6974148015608
11.85,-83.6974147874213
11.8585851980386,-83.697414770287
11.86,-83.6974147674675
11.8671703960772,-83.6974147531784
11.87,-83.6974147475481
11.8757555941158,-83.6974147361052
11.88,-83.6974147276799
11.8843407921545,-83.6974147190718
11.89,-83.697414707864
11.8929259901931,-83.6974147020756
11.9,-83.6974146880958
11.9015111882317,-83.6974146851136
11.91,-83.6974146683702
11.9100963862703,-83.6974146681823
11.9186815843089,-83.6974146512755
11.92,-83.6974146486834
11.9272667823475,-83.6974146343961
11.93,-83.6974146290317
11.9358519803862,-83.6974146175575
11.94,-83.6974146094397
11.9444371784248,-83.6974146007657
11.95,-83.6974145899083
11.9530223764634,-83.6974145840166
11.96,-83.6974145704311
11.961607574502,-83.6974145673057
11.97,-83.6974145510003
11.9701927725406,-83.6974145506282
11.9787779705792,-83.697414533976
11.98,-83.6974145316099
11.9873631686179,-83.6974145173517
11.99,-83.6974145122558
11.9959483666565,-83.6974145007733
12,-83.6974144929696
12.0045335646951,-83.6974144842487
12.01,-83.6974144737527
12.0131187627337,-83.6974144677724
12.02,-83.6974144545961
12.0217039607723,-83.6974144513384
12.03,-83.6974144354902
12.0302891588109,-83.6974144349403
12.0388743568496,-83.697414418569
12.04,-83.6974144164265
12.0474595548882,-83.6974144022255
12.05,-83.6974143974
12.0585851980386,-83.6974143811275
12.06,-83.6974143784502
12.0671703960772,-83.6974143648818
12.07,-83.6974143595394
12.0757555941159,-83.6974143486877
12.08,-83.697414340706
12.0843407921545,-83.6974143325549
12.09,-83.6974143219506
12.0929259901931,-83.6974143164761
12.1,-83.6974143032612
12.1085851980386,-83.6974142872545
12.11,-83.6974142846209
12.1171703960772,-83.6974142712734
12.12,-83.697414266019
12.1257555941158,-83.6974142553477
12.13,-83.6974142475008
12.1343407921545,-83.6974142394885
12.14,-83.6974142290667
12.1429259901931,-83.697414223687
12.15,-83.6974142107028
12.1585851980386,-83.697414194977
12.16,-83.6974141923897
12.1671703960772,-83.6974141792766
12.17,-83.6974141741155
12.1757555941159,-83.6974141636353
12.18,-83.6974141559311
12.1843407921545,-83.6974141480655
12.19,-83.6974141378367
12.1929259901931,-83.6974141325572
12.2,-83.6974141198166
12.2015111882317,-83.6974141171002
12.21,-83.6974141018545
12.2100963862703,-83.6974141016837
12.2186815843089,-83.6974140862941
12.22,-83.6974140839352
12.2272667823476,-83.6974140709319
12.23,-83.6974140660551
12.2358519803862,-83.6974140556335
12.24,-83.6974140482725
12.2444371784248,-83.6974140404133
12.25,-83.6974140305882
12.2530223764634,-83.69741402526
12.26,-83.6974140129844
12.261607574502,-83.6974140101619
12.27,-83.6974139954425
12.2701927725406,-83.697413995107
12.2787779705793,-83.69741398008
12.28,-83.6974139779453
12.2873631686179,-83.6974139650805
12.29,-83.6974139604881
12.2959483666565,-83.6974139501497
12.3,-83.6974139431358
12.3045335646951,-83.6974139353039
12.31,-83.6974139258903
12.3131187627337,-83.6974139205303
12.32,-83.6974139087315
12.3217039607723,-83.697413905816
12.33,-83.6974138916388
12.330289158811,-83.6974138911474
12.3388743568496,-83.6974138765082
12.34,-83.6974138745929
12.3474595548882,-83.6974138618965
12.35,-83.6974138575875
12.3560447529268,-83.6974138473584
12.36,-83.6974138406947
12.3646299509654,-83.697413832912
12.37,-83.6974138239171
12.373215149004,-83.6974138185433
12.38,-83.6974138072326
12.3818003470427,-83.6974138042379
12.39,-83.6974137906185
12.3903855450813,-83.6974137899811
12.3989707431199,-83.697413775755
12.4,-83.6974137740535
12.4075559411585,-83.6974137615565
12.41,-83.6974137575296
12.4161411391971,-83.6974137474365
12.42,-83.6974137411256
12.4247263372357,-83.697413733415
12.43,-83.6974137248454
12.4333115352744,-83.6974137194768
12.44,-83.6974137086649
12.441896733313,-83.697413705606
12.45,-83.6974136925592
12.4504819313516,-83.6974136917865
12.4590671293902,-83.6974136779994
12.46,-83.6974136765029
12.4676523274288,-83.6974136642374
12.47,-83.697413660488
12.4762375254674,-83.6974136505585
12.48,-83.6974136446005
12.4848227235061,-83.6974136369851
12.49,-83.6974136288453
12.4934079215447,-83.6974136235003
12.5,-83.6974136131964
12.5019931195833,-83.6974136100872
12.51,-83.6974135976271
12.5105783176219,-83.6974135967285
12.5191635156605,-83.6974135834062
12.52,-83.6974135821096
12.5277487136991,-83.6974135701093
12.53,-83.6974135666364
12.5363339117378,-83.6974135569004
12.54,-83.6974135512978
12.5449191097764,-83.6974135438037
12.55,-83.6974135361003
12.553504307815,-83.6974135308013
12.56,-83.6974135210158
12.5620895058536,-83.6974135178748
12.57,-83.6974135060156
12.5706747038922,-83.6974135050057
12.5792599019308,-83.6974134921749
12.58,-83.6974134910701
12.5878450999695,-83.6974134793695
12.59,-83.6974134761692
12.5964302980081,-83.6974134666568
12.6,-83.6974134614101
12.6050154960467,-83.6974134540633
12.61,-83.6974134468008
12.6136006940853,-83.6974134415697
12.62,-83.6974134323114
12.6221858921239,-83.6974134291564
12.63,-83.6974134179112
12.6307710901625,-83.6974134168035
12.6393562882012,-83.6974134044906
12.64,-83.6974134035686
12.6479414862398,-83.6974133922034
12.65,-83.697413389271
12.6565266842784,-83.6974133800136
12.66,-83.6974133751221
12.665111882317,-83.6974133679499
12.67,-83.697413361132
12.6736970803556,-83.6974133559917
12.68,-83.6974133472687
12.6822822783942,-83.6974133441181
12.69,-83.6974133334994
12.6908674764329,-83.6974133323082
12.6994526744715,-83.6974133205402
12.7,-83.697413319791
12.7080378725101,-83.6974133087979
12.71,-83.6974133061279
12.7166230705487,-83.6974132971578
12.72,-83.6974132926203
12.7252082685873,-83.6974132856506
12.73,-83.6974132792803
12.7337934666259,-83.6974132742546
12.74,-83.6974132660742
12.7423786646646,-83.6974132629478
12.75,-83.6974132529672
12.7509638627032,-83.6974132517077
12.7595490607418,-83.6974132405116
12.76,-83.6974132399243
12.7681342587804,-83.6974132293412
12.77,-83.6974132269271
12.776719456819,-83.6974132182777
12.78,-83.6974132140919
12.7853046548576,-83.697413207354
12.79,-83.6974132014334
12.7938898528963,-83.6974131965472
12.8,-83.6974131889157
12.8024750509349,-83.697413185834
12.81,-83.6974131765025
12.8110602489735,-83.6974131751908
12.8196454470121,-83.6974131645936
12.82,-83.6974131641567
12.8282306450507,-83.6974131540223
12.83,-83.6974131518568
12.8368158430893,-83.6974131435625
12.84,-83.6974131397254
12.845401041128,-83.6974131332494
12.85,-83.6974131277798
12.8539862391666,-83.6974131230588
12.86,-83.697413115982
12.8625714372052,-83.6974131129664
12.87,-83.697413104294
12.8711566352438,-83.6974131029472
12.8797418332824,-83.6974130929762
12.88,-83.6974130926768
12.888327031321,-83.6974130830309
12.89,-83.697413081104
12.8969122293597,-83.6974130731999
12.9,-83.6974130697062
12.9054974273983,-83.6974130635224
12.91,-83.697413058503
12.9140826254369,-83.6974130539732
12.92,-83.697413047455
12.9226678234755,-83.6974130445265
12.93,-83.697413036522
12.9312530215141,-83.6974130351566
12.9398382195527,-83.6974130258388
12.94,-83.6974130256618
12.9484234175914,-83.6974130165453
12.95,-83.6974130148496
12.95700861563,-83.6974130073723
12.96,-83.6974130042186
12.9655938136686,-83.6974129983597
12.97,-83.6974129937912
12.9741790117072,-83.697412989481
12.98,-83.6974129835261
12.9827642097458,-83.6974129807094
12.99,-83.6974129733816
12.9913494077844,-83.697412972018
12.9999346058231,-83.6974129633809
13,-83.6974129633135
13.0085198038617,-83.6974129547681
13.01,-83.6974129532937
13.0171050019003,-83.6974129462804
13.02,-83.6974129434608
13.0256901999389,-83.6974129379598
13.03,-83.6974129338407
13.0342753979775,-83.6974129297787
13.04,-83.6974129243901
13.0428605960161,-83.6974129217094
13.05,-83.6974129150656
13.0514457940548,-83.6974129137236
13.06,-83.697412905823
13.0600309920934,-83.6974129057927
13.068616190132,-83.69741289789
13.07,-83.6974128966159
13.0772013881706,-83.6974128900007
13.08,-83.6974128874513
13.0857865862092,-83.6974128822229
13.09,-83.6974128784645
13.0943717842478,-83.6974128745906
13.1,-83.6974128696549
13.1029569822865,-83.6974128670747
13.11,-83.6974128609773
13.1115421803251,-83.6974128596461
13.12,-83.6974128523857
13.1201273783637,-83.6974128522749
13.1287125764023,-83.6974128449334
13.13,-83.6974128438322
13.1372977744409,-83.6974128376052
13.14,-83.6974128353206
13.1458829724795,-83.6974128303924
13.15,-83.6974128269929
13.1544681705182,-83.6974128233309
13.16,-83.69741281885
13.1630533685568,-83.6974128163906
13.17,-83.6974128108449
13.1716385665954,-83.6974128095413
13.18,-83.6974128029302
13.180223764634,-83.6974128027521
13.1888089626726,-83.6974127959941
13.19,-83.6974127950562
13.1973941607112,-83.6974127892492
13.2,-83.6974127872237
13.2059793587499,-83.6974127826236
13.21,-83.6974127795806
13.2145645567885,-83.6974127761551
13.22,-83.6974127721301
13.2231497548271,-83.6974127698127
13.23,-83.6974127648234
13.2317349528657,-83.6974127635649
13.24,-83.6974127576114
13.2403201509043,-83.69741275738
13.2489053489429,-83.6974127512278
13.25,-83.6974127504429
13.2574905469816,-83.6974127450885
13.26,-83.6974127433152
13.2660757450202,-83.6974127390722
13.27,-83.6974127363827
13.2746609430588,-83.697412733219
13.28,-83.6974127296503
13.2832461410974,-83.6974127274966
13.29,-83.6974127230677
13.291831339136,-83.6974127218725
13.3,-83.6974127165842
13.3004165371746,-83.697412716314
13.3090017352133,-83.6974127107899
13.31,-83.697412710147
13.3175869332519,-83.6974127052785
13.32,-83.6974127037502
13.3261721312905,-83.6974126998938
13.33,-83.6974126975538
13.3347573293291,-83.6974126946779
13.34,-83.6974126915651
13.3433425273677,-83.6974126895976
13.35,-83.6974126857325
13.3519277254063,-83.69741268462
13.36,-83.6974126800038
13.360512923445,-83.6974126797106
13.3690981214836,-83.6974126748369
13.37,-83.6974126743247
13.3776833195222,-83.697412669976
13.38,-83.6974126686849
13.3862685175608,-83.6974126652456
13.39,-83.6974126632507
13.3948537155994,-83.6974126606897
13.4,-83.6974126580318
13.403438913638,-83.6974126562741
13.41,-83.6974126529747
13.4120241116767,-83.6974126519643
13.42,-83.6974126480259
13.4206093097153,-83.6974126477255
13.4291945077539,-83.6974126435241
13.43,-83.6974126431296
13.4377797057925,-83.6974126393353
13.44,-83.6974126382719
13.4463649038311,-83.6974126352805
13.45,-83.6974126336248
13.4549501018697,-83.6974126314058
13.46,-83.6974126292005
13.4635352999084,-83.6974126276761
13.47,-83.6974126249441
13.472120497947,-83.697412624056
13.48,-83.6974126208004
13.4807056959856,-83.6974126205096
13.4892908940242,-83.6974126170024
13.49,-83.6974126167124
13.4978760920628,-83.6974126135075
13.5,-83.6974126126622
13.5064612901014,-83.6974126101501
13.51,-83.6974126088274
13.5150464881401,-83.6974126069784
13.52,-83.6974126052228
13.5236316861787,-83.6974126039563
13.53,-83.6974126017921
13.5322168842173,-83.6974126010474
13.54,-83.6974125984786
13.5408020822559,-83.6974125982151
13.5493872802945,-83.6974125954237
13.55,-83.6974125952241
13.5579724783331,-83.6974125926443
13.56,-83.6974125920066
13.5665576763718,-83.6974125900059
13.57,-83.6974125890089
13.5751428744104,-83.6974125875586
13.58,-83.6974125862488
13.583728072449,-83.6974125852654
13.59,-83.6974125836686
13.5923132704876,-83.6974125830891
13.6,-83.6974125812102
13.6008984685262,-83.6974125809921
13.6094836665648,-83.697412578938
13.61,-83.697412578814
13.6180688646035,-83.6974125768955
13.62,-83.697412576454
13.6266540626421,-83.6974125749971
13.63,-83.697412574318
13.6352392606807,-83.6974125732954
13.64,-83.6974125724269
13.6438244587193,-83.6974125717523
13.65,-83.6974125707216
13.6524096567579,-83.6974125703296
13.66,-83.6974125691427
13.6609948547965,-83.697412568989
13.6695800528352,-83.6974125676932
13.67,-83.6974125676292
13.6781652508738,-83.6974125664085
13.68,-83.6974125661512
13.6867504489124,-83.6974125652713
13.69,-83.6974125649011
13.695335646951,-83.6974125643359
13.7,-83.6974125639031
13.7039208449896,-83.6974125635635
13.71,-83.6974125630967
13.7125060430282,-83.6974125629152
13.72,-83.6974125624213
13.7210912410669,-83.6974125623517
13.7296764391055,-83.6974125618349
13.73,-83.6974125618147
13.7382616371441,-83.6974125613287
13.74,-83.6974125612426
13.7468468351827,-83.6974125609731
13.75,-83.6974125609023
13.7554320332213,-83.6974125608245
13.76,-83.697412560821
13.7640172312599,-83.6974125608432
13.77,-83.6974125609371
13.7726024292986,-83.6974125609895
13.78,-83.6974125611888
13.7811876273372,-83.6974125612234
13.7897728253758,-83.6974125615059
13.79,-83.6974125615126
13.7983580234144,-83.6974125617986
13.8,-83.6974125618701
13.806943221453,-83.6974125622448
13.81,-83.6974125624627
13.8155284194916,-83.697412562903
13.82,-83.6974125633213
13.8241136175303,-83.6974125637328
13.83,-83.6974125643831
13.8326988155689,-83.6974125646936
13.84,-83.6974125655848
13.8412840136075,-83.6974125657447
13.8498692116461,-83.6974125668463
13.85,-83.6974125668627
13.8584544096847,-83.6974125679582
13.86,-83.6974125681735
13.8670396077233,-83.6974125692266
13.87,-83.6974125697224
13.875624805762,-83.6974125707118
13.88,-83.6974125715441
13.8842100038006,-83.6974125723728
13.89,-83.6974125735746
13.8927952018392,-83.6974125741682
13.9,-83.6974125757496
13.9013803998778,-83.6974125760565
13.9099655979164,-83.6974125779967
13.91,-83.697412578004
13.918550795955,-83.6974125799468
13.92,-83.6974125802901
13.9271359939937,-83.6974125820559
13.93,-83.6974125828171
13.9357211920323,-83.6974125843867
13.94,-83.6974125856235
13.9443063900709,-83.6974125868971
13.95,-83.697412588644
13.9528915881095,-83.6974125895454
13.96,-83.6974125918136
13.9614767861481,-83.6974125922892
13.97,-83.6974125950666
13.9700619841867,-83.6974125950863
13.9786471822254,-83.697412597895
13.98,-83.6974125983367
13.987232380264,-83.6974126006978
13.99,-83.6974126016284
13.9958175783026,-83.6974126036353
14,-83.6974126051412
14.0044027763412,-83.6974126067568
14.01,-83.6974126088744
14.0129879743798,-83.6974126100198
14.02,-83.6974126127615
14.0215731724184,-83.6974126133814
14.03,-83.697412616736
14.0301583704571,-83.6974126167988
14.0387435684957,-83.6974126202296
14.04,-83.6974126207308
14.0473287665343,-83.6974126236542
14.05,-83.697412624746
14.0559139645729,-83.697412627216
14.06,-83.6974126289857
14.0644991626115,-83.697412630966
14.07,-83.6974126334516
14.0730843606501,-83.6974126348612
14.08,-83.6974126380765
14.0816695586888,-83.6974126388581
14.09,-83.6974126427929
14.0902547567274,-83.6974126429132
14.098839954766,-83.6974126469835
14.1,-83.6974126475327
14.1074251528046,-83.6974126510474
14.11,-83.6974126522918
14.1160103508432,-83.697412655251
14.12,-83.6974126572786
14.1245955488818,-83.6974126596471
14.13,-83.6974126624974
14.1331807469205,-83.6974126641917
14.14,-83.6974126678801
14.1417659449591,-83.6974126688411
14.15,-83.6974126733585
14.1503511429977,-83.6974126735512
14.1589363410363,-83.6974126782786
14.16,-83.6974126788636
14.1675215390749,-83.6974126829994
14.17,-83.6974126843869
14.1761067371135,-83.6974126878622
14.18,-83.6974126901409
14.1846919351522,-83.6974126929214
14.19,-83.6974126961325
14.1932771331908,-83.6974126981328
14.2,-83.697412702293
14.2018623312294,-83.6974127034519
14.21,-83.6974127085533
14.210447529268,-83.6974127088342
14.2190327273066,-83.6974127142359
14.22,-83.6974127148439
14.2276179253452,-83.6974127196309
14.23,-83.6974127211517
14.2362031233839,-83.6974127251703
14.24,-83.6974127276929
14.2447883214225,-83.6974127309099
14.25,-83.6974127344773
14.2533735194611,-83.6974127368051
14.26,-83.6974127414355
14.2619587174997,-83.6974127428111
14.27,-83.6974127484978
14.2705439155383,-83.697412748883
14.2791291135769,-83.6974127549763
14.28,-83.6974127555939
14.2877143116156,-83.697412761063
14.29,-83.6974127627065
14.2962995096542,-83.6974127672962
14.3,-83.6974127700549
14.3048847076928,-83.6974127737335
14.31,-83.6974127776522
14.3134699057314,-83.6974127803299
14.32,-83.697412785428
14.32205510377,-83.69741278704
14.33,-83.6974127933123
14.3306403018086,-83.6974127938186
14.3392254998473,-83.697412800621
14.34,-83.6974128012342
14.3478106978859,-83.6974128074169
14.35,-83.697412809172
14.3563958959245,-83.6974128143616
14.36,-83.6974128173481
14.3649810939631,-83.697412821514
14.37,-83.6974128257783
14.3735662920017,-83.6974128288289
14.38,-83.6974128343921
14.3821514900403,-83.6974128362606
14.39,-83.6974128431188
14.390736688079,-83.6974128437636
14.3993218861176,-83.6974128512928
14.4,-83.6974128518871
14.4079070841562,-83.6974128588159
14.41,-83.6974128606713
14.4164922821948,-83.6974128664903
14.42,-83.6974128696961
14.4250774802334,-83.6974128743762
14.43,-83.6974128789805
14.433662678272,-83.6974128824279
14.44,-83.6974128884534
14.4422478763107,-83.6974128905997
14.45,-83.6974128980439
14.4508330743493,-83.6974128988456
14.4594182723879,-83.6974129071201
14.46,-83.6974129076808
14.4680034704265,-83.6974129153896
14.47,-83.6974129173332
14.4765886684651,-83.6974129238123
14.48,-83.6974129272282
14.4851738665037,-83.6974129324503
14.49,-83.6974129373885
14.4937590645424,-83.6974129412577
14.5,-83.697412947743
14.502344262581,-83.6974129501888
14.51,-83.6974129582206
14.5109294606196,-83.6974129591977
14.5158842326482,-83.6974129644176
14.52,-83.697412968755
14.5208390046768,-83.6974129696387
14.5248506683571,-83.6974129738704
14.5288623320373,-83.6974129781022
14.53,-83.6974129793013
14.5318537231943,-83.6974129812542
14.5398155691355,-83.6974129896635
14.54,-83.6974129898583
14.5477774150767,-83.6974129980668
14.55,-83.6974130004323
14.5577059134434,-83.6974130086983
14.56,-83.697413011198
14.5676344118101,-83.6974130195799
14.57,-83.6974130222168
14.5775629101767,-83.6974130307092
14.58,-83.6974130334863
14.5874914085434,-83.6974130420835
14.59,-83.6974130450036
14.59741990691,-83.6974130537002
14.6,-83.6974130567662
14.6073484052767,-83.6974130655566
14.61,-83.6974130687712
14.6172769036433,-83.6974130776499
14.62,-83.6974130810157
14.62720540201,-83.6974130899773
14.63,-83.697413093497
14.6371339003767,-83.697413102536
14.64,-83.6974131062121
14.6470623987433,-83.6974131153232
14.65,-83.6974131191581
14.65699089711,-83.6974131283359
14.66,-83.697413132332
14.6669193954766,-83.6974131415713
14.67,-83.6974131457309
14.6768478938433,-83.6974131550265
14.68,-83.6974131593519
14.6867763922099,-83.6974131686985
14.69,-83.6974131731919
14.6967048905766,-83.6974131825843
14.7,-83.6974131872478
14.7066333889433,-83.6974131966812
14.71,-83.6974132015168
14.7165618873099,-83.6974132109859
14.72,-83.6974132159956
14.7264903856766,-83.6974132254956
14.73,-83.6974132306813
14.7364188840432,-83.6974132402073
14.74,-83.6974132455709
14.7463473824099,-83.6974132551179
14.75,-83.6974132606611
14.7562758807765,-83.6974132702245
14.76,-83.6974132759489
14.7662043791432,-83.6974132855239
14.77,-83.6974132914313
14.7761328775099,-83.6974133010132
14.78,-83.6974133071051
14.7860613758765,-83.6974133166893
14.79,-83.6974133229671
14.7959898742432,-83.6974133325491
14.8,-83.6974133390143
14.8059183726098,-83.6974133485896
14.81,-83.6974133552435
14.8158468709765,-83.6974133648077
14.82,-83.6974133716516
14.8257753693431,-83.6974133812003
14.83,-83.6974133882355
14.8357038677098,-83.6974133977644
14.84,-83.6974134049919
14.8456323660764,-83.6974134144969
14.85,-83.6974134219178
14.8555608644431,-83.6974134313945
14.86,-83.69741343901
14.8654893628098,-83.6974134484544
14.87,-83.6974134562652
14.8754178611764,-83.6974134656734
14.88,-83.6974134736804
14.8853463595431,-83.6974134830483
14.89,-83.6974134912524
14.8952748579097,-83.6974135005761
14.9,-83.697413508978
14.9052033562764,-83.6974135182538
14.91,-83.6974135268541
14.915131854643,-83.697413536078
14.92,-83.6974135448774
14.9250603530097,-83.6974135540459
14.93,-83.6974135630449
14.9349888513764,-83.6974135721543
14.94,-83.6974135813533
14.944917349743,-83.6974135904001
14.95,-83.6974135997995
14.9548458481097,-83.6974136087801
14.96,-83.6974136183803
14.9647743464763,-83.6974136272914
14.97,-83.6974136370926
14.974702844843,-83.6974136459308
14.98,-83.6974136559333
14.9846313432096,-83.6974136646952
14.99,-83.6974136748991
14.9945598415763,-83.6974136835816
15,-83.6974136939869
15.004488339943,-83.6974137025868
15.01,-83.6974137131936
15.0144168383096,-83.6974137217079
15.02,-83.697413732516
15.0243453366763,-83.6974137409416
15.03,-83.6974137519511
15.0342738350429,-83.6974137602851
15.04,-83.6974137714957
15.0442023334096,-83.6974137797352
15.05,-83.6974137911466
15.0541308317762,-83.6974137992903
15.06,-83.6974138109038
15.0640593301429,-83.6974138189483
15.07,-83.6974138307619
15.0739878285096,-83.6974138387037
15.08,-83.6974138507171
15.0839163268762,-83.6974138585535
15.09,-83.6974138707656
15.0938448252429,-83.6974138784928
15.1,-83.6974138909032
15.1037733236095,-83.6974138985201
15.11,-83.6974139111283
15.1137018219762,-83.6974139186321
15.12,-83.6974139314377
15.1236303203428,-83.6974139388265
15.13,-83.6974139518288
15.1335588187095,-83.6974139591004
15.14,-83.6974139722987
15.1434873170762,-83.6974139794509
15.15,-83.6974139928442
15.1534158154428,-83.6974139998749
15.16,-83.6974140134624
15.1633443138095,-83.6974140203695
15.17,-83.6974140341503
15.1732728121761,-83.6974140409319
15.18,-83.6974140549049
15.1832013105428,-83.697414061559
15.19,-83.6974140757231
15.1931298089094,-83.6974140822479
15.2,-83.6974140966021
15.2030583072761,-83.6974141029958
15.21,-83.6974141175389
15.2129868056427,-83.6974141237998
15.22,-83.6974141385305
15.2229153040094,-83.697414144657
15.23,-83.6974141595741
15.2328438023761,-83.6974141655645
15.24,-83.6974141806666
15.2427723007427,-83.6974141865196
15.25,-83.6974142018053
15.2527007991094,-83.6974142075192
15.26,-83.6974142229872
15.262629297476,-83.6974142285608
15.27,-83.6974142442095
15.2725577958427,-83.6974142496414
15.28,-83.6974142654693
15.2824862942093,-83.6974142707582
15.29,-83.6974142867637
15.292414792576,-83.6974142919085
15.3,-83.69741430809
15.3023432909427,-83.6974143130896
15.31,-83.6974143294454
15.3122717893093,-83.6974143342986
15.32,-83.697414350827
15.322200287676,-83.697414355533
15.33,-83.6974143722321
15.3321287860426,-83.6974143767898
15.34,-83.6974143936579
15.3420572844093,-83.6974143980665
15.35,-83.6974144151018
15.3519857827759,-83.6974144193604
15.36,-83.6974144365609
15.3619142811426,-83.6974144406689
15.37,-83.6974144580326
15.3718427795093,-83.6974144619892
15.38,-83.6974144795142
15.3817712778759,-83.6974144833188
15.39,-83.697414501003
15.3916997762426,-83.6974145046551
15.4,-83.6974145224964
15.4016282746092,-83.6974145259954
15.41,-83.6974145439918
15.4115567729759,-83.6974145473372
15.42,-83.6974145654865
15.4214852713425,-83.697414568678
15.43,-83.6974145869779
15.4314137697092,-83.6974145900152
15.44,-83.6974146084635
15.4413422680759,-83.6974146113463
15.45,-83.6974146299408
15.4512707664425,-83.6974146326688
15.46,-83.6974146514071
15.4611992648092,-83.6974146539802
15.47,-83.6974146728601
15.4711277631758,-83.6974146752781
15.48,-83.6974146942971
15.4810562615425,-83.6974146965601
15.49,-83.6974147157159
15.4909847599091,-83.6974147178238
15.5,-83.697414737114
15.5009132582758,-83.6974147390669
15.51,-83.697414758489
15.5108417566425,-83.697414760287
15.52,-83.6974147798387
15.5207702550091,-83.6974147814819
15.53,-83.6974148011606
15.5306987533758,-83.6974148026493
15.54,-83.6974148224525
15.540732369299,-83.6974148240106
15.541464738598,-83.6974148255682
15.5421971078971,-83.6974148271256
15.5458589543922,-83.6974148349077
15.5469808735223,-83.6974148372906
15.5481027926525,-83.6974148396727
15.55,-83.6974148436994
15.553353658573,-83.6974148508124
15.5544153221197,-83.6974148530754
15.5554769856663,-83.6974148553378
15.56,-83.697414864969
15.5608690785029,-83.6974148668184
15.5617381570058,-83.6974148686673
15.5660835495203,-83.6974148779056
15.57,-83.6974148862231
15.5719326933572,-83.6974148903246
15.5777818371942,-83.6974149027503
15.58,-83.697414907463
15.5823194976741,-83.6974149123881
15.59,-83.6974149287103
15.5923194976741,-83.6974149336401
15.6,-83.6974149499827
15.6023194976741,-83.6974149549186
15.61,-83.6974149712815
15.6123194976741,-83.6974149762236
15.62,-83.6974149926068
15.6223194976741,-83.6974149975551
15.63,-83.6974150139586
15.6323194976741,-83.6974150189129
15.64,-83.6974150353368
15.6423194976741,-83.6974150402973
15.65,-83.6974150567413
15.6523194976741,-83.697415061708
15.66,-83.6974150781722
15.6623194976741,-83.6974150831449
15.67,-83.6974150996293
15.6723194976741,-83.6974151046081
15.68,-83.6974151211126
15.6823194976741,-83.6974151260974
15.69,-83.6974151426219
15.6923194976741,-83.6974151476128
15.7,-83.6974151641572
15.7023194976741,-83.697415169154
15.71,-83.6974151857183
15.7123194976741,-83.6974151907212
15.72,-83.6974152073053
15.7223194976741,-83.6974152123141
15.73,-83.6974152289179
15.732319497674,-83.6974152339327
15.74,-83.6974152505562
15.742319497674,-83.6974152555769
15.75,-83.69741527222
15.752319497674,-83.6974152772467
15.76,-83.6974152939093
15.762319497674,-83.6974152989419
15.77,-83.697415315624
15.772319497674,-83.6974153206625
15.78,-83.697415337364
15.782319497674,-83.6974153424083
15.79,-83.6974153591292
15.792319497674,-83.6974153641793
15.8,-83.6974153809195
15.802319497674,-83.6974153859754
15.81,-83.6974154027348
15.812319497674,-83.6974154077966
15.82,-83.6974154245751
15.822319497674,-83.6974154296427
15.83,-83.6974154464403
15.832319497674,-83.6974154515136
15.84,-83.6974154683303
15.842319497674,-83.6974154734094
15.85,-83.6974154902451
15.852319497674,-83.6974154953301
15.86,-83.6974155121846
15.862319497674,-83.6974155172753
15.87,-83.6974155341487
15.872319497674,-83.697415539245
15.88,-83.6974155561372
15.882319497674,-83.6974155612392
15.89,-83.69741557815
15.892319497674,-83.6974155832577
15.9,-83.6974156001872
15.902319497674,-83.6974156053004
15.91,-83.6974156222484
15.912319497674,-83.6974156273673
15.92,-83.6974156443338
15.922319497674,-83.6974156494583
15.93,-83.6974156664432
15.932319497674,-83.6974156715732
15.94,-83.6974156885765
15.942319497674,-83.697415693712
15.95,-83.6974157107335
15.952319497674,-83.6974157158746
15.96,-83.6974157329143
15.962319497674,-83.6974157380609
15.97,-83.6974157551188
15.972319497674,-83.6974157602708
15.98,-83.6974157773467
15.982319497674,-83.6974157825042
15.99,-83.6974157995981
15.992319497674,-83.697415804761
16,-83.6974158218728
16.002319497674,-83.6974158270411
16.01,-83.6974158441708
16.012319497674,-83.6974158493445
16.02,-83.6974158664919
16.022319497674,-83.6974158716709
16.03,-83.697415888836
16.032319497674,-83.6974158940204
16.04,-83.697415911203
16.0423194976741,-83.6974159163927
16.05,-83.6974159335929
16.0523194976741,-83.6974159387879
16.06,-83.6974159560056
16.0623194976741,-83.6974159612058
16.07,-83.6974159784408
16.0723194976741,-83.6974159836463
16.08,-83.6974160008985
16.0823194976741,-83.6974160061092
16.09,-83.6974160233787
16.0923194976741,-83.6974160285946
16.1,-83.6974160458811
16.1023194976741,-83.6974160511022
16.11,-83.6974160684058
16.1123194976741,-83.6974160736319
16.12,-83.6974160909525
16.1223194976741,-83.6974160961837
16.13,-83.6974161135211
16.1323194976741,-83.6974161187574
16.14,-83.6974161361116
16.1423194976741,-83.697416141353
16.15,-83.6974161587239
16.1523194976741,-83.6974161639703
16.16,-83.6974161813578
16.1623194976741,-83.6974161866093
16.17,-83.6974162040132
16.1723194976741,-83.6974162092697
16.18,-83.69741622669
16.1823194976741,-83.6974162319513
16.19,-83.6974162493877
16.1923194976741,-83.6974162546539
16.2,-83.6974162721063
16.2023194976741,-83.6974162773773
16.21,-83.6974162948454
16.2123194976741,-83.6974163001211
16.22,-83.6974163176048
16.2223194976741,-83.6974163228852
16.23,-83.6974163403842
16.2323194976741,-83.6974163456692
16.24,-83.6974163631835
16.2423194976741,-83.697416368473
16.25,-83.6974163860022
16.2523194976741,-83.6974163912962
16.26,-83.6974164088401
16.2623194976741,-83.6974164141386
16.27,-83.697416431697
16.2723194976741,-83.6974164369998
16.28,-83.6974164545726
16.2823194976741,-83.6974164598797
16.29,-83.6974164774665
16.2923194976741,-83.6974164827778
16.3,-83.6974165003785
16.3023194976741,-83.697416505694
16.31,-83.6974165233083
16.3123194976741,-83.6974165286279
16.32,-83.6974165462555
16.3223194976741,-83.6974165515791
16.33,-83.69741656922
16.3323194976741,-83.6974165745475
16.34,-83.6974165922012
16.3423194976741,-83.6974165975326
16.35,-83.6974166151989
16.3523194976741,-83.6974166205341
16.36,-83.6974166382129
16.3623194976741,-83.6974166435518
16.37,-83.6974166612427
16.3723194976741,-83.6974166665852
16.38,-83.6974166842879
16.3823194976741,-83.697416689634
16.39,-83.6974167073483
16.3923194976741,-83.6974167126979
16.4,-83.6974167304235
16.4023194976741,-83.6974167357765
16.41,-83.6974167535131
16.4123194976741,-83.6974167588694
16.42,-83.6974167766168
16.4223194976741,-83.6974167819762
16.43,-83.6974167997341
16.4323194976741,-83.6974168050967
16.44,-83.6974168228647
16.4423194976741,-83.6974168282303
16.45,-83.6974168460082
16.4523194976741,-83.6974168513767
16.46,-83.6974168691641
16.4623194976741,-83.6974168745355
16.47,-83.6974168923322
16.4723194976741,-83.6974168977063
16.48,-83.6974169155119
16.4823194976741,-83.6974169208886
16.49,-83.6974169387028
16.4923194976741,-83.6974169440821
16.5,-83.6974169619045
16.5023194976741,-83.6974169672863
16.51,-83.6974169851166
16.5123194976741,-83.6974169905007
16.52,-83.6974170083386
16.5223194976741,-83.697417013725
16.53,-83.6974170315701
16.5323194976741,-83.6974170369586
16.54,-83.6974170548106
16.5423194976741,-83.6974170602011
16.55,-83.6974170780596
16.5523194976741,-83.697417083452
16.56,-83.6974171013167
16.5623194976741,-83.6974171067109
16.57,-83.6974171245813
16.5723194976741,-83.6974171299772
16.58,-83.697417147853
16.5823194976741,-83.6974171532505
16.59,-83.6974171711312
16.5923194976741,-83.6974171765302
16.6,-83.6974171944156
16.6023194976741,-83.6974171998159
16.61,-83.6974172177054
16.6123194976741,-83.6974172231069
16.62,-83.6974172410003
16.6223194976741,-83.6974172464029
16.63,-83.6974172642997
16.6323194976741,-83.6974172697032
16.64,-83.6974172876029
16.6423194976741,-83.6974172930073
16.65,-83.6974173109096
16.6523194976741,-83.6974173163147
16.66,-83.6974173342191
16.6623194976741,-83.6974173396248
16.67,-83.6974173575308
16.6723194976741,-83.6974173629369
16.68,-83.6974173808442
16.6823194976742,-83.6974173862507
16.69,-83.6974174041587
16.6923194976742,-83.6974174095653
16.7,-83.6974174274737
16.7023194976742,-83.6974174328803
16.71,-83.6974174507885
16.7123194976742,-83.6974174561951
16.72,-83.6974174741026
16.7223194976742,-83.6974174795089
16.73,-83.6974174974154
16.7323194976742,-83.6974175028213
16.74,-83.6974175207262
16.7423194976742,-83.6974175261316
16.75,-83.6974175440344
16.7523194976742,-83.6974175494391
16.76,-83.6974175673393
16.7623194976742,-83.6974175727432
16.77,-83.6974175906404
16.7723194976742,-83.6974175960432
16.78,-83.6974176139368
16.7823194976742,-83.6974176193385
16.79,-83.6974176372279
16.7923194976742,-83.6974176426283
16.8,-83.6974176605132
16.8023194976742,-83.6974176659121
16.81,-83.6974176837918
16.8123194976742,-83.6974176891891
16.82,-83.6974177070631
16.8223194976742,-83.6974177124586
16.83,-83.6974177303264
16.8323194976742,-83.6974177357199
16.84,-83.6974177535809
16.8423194976742,-83.6974177589723
16.85,-83.6974177768259
16.8523194976742,-83.697417782215
16.86,-83.6974178000607
16.8623194976742,-83.6974178054474
16.87,-83.6974178232846
16.8723194976742,-83.6974178286686
16.88,-83.6974178464968
16.8823194976742,-83.697417851878
16.89,-83.6974178696966
16.8923194976742,-83.6974178750748
16.9,-83.6974178928831
16.9023194976742,-83.6974178982581
16.91,-83.6974179160556
16.9123194976742,-83.6974179214273
16.92,-83.6974179392134
16.9223194976742,-83.6974179445815
16.93,-83.6974179623556
16.9323194976742,-83.69741796772
16.94,-83.6974179854814
16.9423194976742,-83.6974179908419
16.95,-83.69741800859
16.9523194976742,-83.6974180139465
16.96,-83.6974180316808
16.9623194976742,-83.6974180370329
16.97,-83.6974180547527
16.9723194976742,-83.6974180601004
16.98,-83.6974180778049
16.9823194976742,-83.6974180831479
16.99,-83.6974181008366
16.9923194976742,-83.6974181061748
17,-83.697418123847
17.0023194976742,-83.6974181291802
17.01,-83.6974181468353
17.0123194976742,-83.6974181521631
17.02,-83.6974181698004
17.0223194976742,-83.6974181751228
17.03,-83.6974181927416
17.0323194976742,-83.6974181980583
17.04,-83.697418215658
17.0423194976742,-83.6974182209689
17.05,-83.6974182385487
17.0523194976742,-83.6974182438535
17.06,-83.6974182614129
17.0623194976742,-83.6974182667113
17.07,-83.6974182842495
17.0723194976742,-83.6974182895414
17.08,-83.6974183070577
17.0823194976742,-83.6974183123429
17.09,-83.6974183298366
17.0923194976742,-83.6974183351149
17.1,-83.6974183525853
17.1023194976742,-83.6974183578564
17.11,-83.6974183753028
17.1123194976742,-83.6974183805666
17.12,-83.6974183979881
17.1223194976742,-83.6974184032444
17.13,-83.6974184206405
17.1323194976742,-83.6974184258889
17.14,-83.6974184432588
17.1423194976742,-83.6974184484992
17.15,-83.6974184658421
17.1523194976742,-83.6974184710743
17.16,-83.6974184883895
17.1623194976742,-83.6974184936133
17.17,-83.6974185109001
17.1723194976742,-83.6974185161151
17.18,-83.6974185333727
17.1823194976742,-83.6974185385788
17.19,-83.6974185558065
17.1923194976742,-83.6974185610035
17.2,-83.6974185782005
17.2023194976742,-83.697418583388
17.21,-83.6974186005535
17.2123194976742,-83.6974186057315
17.22,-83.6974186228648
17.2223194976742,-83.6974186280329
17.23,-83.6974186451332
17.2323194976742,-83.6974186502912
17.24,-83.6974186673577
17.2423194976742,-83.6974186725054
17.25,-83.6974186895374
17.2523194976742,-83.6974186946745
17.26,-83.6974187116711
17.2623194976742,-83.6974187167975
17.27,-83.6974187337579
17.2723194976742,-83.6974187388733
17.28,-83.6974187557967
17.2823194976742,-83.6974187609008
17.29,-83.6974187777865
17.2923194976742,-83.6974187828791
17.3,-83.6974187997263
17.3023194976742,-83.6974188048071
17.31,-83.6974188216149
17.3123194976742,-83.6974188266837
17.32,-83.6974188434514
17.3223194976743,-83.697418848508
17.33,-83.6974188652346
17.3323194976743,-83.6974188702787
17.34,-83.6974188869636
17.3423194976743,-83.697418891995
17.35,-83.6974189086372
17.3523194976743,-83.6974189136556
17.36,-83.6974189302544
17.3623194976743,-83.6974189352596
17.37,-83.6974189518141
17.3723194976743,-83.6974189568058
17.38,-83.6974189733152
17.3823194976743,-83.6974189782932
17.39,-83.6974189947567
17.3923194976743,-83.6974189997206
17.4,-83.6974190161374
17.4023194976743,-83.6974190210871
17.41,-83.6974190374563
17.4123194976743,-83.6974190423915
17.42,-83.6974190587122
17.4223194976743,-83.6974190636327
17.43,-83.6974190799042
17.4323194976743,-83.6974190848096
17.44,-83.697419101031
17.4423194976743,-83.6974191059212
17.45,-83.6974191220915
17.4523194976743,-83.6974191269662
17.46,-83.6974191430848
17.4623194976743,-83.6974191479437
17.47,-83.6974191640096
17.4723194976743,-83.6974191688525
17.48,-83.6974191848649
17.4823194976743,-83.6974191896915
17.49,-83.6974192056495
17.4923194976743,-83.6974192104595
17.5,-83.6974192263623
17.5023194976743,-83.6974192311556
17.51,-83.6974192470023
17.5123194976743,-83.6974192517785
17.52,-83.6974192675683
17.5223194976743,-83.6974192723272
17.53,-83.6974192880591
17.5323194976743,-83.6974192928005
17.54,-83.6974193084738
17.5423194976743,-83.6974193131973
17.55,-83.6974193288111
17.5523194976743,-83.6974193335165
17.56,-83.69741934907
17.5623194976743,-83.697419353757
17.57,-83.6974193692493
17.5723194976743,-83.6974193739177
17.58,-83.6974193893479
17.5823194976743,-83.6974193939974
17.59,-83.6974194093647
17.5923194976743,-83.6974194139951
17.6,-83.6974194292986
17.6023194976743,-83.6974194339096
17.61,-83.6974194491484
17.6123194976743,-83.6974194537398
17.62,-83.6974194689131
17.6223194976743,-83.6974194734847
17.63,-83.6974194885916
17.6323194976743,-83.697419493143
17.64,-83.6974195081828
17.6423194976743,-83.6974195127137
17.65,-83.6974195276855
17.6523194976743,-83.6974195321958
17.66,-83.6974195470986
17.6623194976743,-83.697419551588
17.67,-83.6974195664211
17.6723194976743,-83.6974195708894
17.68,-83.697419585652
17.6823194976743,-83.6974195900987
17.69,-83.69741960479
17.6923194976743,-83.6974196092151
17.7,-83.6974196238341
17.7023194976743,-83.6974196282373
17.71,-83.6974196427833
17.7123194976743,-83.6974196471643
17.72,-83.6974196616365
17.7223194976743,-83.6974196659951
17.73,-83.6974196803927
17.7323194976743,-83.6974196847286
17.74,-83.6974196990507
17.7423194976743,-83.6974197033638
17.75,-83.6974197176098
17.7523194976743,-83.6974197218997
17.76,-83.6974197360688
17.7623194976743,-83.6974197403354
17.77,-83.6974197544269
17.7723194976743,-83.69741975867
17.78,-83.6974197726831
17.7823194976743,-83.6974197769025
17.79,-83.6974197908367
17.7923194976743,-83.6974197950321
17.8,-83.6974198088866
17.8023194976743,-83.6974198130579
17.81,-83.6974198268322
17.8123194976743,-83.6974198309792
17.82,-83.6974198446726
17.8223194976743,-83.6974198487951
17.83,-83.6974198624071
17.8323194976743,-83.6974198665049
17.84,-83.6974198800348
17.8423194976743,-83.6974198841078
17.85,-83.6974198975552
17.8523194976743,-83.6974199016032
17.86,-83.6974199149677
17.8623194976743,-83.6974199189905
17.87,-83.6974199322715
17.8723194976743,-83.6974199362691
17.88,-83.6974199494663
17.8823194976743,-83.6974199534385
17.89,-83.6974199665516
17.8923194976743,-83.6974199704984
17.9,-83.6974199835272
17.9023194976743,-83.6974199874485
17.9091310678547,-83.6974199989329
17.91,-83.6974200003941
17.9128742682814,-83.6974200052205
17.9166174687082,-83.6974200114946
17.92,-83.6974200171501
17.920360669135,-83.6974200177522
17.9267375447788,-83.6974200283687
17.93,-83.6974200337783
17.9331144204226,-83.6974200389284
17.94,-83.6974200502744
17.9426550392793,-83.6974200546335
17.95,-83.6974200666502
17.952195658136,-83.697420070229
17.96,-83.6974200829027
17.9617362769926,-83.6974200857115
17.97,-83.6974200990283
17.9712768958493,-83.6974201010779
17.98,-83.6974201150237
17.9808175147059,-83.6974201163254
17.99,-83.6974201308856
17.9903581335626,-83.6974201314512
17.9998987524193,-83.6974201464526
18,-83.6974201466111
18.0094393712759,-83.6974201613276
18.01,-83.6974201621989
18.0189799901326,-83.6974201761134
18.02,-83.6974201776908
18.0285206089893,-83.697420190828
18.03,-83.6974201931041
18.0380612278459,-83.6974202054679
18.04,-83.6974202084346
18.0476018467026,-83.6974202200297
18.05,-83.6974202236785
18.0571424655593,-83.6974202345101
18.06,-83.6974202388321
18.0666830844159,-83.6974202489061
18.07,-83.6974202538919
18.0762237032726,-83.6974202632148
18.08,-83.6974202688549
18.0857643221293,-83.6974202774338
18.09,-83.6974202837181
18.0953049409859,-83.6974202915605
18.1,-83.6974202984789
18.1048455598426,-83.6974203055928
18.11,-83.6974203131348
18.1143861786993,-83.6974203195287
18.12,-83.6974203276838
18.1239267975559,-83.6974203333665
18.13,-83.6974203421238
18.1334674164126,-83.6974203471045
18.14,-83.6974203564533
18.1430080352693,-83.6974203607413
18.15,-83.6974203706708
18.1525486541259,-83.6974203742759
18.16,-83.697420384775
18.1620892729826,-83.6974203877071
18.17,-83.697420398765
18.1716298918392,-83.6974204010341
18.18,-83.6974204126399
18.1811705106959,-83.6974204142563
18.19,-83.6974204263992
18.1907111295526,-83.6974204273732
18.2,-83.6974204400423
18.2002517484092,-83.6974204403843
18.2097923672659,-83.6974204532895
18.21,-83.6974204535691
18.2193329861226,-83.6974204660891
18.22,-83.6974204669809
18.2288736049792,-83.6974204788095
18.23,-83.6974204803075
18.2384142238359,-83.6974204914638
18.24,-83.6974204935613
18.2479548426926,-83.6974205040506
18.25,-83.6974205067406
18.2574954615492,-83.6974205165687
18.26,-83.6974205198442
18.2670360804059,-83.697420529017
18.27,-83.6974205328707
18.2765766992626,-83.6974205413944
18.28,-83.6974205458188
18.2861173181192,-83.6974205536998
18.29,-83.6974205586876
18.2956579369759,-83.6974205659324
18.3,-83.697420571476
18.3051985558326,-83.6974205780914
18.31,-83.6974205841831
18.3147391746892,-83.6974205901759
18.32,-83.6974205968079
18.3242797935459,-83.6974206021853
18.33,-83.6974206093498
18.3338204124025,-83.6974206141188
18.34,-83.697420621808
18.3433610312592,-83.697420625976
18.35,-83.6974206341819
18.3529016501159,-83.6974206377562
18.36,-83.6974206464708
18.3624422689725,-83.6974206494589
18.37,-83.6974206586743
18.3719828878292,-83.6974206610838
18.38,-83.6974206707919
18.3815235066859,-83.6974206726304
18.39,-83.6974206828232
18.3910641255425,-83.6974206840983
18.4,-83.6974206947678
18.4006047443992,-83.6974206954873
18.41,-83.6974207066254
18.4101453632559,-83.6974207067971
18.4196859821125,-83.6974207180274
18.42,-83.6974207183957
18.4292266009692,-83.6974207291786
18.43,-83.6974207300797
18.4387672198259,-83.6974207402653
18.44,-83.6974207416939
18.4483078386825,-83.6974207512941
18.45,-83.6974207532445
18.4578484575392,-83.6974207622639
18.46,-83.6974207647298
18.4673890763959,-83.6974207731731
18.47,-83.6974207761483
18.4769296952525,-83.6974207840207
18.48,-83.6974207874986
18.4864703141092,-83.6974207948052
18.49,-83.6974207987793
18.4960109329659,-83.6974208055256
18.5,-83.697420809989
18.5055515518225,-83.6974208161807
18.51,-83.6974208211265
18.5150921706792,-83.6974208267694
18.52,-83.6974208321905
18.5246327895358,-83.6974208372907
18.53,-83.6974208431798
18.5341734083925,-83.6974208477435
18.54,-83.6974208540934
18.5437140272492,-83.697420858127
18.55,-83.6974208649301
18.5532546461058,-83.6974208684401
18.56,-83.6974208756889
18.5627952649625,-83.697420878682
18.57,-83.6974208863687
18.5723358838192,-83.6974208888519
18.58,-83.6974208969687
18.5818765026758,-83.6974208989487
18.59,-83.6974209074878
18.5914171215325,-83.6974209089718
18.6,-83.697420917925
18.6009577403892,-83.6974209189202
18.61,-83.6974209282794
18.6104983592458,-83.6974209287932
18.62,-83.6974209385501
18.6200389781025,-83.6974209385899
18.6295795969592,-83.6974209483095
18.63,-83.697420948736
18.6391202158158,-83.6974209579512
18.64,-83.6974209588366
18.6486608346725,-83.6974209675198
18.65,-83.6974209688574
18.6582014535292,-83.6974209770168
18.66,-83.6974209787991
18.6677420723858,-83.6974209864397
18.67,-83.6974209886589
18.6772826912425,-83.6974209957857
18.68,-83.6974209984333
18.6868233100992,-83.6974210050518
18.69,-83.6974210081191
18.6963639289558,-83.6974210142383
18.7,-83.6974210177207
18.7016959384926,-83.6974210193419
18.7070279480294,-83.6974210244281
18.71,-83.6974210272567
18.7123599575662,-83.6974210294998
18.7170768332062,-83.6974210339767
18.72,-83.6974210367468
18.7217937088462,-83.697421038445
18.7265105844862,-83.6974210429049
18.73,-83.6974210461987
18.7312274601262,-83.6974210473561
18.7373711106219,-83.6974210531402
18.74,-83.6974210556104
18.7467048840797,-83.6974210618971
18.75,-83.6974210649801
18.7560386575374,-83.697421070619
18.76,-83.6974210743109
18.7611519709975,-83.6974210753834
18.7662652844576,-83.6974210801385
18.77,-83.6974210836062
18.7713785979178,-83.6974210848853
18.7764919113779,-83.697421089626
18.78,-83.6974210928752
18.7801586364471,-83.697421093022
18.782906922084,-83.6974210955648
18.7865386620111,-83.6974210989207
18.79,-83.6974211021133
18.7930040225765,-83.697421104879
18.8,-83.6974211113006
18.8012971489023,-83.6974211124881
18.81,-83.6974211204305
18.8112971489023,-83.6974211216105
18.82,-83.6974211295024
18.8212971489023,-83.6974211306749
18.83,-83.6974211385168
18.8312971489023,-83.6974211396819
18.84,-83.6974211474742
18.8412971489023,-83.6974211486319
18.85,-83.6974211563751
18.8512971489023,-83.6974211575255
18.86,-83.69742116522
18.8612971489023,-83.6974211663633
18.87,-83.6974211740098
18.8712971489023,-83.6974211751459
18.88,-83.6974211827451
18.8812971489023,-83.6974211838742
18.8892300857822,-83.6974211907583
18.89,-83.6974211914243
18.8926791912341,-83.6974211937382
18.8961282966859,-83.697421196708
18.9,-83.6974212000282
18.9049752063472,-83.6974212042718
18.91,-83.6974212085307
18.9138221160084,-83.6974212117513
18.92,-83.697421216922
18.9226690256697,-83.6974212191423
18.93,-83.6974212251981
18.9315159353309,-83.6974212264425
18.94,-83.6974212333567
18.9403628449922,-83.6974212336505
18.9492097546535,-83.6974212407646
18.95,-83.6974212413954
18.9580566643147,-83.6974212477829
18.96,-83.6974212493115
18.966903573976,-83.6974212547033
18.97,-83.697421257102
18.9757504836372,-83.6974212615236
18.98,-83.6974212647631
18.9845973932985,-83.6974212682406
18.99,-83.6974212722904
18.9934443029597,-83.6974212748512
19,-83.6974212796794
19.002291212621,-83.6974212813524
19.01,-83.6974212869253
19.0111381222823,-83.6974212877407
19.0199850319435,-83.6974212940127
19.02,-83.6974212940232
19.0288319416048,-83.6974213001647
19.03,-83.6974213009679
19.037678851266,-83.6974213061929
19.04,-83.6974213077536
19.0465257609273,-83.6974213120929
19.05,-83.6974213143739
19.0553726705886,-83.6974213178601
19.06,-83.6974213208221
19.0642195802498,-83.6974213234895
19.07,-83.6974213270909
19.0730664899111,-83.6974213289761
19.08,-83.6974213331729
19.0819133995723,-83.6974213343146
19.09,-83.6974213390603
19.0907603092336,-83.6974213394997
19.0996072188948,-83.6974213445258
19.1,-83.6974213447452
19.1084541285561,-83.6974213493873
19.11,-83.6974213502195
19.1173010382174,-83.6974213540784
19.12,-83.6974213554747
19.1261479478786,-83.6974213585931
19.13,-83.6974213605023
19.1349948575399,-83.6974213629256
19.14,-83.697421365294
19.1438417672011,-83.6974213670703
19.15,-83.6974213698417
19.1526886768624,-83.6974213710218
19.16,-83.6974213741379
19.1615355865237,-83.697421374775
19.17,-83.6974213781762
19.1703824961849,-83.6974213783255
19.1792294058462,-83.6974213816696
19.18,-83.697421381951
19.1880763155074,-83.6974213848041
19.19,-83.6974213854577
19.1969232251687,-83.6974213877269
19.2,-83.6974213886936
19.20577013483,-83.6974213904368
19.21,-83.697421391657
19.2146170444912,-83.6974213929332
19.22,-83.6974213943478
19.2234639541525,-83.6974213952165
19.23,-83.6974213967672
19.2323108638137,-83.6974213972879
19.24,-83.6974213989176
19.241157773475,-83.6974213991493
19.25,-83.697421400802
19.2500046831362,-83.6974214008029
19.2588515927975,-83.6974214022506
19.26,-83.6974214024234
19.2676985024588,-83.6974214034944
19.27,-83.6974214037851
19.2742969903401,-83.6974214042948
19.2762765367045,-83.6974214045158
19.2782560830689,-83.6974214047291
19.28,-83.6974214049112
19.2823542595808,-83.6974214051494
19.29,-83.6974214058704
19.2923542595808,-83.6974214060778
19.2996929317365,-83.6974214066846
19.3,-83.6974214067087
19.3093873174296,-83.6974214073982
19.31,-83.69742140744
19.3190817031226,-83.6974214080115
19.32,-83.6974214080643
19.3287760888157,-83.6974214085206
19.33,-83.6974214085773
19.3384704745088,-83.6974214089212
19.34,-83.6974214089743
19.3481648602019,-83.6974214092099
19.35,-83.6974214092517
19.3578592458949,-83.6974214093846
19.36,-83.6974214094078
19.367553631588,-83.6974214094445
19.37,-83.6974214094414
19.3772480172811,-83.6974214093889
19.38,-83.6974214093519
19.3869424029741,-83.6974214092167
19.39,-83.6974214091381
19.3966367886672,-83.6974214089267
19.4,-83.6974214087981
19.4063311743603,-83.6974214085159
19.41,-83.6974214083282
19.4160255600533,-83.6974214079801
19.4189338757613,-83.6974214077945
19.42,-83.6974214077237
19.4218421914692,-83.6974214075979
19.4289707857555,-83.6974214070766
19.43,-83.6974214069974
19.4360993800418,-83.697421406515
19.44,-83.6974214061954
19.4432279743281,-83.6974214059245
19.45,-83.6974214053347
19.4503565686144,-83.6974214053027
19.46,-83.6974214044036
19.4603565686144,-83.697421404369
19.47,-83.6974214034017
19.4703565686144,-83.6974214033648
19.48,-83.697421402335
19.4803565686145,-83.6974214022959
19.49,-83.6974214012046
19.4903565686145,-83.6974214011631
19.5,-83.697421400009
19.5003565686145,-83.6974213999652
19.51,-83.6974213987487
19.5103565686145,-83.6974213987026
19.52,-83.697421397425
19.5203565686145,-83.6974213973767
19.53,-83.6974213960384
19.5303565686145,-83.6974213959878
19.54,-83.6974213945891
19.5403565686145,-83.6974213945363
19.55,-83.6974213930779
19.5503565686145,-83.6974213930229
19.56,-83.6974213915058
19.5603565686145,-83.6974213914486
19.57,-83.6974213898735
19.5703565686145,-83.6974213898142
19.58,-83.697421388182
19.5803565686145,-83.6974213881206
19.59,-83.6974213864323
19.5903565686145,-83.6974213863688
19.6,-83.6974213846254
19.6003565686145,-83.69742138456
19.61,-83.6974213827625
19.6103565686145,-83.6974213826951
19.62,-83.6974213808446
19.6203565686145,-83.6974213807753
19.63,-83.6974213788731
19.6303565686145,-83.6974213788018
19.64,-83.6974213768489
19.6403565686145,-83.6974213767758
19.65,-83.6974213747734
19.6503565686145,-83.6974213746984
19.66,-83.6974213726477
19.6603565686145,-83.697421372571
19.67,-83.697421370473
19.6703565686145,-83.6974213703945
19.68,-83.6974213682505
19.6803565686145,-83.6974213681704
19.69,-83.6974213659815
19.6903565686145,-83.6974213658998
19.7,-83.6974213636671
19.7003565686145,-83.6974213635838
19.71,-83.6974213613085
19.7103565686145,-83.6974213612236
19.72,-83.6974213589069
19.7203565686145,-83.6974213588205
19.73,-83.6974213564635
19.7303565686145,-83.6974213563756
19.74,-83.6974213539793
19.7403565686145,-83.69742135389
19.75,-83.6974213514556
19.7503565686145,-83.6974213513649
19.76,-83.6974213488934
19.7603565686145,-83.6974213488014
19.77,-83.697421346294
19.7703565686145,-83.6974213462006
19.78,-83.6974213436582
19.7803565686145,-83.6974213435636
19.79,-83.6974213409874
19.7903565686145,-83.6974213408916
19.8,-83.6974213382825
19.8003565686145,-83.6974213381855
19.81,-83.6974213355447
19.8103565686145,-83.6974213354465
19.82,-83.697421332775
19.8203565686145,-83.6974213326757
19.83,-83.6974213299744
19.8303565686145,-83.697421329874
19.84,-83.6974213271441
19.8403565686145,-83.6974213270427
19.85,-83.6974213242851
19.8503565686145,-83.6974213241827
19.86,-83.6974213213985
19.8603565686145,-83.6974213212951
19.87,-83.6974213184852
19.8703565686145,-83.6974213183809
19.88,-83.6974213155465
19.8803565686145,-83.6974213154413
19.89,-83.6974213125833
19.8903565686145,-83.6974213124772
19.9,-83.6974213095967
19.9003565686145,-83.6974213094898
19.91,-83.6974213065878
19.9103565686145,-83.6974213064801
19.92,-83.6974213035576
19.9203565686145,-83.6974213034492
19.93,-83.6974213005074
19.9303565686145,-83.6974213003983
19.94,-83.6974212974381
19.9403565686145,-83.6974212973283
19.95,-83.6974212943509
19.9503565686145,-83.6974212942405
19.96,-83.697421291247
19.9603565686145,-83.697421291136
19.97,-83.6974212881274
19.9703565686145,-83.6974212880159
19.98,-83.6974212849933
19.9803565686145,-83.6974212848813
19.99,-83.6974212818459
19.9903565686145,-83.6974212817334
20,-83.6974212786863
20.0003565686145,-83.6974212785735
20.01,-83.6974212755159
20.0103565686145,-83.6974212754027
20.02,-83.6974212723357
20.0203565686145,-83.6974212722222
20.03,-83.6974212691471
20.0303565686145,-83.6974212690333
20.04,-83.6974212659512
20.0403565686145,-83.6974212658372
20.05,-83.6974212627495
20.0503565686145,-83.6974212626352
20.06,-83.697421259543
20.0603565686145,-83.6974212594286
20.07,-83.6974212563331
20.0703565686145,-83.6974212562187
20.08,-83.6974212531213
20.0803565686145,-83.6974212530067
20.09,-83.6974212499087
20.0903565686145,-83.6974212497942
20.1,-83.6974212466968
20.1003565686145,-83.6974212465823
20.11,-83.697421243487
20.1103565686145,-83.6974212433726
20.12,-83.6974212402806
20.1203565686146,-83.6974212401664
20.13,-83.6974212370791
20.1303565686146,-83.6974212369651
20.14,-83.697421233884
20.1403565686146,-83.6974212337702
20.15,-83.6974212306967
20.1503565686146,-83.6974212305832
20.16,-83.6974212275187
20.1603565686146,-83.6974212274056
20.17,-83.6974212243517
20.1703565686146,-83.697421224239
20.18,-83.6974212211971
20.1803565686146,-83.6974212210849
20.19,-83.6974212180567
20.1903565686146,-83.697421217945
20.2,-83.697421214932
20.2003565686146,-83.6974212148209
20.21,-83.6974212118249
20.2103565686146,-83.6974212117144
20.22,-83.6974212087368
20.2203565686146,-83.6974212086271
20.23,-83.6974212056689
20.2303565686146,-83.6974212055599
20.24,-83.697421202621
20.2403565686146,-83.6974212025126
20.25,-83.6974211995901
20.2503565686146,-83.6974211994822
20.26,-83.6974211965711
20.2603565686146,-83.6974211964636
20.27,-83.6974211935585
20.2703565686146,-83.6974211934511
20.28,-83.6974211905475
20.2803565686146,-83.6974211904402
20.29,-83.6974211875355
20.2903565686146,-83.6974211874281
20.3,-83.697421184521
20.3003565686146,-83.6974211844134
20.31,-83.6974211815033
20.3103565686146,-83.6974211813957
20.32,-83.6974211784827
20.3203565686146,-83.697421178375
20.33,-83.6974211754596
20.3303565686146,-83.6974211753518
20.34,-83.6974211724348
20.3403565686146,-83.6974211723269
20.35,-83.6974211694091
20.3503565686146,-83.6974211693013
20.36,-83.6974211663837
20.3603565686146,-83.6974211662759
20.37,-83.6974211633599
20.3703565686146,-83.6974211632521
20.38,-83.6974211603387
20.3803565686146,-83.6974211602311
20.39,-83.6974211573217
20.3903565686146,-83.6974211572143
20.4,-83.6974211543102
20.4003565686146,-83.6974211542029
20.41,-83.6974211513054
20.4103565686146,-83.6974211511984
20.42,-83.6974211483089
20.4203565686146,-83.6974211482022
20.43,-83.697421145322
20.4303565686146,-83.6974211452157
20.44,-83.6974211423459
20.4403565686146,-83.69742114224
20.45,-83.6974211393822
20.4503565686146,-83.6974211392768
20.46,-83.697421136432
20.4603565686146,-83.6974211363271
20.47,-83.6974211334968
20.4703565686146,-83.6974211333924
20.48,-83.6974211305778
20.4803565686146,-83.697421130474
20.49,-83.6974211276762
20.4903565686146,-83.6974211275731
20.5,-83.6974211247934
20.5003565686146,-83.6974211246909
20.51,-83.6974211219305
20.5103565686146,-83.6974211218288
20.52,-83.6974211190888
20.5203565686146,-83.6974211189879
20.53,-83.6974211162695
20.5303565686146,-83.6974211161695
20.54,-83.6974211134739
20.5403565686146,-83.6974211133746
20.55,-83.697421110703
20.5503565686146,-83.6974211106047
20.56,-83.697421107958
20.5603565686146,-83.6974211078607
20.57,-83.6974211052402
20.5703565686146,-83.6974211051438
20.58,-83.6974211025506
20.5803565686146,-83.6974211024552
20.59,-83.6974210998903
20.5903565686146,-83.697421099796
20.6,-83.6974210972606
20.6003565686146,-83.6974210971674
20.61,-83.6974210946623
20.6103565686146,-83.6974210945703
20.62,-83.6974210920968
20.6203565686146,-83.6974210920059
20.63,-83.6974210895649
20.6303565686146,-83.6974210894752
20.64,-83.6974210870677
20.6403565686146,-83.6974210869794
20.65,-83.6974210846064
20.6503565686146,-83.6974210845193
20.66,-83.6974210821818
20.6603565686146,-83.697421082096
20.67,-83.697421079795
20.6703565686146,-83.6974210797106
20.68,-83.697421077447
20.6803565686146,-83.697421077364
20.69,-83.6974210751387
20.6903565686146,-83.6974210750571
20.7,-83.697421072871
20.7003565686146,-83.6974210727909
20.71,-83.697421070645
20.7103565686146,-83.6974210705664
20.72,-83.6974210684615
20.7203565686146,-83.6974210683844
20.73,-83.6974210663213
20.7303565686146,-83.6974210662458
20.74,-83.6974210642255
20.7403565686146,-83.6974210641516
20.75,-83.6974210621747
20.7503565686146,-83.6974210621024
20.76,-83.6974210601699
20.7603565686147,-83.6974210600993
20.77,-83.6974210582118
20.7703565686147,-83.6974210581429
20.78,-83.6974210563013
20.7803565686147,-83.6974210562341
20.79,-83.6974210544391
20.7903565686147,-83.6974210543736
20.8,-83.6974210526259
20.8003565686147,-83.6974210525622
20.81,-83.6974210508626
20.8103565686147,-83.6974210508006
20.82,-83.6974210491497
20.8203565686147,-83.6974210490895
20.83,-83.6974210474879
20.8303565686147,-83.6974210474296
20.84,-83.697421045878
20.8403565686147,-83.6974210458216
20.85,-83.6974210443206
20.8503565686147,-83.6974210442661
20.86,-83.6974210428163
20.8603565686147,-83.6974210427636
20.87,-83.6974210413656
20.8703565686147,-83.6974210413149
20.88,-83.6974210399693
20.8803565686147,-83.6974210399205
20.89,-83.6974210386277
20.8903565686147,-83.6974210385809
20.9,-83.6974210373415
20.9003565686147,-83.6974210372966
20.91,-83.6974210361111
20.9103565686147,-83.6974210360682
20.92,-83.697421034937
20.9203565686147,-83.6974210348962
20.93,-83.6974210338197
20.9303565686147,-83.6974210337809
20.94,-83.6974210327596
20.9403565686147,-83.6974210327229
20.95,-83.6974210317572
20.9503565686147,-83.6974210317226
20.96,-83.6974210308128
20.9603565686147,-83.6974210307802
20.97,-83.6974210299268
20.9703565686147,-83.6974210298963
20.98,-83.6974210290995
20.9803565686147,-83.6974210290711
20.99,-83.6974210283312
20.9903565686147,-83.697421028305
21,-83.6974210276224
21.0003565686147,-83.6974210275982
21.01,-83.697421026973
21.0103565686147,-83.697421026951
21.02,-83.6974210263836
21.0203565686147,-83.6974210263637
21.03,-83.6974210258543
21.0303565686147,-83.6974210258365
21.04,-83.6974210253852
21.0403565686147,-83.6974210253696
21.05,-83.6974210249765
21.0503565686147,-83.6974210249631
21.06,-83.6974210246285
21.0603565686147,-83.6974210246172
21.07,-83.6974210243411
21.0703565686147,-83.697421024332
21.08,-83.6974210241146
21.0803565686147,-83.6974210241076
21.09,-83.6974210239489
21.0903565686147,-83.6974210239442
21.1,-83.6974210238442
21.1003565686147,-83.6974210238416
21.11,-83.6974210238004
21.1103565686147,-83.6974210238
21.12,-83.6974210238176
21.1203565686147,-83.6974210238193
21.13,-83.6974210238956
21.1303565686147,-83.6974210238995
21.14,-83.6974210240345
21.1403565686147,-83.6974210240406
21.15,-83.6974210242341
21.1503565686147,-83.6974210242424
21.16,-83.6974210244944
21.1603565686147,-83.6974210245048
21.17,-83.6974210248152
21.1703565686147,-83.6974210248277
21.18,-83.6974210251962
21.1803565686147,-83.6974210252109
21.19,-83.6974210256374
21.1903565686147,-83.6974210256543
21.2,-83.6974210261385
21.2003565686147,-83.6974210261575
21.21,-83.6974210266992
21.2103565686147,-83.6974210267203
21.22,-83.6974210273193
21.2203565686147,-83.6974210273425
21.23,-83.6974210279983
21.2303565686147,-83.6974210280237
21.24,-83.6974210287361
21.2403565686147,-83.6974210287635
21.25,-83.6974210295321
21.2503565686147,-83.6974210295615
21.26,-83.697421030386
21.2603565686147,-83.6974210304175
21.27,-83.6974210312973
21.2703565686147,-83.6974210313308
21.28,-83.6974210322655
21.2803565686147,-83.697421032301
21.29,-83.6974210332901
21.2903565686147,-83.6974210333277
21.3,-83.6974210343706
21.3003565686147,-83.6974210344102
21.31,-83.6974210355064
21.3103565686147,-83.6974210355479
21.32,-83.6974210366968
21.3203565686147,-83.6974210367403
21.33,-83.6974210379412
21.3303565686147,-83.6974210379866
21.34,-83.6974210392389
21.3403565686147,-83.6974210392862
21.35,-83.6974210405892
21.3503565686147,-83.6974210406383
21.36,-83.6974210419913
21.3603565686147,-83.6974210420422
21.37,-83.6974210434443
21.3703565686147,-83.6974210434971
21.38,-83.6974210449474
21.3803565686147,-83.697421045002
21.39,-83.6974210464998
21.3903565686147,-83.697421046556
21.4,-83.6974210481004
21.4003565686148,-83.6974210481583
21.41,-83.6974210497483
21.4103565686148,-83.6974210498079
21.42,-83.6974210514424
21.4203565686148,-83.6974210515036
21.43,-83.6974210531817
21.4303565686148,-83.6974210532445
21.44,-83.697421054965
21.4403565686148,-83.6974210550294
21.45,-83.6974210567912
21.4503565686148,-83.6974210568571
21.46,-83.697421058659
21.4603565686148,-83.6974210587264
21.47,-83.6974210605672
21.4703565686148,-83.697421060636
21.48,-83.6974210625144
21.4803565686148,-83.6974210625846
21.49,-83.6974210644993
21.4903565686148,-83.6974210645708
21.5,-83.6974210665204
21.5003565686148,-83.6974210665932
21.51,-83.6974210685763
21.5103565686148,-83.6974210686502
21.52,-83.6974210706654
21.5203565686148,-83.6974210707405
21.53,-83.6974210727861
21.5303565686148,-83.6974210728623
21.54,-83.6974210749367
21.5403565686148,-83.697421075014
21.55,-83.6974210771157
21.5503565686148,-83.6974210771939
21.56,-83.6974210793211
21.5603565686148,-83.6974210794002
21.57,-83.6974210815511
21.5703565686148,-83.6974210816311
21.58,-83.697421083804
21.5803565686148,-83.6974210838847
21.59,-83.6974210860777
21.5903565686148,-83.6974210861591
21.6,-83.6974210883702
21.6003565686148,-83.6974210884523
21.61,-83.6974210906796
21.6103565686148,-83.6974210907622
21.62,-83.6974210930036
21.6203565686148,-83.6974210930867
21.63,-83.6974210953401
21.6303565686148,-83.6974210954237
21.64,-83.697421097687
21.6403565686148,-83.6974210977709
21.65,-83.697421100042
21.6503565686148,-83.6974211001261
21.66,-83.6974211024027
21.6603565686148,-83.6974211024869
21.67,-83.6974211047668
21.6703565686148,-83.6974211048511
21.68,-83.697421107132
21.6803565686148,-83.6974211072163
21.69,-83.6974211094958
21.6903565686148,-83.69742110958
21.7,-83.6974211118559
21.7003565686148,-83.6974211119399
21.71,-83.6974211142097
21.7103565686148,-83.6974211142935
21.72,-83.697421116555
21.7203565686148,-83.6974211166384
21.73,-83.6974211188892
21.7303565686148,-83.6974211189722
21.74,-83.69742112121
21.7403565686148,-83.6974211212925
21.75,-83.697421123515
21.7503565686148,-83.6974211235969
21.76,-83.697421125802
21.7603565686148,-83.6974211258832
21.77,-83.6974211280687
21.7703565686148,-83.6974211281492
21.78,-83.6974211303131
21.7803565686148,-83.6974211303927
21.79,-83.6974211325333
21.7903565686148,-83.697421132612
21.8,-83.6974211347273
21.8003565686148,-83.697421134805
21.81,-83.6974211368935
21.8103565686148,-83.6974211369702
21.82,-83.6974211390305
21.8203565686148,-83.6974211391061
21.83,-83.6974211411371
21.8303565686148,-83.6974211412116
21.84,-83.6974211432122
21.8403565686148,-83.6974211432856
21.85,-83.6974211452552
21.8503565686148,-83.6974211453275
21.86,-83.6974211472656
21.8603565686148,-83.6974211473367
21.87,-83.6974211492432
21.8703565686148,-83.6974211493131
21.88,-83.697421151188
21.8803565686148,-83.6974211512568
21.89,-83.6974211531003
21.8903565686148,-83.6974211531679
21.9,-83.6974211549805
21.9003565686148,-83.697421155047
21.91,-83.6974211568291
21.9103565686148,-83.6974211568944
21.92,-83.697421158646
21.9203565686148,-83.6974211587102
21.9266148577764,-83.6974211598304
21.93,-83.697421160431
21.932873146938,-83.6974211609385
21.9373424534405,-83.6974211617255
21.94,-83.6974211621939
21.9418117599431,-83.6974211625143
21.9462810664457,-83.6974211633093
21.95,-83.6974211639765
21.9507503729483,-83.6974211641117
21.9578702198928,-83.6974211654031
21.96,-83.6974211657922
21.9672107920233,-83.6974211671202
21.97,-83.6974211676388
21.9765513641538,-83.6974211688695
21.98,-83.6974211695248
21.9858919362843,-83.697421170656
21.99,-83.697421171453
21.9952325084148,-83.6974211724775
22,-83.6974211734199
22.0045730805452,-83.6974211743318
22.01,-83.6974211754241
22.0139136526757,-83.6974211762188
22.02,-83.697421177466
22.0232542248062,-83.6974211781384
22.03,-83.6974211795447
22.0325947969367,-83.69742118009
22.04,-83.6974211816596
22.0419353690672,-83.6974211820731
22.05,-83.6974211838106
22.0512759411977,-83.6974211840877
22.06,-83.6974211859979
22.0606165133281,-83.697421186134
22.0699570854586,-83.6974211882121
22.07,-83.6974211882217
22.0792976575891,-83.6974211903225
22.08,-83.6974211904825
22.0886382297196,-83.697421192466
22.09,-83.6974211927814
22.0979788018501,-83.697421194644
22.1,-83.69742119512
22.1073193739806,-83.6974211968581
22.11,-83.6974211975004
22.116659946111,-83.6974211991096
22.12,-83.6974211999238
22.1260005182415,-83.6974212013991
22.13,-83.6974212023912
22.135341090372,-83.6974212037274
22.14,-83.6974212049034
22.1446816625025,-83.697421206095
22.15,-83.6974212074608
22.154022234633,-83.6974212085024
22.16,-83.6974212100641
22.1633628067635,-83.6974212109499
22.17,-83.6974212127135
22.1727033788939,-83.6974212134377
22.18,-83.6974212154094
22.1820439510244,-83.6974212159662
22.19,-83.6974212181522
22.1913845231549,-83.6974212185356
22.2,-83.6974212209421
22.2007250952854,-83.6974212211462
22.21,-83.6974212237794
22.2100656674159,-83.6974212237982
22.2194062395464,-83.6974212264918
22.22,-83.6974212266645
22.2287468116768,-83.6974212292274
22.23,-83.6974212295977
22.2380873838073,-83.6974212320055
22.24,-83.6974212325797
22.2474279559378,-83.6974212348271
22.25,-83.6974212356118
22.2567685280683,-83.697421237693
22.26,-83.6974212386949
22.2661091001988,-83.6974212406037
22.27,-83.6974212418295
22.2754496723293,-83.6974212435595
22.28,-83.6974212450158
22.2847902444597,-83.6974212465605
22.29,-83.6974212482539
22.2941308165902,-83.6974212496066
22.3,-83.6974212515438
22.3034713887207,-83.697421252698
22.31,-83.6974212548855
22.3128119608512,-83.6974212558344
22.32,-83.6974212582788
22.3221525329817,-83.6974212590159
22.33,-83.6974212617236
22.3314931051122,-83.6974212622424
22.34,-83.6974212652199
22.3408336772426,-83.6974212655137
22.35,-83.6974212687677
22.3501742493731,-83.6974212688299
22.3595148215036,-83.6974212721909
22.36,-83.6974212723667
22.3688553936341,-83.6974212755966
22.37,-83.697421276017
22.3781959657646,-83.6974212790471
22.38,-83.6974212797188
22.3875365378951,-83.6974212825428
22.39,-83.6974212834723
22.3968771100255,-83.6974212860837
22.4,-83.6974212872777
22.406217682156,-83.6974212896699
22.41,-83.6974212911349
22.4155582542865,-83.6974212933011
22.42,-83.6974212950436
22.424898826417,-83.6974212969772
22.43,-83.6974212990037
22.4342393985475,-83.6974213006979
22.44,-83.6974213030148
22.443579970678,-83.697421304463
22.45,-83.6974213070765
22.4529205428084,-83.6974213082723
22.46,-83.6974213111885
22.4622611149389,-83.6974213121253
22.47,-83.6974213153505
22.4716016870694,-83.6974213160217
22.48,-83.6974213195621
22.4809422591999,-83.6974213199614
22.49,-83.6974213238228
22.4902828313304,-83.697421323944
22.4996234034609,-83.6974213279692
22.5,-83.6974213281324
22.5089639755913,-83.6974213320366
22.51,-83.6974213324903
22.5183045477218,-83.6974213361461
22.52,-83.6974213368965
22.5276451198523,-83.6974213402975
22.53,-83.6974213413506
22.5369856919828,-83.6974213444903
22.54,-83.6974213458522
22.5463262641133,-83.6974213487242
22.55,-83.6974213504007
22.5556668362438,-83.6974213529988
22.56,-83.6974213549955
22.5650074083742,-83.6974213573136
22.57,-83.6974213596363
22.5743479805047,-83.6974213616682
22.58,-83.6974213643224
22.5836885526352,-83.6974213660622
22.59,-83.6974213690533
22.5930291247657,-83.6974213704951
22.6,-83.6974213738285
22.6023696968962,-83.6974213749665
22.61,-83.6974213786473
22.6117102690267,-83.6974213794758
22.62,-83.6974213835092
22.6210508411571,-83.6974213840226
22.63,-83.6974213884135
22.6303914132876,-83.6974213886064
22.6397319854181,-83.6974213932266
22.64,-83.6974213933597
22.6490725575486,-83.6974213978828
22.65,-83.6974213983471
22.6584131296791,-83.6974214025746
22.66,-83.6974214033753
22.6677537018096,-83.6974214073017
22.67,-83.6974214084437
22.67709427394,-83.6974214120634
22.68,-83.6974214135517
22.6864348460705,-83.6974214168591
22.69,-83.6974214186984
22.695775418201,-83.6974214216882
22.7,-83.6974214238832
22.7051159903315,-83.6974214265502
22.71,-83.6974214291054
22.714456562462,-83.6974214314445
22.72,-83.6974214343643
22.7237971345925,-83.6974214363706
22.73,-83.6974214396591
22.7331377067229,-83.6974214413278
22.74,-83.6974214449893
22.7424782788534,-83.6974214463156
22.75,-83.697421450354
22.7518188509839,-83.6974214513334
22.76,-83.6974214557525
22.7611594231144,-83.6974214563805
22.77,-83.6974214611839
22.7704999952449,-83.6974214614564
22.7798405673754,-83.6974214665603
22.78,-83.6974214666476
22.7891811395058,-83.6974214716915
22.79,-83.6974214721427
22.7985217116363,-83.6974214768499
22.8,-83.6974214776688
22.8078622837668,-83.6974214820349
22.81,-83.6974214832253
22.8172028558973,-83.6974214872459
22.82,-83.6974214888114
22.8265434280278,-83.6974214924822
22.83,-83.6974214944263
22.8358840001583,-83.6974214977432
22.84,-83.6974215000692
22.8452245722887,-83.6974215030282
22.85,-83.6974215057393
22.8545651444192,-83.6974215083367
22.86,-83.6974215114359
22.8639057165497,-83.6974215136679
22.87,-83.6974215171582
22.8732462886802,-83.6974215190212
22.88,-83.6974215229053
22.8825868608107,-83.6974215243959
22.89,-83.6974215286763
22.8919274329412,-83.6974215297913
22.9,-83.6974215344705
22.9012680050716,-83.6974215352068
22.91,-83.6974215402869
22.9106085772021,-83.6974215406415
22.9199491493326,-83.6974215460948
22.92,-83.6974215461246
22.9292897214631,-83.6974215515659
22.93,-83.6974215519827
22.9386302935936,-83.6974215570545
22.94,-83.6974215578609
22.9479708657241,-83.6974215625603
22.95,-83.6974215637586
22.9573114378545,-83.6974215680825
22.96,-83.697421569675
22.966652009985,-83.6974215736205
22.97,-83.6974215756093
22.9759925821155,-83.6974215791738
22.98,-83.6974215815608
22.985333154246,-83.6974215847415
22.99,-83.6974215875286
22.9946737263765,-83.697421590323
23,-83.6974215935118
23.004014298507,-83.6974215959177
23.01,-83.6974215995095
23.0133548706374,-83.6974216015248
23.02,-83.697421605521
23.0226954427679,-83.6974216071436
23.03,-83.6974216115452
23.0320360148984,-83.6974216127733
23.04,-83.6974216175813
23.0413765870289,-83.6974216184131
23.05,-83.6974216236283
23.0507171591594,-83.6974216240624
23.06,-83.6974216296852
23.0600577312899,-83.6974216297202
23.0693983034203,-83.6974216353859
23.07,-83.6974216357511
23.0787388755508,-83.6974216410586
23.08,-83.697421641825
23.0880794476813,-83.6974216467381
23.09,-83.6974216479067
23.0974200198118,-83.6974216524239
23.1,-83.6974216539955
23.1067605919423,-83.6974216581155
23.11,-83.6974216600907
23.1161011640728,-83.6974216638122
23.12,-83.6974216661915
23.1254417362032,-83.6974216695134
23.13,-83.6974216722971
23.1347823083337,-83.6974216752184
23.14,-83.6974216784065
23.1441228804642,-83.6974216809263
23.15,-83.697421684519
23.1534634525947,-83.6974216866366
23.16,-83.6974216906336
23.1628040247252,-83.6974216923484
23.17,-83.6974216967494
23.1721445968557,-83.6974216980611
23.18,-83.6974217028654
23.1814851689861,-83.6974217037737
23.19,-83.6974217089807
23.1908257411166,-83.6974217094856
23.2,-83.6974217150943
23.2001663132471,-83.697421715196
23.2095068853776,-83.697421720904
23.21,-83.6974217212052
23.2188474575081,-83.6974217266088
23.22,-83.6974217273125
23.2281880296386,-83.6974217323102
23.23,-83.6974217334159
23.237528601769,-83.6974217380079
23.24,-83.6974217395148
23.2468691738995,-83.6974217437013
23.25,-83.6974217456085
23.25620974603,-83.6974217493896
23.26,-83.6974217516963
23.2655503181605,-83.6974217550722
23.27,-83.6974217577772
23.274890890291,-83.6974217607485
23.28,-83.6974217638504
23.2842314624215,-83.6974217664177
23.29,-83.697421769915
23.2935720345519,-83.6974217720791
23.3,-83.6974217759702
23.3029126066824,-83.6974217777318
23.31,-83.6974217820149
23.3122531788129,-83.6974217833753
23.32,-83.6974217880482
23.3215937509434,-83.6974217890087
23.33,-83.6974217940693
23.3309343230739,-83.6974217946312
23.34,-83.6974218000771
23.3402748952044,-83.697421800242
23.3496154673348,-83.6974218058404
23.35,-83.6974218060706
23.3589560394653,-83.6974218114255
23.36,-83.6974218120489
23.3682966115958,-83.6974218169972
23.37,-83.6974218180118
23.3776371837263,-83.6974218225549
23.38,-83.6974218239586
23.3869777558568,-83.6974218280982
23.39,-83.6974218298886
23.3963183279873,-83.6974218336263
23.4,-83.697421835801
23.4056589001177,-83.6974218391386
23.41,-83.697421841695
23.4149994722482,-83.6974218446344
23.42,-83.6974218475697
23.4243400443787,-83.6974218501131
23.43,-83.6974218534242
23.4336806165092,-83.6974218555738
23.44,-83.6974218592578
23.4430211886397,-83.6974218610159
23.45,-83.6974218650694
23.4523617607702,-83.6974218664386
23.46,-83.6974218708581
23.4617023329006,-83.6974218718411
23.47,-83.697421876623
23.4710429050311,-83.6974218772228
23.48,-83.6974218823631
23.4803834771616,-83.6974218825827
23.4897240492921,-83.6974218879202
23.49,-83.6974218880776
23.4990646214226,-83.6974218932345
23.5,-83.6974218937654
23.5084051935531,-83.6974218985252
23.51,-83.6974218994262
23.5177457656835,-83.697421903792
23.52,-83.6974219050594
23.527086337814,-83.6974219090342
23.53,-83.6974219106644
23.5364269099445,-83.6974219142513
23.54,-83.6974219162403
23.545767482075,-83.6974219194426
23.55,-83.6974219217862
23.5551080542055,-83.6974219246074
23.56,-83.6974219273015
23.564448626336,-83.6974219297449
23.57,-83.6974219327852
23.5737891984664,-83.6974219348547
23.58,-83.6974219382365
23.5831297705969,-83.6974219399358
23.59,-83.6974219436544
23.5924703427274,-83.6974219449876
23.6,-83.6974219490381
23.6018109148579,-83.6974219500093
23.61,-83.6974219543867
23.6111514869884,-83.6974219550003
23.62,-83.6974219596993
23.6204920591189,-83.6974219599597
23.6298326312493,-83.6974219648868
23.63,-83.6974219649748
23.6391732033798,-83.6974219697808
23.64,-83.6974219702124
23.6485137755103,-83.6974219746414
23.65,-83.6974219754117
23.6578543476408,-83.6974219794682
23.66,-83.6974219805721
23.6671949197713,-83.6974219842605
23.67,-83.6974219856929
23.6765354919018,-83.6974219890178
23.68,-83.6974219907733
23.6858760640322,-83.6974219937394
23.69,-83.6974219958125
23.6952166361627,-83.6974219984247
23.7,-83.6974220008097
23.7045572082932,-83.6974220030729
23.71,-83.6974220057641
23.7138977804237,-83.6974220076834
23.72,-83.6974220106748
23.7232383525542,-83.6974220122555
23.73,-83.6974220155409
23.7325789246847,-83.6974220167885
23.74,-83.6974220203615
23.7419194968151,-83.6974220212816
23.75,-83.6974220251358
23.7512600689456,-83.6974220257341
23.76,-83.6974220298629
23.7606006410761,-83.6974220301453
23.7699412132066,-83.6974220345145
23.77,-83.6974220345418
23.7792817853371,-83.6974220388408
23.78,-83.6974220391716
23.7886223574676,-83.6974220431238
23.79,-83.6974220437518
23.797962929598,-83.6974220473631
23.8,-83.6974220482817
23.8073035017285,-83.697422051558
23.81,-83.6974220527607
23.816644073859,-83.697422055708
23.82,-83.6974220571879
23.8259846459895,-83.6974220598124
23.83,-83.6974220615626
23.83532521812,-83.6974220638705
23.84,-83.6974220658839
23.8446657902505,-83.6974220678816
23.85,-83.697422070151
23.8540063623809,-83.6974220718451
23.86,-83.697422074363
23.8633469345114,-83.6974220757602
23.87,-83.6974220785189
23.8726875066419,-83.6974220796262
23.88,-83.697422082618
23.8820280787724,-83.6974220834423
23.89,-83.6974220866592
23.8913686509029,-83.6974220872078
23.9,-83.6974220906416
23.9007092230334,-83.6974220909218
23.91,-83.6974220945643
23.9100497951638,-83.6974220945836
23.9193903672943,-83.6974220981924
23.92,-83.6974220984261
23.9287309394248,-83.6974221017474
23.93,-83.6974221022263
23.9380715115553,-83.697422105248
23.94,-83.6974221059639
23.9474120836858,-83.6974221086935
23.95,-83.6974221096384
23.9567526558163,-83.6974221120834
23.96,-83.6974221132488
23.9660932279467,-83.6974221154169
23.97,-83.6974221167943
23.9754338000772,-83.6974221186933
23.98,-83.697422120274
23.9847743722077,-83.6974221219119
23.99,-83.697422123687
23.9941149443382,-83.6974221250717
24,-83.6974221270322
24.0034555164687,-83.6974221281722
24.01,-83.6974221303086
24.0127960885992,-83.6974221312123
24.02,-83.6974221335153
24.0221366607296,-83.6974221341913
24.03,-83.697422136651
24.0314772328601,-83.6974221371082
24.04,-83.6974221397148
24.0408178049906,-83.6974221399621
24.05,-83.6974221427054
24.0501583771211,-83.6974221427522
24.0594989492516,-83.6974221454774
24.06,-83.6974221456218
24.0688395213821,-83.6974221481369
24.07,-83.6974221484626
24.0781800935125,-83.6974221507296
24.08,-83.697422151227
24.087520665643,-83.6974221532549
24.09,-83.6974221539137
24.0968612377735,-83.6974221557118
24.1,-83.6974221565219
24.106201809904,-83.6974221580995
24.11,-83.6974221590505
24.1155423820345,-83.6974221604171
24.12,-83.6974221614982
24.124882954165,-83.6974221626637
24.13,-83.6974221638639
24.1342235262954,-83.6974221648381
24.14,-83.6974221661464
24.1435640984259,-83.6974221669395
24.15,-83.6974221683443
24.1529046705564,-83.6974221689667
24.16,-83.6974221704564
24.1622452426869,-83.6974221709187
24.17,-83.6974221724814
24.1715858148174,-83.6974221727944
24.18,-83.6974221744176
24.1809263869479,-83.6974221745924
24.19,-83.6974221762631
24.1902669590783,-83.6974221763111
24.1996075312088,-83.6974221779484
24.2,-83.6974221780154
24.2089481033393,-83.6974221795006
24.21,-83.69742217967
24.2182886754698,-83.6974221809631
24.22,-83.6974221812209
24.2276292476003,-83.6974221823308
24.23,-83.6974221826624
24.2369698197308,-83.6974221836003
24.24,-83.6974221839908
24.2463103918612,-83.6974221847703
24.25,-83.6974221852049
24.2556509639917,-83.6974221858403
24.26,-83.6974221863043
24.2649915361222,-83.69742218681
24.27,-83.6974221872886
24.2743321082527,-83.697422187679
24.28,-83.6974221881569
24.2836726803832,-83.6974221884465
24.29,-83.6974221889083
24.2930132525137,-83.6974221891117
24.3,-83.6974221895417
24.3023538246441,-83.6974221896735
24.31,-83.6974221900556
24.3116943967746,-83.6974221901307
24.32,-83.6974221904478
24.3210349689051,-83.6974221904814
24.3257913363106,-83.6974221906186
24.33,-83.6974221907168
24.3305477037162,-83.6974221907281
24.3353040711217,-83.6974221908116
24.34,-83.6974221908724
24.3400604385272,-83.6974221908731
24.343976654321,-83.6974221909107
24.3478928701149,-83.6974221909398
24.35,-83.6974221909526
24.3518090859087,-83.6974221909623
24.356599001002,-83.6974221909826
24.36,-83.6974221909926
24.3613889160954,-83.6974221909957
24.3661788311887,-83.697422191002
24.37,-83.6974221910022
24.3751807595264,-83.6974221909965
24.38,-83.6974221909852
24.3841826878641,-83.6974221909709
24.39,-83.6974221909443
24.3931846162019,-83.6974221909264
24.4,-83.6974221908799
24.4021865445396,-83.6974221908626
24.41,-83.6974221907917
24.4111884728773,-83.6974221907797
24.42,-83.6974221906812
24.4201904012151,-83.6974221906789
24.4291923295528,-83.6974221905617
24.43,-83.6974221905504
24.4381942578905,-83.6974221904295
24.44,-83.6974221904013
24.4471961862283,-83.6974221902836
24.45,-83.6974221902355
24.456198114566,-83.6974221901251
24.46,-83.6974221900546
24.4652000429037,-83.697422189955
24.47,-83.6974221898598
24.4742019712414,-83.6974221897741
24.48,-83.6974221896524
24.4832038995792,-83.6974221895834
24.49,-83.6974221894336
24.4922058279169,-83.6974221893839
24.5,-83.6974221892048
24.5012077562546,-83.6974221891765
24.51,-83.6974221889675
24.5102096845924,-83.6974221889624
24.5192116129301,-83.6974221887428
24.52,-83.6974221887233
24.5282135412678,-83.6974221885189
24.53,-83.697422188474
24.5372154696056,-83.6974221882919
24.54,-83.6974221882212
24.5462173979433,-83.6974221880626
24.55,-83.6974221879656
24.555219326281,-83.6974221878313
24.56,-83.6974221877078
24.5642212546188,-83.6974221875984
24.57,-83.6974221874484
24.5732231829565,-83.6974221873646
24.58,-83.6974221871883
24.5822251112942,-83.6974221871304
24.59,-83.6974221869281
24.591227039632,-83.6974221868963
24.6,-83.697422186669
24.6002289679697,-83.6974221866631
24.6092308963074,-83.6974221864317
24.61,-83.6974221864121
24.6182328246452,-83.697422186203
24.62,-83.6974221861585
24.6272347529829,-83.6974221859778
24.63,-83.6974221859094
24.6362366813206,-83.6974221857564
24.64,-83.697422185665
24.6452386096583,-83.6974221855389
24.65,-83.6974221854254
24.6542405379961,-83.6974221853253
24.66,-83.6974221851907
24.6632424663338,-83.6974221851158
24.67,-83.6974221849613
24.6722443946715,-83.6974221849105
24.68,-83.6974221847373
24.6812463230093,-83.6974221847098
24.69,-83.6974221845193
24.690248251347,-83.697422184514
24.6992501796847,-83.6974221843235
24.7,-83.6974221843079
24.7082521080225,-83.6974221841388
24.71,-83.6974221841037
24.7172540363602,-83.6974221839604
24.72,-83.6974221839072
24.7262559646979,-83.6974221837882
24.73,-83.6974221837184
24.7352578930357,-83.6974221836221
24.74,-83.697422183537
24.7442598213734,-83.6974221834619
24.75,-83.6974221833629
24.7532617497111,-83.6974221833077
24.76,-83.697422183196
24.7622636780489,-83.6974221831592
24.77,-83.6974221830362
24.7712656063866,-83.6974221830165
24.78,-83.6974221828837
24.7802675347243,-83.6974221828797
24.7892694630621,-83.6974221827489
24.79,-83.6974221827385
24.7982713913998,-83.6974221826241
24.8,-83.6974221826009
24.8072733197375,-83.6974221825056
24.81,-83.6974221824709
24.8162752480753,-83.6974221823931
24.82,-83.6974221823483
24.825277176413,-83.6974221822864
24.83,-83.6974221822327
24.8342791047507,-83.6974221821853
24.84,-83.6974221821239
24.8432810330884,-83.6974221820897
24.85,-83.6974221820217
24.8522829614262,-83.6974221819992
24.86,-83.6974221819257
24.8612848897639,-83.6974221819138
24.87,-83.6974221818359
24.8702868181016,-83.6974221818334
24.8792887464394,-83.6974221817579
24.88,-83.6974221817521
24.8882906747771,-83.6974221816871
24.89,-83.6974221816741
24.8972926031148,-83.6974221816209
24.9,-83.6974221816019
24.9062945314526,-83.6974221815592
24.91,-83.6974221815351
24.9152964597903,-83.6974221815018
24.92,-83.6974221814733
24.924298388128,-83.6974221814483
24.93,-83.6974221814165
24.9333003164658,-83.6974221813987
24.94,-83.6974221813641
24.9423022448035,-83.6974221813527
24.95,-83.6974221813161
24.9513041731412,-83.6974221813101
24.96,-83.6974221812721
24.960306101479,-83.6974221812708
24.9693080298167,-83.6974221812345
24.97,-83.6974221812319
24.9783099581544,-83.6974221812011
24.98,-83.6974221811951
24.9873118864922,-83.6974221811703
24.99,-83.6974221811617
24.9963138148299,-83.6974221811421
25,-83.6974221811312
25.0053157431676,-83.6974221811161
25.01,-83.6974221811035
25.0143176715053,-83.6974221810923
25.02,-83.6974221810783
25.0233195998431,-83.6974221810705
25.03,-83.6974221810555
25.0323215281808,-83.6974221810506
25.04,-83.6974221810349
25.0413234565185,-83.6974221810323
25.05,-83.6974221810161
25.0503253848563,-83.6974221810155
25.059327313194,-83.6974221810001
25.06,-83.6974221809989
25.0683292415317,-83.6974221809856
25.07,-83.6974221809831
25.0773311698695,-83.6974221809721
25.08,-83.6974221809683
25.0863330982072,-83.6974221809594
25.09,-83.6974221809544
25.0953350265449,-83.6974221809473
25.1,-83.6974221809413
25.1043369548827,-83.6974221809359
25.11,-83.6974221809289
25.1133388832204,-83.6974221809249
25.12,-83.6974221809171
25.1223408115581,-83.6974221809144
25.13,-83.6974221809056
25.1313427398959,-83.6974221809041
25.14,-83.6974221808943
25.1403446682336,-83.6974221808939
25.1493465965713,-83.6974221808838
25.15,-83.697422180883
25.1583485249091,-83.6974221808734
25.16,-83.6974221808715
25.1673504532468,-83.6974221808628
25.17,-83.6974221808596
25.1763523815845,-83.6974221808517
25.18,-83.6974221808471
25.1853543099222,-83.6974221808403
25.19,-83.6974221808342
25.19435623826,-83.6974221808284
25.2,-83.6974221808207
25.2033581665977,-83.697422180816
25.21,-83.6974221808065
25.2123600949354,-83.6974221808031
25.22,-83.6974221807917
25.2213620232732,-83.6974221807896
25.23,-83.697422180776
25.2303639516109,-83.6974221807754
25.2393658799486,-83.6974221807605
25.24,-83.6974221807594
25.2483678082864,-83.6974221807447
25.25,-83.6974221807418
25.2573697366241,-83.697422180728
25.26,-83.697422180723
25.2663716649618,-83.6974221807103
25.27,-83.697422180703
25.2753735932996,-83.6974221806917
25.28,-83.6974221806818
25.2843755216373,-83.6974221806722
25.29,-83.6974221806595
25.293377449975,-83.6974221806517
25.3,-83.697422180636
25.3023793783128,-83.6974221806303
25.31,-83.6974221806114
25.3113813066505,-83.6974221806079
25.32,-83.6974221805856
25.3203832349882,-83.6974221805846
25.329385163326,-83.6974221805603
25.33,-83.6974221805586
25.3383870916637,-83.6974221805349
25.34,-83.6974221805303
25.3473890200014,-83.6974221805085
25.35,-83.6974221805007
25.3563909483391,-83.697422180481
25.36,-83.6974221804697
25.3653928766769,-83.6974221804525
25.37,-83.6974221804375
25.3743948050146,-83.697422180423
25.38,-83.6974221804041
25.3833967333523,-83.6974221803926
25.39,-83.6974221803696
25.3923986616901,-83.6974221803611
25.4,-83.6974221803339
25.4014005900278,-83.6974221803288
25.41,-83.6974221802971
25.4104025183655,-83.6974221802956
25.4194044467033,-83.6974221802615
25.42,-83.6974221802592
25.428406375041,-83.6974221802264
25.43,-83.6974221802201
25.4374083033787,-83.6974221801905
25.44,-83.69742218018
25.4464102317165,-83.6974221801537
25.45,-83.6974221801388
25.4554121600542,-83.6974221801161
25.46,-83.6974221800967
25.4644140883919,-83.6974221800778
25.47,-83.6974221800536
25.4734160167297,-83.6974221800386
25.48,-83.6974221800096
25.4824179450674,-83.6974221799988
25.49,-83.6974221799647
25.4914198734051,-83.6974221799583
25.5,-83.697422179919
25.5004218017429,-83.6974221799171
25.5094237300806,-83.6974221798753
25.51,-83.6974221798726
25.5184256584183,-83.6974221798329
25.52,-83.6974221798254
25.527427586756,-83.6974221797899
25.53,-83.6974221797775
25.5364295150938,-83.6974221797464
25.54,-83.697422179729
25.5454314434315,-83.6974221797024
25.55,-83.6974221796799
25.5544333717692,-83.6974221796579
25.56,-83.6974221796302
25.563435300107,-83.697422179613
25.57,-83.69742217958
25.5724372284447,-83.6974221795677
25.58,-83.6974221795293
25.5814391567824,-83.697422179522
25.59,-83.6974221794782
25.5904410851202,-83.697422179476
25.5994430134579,-83.6974221794296
25.6,-83.6974221794267
25.6084449417956,-83.697422179383
25.61,-83.6974221793749
25.6174468701334,-83.6974221793361
25.62,-83.6974221793228
25.6264487984711,-83.697422179289
25.63,-83.6974221792704
25.6354507268088,-83.6974221792418
25.64,-83.6974221792178
25.6444526551466,-83.6974221791943
25.65,-83.697422179165
25.6534545834843,-83.6974221791468
25.66,-83.6974221791121
25.662456511822,-83.697422179099
25.67,-83.697422179059
25.6714584401598,-83.6974221790512
25.68,-83.6974221790058
25.6804603684975,-83.6974221790034
25.6894622968352,-83.6974221789554
25.69,-83.6974221789525
25.6984642251729,-83.6974221789075
25.7,-83.6974221788993
25.7074661535107,-83.6974221788595
25.71,-83.697422178846
25.7164680818484,-83.6974221788116
25.72,-83.6974221787928
25.7254700101861,-83.6974221787638
25.73,-83.6974221787397
25.7344719385239,-83.697422178716
25.74,-83.6974221786866
25.7434738668616,-83.6974221786682
25.75,-83.6974221786336
25.7524757951993,-83.6974221786205
25.76,-83.6974221785808
25.7614777235371,-83.6974221785729
25.77,-83.697422178528
25.7704796518748,-83.6974221785254
25.7794815802125,-83.6974221784781
25.78,-83.6974221784753
25.7884835085503,-83.6974221784308
25.79,-83.6974221784229
25.797485436888,-83.6974221783838
25.8,-83.6974221783707
25.8064873652257,-83.6974221783369
25.81,-83.6974221783186
25.8154892935635,-83.6974221782902
25.82,-83.6974221782668
25.8244912219012,-83.6974221782436
25.83,-83.6974221782152
25.8334931502389,-83.6974221781972
25.84,-83.6974221781638
25.8424950785767,-83.697422178151
25.85,-83.6974221781126
25.8514970069144,-83.6974221781049
25.86,-83.6974221780616
25.8604989352521,-83.6974221780591
25.8695008635898,-83.6974221780134
25.87,-83.6974221780109
25.8785027919276,-83.697422177968
25.88,-83.6974221779604
25.8875047202653,-83.6974221779227
25.89,-83.6974221779102
25.896506648603,-83.6974221778777
25.9,-83.6974221778602
25.9055085769408,-83.6974221778328
25.91,-83.6974221778105
25.9145105052785,-83.6974221777882
25.92,-83.6974221777611
25.9235124336162,-83.6974221777437
25.93,-83.6974221777118
25.932514361954,-83.6974221776995
25.94,-83.6974221776628
25.9415162902917,-83.6974221776554
25.95,-83.697422177614
25.9505182186294,-83.6974221776115
25.9595201469672,-83.6974221775678
25.96,-83.6974221775655
25.9685220753049,-83.6974221775243
25.97,-83.6974221775172
25.9775240036426,-83.697422177481
25.98,-83.6974221774691
25.9865259319804,-83.6974221774378
25.99,-83.6974221774212
25.9955278603181,-83.6974221773949
26,-83.6974221773736
26.0045297886558,-83.6974221773521
26.01,-83.6974221773262
26.0135317169936,-83.6974221773094
26.02,-83.6974221772789
26.0225336453313,-83.697422177267
26.03,-83.6974221772318
26.031535573669,-83.6974221772246
26.04,-83.697422177185
26.0405375020067,-83.6974221771824
26.0495394303445,-83.6974221771404
26.05,-83.6974221771382
26.0585413586822,-83.6974221770985
26.06,-83.6974221770917
26.0675432870199,-83.6974221770567
26.07,-83.6974221770453
26.0765452153577,-83.697422177015
26.08,-83.6974221769991
26.0855471436954,-83.6974221769735
26.09,-83.697422176953
26.0945490720331,-83.697422176932
26.1,-83.697422176907
26.1035510003709,-83.6974221768907
26.11,-83.6974221768611
26.1125529287086,-83.6974221768494
26.12,-83.6974221768154
26.1215548570463,-83.6974221768083
26.13,-83.6974221767698
26.1305567853841,-83.6974221767672
26.1395587137218,-83.6974221767262
26.14,-83.6974221767242
26.1485606420595,-83.6974221766853
26.15,-83.6974221766788
26.1575625703973,-83.6974221766445
26.16,-83.6974221766334
26.166564498735,-83.6974221766037
26.17,-83.6974221765881
26.1755664270727,-83.6974221765629
26.18,-83.6974221765429
26.1845683554105,-83.6974221765222
26.19,-83.6974221764977
26.1935702837482,-83.6974221764816
26.2,-83.6974221764526
26.2025722120859,-83.697422176441
26.21,-83.6974221764075
26.2115741404237,-83.6974221764004
26.22,-83.6974221763625
26.2205760687614,-83.6974221763599
26.2295779970991,-83.6974221763194
26.23,-83.6974221763175
26.2385799254368,-83.6974221762789
26.24,-83.6974221762725
26.2475818537746,-83.6974221762384
26.25,-83.6974221762275
26.2565837821123,-83.6974221761979
26.26,-83.6974221761825
26.26558571045,-83.6974221761574
26.27,-83.6974221761376
26.2745876387878,-83.697422176117
26.28,-83.6974221760926
26.2835895671255,-83.6974221760765
26.29,-83.6974221760477
26.2925914954632,-83.6974221760361
26.3,-83.6974221760027
26.301593423801,-83.6974221759956
26.31,-83.6974221759578
26.3105953521387,-83.6974221759551
26.3195972804764,-83.6974221759146
26.32,-83.6974221759128
26.3285992088142,-83.6974221758741
26.33,-83.6974221758678
26.3376011371519,-83.6974221758336
26.34,-83.6974221758228
26.3466030654896,-83.6974221757931
26.35,-83.6974221757778
26.3556049938274,-83.6974221757525
26.36,-83.6974221757327
26.3646069221651,-83.697422175712
26.37,-83.6974221756876
26.3736088505028,-83.6974221756714
26.38,-83.6974221756425
26.3826107788406,-83.6974221756307
26.39,-83.6974221755974
26.3916127071783,-83.6974221755901
26.4,-83.6974221755522
26.400614635516,-83.6974221755494
26.4096165638537,-83.6974221755088
26.41,-83.697422175507
26.4186184921915,-83.697422175468
26.42,-83.6974221754618
26.4276204205292,-83.6974221754273
26.43,-83.6974221754165
26.4366223488669,-83.6974221753865
26.44,-83.6974221753712
26.4456242772047,-83.6974221753457
26.45,-83.6974221753259
26.4546262055424,-83.6974221753049
26.46,-83.6974221752805
26.4636281338801,-83.6974221752641
26.47,-83.6974221752351
26.4726300622179,-83.6974221752232
26.48,-83.6974221751897
26.4816319905556,-83.6974221751823
26.49,-83.6974221751442
26.4906339188933,-83.6974221751414
26.4996358472311,-83.6974221751004
26.5,-83.6974221750987
26.5086377755688,-83.6974221750594
26.51,-83.6974221750532
26.5176397039065,-83.6974221750184
26.52,-83.6974221750077
26.5266416322443,-83.6974221749774
26.53,-83.6974221749621
26.535643560582,-83.6974221749363
26.54,-83.6974221749165
26.5446454889197,-83.6974221748953
26.55,-83.6974221748708
26.5536474172575,-83.6974221748542
26.56,-83.6974221748252
26.5626493455952,-83.6974221748131
26.57,-83.6974221747795
26.5716512739329,-83.6974221747719
26.58,-83.6974221747338
26.5806532022706,-83.6974221747308
26.5896551306084,-83.6974221746896
26.59,-83.6974221746881
26.5986570589461,-83.6974221746485
26.6,-83.6974221746423
26.6076589872838,-83.6974221746073
26.61,-83.6974221745965
26.6166609156216,-83.697422174566
26.62,-83.6974221745508
26.6256628439593,-83.6974221745248
26.63,-83.697422174505
26.634664772297,-83.6974221744836
26.64,-83.6974221744592
26.6436667006348,-83.6974221744424
26.65,-83.6974221744133
26.6526686289725,-83.6974221744011
26.66,-83.6974221743675
26.6616705573102,-83.6974221743599
26.67,-83.6974221743217
26.670672485648,-83.6974221743186
26.6796744139857,-83.6974221742773
26.68,-83.6974221742758
26.6886763423234,-83.6974221742361
26.69,-83.69742217423
26.6976782706612,-83.6974221741948
26.7,-83.6974221741841
26.7066801989989,-83.6974221741535
26.71,-83.6974221741383
26.7156821273366,-83.6974221741122
26.72,-83.6974221740924
26.7246840556744,-83.697422174071
26.73,-83.6974221740466
26.7336859840121,-83.6974221740297
26.74,-83.6974221740007
26.7426879123498,-83.6974221739884
26.75,-83.6974221739549
26.7516898406875,-83.6974221739471
26.76,-83.697422173909
26.7606917690253,-83.6974221739059
26.769693697363,-83.6974221738646
26.77,-83.6974221738632
26.7786956257007,-83.6974221738234
26.78,-83.6974221738174
26.7876975540385,-83.6974221737821
26.79,-83.6974221737716
26.7966994823762,-83.6974221737409
26.8,-83.6974221737258
26.8057014107139,-83.6974221736996
26.81,-83.6974221736799
26.8147033390517,-83.6974221736584
26.82,-83.6974221736342
26.8237052673894,-83.6974221736172
26.83,-83.6974221735884
26.8327071957271,-83.697422173576
26.84,-83.6974221735426
26.8417091240649,-83.6974221735348
26.85,-83.6974221734968
26.8507110524026,-83.6974221734936
26.8597129807403,-83.6974221734524
26.86,-83.6974221734511
26.8687149090781,-83.6974221734113
26.87,-83.6974221734054
26.8777168374158,-83.6974221733701
26.88,-83.6974221733597
26.8867187657535,-83.6974221733289
26.89,-83.697422173314
26.8957206940913,-83.6974221732878
26.9,-83.6974221732683
26.904722622429,-83.6974221732467
26.91,-83.6974221732226
26.9137245507667,-83.6974221732056
26.92,-83.6974221731769
26.9227264791044,-83.6974221731645
26.93,-83.6974221731313
26.9317284074422,-83.6974221731234
26.94,-83.6974221730857
26.9407303357799,-83.6974221730824
26.9497322641176,-83.6974221730413
26.95,-83.6974221730401
26.9587341924554,-83.6974221730003
26.96,-83.6974221729945
26.9677361207931,-83.6974221729593
26.97,-83.6974221729489
26.9767380491308,-83.6974221729182
26.98,-83.6974221729034
26.9857399774686,-83.6974221728772
26.99,-83.6974221728578
26.9947419058063,-83.6974221728362
27,-83.6974221728123
27.003743834144,-83.6974221727953
27.01,-83.6974221727668
27.0127457624818,-83.6974221727543
27.02,-83.6974221727213
27.0217476908195,-83.6974221727134
27.03,-83.6974221726758
27.0307496191572,-83.6974221726724
27.039751547495,-83.6974221726315
27.04,-83.6974221726304
27.0487534758327,-83.6974221725906
27.05,-83.697422172585
27.0577554041704,-83.6974221725497
27.06,-83.6974221725395
27.0667573325082,-83.6974221725089
27.07,-83.6974221724941
27.0757592608459,-83.697422172468
27.08,-83.6974221724487
27.0847611891836,-83.6974221724271
27.09,-83.6974221724034
27.0937631175213,-83.6974221723863
27.1,-83.697422172358
27.1027650458591,-83.6974221723455
27.11,-83.6974221723127
27.1117669741968,-83.6974221723047
27.12,-83.6974221722673
27.1207689025345,-83.6974221722638
27.1297708308723,-83.697422172223
27.13,-83.697422172222
27.13877275921,-83.6974221721823
27.14,-83.6974221721767
27.1477746875477,-83.6974221721415
27.15,-83.6974221721314
27.1567766158855,-83.6974221721007
27.16,-83.6974221720862
27.1657785442232,-83.69742217206
27.17,-83.6974221720409
27.1747804725609,-83.6974221720193
27.18,-83.6974221719957
27.1837824008987,-83.6974221719785
27.19,-83.6974221719504
27.1927843292364,-83.6974221719378
27.2,-83.6974221719052
27.2017862575741,-83.6974221718971
27.21,-83.69742217186
27.2107881859119,-83.6974221718564
27.2197901142496,-83.6974221718157
27.22,-83.6974221718148
27.2287920425873,-83.6974221717751
27.23,-83.6974221717696
27.2377939709251,-83.6974221717344
27.24,-83.6974221717245
27.2467958992628,-83.6974221716938
27.25,-83.6974221716793
27.2557978276005,-83.6974221716531
27.26,-83.6974221716341
27.2647997559382,-83.6974221716125
27.27,-83.697422171589
27.273801684276,-83.6974221715719
27.28,-83.6974221715439
27.2828036126137,-83.6974221715312
27.29,-83.6974221714988
27.2918055409514,-83.6974221714906
27.3,-83.6974221714537
27.3008074692892,-83.69742217145
27.3098093976269,-83.6974221714094
27.31,-83.6974221714086
27.3188113259646,-83.6974221713689
27.32,-83.6974221713635
27.3278132543024,-83.6974221713283
27.33,-83.6974221713185
27.3368151826401,-83.6974221712877
27.34,-83.6974221712734
27.3458171109778,-83.6974221712472
27.35,-83.6974221712283
27.3548190393156,-83.6974221712066
27.36,-83.6974221711833
27.3638209676533,-83.6974221711661
27.37,-83.6974221711383
27.372822895991,-83.6974221711256
27.38,-83.6974221710933
27.3818248243288,-83.697422171085
27.39,-83.6974221710482
27.3908267526665,-83.6974221710445
27.3998286810042,-83.697422171004
27.4,-83.6974221710032
27.408830609342,-83.6974221709635
27.41,-83.6974221709582
27.4178325376797,-83.697422170923
27.42,-83.6974221709133
27.4268344660174,-83.6974221708825
27.43,-83.6974221708683
27.4358363943551,-83.697422170842
27.44,-83.6974221708233
27.4448383226929,-83.6974221708016
27.45,-83.6974221707784
27.4538402510306,-83.6974221707611
27.46,-83.6974221707334
27.4628421793683,-83.6974221707207
27.47,-83.6974221706885
27.4718441077061,-83.6974221706802
27.48,-83.6974221706436
27.4808460360438,-83.6974221706398
27.4898479643815,-83.6974221705993
27.49,-83.6974221705987
27.4988498927193,-83.6974221705589
27.5,-83.6974221705537
27.507851821057,-83.6974221705185
27.51,-83.6974221705088
27.5168537493947,-83.6974221704781
27.52,-83.697422170464
27.5258556777325,-83.6974221704377
27.53,-83.6974221704191
27.5348576060702,-83.6974221703973
27.54,-83.6974221703742
27.5438595344079,-83.6974221703569
27.55,-83.6974221703293
27.5528614627457,-83.6974221703165
27.56,-83.6974221702845
27.5618633910834,-83.6974221702761
27.57,-83.6974221702396
27.5708653194211,-83.6974221702357
27.5798672477589,-83.6974221701954
27.58,-83.6974221701948
27.5888691760966,-83.697422170155
27.59,-83.6974221701499
27.5978711044343,-83.6974221701147
27.6,-83.6974221701051
27.6068730327721,-83.6974221700743
27.61,-83.6974221700603
27.6158749611098,-83.697422170034
27.62,-83.6974221700155
27.6248768894475,-83.6974221699937
27.63,-83.6974221699707
27.6338788177852,-83.6974221699534
27.64,-83.6974221699259
27.642880746123,-83.697422169913
27.65,-83.6974221698812
27.6518826744607,-83.6974221698727
27.66,-83.6974221698364
27.6608846027984,-83.6974221698324
27.6698865311362,-83.6974221697921
27.67,-83.6974221697916
27.6788884594739,-83.6974221697519
27.68,-83.6974221697469
27.6878903878116,-83.6974221697116
27.69,-83.6974221697021
27.6968923161494,-83.6974221696713
27.7,-83.6974221696574
27.7058942444871,-83.6974221696311
27.71,-83.6974221696127
27.7148961728248,-83.6974221695908
27.72,-83.697422169568
27.7238981011626,-83.6974221695505
27.73,-83.6974221695233
27.7329000295003,-83.6974221695103
27.74,-83.6974221694786
27.741901957838,-83.6974221694701
27.75,-83.6974221694339
27.7509038861758,-83.6974221694298
27.7599058145135,-83.6974221693896
27.76,-83.6974221693892
27.7689077428512,-83.6974221693494
27.77,-83.6974221693445
27.777909671189,-83.6974221693092
27.78,-83.6974221692999
27.7869115995267,-83.697422169269
27.79,-83.6974221692552
27.7959135278644,-83.6974221692288
27.8,-83.6974221692106
27.8049154562021,-83.6974221691886
27.81,-83.697422169166
27.8139173845399,-83.6974221691485
27.82,-83.6974221691213
27.8229193128776,-83.6974221691083
27.83,-83.6974221690767
27.8319212412153,-83.6974221690681
27.84,-83.6974221690321
27.8409231695531,-83.697422169028
27.8499250978908,-83.6974221689879
27.85,-83.6974221689875
27.8589270262285,-83.6974221689477
27.86,-83.6974221689429
27.8679289545663,-83.6974221689076
27.87,-83.6974221688984
27.876930882904,-83.6974221688675
27.88,-83.6974221688538
27.8859328112417,-83.6974221688274
27.89,-83.6974221688092
27.8949347395795,-83.6974221687873
27.9,-83.6974221687647
27.9039366679172,-83.6974221687472
27.91,-83.6974221687202
27.9129385962549,-83.6974221687071
27.92,-83.6974221686756
27.9219405245927,-83.697422168667
27.93,-83.6974221686311
27.9309424529304,-83.6974221686269
27.9399443812681,-83.6974221685869
27.94,-83.6974221685866
27.9489463096059,-83.6974221685468
27.95,-83.6974221685421
27.9579482379436,-83.6974221685067
27.96,-83.6974221684976
27.9669501662813,-83.6974221684667
27.97,-83.6974221684531
27.975952094619,-83.6974221684267
27.98,-83.6974221684087
27.9849540229568,-83.6974221683866
27.99,-83.6974221683642
27.9939559512945,-83.6974221683466
28,-83.6974221683197
28.0029578796322,-83.6974221683066
28.01,-83.6974221682753
28.01195980797,-83.6974221682666
28.02,-83.6974221682309
28.0209617363077,-83.6974221682266
28.0299636646454,-83.6974221681866
28.03,-83.6974221681864
28.0389655929832,-83.6974221681466
28.04,-83.697422168142
28.0479675213209,-83.6974221681066
28.05,-83.6974221680976
28.0569694496586,-83.6974221680667
28.06,-83.6974221680532
28.0659713779964,-83.6974221680267
28.07,-83.6974221680088
28.0749733063341,-83.6974221679868
28.08,-83.6974221679645
28.0839752346718,-83.6974221679468
28.09,-83.6974221679201
28.0929771630096,-83.6974221679069
28.1,-83.6974221678757
28.1019790913473,-83.6974221678669
28.11,-83.6974221678314
28.110981019685,-83.697422167827
28.1199829480228,-83.6974221677871
28.12,-83.697422167787
28.1289848763605,-83.6974221677472
28.13,-83.6974221677427
28.1379868046982,-83.6974221677073
28.14,-83.6974221676984
28.1469887330359,-83.6974221676674
28.15,-83.6974221676541
28.1559906613737,-83.6974221676275
28.16,-83.6974221676098
28.1649925897114,-83.6974221675877
28.17,-83.6974221675655
28.1739945180491,-83.6974221675478
28.18,-83.6974221675212
28.1829964463869,-83.6974221675079
28.19,-83.6974221674769
28.1919983747246,-83.6974221674681
28.2,-83.6974221674327
28.2010003030623,-83.6974221674282
28.21,-83.6974221673884
28.2100022314001,-83.6974221673884
28.2190041597378,-83.6974221673486
28.22,-83.6974221673442
28.2280060880755,-83.6974221673088
28.23,-83.6974221672999
28.2370080164133,-83.697422167269
28.24,-83.6974221672557
28.246009944751,-83.6974221672291
28.25,-83.6974221672115
28.2550118730887,-83.6974221671893
28.26,-83.6974221671673
28.2640138014265,-83.6974221671496
28.27,-83.6974221671231
28.2730157297642,-83.6974221671098
28.28,-83.6974221670789
28.2820176581019,-83.69742216707
28.29,-83.6974221670347
28.2910195864397,-83.6974221670302
28.3,-83.6974221669906
28.3000215147774,-83.6974221669905
28.3090234431151,-83.6974221669507
28.31,-83.6974221669464
28.3180253714528,-83.697422166911
28.32,-83.6974221669023
28.3270272997906,-83.6974221668712
28.33,-83.6974221668581
28.3360292281283,-83.6974221668315
28.34,-83.697422166814
28.345031156466,-83.6974221667918
28.35,-83.6974221667699
28.3540330848038,-83.6974221667521
28.36,-83.6974221667258
28.3630350131415,-83.6974221667124
28.37,-83.6974221666816
28.3720369414792,-83.6974221666727
28.38,-83.6974221666376
28.381038869817,-83.697422166633
28.39,-83.6974221665935
28.3900407981547,-83.6974221665933
28.3990427264924,-83.6974221665536
28.4,-83.6974221665494
28.4080446548302,-83.6974221665139
28.41,-83.6974221665053
28.4170465831679,-83.6974221664743
28.42,-83.6974221664613
28.4260485115056,-83.6974221664346
28.43,-83.6974221664172
28.4350504398434,-83.697422166395
28.44,-83.6974221663732
28.4440523681811,-83.6974221663553
28.45,-83.6974221663291
28.4530542965188,-83.6974221663157
28.46,-83.6974221662851
28.4620562248566,-83.6974221662761
28.47,-83.6974221662411
28.4710581531943,-83.6974221662365
28.48,-83.6974221661971
28.480060081532,-83.6974221661969
28.4890620098697,-83.6974221661573
28.49,-83.6974221661531
28.4980639382075,-83.6974221661177
28.5,-83.6974221661092
28.5070658665452,-83.6974221660781
28.51,-83.6974221660652
28.5160677948829,-83.6974221660385
28.52,-83.6974221660212
28.5250697232207,-83.6974221659989
28.53,-83.6974221659773
28.5340716515584,-83.6974221659594
28.54,-83.6974221659333
28.5430735798961,-83.6974221659198
28.55,-83.6974221658894
28.5520755082339,-83.6974221658803
28.56,-83.6974221658455
28.5610774365716,-83.6974221658407
28.57,-83.6974221658015
28.5700793649093,-83.6974221658012
28.5790812932471,-83.6974221657617
28.58,-83.6974221657576
28.5880832215848,-83.6974221657221
28.59,-83.6974221657137
28.5970851499225,-83.6974221656826
28.6,-83.6974221656698
28.6060870782603,-83.6974221656431
28.61,-83.697422165626
28.615089006598,-83.6974221656036
28.62,-83.6974221655821
28.6240909349357,-83.6974221655641
28.63,-83.6974221655382
28.6330928632735,-83.6974221655247
28.64,-83.6974221654944
28.6420947916112,-83.6974221654852
28.65,-83.6974221654505
28.6510967199489,-83.6974221654457
28.66,-83.6974221654067
28.6600986482866,-83.6974221654063
28.6691005766244,-83.6974221653668
28.67,-83.6974221653629
28.6781025049621,-83.6974221653274
28.68,-83.6974221653191
28.6871044332998,-83.6974221652879
28.69,-83.6974221652753
28.6961063616376,-83.6974221652485
28.7,-83.6974221652315
28.7051082899753,-83.6974221652091
28.71,-83.6974221651877
28.714110218313,-83.6974221651697
28.72,-83.6974221651439
28.7231121466508,-83.6974221651303
28.73,-83.6974221651001
28.7321140749885,-83.6974221650909
28.74,-83.6974221650564
28.7411160033262,-83.6974221650515
28.75,-83.6974221650126
28.750117931664,-83.6974221650121
28.7591198600017,-83.6974221649727
28.76,-83.6974221649689
28.7681217883394,-83.6974221649334
28.77,-83.6974221649252
28.7771237166772,-83.697422164894
28.78,-83.6974221648814
28.7861256450149,-83.6974221648546
28.79,-83.6974221648377
28.7951275733526,-83.6974221648153
28.8,-83.697422164794
28.8041295016904,-83.697422164776
28.81,-83.6974221647503
28.8131314300281,-83.6974221647366
28.82,-83.6974221647066
28.8221333583658,-83.6974221646973
28.83,-83.697422164663
28.8311352867035,-83.697422164658
28.84,-83.6974221646193
28.8401372150413,-83.6974221646187
28.849139143379,-83.6974221645794
28.85,-83.6974221645756
28.8581410717167,-83.6974221645401
28.86,-83.697422164532
28.8671430000545,-83.6974221645008
28.87,-83.6974221644883
28.8761449283922,-83.6974221644615
28.88,-83.6974221644447
28.8851468567299,-83.6974221644222
28.89,-83.6974221644011
28.8941487850677,-83.697422164383
28.9,-83.6974221643575
28.9031507134054,-83.6974221643437
28.91,-83.6974221643139
28.9121526417431,-83.6974221643045
28.92,-83.6974221642703
28.9211545700809,-83.6974221642652
28.93,-83.6974221642267
28.9301564984186,-83.697422164226
28.9391584267563,-83.6974221641868
28.94,-83.6974221641831
28.9481603550941,-83.6974221641476
28.95,-83.6974221641396
28.9571622834318,-83.6974221641084
28.96,-83.697422164096
28.9661642117695,-83.6974221640692
28.97,-83.6974221640524
28.9751661401073,-83.69742216403
28.98,-83.6974221640089
28.984168068445,-83.6974221639908
28.99,-83.6974221639654
28.9931699967827,-83.6974221639516
29,-83.6974221639219
29.0021719251205,-83.6974221639124
29.01,-83.6974221638784
29.0111738534582,-83.6974221638732
29.02,-83.6974221638348
29.0201757817959,-83.6974221638341
29.0291777101336,-83.6974221637949
29.03,-83.6974221637914
29.0381796384714,-83.6974221637558
29.04,-83.6974221637479
29.0471815668091,-83.6974221637167
29.05,-83.6974221637044
29.0561834951468,-83.6974221636775
29.06,-83.6974221636609
29.0651854234846,-83.6974221636384
29.07,-83.6974221636175
29.0741873518223,-83.6974221635993
29.08,-83.697422163574
29.08318928016,-83.6974221635602
29.09,-83.6974221635306
29.0921912084978,-83.6974221635211
29.1,-83.6974221634872
29.1011931368355,-83.697422163482
29.11,-83.6974221634437
29.1101950651732,-83.6974221634429
29.119196993511,-83.6974221634038
29.12,-83.6974221634003
29.1281989218487,-83.6974221633647
29.13,-83.6974221633569
29.1372008501864,-83.6974221633257
29.14,-83.6974221633135
29.1462027785242,-83.6974221632866
29.15,-83.6974221632702
29.1552047068619,-83.6974221632476
29.16,-83.6974221632268
29.1642066351996,-83.6974221632085
29.17,-83.6974221631834
29.1732085635374,-83.6974221631695
29.18,-83.6974221631401
29.1822104918751,-83.6974221631305
29.19,-83.6974221630967
29.1912124202128,-83.6974221630915
29.2,-83.6974221630534
29.2002143485505,-83.6974221630525
29.2092162768883,-83.6974221630134
29.21,-83.69742216301
29.218218205226,-83.6974221629744
29.22,-83.6974221629667
29.2272201335637,-83.6974221629355
29.23,-83.6974221629234
29.2362220619015,-83.6974221628965
29.24,-83.6974221628801
29.2452239902392,-83.6974221628575
29.25,-83.6974221628368
29.2542259185769,-83.6974221628185
29.26,-83.6974221627935
29.2632278469147,-83.6974221627796
29.27,-83.6974221627503
29.2722297752524,-83.6974221627406
29.28,-83.697422162707
29.2812317035901,-83.6974221627017
29.29,-83.6974221626638
29.2902336319279,-83.6974221626627
29.2992355602656,-83.6974221626238
29.3,-83.6974221626205
29.3082374886033,-83.6974221625849
29.31,-83.6974221625773
29.3172394169411,-83.697422162546
29.32,-83.697422162534
29.3262413452788,-83.6974221625071
29.33,-83.6974221624908
29.3352432736165,-83.6974221624682
29.34,-83.6974221624476
29.3442452019543,-83.6974221624293
29.35,-83.6974221624044
29.353247130292,-83.6974221623904
29.36,-83.6974221623612
29.3622490586297,-83.6974221623515
29.37,-83.697422162318
29.3712509869674,-83.6974221623126
29.38,-83.6974221622748
29.3802529153052,-83.6974221622738
29.3892548436429,-83.6974221622349
29.39,-83.6974221622317
29.3982567719806,-83.6974221621961
29.4,-83.6974221621885
29.4072587003184,-83.6974221621572
29.41,-83.6974221621454
29.4162606286561,-83.6974221621184
29.42,-83.6974221621022
29.4252625569938,-83.6974221620795
29.43,-83.6974221620591
29.4342644853316,-83.6974221620407
29.44,-83.697422162016
29.4432664136693,-83.6974221620019
29.45,-83.6974221619729
29.452268342007,-83.6974221619631
29.46,-83.6974221619298
29.4612702703448,-83.6974221619243
29.47,-83.6974221618867
29.4702721986825,-83.6974221618855
29.4792741270202,-83.6974221618467
29.48,-83.6974221618436
29.488276055358,-83.6974221618079
29.49,-83.6974221618005
29.4972779836957,-83.6974221617692
29.5,-83.6974221617575
29.5062799120334,-83.6974221617304
29.51,-83.6974221617144
29.5152818403712,-83.6974221616917
29.52,-83.6974221616714
29.5242837687089,-83.6974221616529
29.53,-83.6974221616283
29.5332856970466,-83.6974221616142
29.54,-83.6974221615853
29.5422876253843,-83.6974221615755
29.55,-83.6974221615423
29.5512895537221,-83.6974221615367
29.56,-83.6974221614993
29.5602914820598,-83.697422161498
29.5692934103975,-83.6974221614593
29.57,-83.6974221614563
29.5782953387353,-83.6974221614206
29.58,-83.6974221614133
29.587297267073,-83.6974221613819
29.59,-83.6974221613703
29.5962991954107,-83.6974221613432
29.6,-83.6974221613273
29.6053011237485,-83.6974221613045
29.61,-83.6974221612843
29.6143030520862,-83.6974221612658
29.62,-83.6974221612414
29.6233049804239,-83.6974221612272
29.63,-83.6974221611984
29.6323069087617,-83.6974221611885
29.64,-83.6974221611555
29.6413088370994,-83.6974221611499
29.65,-83.6974221611126
29.6503107654371,-83.6974221611112
29.6593126937749,-83.6974221610726
29.66,-83.6974221610696
29.6683146221126,-83.697422161034
29.67,-83.6974221610267
29.6773165504503,-83.6974221609953
29.68,-83.6974221609838
29.6863184787881,-83.6974221609567
29.69,-83.6974221609409
29.6953204071258,-83.6974221609181
29.7,-83.697422160898
29.7043223354635,-83.6974221608795
29.71,-83.6974221608552
29.7133242638012,-83.6974221608409
29.72,-83.6974221608123
29.722326192139,-83.6974221608023
29.73,-83.6974221607694
29.7313281204767,-83.6974221607637
29.74,-83.6974221607266
29.7403300488144,-83.6974221607252
29.7493319771522,-83.6974221606866
29.75,-83.6974221606837
29.7583339054899,-83.697422160648
29.76,-83.6974221606409
29.7673358338276,-83.6974221606095
29.77,-83.6974221605981
29.7763377621654,-83.697422160571
29.78,-83.6974221605553
29.7853396905031,-83.6974221605324
29.79,-83.6974221605125
29.7943416188408,-83.6974221604939
29.8,-83.6974221604697
29.8033435471786,-83.6974221604553
29.81,-83.6974221604269
29.8123454755163,-83.6974221604168
29.82,-83.6974221603841
29.821347403854,-83.6974221603783
29.83,-83.6974221603413
29.8303493321918,-83.6974221603398
29.8393512605295,-83.6974221603013
29.84,-83.6974221602986
29.8483531888672,-83.6974221602628
29.85,-83.6974221602558
29.857355117205,-83.6974221602244
29.86,-83.6974221602131
29.8663570455427,-83.6974221601859
29.87,-83.6974221601703
29.8753589738804,-83.6974221601474
29.88,-83.6974221601276
29.8843609022181,-83.697422160109
29.89,-83.6974221600849
29.8933628305559,-83.6974221600705
29.9,-83.6974221600422
29.9023647588936,-83.6974221600321
29.91,-83.6974221599995
29.9113666872313,-83.6974221599936
29.92,-83.6974221599568
29.9203686155691,-83.6974221599552
29.9293705439068,-83.6974221599168
29.93,-83.6974221599141
29.9383724722445,-83.6974221598784
29.94,-83.6974221598714
29.9473744005823,-83.69742215984
29.95,-83.6974221598288
29.95637632892,-83.6974221598016
29.96,-83.6974221597861
29.9653782572577,-83.6974221597632
29.97,-83.6974221597435
29.9743801855955,-83.6974221597248
29.98,-83.6974221597008
29.9833821139332,-83.6974221596864
29.99,-83.6974221596582
29.9923840422709,-83.6974221596481
30,-83.6974221596156
30.0013859706087,-83.6974221596097
30.01,-83.697422159573
30.0103878989464,-83.6974221595713
30.0193898272841,-83.697422159533
30.02,-83.6974221595304
30.0283917556219,-83.6974221594946
30.03,-83.6974221594878
30.0373936839596,-83.6974221594563
30.04,-83.6974221594452
30.0463956122973,-83.697422159418
30.05,-83.6974221594026
30.055397540635,-83.6974221593797
30.06,-83.6974221593601
30.0643994689728,-83.6974221593413
30.07,-83.6974221593175
30.0734013973105,-83.697422159303
30.08,-83.697422159275
30.0824033256482,-83.6974221592647
30.09,-83.6974221592324
30.091405253986,-83.6974221592264
30.1,-83.6974221591899
30.1004071823237,-83.6974221591882
30.1094091106614,-83.6974221591499
30.11,-83.6974221591474
30.1184110389992,-83.6974221591116
30.12,-83.6974221591048
30.1274129673369,-83.6974221590734
30.13,-83.6974221590623
30.1364148956746,-83.6974221590351
30.14,-83.6974221590199
30.1454168240124,-83.6974221589968
30.15,-83.6974221589774
30.1544187523501,-83.6974221589586
30.16,-83.6974221589349
30.1634206806878,-83.6974221589204
30.17,-83.6974221588924
30.1724226090256,-83.6974221588821
30.18,-83.69742215885
30.1814245373633,-83.6974221588439
30.19,-83.6974221588075
30.190426465701,-83.6974221588057
30.1994283940388,-83.6974221587675
30.2,-83.6974221587651
30.2084303223765,-83.6974221587293
30.21,-83.6974221587226
30.2174322507142,-83.6974221586911
30.22,-83.6974221586802
30.2264341790519,-83.6974221586529
30.23,-83.6974221586378
30.2354361073897,-83.6974221586147
30.24,-83.6974221585954
30.2444380357274,-83.6974221585766
30.25,-83.697422158553
30.2534399640651,-83.6974221585384
30.26,-83.6974221585106
30.2624418924029,-83.6974221585002
30.27,-83.6974221584682
30.2714438207406,-83.6974221584621
30.28,-83.6974221584258
30.2804457490783,-83.697422158424
30.2894476774161,-83.6974221583858
30.29,-83.6974221583835
30.2984496057538,-83.6974221583477
30.3,-83.6974221583411
30.3074515340915,-83.6974221583096
30.31,-83.6974221582988
30.3164534624293,-83.6974221582715
30.32,-83.6974221582564
30.325455390767,-83.6974221582333
30.33,-83.6974221582141
30.3344573191047,-83.6974221581953
30.34,-83.6974221581718
30.3434592474425,-83.6974221581572
30.35,-83.6974221581295
30.3524611757802,-83.6974221581191
30.36,-83.6974221580872
30.3614631041179,-83.697422158081
30.37,-83.6974221580449
30.3704650324557,-83.6974221580429
30.3794669607934,-83.6974221580049
30.38,-83.6974221580026
30.3884688891311,-83.6974221579668
30.39,-83.6974221579603
30.3974708174689,-83.6974221579287
30.4,-83.6974221579181
30.4064727458066,-83.6974221578907
30.41,-83.6974221578758
30.4154746741443,-83.6974221578527
30.42,-83.6974221578335
30.424476602482,-83.6974221578146
30.43,-83.6974221577913
30.4334785308198,-83.6974221577766
30.44,-83.6974221577491
30.4424804591575,-83.6974221577386
30.45,-83.6974221577069
30.4514823874952,-83.6974221577006
30.46,-83.6974221576646
30.460484315833,-83.6974221576626
30.4694862441707,-83.6974221576246
30.47,-83.6974221576224
30.4784881725084,-83.6974221575866
30.48,-83.6974221575802
30.4874901008462,-83.6974221575486
30.49,-83.697422157538
30.4964920291839,-83.6974221575107
30.5,-83.6974221574959
30.5054939575216,-83.6974221574727
30.51,-83.6974221574537
30.5144958858594,-83.6974221574347
30.52,-83.6974221574115
30.5234978141971,-83.6974221573968
30.53,-83.6974221573694
30.5324997425348,-83.6974221573588
30.54,-83.6974221573272
30.5415016708726,-83.6974221573209
30.55,-83.6974221572851
30.5505035992103,-83.697422157283
30.559505527548,-83.6974221572451
30.56,-83.697422157243
30.5685074558858,-83.6974221572071
30.57,-83.6974221572008
30.5775093842235,-83.6974221571692
30.58,-83.6974221571587
30.5865113125612,-83.6974221571313
30.59,-83.6974221571166
30.5955132408989,-83.6974221570934
30.6,-83.6974221570745
30.6045151692367,-83.6974221570555
30.61,-83.6974221570325
30.6135170975744,-83.6974221570177
30.62,-83.6974221569904
30.6225190259121,-83.6974221569798
30.63,-83.6974221569483
30.6315209542499,-83.6974221569419
30.64,-83.6974221569063
30.6405228825876,-83.6974221569041
30.6495248109253,-83.6974221568662
30.65,-83.6974221568642
30.6585267392631,-83.6974221568284
30.66,-83.6974221568222
30.6675286676008,-83.6974221567905
30.67,-83.6974221567801
30.6765305959385,-83.6974221567527
30.68,-83.6974221567381
30.6855325242763,-83.6974221567149
30.69,-83.6974221566961
30.694534452614,-83.697422156677
30.7,-83.6974221566541
30.7035363809517,-83.6974221566392
30.71,-83.6974221566121
30.7125383092895,-83.6974221566014
30.72,-83.6974221565701
30.7215402376272,-83.6974221565636
30.73,-83.6974221565281
30.7305421659649,-83.6974221565258
30.7395440943027,-83.6974221564881
30.74,-83.6974221564861
30.7485460226404,-83.6974221564503
30.75,-83.6974221564442
30.7575479509781,-83.6974221564125
30.76,-83.6974221564022
30.7665498793158,-83.6974221563748
30.77,-83.6974221563603
30.7755518076536,-83.697422156337
30.78,-83.6974221563184
30.7845537359913,-83.6974221562993
30.79,-83.6974221562764
30.793555664329,-83.6974221562615
30.8,-83.6974221562345
30.8025575926668,-83.6974221562238
30.81,-83.6974221561926
30.8115595210045,-83.6974221561861
30.82,-83.6974221561507
30.8205614493422,-83.6974221561483
30.82956337768,-83.6974221561106
30.83,-83.6974221561088
30.8385653060177,-83.6974221560729
30.84,-83.6974221560669
30.8475672343554,-83.6974221560352
30.85,-83.697422156025
30.8565691626932,-83.6974221559975
30.86,-83.6974221559832
30.8655710910309,-83.6974221559598
30.87,-83.6974221559413
30.8745730193686,-83.6974221559222
30.88,-83.6974221558994
30.8835749477064,-83.6974221558845
30.89,-83.6974221558576
30.8925768760441,-83.6974221558468
30.9,-83.6974221558158
30.9015788043818,-83.6974221558092
30.91,-83.697422155774
30.9105807327196,-83.6974221557715
30.9195826610573,-83.6974221557339
30.92,-83.6974221557321
30.928584589395,-83.6974221556962
30.93,-83.6974221556903
30.9375865177327,-83.6974221556586
30.94,-83.6974221556485
30.9465884460705,-83.697422155621
30.95,-83.6974221556067
30.9555903744082,-83.6974221555834
30.96,-83.697422155565
30.9645923027459,-83.6974221555458
30.97,-83.6974221555232
30.9735942310837,-83.6974221555082
30.98,-83.6974221554814
30.9825961594214,-83.6974221554706
30.99,-83.6974221554397
30.9915980877591,-83.697422155433
31,-83.6974221553979
31.0006000160969,-83.6974221553954
31.0096019444346,-83.6974221553578
31.01,-83.6974221553562
31.0186038727723,-83.6974221553203
31.02,-83.6974221553144
31.0276058011101,-83.6974221552827
31.03,-83.6974221552727
31.0366077294478,-83.6974221552452
31.04,-83.697422155231
31.0456096577855,-83.6974221552076
31.05,-83.6974221551893
31.0546115861233,-83.6974221551701
31.06,-83.6974221551476
31.063613514461,-83.6974221551325
31.07,-83.6974221551059
31.0726154427987,-83.697422155095
31.08,-83.6974221550642
31.0816173711365,-83.6974221550575
31.09,-83.6974221550226
31.0906192994742,-83.69742215502
31.0996212278119,-83.6974221549825
31.1,-83.6974221549809
31.1086231561496,-83.697422154945
31.11,-83.6974221549392
31.1176250844874,-83.6974221549075
31.12,-83.6974221548976
31.1266270128251,-83.69742215487
31.13,-83.697422154856
31.1356289411628,-83.6974221548325
31.14,-83.6974221548143
31.1446308695006,-83.6974221547951
31.15,-83.6974221547727
31.1536327978383,-83.6974221547576
31.16,-83.6974221547311
31.162634726176,-83.6974221547201
31.17,-83.6974221546895
31.1716366545138,-83.6974221546827
31.18,-83.6974221546479
31.1806385828515,-83.6974221546453
31.1896405111892,-83.6974221546078
31.19,-83.6974221546063
31.198642439527,-83.6974221545704
31.2,-83.6974221545647
31.2076443678647,-83.697422154533
31.21,-83.6974221545232
31.2166462962024,-83.6974221544956
31.22,-83.6974221544816
31.2256482245402,-83.6974221544582
31.23,-83.6974221544401
31.2346501528779,-83.6974221544207
31.24,-83.6974221543985
31.2436520812156,-83.6974221543834
31.25,-83.697422154357
31.2526540095534,-83.697422154346
31.26,-83.6974221543155
31.2616559378911,-83.6974221543086
31.27,-83.6974221542739
31.2706578662288,-83.6974221542712
31.2796597945665,-83.6974221542338
31.28,-83.6974221542324
31.2886617229043,-83.6974221541965
31.29,-83.6974221541909
31.297663651242,-83.6974221541591
31.3,-83.6974221541495
31.3066655795797,-83.6974221541218
31.31,-83.697422154108
31.3156675079175,-83.6974221540844
31.32,-83.6974221540665
31.3246694362552,-83.6974221540471
31.33,-83.697422154025
31.3336713645929,-83.6974221540098
31.34,-83.6974221539836
31.3426732929307,-83.6974221539725
31.35,-83.6974221539421
31.3516752212684,-83.6974221539352
31.36,-83.6974221539007
31.3606771496061,-83.6974221538979
31.3696790779439,-83.6974221538606
31.37,-83.6974221538592
31.3786810062816,-83.6974221538233
31.38,-83.6974221538178
31.3876829346193,-83.697422153786
31.39,-83.6974221537764
31.3966848629571,-83.6974221537487
31.4,-83.697422153735
31.4056867912948,-83.6974221537114
31.41,-83.6974221536936
31.4146887196325,-83.6974221536742
31.42,-83.6974221536522
31.4236906479703,-83.6974221536369
31.43,-83.6974221536108
31.432692576308,-83.6974221535997
31.44,-83.6974221535694
31.4416945046457,-83.6974221535624
31.45,-83.6974221535281
31.4506964329834,-83.6974221535252
31.4596983613212,-83.697422153488
31.46,-83.6974221534867
31.4687002896589,-83.6974221534507
31.47,-83.6974221534454
31.4777022179966,-83.6974221534135
31.48,-83.697422153404
31.4867041463344,-83.6974221533763
31.49,-83.6974221533627
31.4957060746721,-83.6974221533391
31.5,-83.6974221533214
31.5047080030098,-83.6974221533019
31.51,-83.6974221532801
31.5137099313476,-83.6974221532647
31.52,-83.6974221532387
31.5227118596853,-83.6974221532275
31.53,-83.6974221531975
31.531713788023,-83.6974221531904
31.54,-83.6974221531562
31.5407157163608,-83.6974221531532
31.5497176446985,-83.6974221531161
31.55,-83.6974221531149
31.5587195730362,-83.6974221530789
31.56,-83.6974221530736
31.567721501374,-83.6974221530417
31.57,-83.6974221530323
31.5767234297117,-83.6974221530046
31.58,-83.6974221529911
31.5857253580494,-83.6974221529675
31.59,-83.6974221529498
31.5947272863872,-83.6974221529303
31.6,-83.6974221529086
31.6037292147249,-83.6974221528932
31.61,-83.6974221528674
31.6127311430626,-83.6974221528561
31.62,-83.6974221528261
31.6217330714003,-83.697422152819
31.63,-83.6974221527849
31.6307349997381,-83.6974221527819
31.6397369280758,-83.6974221527448
31.64,-83.6974221527437
31.6487388564135,-83.6974221527077
31.65,-83.6974221527025
31.6577407847513,-83.6974221526707
31.66,-83.6974221526613
31.666742713089,-83.6974221526336
31.67,-83.6974221526202
31.6757446414267,-83.6974221525965
31.68,-83.697422152579
31.6847465697645,-83.6974221525594
31.69,-83.6974221525378
31.6937484981022,-83.6974221525224
31.7,-83.6974221524967
31.7027504264399,-83.6974221524854
31.71,-83.6974221524555
31.7117523547777,-83.6974221524483
31.72,-83.6974221524144
31.7207542831154,-83.6974221524113
31.7297562114531,-83.6974221523743
31.73,-83.6974221523733
31.7387581397909,-83.6974221523372
31.74,-83.6974221523321
31.7477600681286,-83.6974221523002
31.75,-83.697422152291
31.7567619964663,-83.6974221522632
31.76,-83.6974221522499
31.7657639248041,-83.6974221522262
31.77,-83.6974221522088
31.7747658531418,-83.6974221521892
31.78,-83.6974221521677
31.7837677814795,-83.6974221521523
31.79,-83.6974221521266
31.7927697098173,-83.6974221521153
31.8,-83.6974221520856
31.801771638155,-83.6974221520783
31.81,-83.6974221520445
31.8107735664927,-83.6974221520413
31.8197754948304,-83.6974221520044
31.82,-83.6974221520035
31.8287774231682,-83.6974221519674
31.83,-83.6974221519624
31.8377793515059,-83.6974221519305
31.84,-83.6974221519214
31.8467812798436,-83.6974221518935
31.85,-83.6974221518803
31.8557832081814,-83.6974221518566
31.86,-83.6974221518393
31.8647851365191,-83.6974221518197
31.87,-83.6974221517983
31.8737870648568,-83.6974221517828
31.88,-83.6974221517573
31.8827889931946,-83.6974221517459
31.89,-83.6974221517163
31.8917909215323,-83.697422151709
31.9,-83.6974221516753
31.90079284987,-83.6974221516721
31.9097947782078,-83.6974221516352
31.91,-83.6974221516343
31.9187967065455,-83.6974221515983
31.92,-83.6974221515934
31.9277986348832,-83.6974221515614
31.93,-83.6974221515524
31.936800563221,-83.6974221515246
31.94,-83.6974221515115
31.9458024915587,-83.6974221514877
31.95,-83.6974221514705
31.9548044198964,-83.6974221514508
31.96,-83.6974221514296
31.9638063482342,-83.697422151414
31.97,-83.6974221513886
31.9728082765719,-83.6974221513771
31.98,-83.6974221513477
31.9818102049096,-83.6974221513403
31.99,-83.6974221513068
31.9908121332473,-83.6974221513035
31.9998140615851,-83.6974221512667
32,-83.6974221512659
32.0088159899228,-83.6974221512298
32.01,-83.697422151225
32.0178179182605,-83.697422151193
32.02,-83.6974221511841
32.0268198465983,-83.6974221511562
32.03,-83.6974221511432
32.035821774936,-83.6974221511194
32.04,-83.6974221511024
32.0448237032737,-83.6974221510826
32.05,-83.6974221510615
32.0538256316115,-83.6974221510459
32.06,-83.6974221510206
32.0628275599492,-83.6974221510091
32.07,-83.6974221509798
32.0718294882869,-83.6974221509723
32.08,-83.6974221509389
32.0808314166247,-83.6974221509356
32.0898333449624,-83.6974221508988
32.09,-83.6974221508981
32.0988352733001,-83.6974221508621
32.1,-83.6974221508573
32.1078372016379,-83.6974221508253
32.11,-83.6974221508165
32.1168391299756,-83.6974221507886
32.12,-83.6974221507757
32.1258410583133,-83.6974221507518
32.13,-83.6974221507349
32.1348429866511,-83.6974221507151
32.14,-83.6974221506941
32.1438449149888,-83.6974221506784
32.15,-83.6974221506533
32.1528468433265,-83.6974221506417
32.16,-83.6974221506125
32.1618487716642,-83.697422150605
32.17,-83.6974221505718
32.170850700002,-83.6974221505683
32.1798526283397,-83.6974221505316
32.18,-83.697422150531
32.1888545566774,-83.6974221504949
32.19,-83.6974221504903
32.1978564850152,-83.6974221504583
32.2,-83.6974221504495
32.2068584133529,-83.6974221504216
32.21,-83.6974221504088
32.2158603416906,-83.6974221503849
32.22,-83.6974221503681
32.2248622700284,-83.6974221503483
32.23,-83.6974221503273
32.2338641983661,-83.6974221503116
32.24,-83.6974221502866
32.2428661267038,-83.697422150275
32.25,-83.697422150246
32.2518680550416,-83.6974221502383
32.26,-83.6974221502053
32.2608699833793,-83.6974221502017
32.269871911717,-83.6974221501651
32.27,-83.6974221501646
32.2788738400548,-83.6974221501285
32.28,-83.6974221501239
32.2878757683925,-83.6974221500919
32.29,-83.6974221500832
32.2968776967302,-83.6974221500553
32.3,-83.6974221500426
32.305879625068,-83.6974221500187
32.31,-83.6974221500019
32.3148815534057,-83.6974221499821
32.32,-83.6974221499613
32.3238834817434,-83.6974221499455
32.33,-83.6974221499207
32.3328854100811,-83.6974221499089
32.34,-83.69742214988
32.3418873384189,-83.6974221498724
32.35,-83.6974221498394
32.3508892667566,-83.6974221498358
32.3598911950943,-83.6974221497992
32.36,-83.6974221497988
32.3688931234321,-83.6974221497627
32.37,-83.6974221497582
32.3778950517698,-83.6974221497262
32.38,-83.6974221497176
32.3868969801075,-83.6974221496896
32.39,-83.697422149677
32.3958989084453,-83.6974221496531
32.4,-83.6974221496364
32.404900836783,-83.6974221496166
32.41,-83.6974221495959
32.4139027651207,-83.69742214958
32.42,-83.6974221495553
32.4229046934585,-83.6974221495435
32.43,-83.6974221495148
32.4319066217962,-83.697422149507
32.44,-83.6974221494742
32.4409085501339,-83.6974221494705
32.4499104784717,-83.6974221494341
32.45,-83.6974221494337
32.4589124068094,-83.6974221493976
32.46,-83.6974221493932
32.4679143351471,-83.6974221493611
32.47,-83.6974221493526
32.4769162634849,-83.6974221493246
32.48,-83.6974221493121
32.4859181918226,-83.6974221492882
32.49,-83.6974221492716
32.4949201201603,-83.6974221492517
32.5,-83.6974221492311
32.503922048498,-83.6974221492153
32.51,-83.6974221491907
32.5129239768358,-83.6974221491788
32.52,-83.6974221491502
32.5219259051735,-83.6974221491424
32.53,-83.6974221491097
32.5309278335112,-83.6974221491059
32.539929761849,-83.6974221490695
32.54,-83.6974221490692
32.5489316901867,-83.6974221490331
32.55,-83.6974221490288
32.5579336185244,-83.6974221489967
32.56,-83.6974221489884
32.5669355468622,-83.6974221489603
32.57,-83.6974221489479
32.5759374751999,-83.6974221489239
32.58,-83.6974221489075
32.5849394035376,-83.6974221488875
32.59,-83.697422148867
32.5939413318754,-83.6974221488511
32.6,-83.6974221488266
32.6029432602131,-83.6974221488148
32.61,-83.6974221487862
32.6119451885508,-83.6974221487784
32.62,-83.6974221487458
32.6209471168886,-83.697422148742
32.6299490452263,-83.6974221487057
32.63,-83.6974221487055
32.638950973564,-83.6974221486693
32.64,-83.6974221486651
32.6479529019018,-83.697422148633
32.65,-83.6974221486247
32.6569548302395,-83.6974221485966
32.66,-83.6974221485843
32.6659567585772,-83.6974221485603
32.67,-83.697422148544
32.6749586869149,-83.697422148524
32.68,-83.6974221485036
32.6839606152527,-83.6974221484876
32.69,-83.6974221484633
32.6929625435904,-83.6974221484513
32.7,-83.697422148423
32.7019644719281,-83.697422148415
32.71,-83.6974221483826
32.7109664002659,-83.6974221483787
32.7199683286036,-83.6974221483424
32.72,-83.6974221483423
32.7289702569413,-83.6974221483062
32.73,-83.697422148302
32.7379721852791,-83.6974221482699
32.74,-83.6974221482617
32.7469741136168,-83.6974221482336
32.75,-83.6974221482214
32.7559760419545,-83.6974221481973
32.76,-83.6974221481811
32.7649779702923,-83.6974221481611
32.77,-83.6974221481409
32.77397989863,-83.6974221481248
32.78,-83.6974221481006
32.7829818269677,-83.6974221480886
32.79,-83.6974221480603
32.7919837553055,-83.6974221480523
32.8,-83.6974221480201
32.8009856836432,-83.6974221480161
32.8099876119809,-83.6974221479799
32.81,-83.6974221479798
32.8189895403187,-83.6974221479437
32.82,-83.6974221479396
32.8279914686564,-83.6974221479075
32.83,-83.6974221478994
32.8369933969941,-83.6974221478713
32.84,-83.6974221478592
32.8459953253318,-83.6974221478351
32.85,-83.6974221478189
32.8549972536696,-83.6974221477989
32.86,-83.6974221477787
32.8639991820073,-83.6974221477627
32.87,-83.6974221477385
32.873001110345,-83.6974221477265
32.88,-83.6974221476984
32.8820030386828,-83.6974221476903
32.89,-83.6974221476582
32.8910049670205,-83.6974221476542
32.9,-83.697422147618
32.9000068953582,-83.697422147618
32.909008823696,-83.6974221475818
32.91,-83.6974221475779
32.9180107520337,-83.6974221475457
32.92,-83.6974221475377
32.9270126803714,-83.6974221475095
32.93,-83.6974221474976
32.9360146087092,-83.6974221474734
32.94,-83.6974221474574
32.9450165370469,-83.6974221474373
32.95,-83.6974221474173
32.9540184653846,-83.6974221474012
32.96,-83.6974221473772
32.9630203937224,-83.697422147365
32.97,-83.6974221473371
32.9720223220601,-83.6974221473289
32.98,-83.6974221472969
32.9810242503978,-83.6974221472928
32.99,-83.6974221472568
32.9900261787356,-83.6974221472567
32.9990281070733,-83.6974221472206
33,-83.6974221472168
33.008030035411,-83.6974221471846
33.01,-83.6974221471767
33.0170319637487,-83.6974221471485
33.02,-83.6974221471366
33.0260338920865,-83.6974221471124
33.03,-83.6974221470965
33.0350358204242,-83.6974221470764
33.04,-83.6974221470565
33.0440377487619,-83.6974221470403
33.05,-83.6974221470164
33.0530396770997,-83.6974221470042
33.06,-83.6974221469764
33.0620416054374,-83.6974221469682
33.07,-83.6974221469363
33.0710435337751,-83.6974221469322
33.08,-83.6974221468963
33.0800454621129,-83.6974221468961
33.0890473904506,-83.6974221468601
33.09,-83.6974221468563
33.0980493187883,-83.6974221468241
33.1,-83.6974221468163
33.1070512471261,-83.6974221467881
33.11,-83.6974221467763
33.1160531754638,-83.6974221467521
33.12,-83.6974221467363
33.1250551038015,-83.6974221467161
33.13,-83.6974221466963
33.1340570321393,-83.6974221466801
33.14,-83.6974221466563
33.143058960477,-83.6974221466441
33.15,-83.6974221466163
33.1520608888147,-83.6974221466081
33.16,-83.6974221465764
33.1610628171525,-83.6974221465721
33.17,-83.6974221465364
33.1700647454902,-83.6974221465362
33.1790666738279,-83.6974221465002
33.18,-83.6974221464965
33.1880686021657,-83.6974221464642
33.19,-83.6974221464565
33.1970705305034,-83.6974221464283
33.2,-83.6974221464166
33.2060724588411,-83.6974221463923
33.21,-83.6974221463767
33.2150743871788,-83.6974221463564
33.22,-83.6974221463367
33.2240763155166,-83.6974221463205
33.23,-83.6974221462968
33.2330782438543,-83.6974221462846
33.24,-83.6974221462569
33.242080172192,-83.6974221462486
33.25,-83.697422146217
33.2510821005298,-83.6974221462127
33.26,-83.6974221461772
33.2600840288675,-83.6974221461768
33.2690859572052,-83.6974221461409
33.27,-83.6974221461373
33.278087885543,-83.697422146105
33.28,-83.6974221460974
33.2870898138807,-83.6974221460691
33.29,-83.6974221460575
33.2960917422184,-83.6974221460333
33.3,-83.6974221460177
33.3050936705562,-83.6974221459974
33.31,-83.6974221459779
33.3140955988939,-83.6974221459615
33.32,-83.697422145938
33.3230975272316,-83.6974221459257
33.33,-83.6974221458982
33.3320994555694,-83.6974221458898
33.34,-83.6974221458584
33.3411013839071,-83.697422145854
33.35,-83.6974221458185
33.3501033122448,-83.6974221458181
33.3591052405826,-83.6974221457823
33.36,-83.6974221457787
33.3681071689203,-83.6974221457465
33.37,-83.6974221457389
33.377109097258,-83.6974221457107
33.38,-83.6974221456992
33.3861110255957,-83.6974221456748
33.39,-83.6974221456594
33.3951129539335,-83.697422145639
33.4,-83.6974221456196
33.4041148822712,-83.6974221456032
33.41,-83.6974221455798
33.4131168106089,-83.6974221455674
33.42,-83.6974221455401
33.4221187389467,-83.6974221455316
33.43,-83.6974221455003
33.4311206672844,-83.6974221454959
33.44,-83.6974221454606
33.4401225956221,-83.6974221454601
33.4491245239599,-83.6974221454243
33.45,-83.6974221454208
33.4581264522976,-83.6974221453886
33.46,-83.6974221453811
33.4671283806353,-83.6974221453528
33.47,-83.6974221453414
33.4761303089731,-83.697422145317
33.48,-83.6974221453017
33.4851322373108,-83.6974221452813
33.49,-83.697422145262
33.4941341656485,-83.6974221452456
33.5,-83.6974221452223
33.5031360939863,-83.6974221452098
33.51,-83.6974221451826
33.512138022324,-83.6974221451741
33.52,-83.6974221451429
33.5211399506617,-83.6974221451384
33.53,-83.6974221451032
33.5301418789995,-83.6974221451027
33.5391438073372,-83.697422145067
33.54,-83.6974221450636
33.5481457356749,-83.6974221450313
33.55,-83.6974221450239
33.5571476640126,-83.6974221449956
33.56,-83.6974221449843
33.5661495923504,-83.6974221449599
33.57,-83.6974221449446
33.5751515206881,-83.6974221449242
33.58,-83.697422144905
33.5841534490258,-83.6974221448885
33.59,-83.6974221448654
33.5931553773636,-83.6974221448529
33.6,-83.6974221448258
33.6021573057013,-83.6974221448172
33.61,-83.6974221447862
33.611159234039,-83.6974221447816
33.62,-83.6974221447466
33.6201611623768,-83.6974221447459
33.6291630907145,-83.6974221447103
33.63,-83.697422144707
33.6381650190522,-83.6974221446746
33.64,-83.6974221446674
33.64716694739,-83.697422144639
33.65,-83.6974221446278
33.6561688757277,-83.6974221446034
33.66,-83.6974221445882
33.6651708040654,-83.6974221445678
33.67,-83.6974221445487
33.6741727324032,-83.6974221445322
33.68,-83.6974221445091
33.6831746607409,-83.6974221444966
33.69,-83.6974221444696
33.6921765890786,-83.697422144461
33.7,-83.69742214443
33.7011785174164,-83.6974221444254
33.71,-83.6974221443905
33.7101804457541,-83.6974221443898
33.7191823740918,-83.6974221443542
33.72,-83.697422144351
33.7281843024295,-83.6974221443186
33.73,-83.6974221443115
33.7371862307673,-83.6974221442831
33.74,-83.697422144272
33.746188159105,-83.6974221442475
33.75,-83.6974221442324
33.7551900874427,-83.697422144212
33.76,-83.697422144193
33.7641920157805,-83.6974221441764
33.77,-83.6974221441535
33.7731939441182,-83.6974221441409
33.78,-83.697422144114
33.7821958724559,-83.6974221441053
33.79,-83.6974221440745
33.7911978007937,-83.6974221440698
33.8,-83.6974221440351
33.8001997291314,-83.6974221440343
33.8092016574691,-83.6974221439988
33.81,-83.6974221439956
33.8182035858069,-83.6974221439633
33.82,-83.6974221439562
33.8272055141446,-83.6974221439278
33.83,-83.6974221439167
33.8362074424823,-83.6974221438923
33.84,-83.6974221438773
33.8452093708201,-83.6974221438568
33.85,-83.6974221438379
33.8542112991578,-83.6974221438213
33.86,-83.6974221437985
33.8632132274955,-83.6974221437858
33.87,-83.6974221437591
33.8722151558333,-83.6974221437503
33.88,-83.6974221437197
33.881217084171,-83.6974221437149
33.89,-83.6974221436803
33.8902190125087,-83.6974221436794
33.8992209408464,-83.697422143644
33.9,-83.6974221436409
33.9082228691842,-83.6974221436085
33.91,-83.6974221436015
33.9172247975219,-83.6974221435731
33.92,-83.6974221435622
33.9262267258596,-83.6974221435377
33.93,-83.6974221435228
33.9352286541974,-83.6974221435022
33.94,-83.6974221434834
33.9442305825351,-83.6974221434668
33.95,-83.6974221434441
33.9532325108728,-83.6974221434314
33.96,-83.6974221434048
33.9622344392106,-83.697422143396
33.97,-83.6974221433654
33.9712363675483,-83.6974221433606
33.98,-83.6974221433261
33.980238295886,-83.6974221433252
33.9892402242238,-83.6974221432898
33.99,-83.6974221432868
33.9982421525615,-83.6974221432544
34,-83.6974221432475
34.0072440808992,-83.697422143219
34.01,-83.6974221432082
34.016246009237,-83.6974221431837
34.02,-83.6974221431689
34.0252479375747,-83.6974221431483
34.03,-83.6974221431296
34.0342498659124,-83.6974221431129
34.04,-83.6974221430904
34.0432517942502,-83.6974221430776
34.05,-83.6974221430511
34.0522537225879,-83.6974221430422
34.06,-83.6974221430118
34.0612556509256,-83.6974221430069
34.07,-83.6974221429726
34.0702575792633,-83.6974221429716
34.0792595076011,-83.6974221429362
34.08,-83.6974221429333
34.0882614359388,-83.6974221429009
34.09,-83.6974221428941
34.0972633642765,-83.6974221428656
34.1,-83.6974221428549
34.1062652926143,-83.6974221428303
34.11,-83.6974221428157
34.115267220952,-83.697422142795
34.12,-83.6974221427764
34.1242691492897,-83.6974221427597
34.13,-83.6974221427372
34.1332710776275,-83.6974221427244
34.14,-83.697422142698
34.1422730059652,-83.6974221426891
34.15,-83.6974221426589
34.1512749343029,-83.6974221426539
34.16,-83.6974221426197
34.1602768626407,-83.6974221426186
34.1692787909784,-83.6974221425833
34.17,-83.6974221425805
34.1782807193161,-83.6974221425481
34.18,-83.6974221425413
34.1872826476539,-83.6974221425128
34.19,-83.6974221425022
34.1962845759916,-83.6974221424776
34.2,-83.697422142463
34.2052865043293,-83.6974221424423
34.21,-83.6974221424239
34.2142884326671,-83.6974221424071
34.22,-83.6974221423848
34.2232903610048,-83.6974221423719
34.23,-83.6974221423456
34.2322922893425,-83.6974221423367
34.24,-83.6974221423065
34.2412942176802,-83.6974221423014
34.25,-83.6974221422674
34.250296146018,-83.6974221422662
34.2592980743557,-83.697422142231
34.26,-83.6974221422283
34.2683000026934,-83.6974221421958
34.27,-83.6974221421892
34.2773019310312,-83.6974221421606
34.28,-83.6974221421501
34.2863038593689,-83.6974221421255
34.29,-83.697422142111
34.2953057877066,-83.6974221420903
34.3,-83.6974221420719
34.3043077160444,-83.6974221420551
34.31,-83.6974221420329
34.3133096443821,-83.69742214202
34.32,-83.6974221419938
34.3223115727198,-83.6974221419848
34.33,-83.6974221419548
34.3313135010576,-83.6974221419496
34.34,-83.6974221419157
34.3403154293953,-83.6974221419145
34.349317357733,-83.6974221418794
34.35,-83.6974221418767
34.3583192860708,-83.6974221418442
34.36,-83.6974221418377
34.3673212144085,-83.6974221418091
34.37,-83.6974221417987
34.3763231427462,-83.697422141774
34.38,-83.6974221417596
34.385325071084,-83.6974221417389
34.39,-83.6974221417206
34.3943269994217,-83.6974221417038
34.4,-83.6974221416816
34.4033289277594,-83.6974221416687
34.41,-83.6974221416426
34.4123308560971,-83.6974221416336
34.42,-83.6974221416037
34.4213327844349,-83.6974221415985
34.43,-83.6974221415647
34.4303347127726,-83.6974221415634
34.4393366411103,-83.6974221415283
34.44,-83.6974221415257
34.4483385694481,-83.6974221414932
34.45,-83.6974221414868
34.4573404977858,-83.6974221414582
34.46,-83.6974221414478
34.4663424261235,-83.6974221414231
34.47,-83.6974221414089
34.4753443544613,-83.6974221413881
34.48,-83.6974221413699
34.484346282799,-83.697422141353
34.49,-83.697422141331
34.4933482111367,-83.697422141318
34.5,-83.6974221412921
34.5023501394745,-83.6974221412829
34.51,-83.6974221412532
34.5113520678122,-83.6974221412479
34.52,-83.6974221412143
34.5203539961499,-83.6974221412129
34.5293559244877,-83.6974221411779
34.53,-83.6974221411754
34.5383578528254,-83.6974221411429
34.54,-83.6974221411365
34.5473597811631,-83.6974221411079
34.55,-83.6974221410976
34.5563617095009,-83.6974221410729
34.56,-83.6974221410587
34.5653636378386,-83.6974221410379
34.57,-83.6974221410199
34.5743655661763,-83.6974221410029
34.58,-83.697422140981
34.5833674945141,-83.6974221409679
34.59,-83.6974221409421
34.5923694228518,-83.6974221409329
34.6,-83.6974221409033
34.6013713511895,-83.697422140898
34.61,-83.6974221408645
34.6103732795272,-83.697422140863
34.619375207865,-83.6974221408281
34.62,-83.6974221408256
34.6283771362027,-83.6974221407931
34.63,-83.6974221407868
34.6373790645404,-83.6974221407582
34.64,-83.697422140748
34.6463809928782,-83.6974221407232
34.65,-83.6974221407092
34.6553829212159,-83.6974221406883
34.66,-83.6974221406704
34.6643848495536,-83.6974221406534
34.67,-83.6974221406316
34.6733867778914,-83.6974221406185
34.68,-83.6974221405928
34.6823887062291,-83.6974221405836
34.69,-83.6974221405541
34.6913906345668,-83.6974221405487
34.7,-83.6974221405153
34.7003925629046,-83.6974221405138
34.7093944912423,-83.6974221404789
34.71,-83.6974221404765
34.71839641958,-83.697422140444
34.72,-83.6974221404378
34.7273983479178,-83.6974221404091
34.73,-83.697422140399
34.7364002762555,-83.6974221403742
34.74,-83.6974221403603
34.7454022045932,-83.6974221403394
34.75,-83.6974221403215
34.754404132931,-83.6974221403045
34.76,-83.6974221402828
34.7634060612687,-83.6974221402696
34.77,-83.6974221402441
34.7724079896064,-83.6974221402348
34.78,-83.6974221402054
34.7814099179441,-83.6974221401999
34.79,-83.6974221401667
34.7904118462819,-83.6974221401651
34.7994137746196,-83.6974221401303
34.8,-83.697422140128
34.8084157029573,-83.6974221400955
34.81,-83.6974221400893
34.8174176312951,-83.6974221400606
34.82,-83.6974221400506
34.8264195596328,-83.6974221400258
34.83,-83.697422140012
34.8354214879705,-83.697422139991
34.84,-83.6974221399733
34.8444234163083,-83.6974221399562
34.85,-83.6974221399347
34.853425344646,-83.6974221399214
34.86,-83.697422139896
34.8624272729837,-83.6974221398866
34.87,-83.6974221398574
34.8714292013215,-83.6974221398519
34.88,-83.6974221398187
34.8804311296592,-83.6974221398171
34.8894330579969,-83.6974221397823
34.89,-83.6974221397801
34.8984349863347,-83.6974221397475
34.9,-83.6974221397415
34.9074369146724,-83.6974221397128
34.91,-83.6974221397029
34.9164388430101,-83.697422139678
34.92,-83.6974221396643
34.9254407713479,-83.6974221396433
34.93,-83.6974221396257
34.9344426996856,-83.6974221396085
34.94,-83.6974221395871
34.9434446280233,-83.6974221395738
34.95,-83.6974221395485
34.952446556361,-83.6974221395391
34.96,-83.69742213951
34.9614484846988,-83.6974221395044
34.97,-83.6974221394714
34.9704504130365,-83.6974221394697
34.9794523413742,-83.6974221394349
34.98,-83.6974221394328
34.988454269712,-83.6974221394002
34.99,-83.6974221393943
34.9974561980497,-83.6974221393655
35,-83.6974221393557
35.0064581263874,-83.6974221393308
35.01,-83.6974221393172
35.0154600547252,-83.6974221392962
35.02,-83.6974221392787
35.0244619830629,-83.6974221392615
35.03,-83.6974221392401
35.0334639114006,-83.6974221392268
35.04,-83.6974221392016
35.0424658397384,-83.6974221391921
35.05,-83.6974221391631
35.0514677680761,-83.6974221391575
35.06,-83.6974221391246
35.0604696964138,-83.6974221391228
35.0694716247516,-83.6974221390882
35.07,-83.6974221390861
35.0784735530893,-83.6974221390535
35.08,-83.6974221390477
35.087475481427,-83.6974221390189
35.09,-83.6974221390092
35.0964774097648,-83.6974221389843
35.1,-83.6974221389707
35.1054793381025,-83.6974221389496
35.11,-83.6974221389323
35.1144812664402,-83.697422138915
35.12,-83.6974221388938
35.1234831947779,-83.6974221388804
35.13,-83.6974221388554
35.1324851231157,-83.6974221388458
35.14,-83.6974221388169
35.1414870514534,-83.6974221388112
35.15,-83.6974221387785
35.1504889797911,-83.6974221387766
35.1594909081289,-83.697422138742
35.16,-83.6974221387401
35.1684928364666,-83.6974221387075
35.17,-83.6974221387017
35.1774947648043,-83.6974221386729
35.18,-83.6974221386633
35.1864966931421,-83.6974221386383
35.19,-83.6974221386249
35.1954986214798,-83.6974221386037
35.2,-83.6974221385865
35.2045005498175,-83.6974221385692
35.21,-83.6974221385481
35.2135024781553,-83.6974221385346
35.22,-83.6974221385097
35.222504406493,-83.6974221385001
35.23,-83.6974221384713
35.2315063348307,-83.6974221384656
35.24,-83.697422138433
35.2405082631685,-83.697422138431
35.2495101915062,-83.6974221383965
35.25,-83.6974221383946
35.2585121198439,-83.697422138362
35.26,-83.6974221383563
35.2675140481817,-83.6974221383275
35.27,-83.6974221383179
35.2765159765194,-83.6974221382929
35.28,-83.6974221382796
35.2855179048571,-83.6974221382584
35.29,-83.6974221382413
35.2945198331948,-83.6974221382239
35.3,-83.6974221382029
35.3035217615326,-83.6974221381895
35.31,-83.6974221381646
35.3125236898703,-83.697422138155
35.32,-83.6974221381263
35.321525618208,-83.6974221381205
35.33,-83.697422138088
35.3305275465458,-83.697422138086
35.3395294748835,-83.6974221380516
35.34,-83.6974221380497
35.3485314032212,-83.6974221380171
35.35,-83.6974221380115
35.357533331559,-83.6974221379826
35.36,-83.6974221379732
35.3665352598967,-83.6974221379482
35.37,-83.6974221379349
35.3755371882344,-83.6974221379137
35.38,-83.6974221378967
35.3845391165722,-83.6974221378793
35.39,-83.6974221378584
35.3935410449099,-83.6974221378449
35.4,-83.6974221378202
35.4025429732476,-83.6974221378104
35.41,-83.6974221377819
35.4115449015854,-83.697422137776
35.42,-83.6974221377437
35.4205468299231,-83.6974221377416
35.4295487582608,-83.6974221377072
35.43,-83.6974221377055
35.4385506865986,-83.6974221376728
35.44,-83.6974221376673
35.4475526149363,-83.6974221376384
35.45,-83.6974221376291
35.456554543274,-83.697422137604
35.46,-83.6974221375909
35.4655564716117,-83.6974221375696
35.47,-83.6974221375527
35.4745583999495,-83.6974221375353
35.48,-83.6974221375145
35.4835603282872,-83.6974221375009
35.49,-83.6974221374763
35.4925622566249,-83.6974221374665
35.5,-83.6974221374381
35.5015641849627,-83.6974221374322
35.51,-83.6974221374
35.5105661133004,-83.6974221373978
35.5195680416381,-83.6974221373635
35.52,-83.6974221373618
35.5285699699759,-83.6974221373291
35.53,-83.6974221373237
35.5375718983136,-83.6974221372948
35.54,-83.6974221372855
35.5465738266513,-83.6974221372605
35.55,-83.6974221372474
35.5555757549891,-83.6974221372261
35.56,-83.6974221372093
35.5645776833268,-83.6974221371918
35.57,-83.6974221371712
35.5735796116645,-83.6974221371575
35.58,-83.697422137133
35.5825815400023,-83.6974221371232
35.59,-83.6974221370949
35.59158346834,-83.6974221370889
35.6,-83.6974221370568
35.6005853966777,-83.6974221370546
35.6095873250155,-83.6974221370203
35.61,-83.6974221370188
35.6185892533532,-83.697422136986
35.62,-83.6974221369807
35.6275911816909,-83.6974221369518
35.63,-83.6974221369426
35.6365931100286,-83.6974221369175
35.64,-83.6974221369045
35.6455950383664,-83.6974221368832
35.65,-83.6974221368665
35.6545969667041,-83.697422136849
35.66,-83.6974221368284
35.6635988950418,-83.6974221368147
35.67,-83.6974221367904
35.6726008233796,-83.6974221367805
35.68,-83.6974221367524
35.6816027517173,-83.6974221367463
35.69,-83.6974221367143
35.690604680055,-83.697422136712
35.6996066083928,-83.6974221366778
35.7,-83.6974221366763
35.7086085367305,-83.6974221366436
35.71,-83.6974221366383
35.7176104650682,-83.6974221366093
35.72,-83.6974221366003
35.726612393406,-83.6974221365751
35.73,-83.6974221365623
35.7356143217437,-83.6974221365409
35.74,-83.6974221365243
35.7446162500814,-83.6974221365067
35.75,-83.6974221364863
35.7536181784192,-83.6974221364725
35.76,-83.6974221364483
35.7626201067569,-83.6974221364384
35.77,-83.6974221364103
35.7716220350946,-83.6974221364042
35.78,-83.6974221363724
35.7806239634324,-83.69742213637
35.7896258917701,-83.6974221363358
35.79,-83.6974221363344
35.7986278201078,-83.6974221363017
35.8,-83.6974221362965
35.8076297484455,-83.6974221362675
35.81,-83.6974221362585
35.8166316767833,-83.6974221362334
35.82,-83.6974221362206
35.825633605121,-83.6974221361992
35.83,-83.6974221361827
35.8346355334587,-83.6974221361651
35.84,-83.6974221361447
35.8436374617965,-83.697422136131
35.85,-83.6974221361068
35.8526393901342,-83.6974221360968
35.86,-83.6974221360689
35.8616413184719,-83.6974221360627
35.87,-83.697422136031
35.8706432468097,-83.6974221360286
35.8796451751474,-83.6974221359945
35.88,-83.6974221359931
35.8886471034851,-83.6974221359604
35.89,-83.6974221359553
35.8976490318229,-83.6974221359263
35.9,-83.6974221359174
35.9066509601606,-83.6974221358922
35.91,-83.6974221358795
35.9156528884983,-83.6974221358581
35.92,-83.6974221358416
35.9246548168361,-83.697422135824
35.93,-83.6974221358038
35.9336567451738,-83.6974221357899
35.94,-83.6974221357659
35.9426586735115,-83.6974221357559
35.95,-83.6974221357281
35.9516606018493,-83.6974221357218
35.96,-83.6974221356903
35.960662530187,-83.6974221356878
35.9696644585247,-83.6974221356537
35.97,-83.6974221356524
35.9786663868625,-83.6974221356197
35.98,-83.6974221356146
35.9876683152002,-83.6974221355856
35.99,-83.6974221355768
35.9966702435379,-83.6974221355516
36,-83.697422135539
36.0056721718756,-83.6974221355176
36.01,-83.6974221355012
36.0146741002134,-83.6974221354836
36.02,-83.6974221354634
36.0236760285511,-83.6974221354495
36.03,-83.6974221354256
36.0326779568888,-83.6974221354155
36.04,-83.6974221353879
36.0416798852266,-83.6974221353815
36.05,-83.6974221353501
36.0506818135643,-83.6974221353475
36.059683741902,-83.6974221353135
36.06,-83.6974221353123
36.0686856702398,-83.6974221352796
36.07,-83.6974221352746
36.0776875985775,-83.6974221352456
36.08,-83.6974221352368
36.0866895269152,-83.6974221352116
36.09,-83.6974221351991
36.095691455253,-83.6974221351776
36.1,-83.6974221351614
36.1046933835907,-83.6974221351437
36.11,-83.6974221351237
36.1136953119284,-83.6974221351097
36.12,-83.6974221350859
36.1226972402662,-83.6974221350758
36.13,-83.6974221350482
36.1316991686039,-83.6974221350418
36.14,-83.6974221350105
36.1407010969416,-83.6974221350079
36.1497030252794,-83.697422134974
36.15,-83.6974221349728
36.1587049536171,-83.69742213494
36.16,-83.6974221349352
36.1677068819548,-83.6974221349061
36.17,-83.6974221348975
36.1767088102925,-83.6974221348722
36.18,-83.6974221348598
36.1857107386303,-83.6974221348383
36.19,-83.6974221348221
36.194712666968,-83.6974221348044
36.2,-83.6974221347845
36.2037145953057,-83.6974221347705
36.21,-83.6974221347468
36.2127165236435,-83.6974221347366
36.22,-83.6974221347092
36.2217184519812,-83.6974221347027
36.23,-83.6974221346715
36.2307203803189,-83.6974221346688
36.2397223086567,-83.6974221346349
36.24,-83.6974221346339
36.2487242369944,-83.6974221346011
36.25,-83.6974221345963
36.2577261653321,-83.6974221345672
36.26,-83.6974221345587
36.2667280936699,-83.6974221345334
36.27,-83.6974221345211
36.2757300220076,-83.6974221344995
36.28,-83.6974221344835
36.2847319503453,-83.6974221344657
36.29,-83.6974221344459
36.2937338786831,-83.6974221344318
36.3,-83.6974221344083
36.3027358070208,-83.697422134398
36.31,-83.6974221343707
36.3117377353585,-83.6974221343642
36.32,-83.6974221343331
36.3207396636963,-83.6974221343304
36.329741592034,-83.6974221342965
36.33,-83.6974221342956
36.3387435203717,-83.6974221342627
36.34,-83.697422134258
36.3477454487094,-83.6974221342289
36.35,-83.6974221342205
36.3567473770472,-83.6974221341951
36.36,-83.6974221341829
36.3657493053849,-83.6974221341613
36.37,-83.6974221341454
36.3747512337226,-83.6974221341275
36.38,-83.6974221341079
36.3837531620604,-83.6974221340938
36.39,-83.6974221340703
36.3927550903981,-83.69742213406
36.4,-83.6974221340328
36.4017570187358,-83.6974221340262
36.41,-83.6974221339953
36.4107589470736,-83.6974221339925
36.4197608754113,-83.6974221339587
36.42,-83.6974221339578
36.428762803749,-83.6974221339249
36.43,-83.6974221339203
36.4377647320868,-83.6974221338912
36.44,-83.6974221338828
36.4467666604245,-83.6974221338575
36.45,-83.6974221338453
36.4557685887622,-83.6974221338237
36.46,-83.6974221338079
36.4647705171,-83.69742213379
36.47,-83.6974221337704
36.4737724454377,-83.6974221337563
36.48,-83.697422133733
36.4827743737754,-83.6974221337226
36.49,-83.6974221336955
36.4917763021132,-83.6974221336889
36.5,-83.6974221336581
36.5007782304509,-83.6974221336552
36.5097801587886,-83.6974221336215
36.51,-83.6974221336206
36.5187820871263,-83.6974221335878
36.52,-83.6974221335832
36.5277840154641,-83.6974221335541
36.53,-83.6974221335458
36.5367859438018,-83.6974221335204
36.54,-83.6974221335084
36.5457878721395,-83.6974221334867
36.55,-83.697422133471
36.5547898004773,-83.697422133453
36.56,-83.6974221334335
36.563791728815,-83.6974221334194
36.57,-83.6974221333962
36.5727936571527,-83.6974221333857
36.58,-83.6974221333588
36.5817955854905,-83.6974221333521
36.59,-83.6974221333214
36.5907975138282,-83.6974221333184
36.5997994421659,-83.6974221332848
36.6,-83.697422133284
36.6088013705037,-83.6974221332511
36.61,-83.6974221332467
36.6178032988414,-83.6974221332175
36.62,-83.6974221332093
36.6268052271791,-83.6974221331839
36.63,-83.697422133172
36.6358071555169,-83.6974221331503
36.64,-83.6974221331346
36.6448090838546,-83.6974221331167
36.65,-83.6974221330973
36.6538110121923,-83.6974221330831
36.66,-83.6974221330599
36.6628129405301,-83.6974221330495
36.67,-83.6974221330226
36.6718148688678,-83.6974221330158
36.68,-83.6974221329853
36.6808167972055,-83.6974221329823
36.6898187255432,-83.6974221329487
36.69,-83.697422132948
36.698820653881,-83.6974221329151
36.7,-83.6974221329107
36.7078225822187,-83.6974221328815
36.71,-83.6974221328734
36.7168245105564,-83.697422132848
36.72,-83.6974221328361
36.7258264388942,-83.6974221328144
36.73,-83.6974221327988
36.7348283672319,-83.6974221327808
36.74,-83.6974221327616
36.7438302955696,-83.6974221327473
36.75,-83.6974221327243
36.7528322239074,-83.6974221327138
36.76,-83.6974221326871
36.7618341522451,-83.6974221326802
36.77,-83.6974221326498
36.7708360805828,-83.6974221326467
36.7798380089206,-83.6974221326132
36.78,-83.6974221326126
36.7888399372583,-83.6974221325796
36.79,-83.6974221325753
36.797841865596,-83.6974221325461
36.8,-83.6974221325381
36.8068437939338,-83.6974221325126
36.81,-83.6974221325009
36.8158457222715,-83.6974221324791
36.82,-83.6974221324637
36.8248476506092,-83.6974221324456
36.83,-83.6974221324265
36.833849578947,-83.6974221324121
36.84,-83.6974221323892
36.8428515072847,-83.6974221323786
36.85,-83.6974221323521
36.8518534356224,-83.6974221323452
36.86,-83.6974221323149
36.8608553639601,-83.6974221323117
36.8698572922979,-83.6974221322782
36.87,-83.6974221322777
36.8788592206356,-83.6974221322448
36.88,-83.6974221322405
36.8878611489733,-83.6974221322113
36.89,-83.6974221322034
36.8968630773111,-83.6974221321778
36.9,-83.6974221321662
36.9058650056488,-83.6974221321444
36.91,-83.697422132129
36.9148669339865,-83.697422132111
36.92,-83.6974221320919
36.9238688623243,-83.6974221320775
36.93,-83.6974221320548
36.932870790662,-83.6974221320441
36.94,-83.6974221320176
36.9418727189997,-83.6974221320107
36.95,-83.6974221319805
36.9508746473375,-83.6974221319773
36.9598765756752,-83.6974221319439
36.96,-83.6974221319434
36.9688785040129,-83.6974221319104
36.97,-83.6974221319063
36.9778804323507,-83.697422131877
36.98,-83.6974221318692
36.9868823606884,-83.6974221318437
36.99,-83.6974221318321
36.9958842890261,-83.6974221318103
37,-83.697422131795
37.0048862173639,-83.6974221317769
37.01,-83.6974221317579
37.0138881457016,-83.6974221317435
37.02,-83.6974221317208
37.0228900740393,-83.6974221317101
37.03,-83.6974221316838
37.031892002377,-83.6974221316768
37.04,-83.6974221316467
37.0408939307148,-83.6974221316434
37.0498958590525,-83.6974221316101
37.05,-83.6974221316097
37.0588977873902,-83.6974221315767
37.06,-83.6974221315726
37.067899715728,-83.6974221315434
37.07,-83.6974221315356
37.0769016440657,-83.69742213151
37.08,-83.6974221314986
37.0859035724034,-83.6974221314767
37.09,-83.6974221314615
37.0949055007412,-83.6974221314434
37.1,-83.6974221314245
37.1039074290789,-83.6974221314101
37.11,-83.6974221313875
37.1129093574166,-83.6974221313767
37.12,-83.6974221313505
37.1219112857544,-83.6974221313434
37.13,-83.6974221313135
37.1309132140921,-83.6974221313101
37.1399151424298,-83.6974221312768
37.14,-83.6974221312765
37.1489170707676,-83.6974221312435
37.15,-83.6974221312395
37.1579189991053,-83.6974221312103
37.16,-83.6974221312026
37.166920927443,-83.697422131177
37.17,-83.6974221311656
37.1759228557808,-83.6974221311437
37.18,-83.6974221311286
37.1849247841185,-83.6974221311104
37.19,-83.6974221310917
37.1939267124562,-83.6974221310772
37.2,-83.6974221310547
37.2029286407939,-83.6974221310439
37.21,-83.6974221310178
37.2119305691317,-83.6974221310107
37.22,-83.6974221309809
37.2209324974694,-83.6974221309774
37.2299344258071,-83.6974221309442
37.23,-83.6974221309439
37.2389363541449,-83.6974221309109
37.24,-83.697422130907
37.2479382824826,-83.6974221308777
37.25,-83.6974221308701
37.2569402108203,-83.6974221308445
37.26,-83.6974221308332
37.2659421391581,-83.6974221308113
37.27,-83.6974221307963
37.2749440674958,-83.6974221307781
37.28,-83.6974221307594
37.2839459958335,-83.6974221307449
37.29,-83.6974221307225
37.2929479241713,-83.6974221307116
37.3,-83.6974221306856
37.301949852509,-83.6974221306784
37.31,-83.6974221306488
37.3109517808467,-83.6974221306453
37.3199537091845,-83.6974221306121
37.32,-83.6974221306119
37.3289556375222,-83.6974221305789
37.33,-83.697422130575
37.3379575658599,-83.6974221305457
37.34,-83.6974221305382
37.3469594941977,-83.6974221305126
37.35,-83.6974221305014
37.3559614225354,-83.6974221304794
37.36,-83.6974221304645
37.3649633508731,-83.6974221304462
37.37,-83.6974221304277
37.3739652792109,-83.6974221304131
37.38,-83.6974221303909
37.3829672075486,-83.6974221303799
37.39,-83.6974221303541
37.3919691358863,-83.6974221303468
37.4,-83.6974221303172
37.400971064224,-83.6974221303137
37.4099729925618,-83.6974221302806
37.41,-83.6974221302804
37.4189749208995,-83.6974221302474
37.42,-83.6974221302437
37.4279768492372,-83.6974221302143
37.43,-83.6974221302069
37.436978777575,-83.6974221301812
37.44,-83.6974221301701
37.4459807059127,-83.6974221301481
37.45,-83.6974221301333
37.4549826342504,-83.697422130115
37.46,-83.6974221300966
37.4639845625882,-83.6974221300819
37.47,-83.6974221300598
37.4729864909259,-83.6974221300488
37.48,-83.697422130023
37.4819884192636,-83.6974221300157
37.49,-83.6974221299863
37.4909903476014,-83.6974221299827
37.4999922759391,-83.6974221299496
37.5,-83.6974221299496
37.5089942042768,-83.6974221299165
37.51,-83.6974221299128
37.5179961326146,-83.6974221298835
37.52,-83.6974221298761
37.5269980609523,-83.6974221298504
37.53,-83.6974221298394
37.53599998929,-83.6974221298174
37.54,-83.6974221298027
37.5450019176278,-83.6974221297843
37.55,-83.697422129766
37.5540038459655,-83.6974221297513
37.56,-83.6974221297293
37.5630057743032,-83.6974221297183
37.57,-83.6974221296926
37.5720077026409,-83.6974221296852
37.58,-83.6974221296559
37.5810096309787,-83.6974221296522
37.59,-83.6974221296192
37.5900115593164,-83.6974221296192
37.5990134876541,-83.6974221295862
37.6,-83.6974221295826
37.6080154159919,-83.6974221295532
37.61,-83.6974221295459
37.6170173443296,-83.6974221295202
37.62,-83.6974221295092
37.6260192726673,-83.6974221294872
37.63,-83.6974221294726
37.6350212010051,-83.6974221294542
37.64,-83.6974221294359
37.6440231293428,-83.6974221294212
37.65,-83.6974221293993
37.6530250576805,-83.6974221293882
37.66,-83.6974221293627
37.6620269860183,-83.6974221293553
37.67,-83.6974221293261
37.671028914356,-83.6974221293223
37.68,-83.6974221292894
37.6800308426937,-83.6974221292893
37.6890327710315,-83.6974221292564
37.69,-83.6974221292529
37.6980346993692,-83.6974221292234
37.7,-83.6974221292162
37.7070366277069,-83.6974221291905
37.71,-83.6974221291797
37.7160385560447,-83.6974221291576
37.72,-83.6974221291431
37.7250404843824,-83.6974221291246
37.73,-83.6974221291065
37.7340424127201,-83.6974221290917
37.74,-83.6974221290699
37.7430443410578,-83.6974221290588
37.75,-83.6974221290333
37.7520462693956,-83.6974221290259
37.76,-83.6974221289968
37.7610481977333,-83.697422128993
37.77,-83.6974221289602
37.770050126071,-83.69742212896
37.7790520544088,-83.6974221289271
37.78,-83.6974221289237
37.7880539827465,-83.6974221288943
37.79,-83.6974221288872
37.7970559110842,-83.6974221288614
37.8,-83.6974221288506
37.806057839422,-83.6974221288285
37.81,-83.6974221288141
37.8150597677597,-83.6974221287956
37.82,-83.6974221287776
37.8240616960974,-83.6974221287627
37.83,-83.6974221287411
37.8330636244352,-83.6974221287299
37.84,-83.6974221287045
37.8420655527729,-83.697422128697
37.85,-83.6974221286681
37.8510674811106,-83.6974221286642
37.86,-83.6974221286316
37.8600694094484,-83.6974221286313
37.8690713377861,-83.6974221285985
37.87,-83.6974221285951
37.8780732661238,-83.6974221285656
37.88,-83.6974221285586
37.8870751944616,-83.6974221285328
37.89,-83.6974221285221
37.8960771227993,-83.6974221285
37.9,-83.6974221284857
37.905079051137,-83.6974221284672
37.91,-83.6974221284492
37.9140809794747,-83.6974221284343
37.92,-83.6974221284128
37.9230829078125,-83.6974221284015
37.93,-83.6974221283763
37.9320848361502,-83.6974221283687
37.94,-83.6974221283399
37.9410867644879,-83.6974221283359
37.95,-83.6974221283034
37.9500886928257,-83.6974221283031
37.9590906211634,-83.6974221282703
37.96,-83.697422128267
37.9680925495011,-83.6974221282375
37.97,-83.6974221282306
37.9770944778389,-83.6974221282048
37.98,-83.6974221281942
37.9860964061766,-83.697422128172
37.99,-83.6974221281578
37.9950983345143,-83.6974221281392
38,-83.6974221281214
38.0041002628521,-83.6974221281065
38.01,-83.697422128085
38.0131021911898,-83.6974221280737
38.02,-83.6974221280486
38.0221041195275,-83.697422128041
38.03,-83.6974221280122
38.0311060478653,-83.6974221280082
38.04,-83.6974221279759
38.040107976203,-83.6974221279755
38.0491099045407,-83.6974221279428
38.05,-83.6974221279395
38.0581118328785,-83.69742212791
38.06,-83.6974221279032
38.0671137612162,-83.6974221278773
38.07,-83.6974221278668
38.0761156895539,-83.6974221278446
38.08,-83.6974221278305
38.0851176178916,-83.6974221278119
38.09,-83.6974221277941
38.0941195462294,-83.6974221277792
38.1,-83.6974221277578
38.1031214745671,-83.6974221277465
38.11,-83.6974221277215
38.1121234029048,-83.6974221277138
38.12,-83.6974221276852
38.1211253312426,-83.6974221276811
38.13,-83.6974221276489
38.1301272595803,-83.6974221276484
38.139129187918,-83.6974221276157
38.14,-83.6974221276126
38.1481311162558,-83.6974221275831
38.15,-83.6974221275763
38.1571330445935,-83.6974221275504
38.16,-83.69742212754
38.1661349729312,-83.6974221275177
38.17,-83.6974221275037
38.175136901269,-83.6974221274851
38.18,-83.6974221274674
38.1841388296067,-83.6974221274524
38.19,-83.6974221274312
38.1931407579444,-83.6974221274198
38.2,-83.6974221273949
38.2021426862822,-83.6974221273871
38.21,-83.6974221273586
38.2111446146199,-83.6974221273545
38.22,-83.6974221273224
38.2201465429576,-83.6974221273219
38.2291484712954,-83.6974221272892
38.23,-83.6974221272861
38.2381503996331,-83.6974221272566
38.24,-83.6974221272499
38.2471523279708,-83.697422127224
38.25,-83.6974221272137
38.2561542563085,-83.6974221271914
38.26,-83.6974221271775
38.2651561846463,-83.6974221271588
38.27,-83.6974221271413
38.274158112984,-83.6974221271262
38.28,-83.697422127105
38.2831600413217,-83.6974221270936
38.29,-83.6974221270688
38.2921619696595,-83.697422127061
38.3,-83.6974221270327
38.3011638979972,-83.6974221270284
38.31,-83.6974221269965
38.3101658263349,-83.6974221269959
38.3191677546727,-83.6974221269633
38.32,-83.6974221269603
38.3281696830104,-83.6974221269307
38.33,-83.6974221269241
38.3371716113481,-83.6974221268982
38.34,-83.697422126888
38.3461735396859,-83.6974221268656
38.35,-83.6974221268518
38.3551754680236,-83.6974221268331
38.36,-83.6974221268156
38.3641773963613,-83.6974221268005
38.37,-83.6974221267795
38.3731793246991,-83.697422126768
38.38,-83.6974221267434
38.3821812530368,-83.6974221267355
38.39,-83.6974221267072
38.3911831813745,-83.697422126703
38.4,-83.6974221266711
38.4001851097123,-83.6974221266704
38.40918703805,-83.6974221266379
38.41,-83.697422126635
38.4181889663877,-83.6974221266054
38.42,-83.6974221265989
38.4271908947254,-83.6974221265729
38.43,-83.6974221265628
38.4361928230632,-83.6974221265404
38.44,-83.6974221265267
38.4451947514009,-83.6974221265079
38.45,-83.6974221264906
38.4541966797386,-83.6974221264754
38.46,-83.6974221264545
38.4631986080764,-83.697422126443
38.47,-83.6974221264184
38.4722005364141,-83.6974221264105
38.48,-83.6974221263823
38.4812024647518,-83.697422126378
38.49,-83.6974221263463
38.4902043930896,-83.6974221263455
38.4992063214273,-83.6974221263131
38.5,-83.6974221263102
38.508208249765,-83.6974221262806
38.51,-83.6974221262742
38.5172101781028,-83.6974221262482
38.52,-83.6974221262381
38.5262121064405,-83.6974221262157
38.53,-83.6974221262021
38.5352140347782,-83.6974221261833
38.54,-83.6974221261661
38.544215963116,-83.6974221261509
38.55,-83.69742212613
38.5532178914537,-83.6974221261184
38.56,-83.697422126094
38.5622198197914,-83.697422126086
38.57,-83.697422126058
38.5712217481292,-83.6974221260536
38.58,-83.697422126022
38.5802236764669,-83.6974221260212
38.5892256048046,-83.6974221259888
38.59,-83.697422125986
38.5982275331423,-83.6974221259564
38.6,-83.69742212595
38.6072294614801,-83.697422125924
38.61,-83.697422125914
38.6162313898178,-83.6974221258916
38.62,-83.697422125878
38.6252333181555,-83.6974221258592
38.63,-83.6974221258421
38.6342352464933,-83.6974221258268
38.64,-83.6974221258061
38.643237174831,-83.6974221257945
38.65,-83.6974221257702
38.6522391031687,-83.6974221257621
38.66,-83.6974221257342
38.6612410315065,-83.6974221257297
38.67,-83.6974221256983
38.6702429598442,-83.6974221256974
38.6792448881819,-83.697422125665
38.68,-83.6974221256623
38.6882468165197,-83.6974221256327
38.69,-83.6974221256264
38.6972487448574,-83.6974221256004
38.7,-83.6974221255905
38.7062506731951,-83.697422125568
38.71,-83.6974221255546
38.7152526015329,-83.6974221255357
38.72,-83.6974221255186
38.7242545298706,-83.6974221255034
38.73,-83.6974221254827
38.7332564582083,-83.697422125471
38.74,-83.6974221254468
38.7422583865461,-83.6974221254387
38.75,-83.6974221254109
38.7512603148838,-83.6974221254064
38.76,-83.6974221253751
38.7602622432215,-83.6974221253741
38.7692641715593,-83.6974221253418
38.77,-83.6974221253392
38.778266099897,-83.6974221253095
38.78,-83.6974221253033
38.7872680282347,-83.6974221252772
38.79,-83.6974221252675
38.7962699565724,-83.697422125245
38.8,-83.6974221252316
38.8052718849102,-83.6974221252127
38.81,-83.6974221251957
38.8142738132479,-83.6974221251804
38.82,-83.6974221251599
38.8232757415856,-83.6974221251482
38.83,-83.6974221251241
38.8322776699234,-83.6974221251159
38.84,-83.6974221250882
38.8412795982611,-83.6974221250836
38.85,-83.6974221250524
38.8502815265988,-83.6974221250514
38.8592834549366,-83.6974221250192
38.86,-83.6974221250166
38.8682853832743,-83.6974221249869
38.87,-83.6974221249808
38.877287311612,-83.6974221249547
38.88,-83.697422124945
38.8862892399498,-83.6974221249225
38.89,-83.6974221249092
38.8952911682875,-83.6974221248902
38.9,-83.6974221248734
38.9042930966252,-83.697422124858
38.91,-83.6974221248376
38.913295024963,-83.6974221248258
38.92,-83.6974221248018
38.9222969533007,-83.6974221247936
38.93,-83.697422124766
38.9312988816384,-83.6974221247614
38.94,-83.6974221247303
38.9403008099762,-83.6974221247292
38.9493027383139,-83.697422124697
38.95,-83.6974221246945
38.9583046666516,-83.6974221246648
38.96,-83.6974221246588
38.9673065949893,-83.6974221246327
38.97,-83.697422124623
38.9763085233271,-83.6974221246005
38.98,-83.6974221245873
38.9853104516648,-83.6974221245683
38.99,-83.6974221245516
38.9943123800025,-83.6974221245362
39,-83.6974221245158
39.0033143083403,-83.697422124504
39.01,-83.6974221244801
39.012316236678,-83.6974221244719
39.02,-83.6974221244444
39.0213181650157,-83.6974221244397
39.03,-83.6974221244087
39.0303200933535,-83.6974221244076
39.0393220216912,-83.6974221243754
39.04,-83.697422124373
39.0483239500289,-83.6974221243433
39.05,-83.6974221243373
39.0573258783667,-83.6974221243112
39.06,-83.6974221243016
39.0663278067044,-83.697422124279
39.07,-83.697422124266
39.0753297350421,-83.6974221242469
39.08,-83.6974221242303
39.0843316633799,-83.6974221242148
39.09,-83.6974221241946
39.0933335917176,-83.6974221241827
39.1,-83.6974221241589
39.1023355200553,-83.6974221241506
39.11,-83.6974221241233
39.1113374483931,-83.6974221241185
39.12,-83.6974221240877
39.1203393767308,-83.6974221240864
39.1293413050685,-83.6974221240544
39.13,-83.697422124052
39.1383432334062,-83.6974221240223
39.14,-83.6974221240164
39.147345161744,-83.6974221239902
39.15,-83.6974221239808
39.1563470900817,-83.6974221239582
39.16,-83.6974221239451
39.1653490184194,-83.6974221239261
39.17,-83.6974221239095
39.1743509467572,-83.697422123894
39.18,-83.6974221238739
39.1833528750949,-83.697422123862
39.19,-83.6974221238383
39.1923548034326,-83.6974221238299
39.2,-83.6974221238027
39.2013567317704,-83.6974221237979
39.21,-83.6974221237671
39.2103586601081,-83.6974221237659
39.2193605884458,-83.6974221237338
39.22,-83.6974221237316
39.2283625167836,-83.6974221237018
39.23,-83.697422123696
39.2373644451213,-83.6974221236698
39.24,-83.6974221236604
39.246366373459,-83.6974221236378
39.25,-83.6974221236249
39.2553683017968,-83.6974221236058
39.26,-83.6974221235893
39.2643702301345,-83.6974221235738
39.27,-83.6974221235537
39.2733721584722,-83.6974221235418
39.28,-83.6974221235182
39.28237408681,-83.6974221235098
39.29,-83.6974221234827
39.2913760151477,-83.6974221234778
39.3,-83.6974221234472
39.3003779434854,-83.6974221234458
39.3093798718231,-83.6974221234138
39.31,-83.6974221234116
39.3183818001609,-83.6974221233819
39.32,-83.6974221233761
39.3273837284986,-83.6974221233499
39.33,-83.6974221233406
39.3363856568363,-83.6974221233179
39.34,-83.6974221233051
39.3453875851741,-83.697422123286
39.35,-83.6974221232696
39.3543895135118,-83.697422123254
39.36,-83.6974221232341
39.3633914418495,-83.6974221232221
39.37,-83.6974221231986
39.3723933701873,-83.6974221231902
39.38,-83.6974221231632
39.381395298525,-83.6974221231582
39.39,-83.6974221231277
39.3903972268627,-83.6974221231263
39.3993991552005,-83.6974221230944
39.4,-83.6974221230922
39.4084010835382,-83.6974221230625
39.41,-83.6974221230568
39.4174030118759,-83.6974221230305
39.42,-83.6974221230213
39.4264049402137,-83.6974221229986
39.43,-83.6974221229859
39.4354068685514,-83.6974221229667
39.44,-83.6974221229505
39.4444087968891,-83.6974221229348
39.45,-83.697422122915
39.4534107252269,-83.6974221229029
39.46,-83.6974221228796
39.4624126535646,-83.6974221228711
39.47,-83.6974221228442
39.4714145819023,-83.6974221228392
39.48,-83.6974221228088
39.48041651024,-83.6974221228073
39.4894184385778,-83.6974221227754
39.49,-83.6974221227734
39.4984203669155,-83.6974221227436
39.5,-83.697422122738
39.5074222952532,-83.6974221227117
39.51,-83.6974221227026
39.516424223591,-83.6974221226799
39.52,-83.6974221226672
39.5254261519287,-83.697422122648
39.53,-83.6974221226318
39.5344280802664,-83.6974221226162
39.54,-83.6974221225965
39.5434300086042,-83.6974221225843
39.55,-83.6974221225611
39.5524319369419,-83.6974221225525
39.56,-83.6974221225257
39.5614338652796,-83.6974221225207
39.57,-83.6974221224904
39.5704357936174,-83.6974221224889
39.5794377219551,-83.697422122457
39.58,-83.697422122455
39.5884396502928,-83.6974221224252
39.59,-83.6974221224197
39.5974415786306,-83.6974221223934
39.6,-83.6974221223844
39.6064435069683,-83.6974221223616
39.61,-83.6974221223491
39.615445435306,-83.6974221223298
39.62,-83.6974221223137
39.6244473636438,-83.697422122298
39.63,-83.6974221222784
39.6334492919815,-83.6974221222662
39.64,-83.6974221222431
39.6424512203192,-83.6974221222345
39.65,-83.6974221222078
39.6514531486569,-83.6974221222027
39.66,-83.6974221221725
39.6604550769947,-83.6974221221709
39.6694570053324,-83.6974221221391
39.67,-83.6974221221372
39.6784589336701,-83.6974221221074
39.68,-83.697422122102
39.6874608620079,-83.6974221220756
39.69,-83.6974221220667
39.6964627903456,-83.6974221220439
39.7,-83.6974221220314
39.7054647186833,-83.6974221220121
39.71,-83.6974221219962
39.7144666470211,-83.6974221219804
39.72,-83.6974221219609
39.7234685753588,-83.6974221219487
39.73,-83.6974221219257
39.7324705036965,-83.6974221219169
39.74,-83.6974221218904
39.7414724320343,-83.6974221218852
39.75,-83.6974221218552
39.750474360372,-83.6974221218535
39.7594762887097,-83.6974221218218
39.76,-83.6974221218199
39.7684782170475,-83.6974221217901
39.77,-83.6974221217847
39.7774801453852,-83.6974221217584
39.78,-83.6974221217495
39.7864820737229,-83.6974221217267
39.79,-83.6974221217143
39.7954840020607,-83.697422121695
39.8,-83.6974221216791
39.8044859303984,-83.6974221216633
39.81,-83.6974221216439
39.8134878587361,-83.6974221216316
39.82,-83.6974221216087
39.8224897870738,-83.6974221216
39.83,-83.6974221215735
39.8314917154116,-83.6974221215683
39.84,-83.6974221215384
39.8404936437493,-83.6974221215366
39.849495572087,-83.697422121505
39.85,-83.6974221215032
39.8584975004248,-83.6974221214733
39.86,-83.697422121468
39.8674994287625,-83.6974221214416
39.87,-83.6974221214329
39.8765013571002,-83.69742212141
39.88,-83.6974221213977
39.885503285438,-83.6974221213784
39.89,-83.6974221213626
39.8945052137757,-83.6974221213467
39.9,-83.6974221213274
39.9035071421134,-83.6974221213151
39.91,-83.6974221212923
39.9125090704512,-83.6974221212835
39.92,-83.6974221212572
39.9215109987889,-83.6974221212519
39.93,-83.697422121222
39.9305129271266,-83.6974221212203
39.9395148554644,-83.6974221211886
39.94,-83.6974221211869
39.9485167838021,-83.697422121157
39.95,-83.6974221211518
39.9575187121398,-83.6974221211255
39.96,-83.6974221211167
39.9665206404776,-83.6974221210939
39.97,-83.6974221210816
39.9755225688153,-83.6974221210623
39.98,-83.6974221210466
39.984524497153,-83.6974221210307
39.99,-83.6974221210115
39.9935264254907,-83.6974221209991
40,-83.6974221209764
40.0025283538285,-83.6974221209675
40.01,-83.6974221209413
40.0115302821662,-83.697422120936
40.02,-83.6974221209063
40.0205322105039,-83.6974221209044
40.0295341388417,-83.6974221208729
40.03,-83.6974221208712
40.0385360671794,-83.6974221208413
40.04,-83.6974221208362
40.0475379955171,-83.6974221208098
40.05,-83.6974221208011
40.0565399238549,-83.6974221207782
40.06,-83.6974221207661
40.0655418521926,-83.6974221207467
40.07,-83.6974221207311
40.0745437805303,-83.6974221207152
40.08,-83.697422120696
40.0835457088681,-83.6974221206836
40.09,-83.697422120661
40.0925476372058,-83.6974221206521
40.1,-83.697422120626
40.1015495655435,-83.6974221206206
40.11,-83.697422120591
40.1105514938813,-83.6974221205891
40.119553422219,-83.6974221205576
40.12,-83.697422120556
40.1285553505567,-83.6974221205261
40.13,-83.697422120521
40.1375572788945,-83.6974221204946
40.14,-83.6974221204861
40.1465592072322,-83.6974221204631
40.15,-83.6974221204511
40.1555611355699,-83.6974221204316
40.16,-83.6974221204161
40.1645630639077,-83.6974221204001
40.17,-83.6974221203811
40.1735649922454,-83.6974221203687
40.18,-83.6974221203462
40.1825669205831,-83.6974221203372
40.19,-83.6974221203112
40.1915688489208,-83.6974221203057
40.2,-83.6974221202763
40.2005707772586,-83.6974221202743
40.2095727055963,-83.6974221202428
40.21,-83.6974221202413
40.218574633934,-83.6974221202114
40.22,-83.6974221202064
40.2275765622718,-83.6974221201799
40.23,-83.6974221201715
40.2365784906095,-83.6974221201485
40.24,-83.6974221201366
40.2455804189472,-83.6974221201171
40.25,-83.6974221201016
40.254582347285,-83.6974221200856
40.26,-83.6974221200667
40.2635842756227,-83.6974221200542
40.27,-83.6974221200318
40.2725862039604,-83.6974221200228
40.28,-83.6974221199969
40.2815881322982,-83.6974221199914
40.29,-83.6974221199621
40.2905900606359,-83.69742211996
40.2995919889736,-83.6974221199286
40.3,-83.6974221199272
40.3085939173114,-83.6974221198972
40.31,-83.6974221198923
40.3175958456491,-83.6974221198658
40.32,-83.6974221198574
40.3265977739868,-83.6974221198344
40.33,-83.6974221198226
40.3355997023246,-83.697422119803
40.34,-83.6974221197877
40.3446016306623,-83.6974221197717
40.35,-83.6974221197529
40.353603559,-83.6974221197403
40.36,-83.697422119718
40.3626054873377,-83.6974221197089
40.37,-83.6974221196832
40.3716074156755,-83.6974221196776
40.38,-83.6974221196483
40.3806093440132,-83.6974221196462
40.3896112723509,-83.6974221196149
40.39,-83.6974221196135
40.3986132006887,-83.6974221195835
40.4,-83.6974221195787
40.4076151290264,-83.6974221195522
40.41,-83.6974221195439
40.4166170573641,-83.6974221195209
40.42,-83.6974221195091
40.4256189857019,-83.6974221194895
40.43,-83.6974221194743
40.4346209140396,-83.6974221194582
40.44,-83.6974221194395
40.4436228423773,-83.6974221194269
40.45,-83.6974221194047
40.4526247707151,-83.6974221193956
40.46,-83.6974221193699
40.4616266990528,-83.6974221193643
40.47,-83.6974221193351
40.4706286273905,-83.697422119333
40.4796305557283,-83.6974221193017
40.48,-83.6974221193004
40.488632484066,-83.6974221192704
40.49,-83.6974221192656
40.4976344124037,-83.6974221192391
40.5,-83.6974221192309
40.5066363407415,-83.6974221192078
40.51,-83.6974221191961
40.5156382690792,-83.6974221191765
40.52,-83.6974221191614
40.5246401974169,-83.6974221191453
40.53,-83.6974221191266
40.5336421257546,-83.697422119114
40.54,-83.6974221190919
40.5426440540924,-83.6974221190827
40.55,-83.6974221190572
40.5516459824301,-83.6974221190515
40.56,-83.6974221190225
40.5606479107678,-83.6974221190202
40.5696498391056,-83.697422118989
40.57,-83.6974221189877
40.5786517674433,-83.6974221189577
40.58,-83.697422118953
40.587653695781,-83.6974221189265
40.59,-83.6974221189184
40.5966556241188,-83.6974221188953
40.6,-83.6974221188837
40.6056575524565,-83.697422118864
40.61,-83.697422118849
40.6146594807942,-83.6974221188328
40.62,-83.6974221188143
40.623661409132,-83.6974221188016
40.63,-83.6974221187796
40.6326633374697,-83.6974221187704
40.64,-83.697422118745
40.6416652658074,-83.6974221187392
40.65,-83.6974221187103
40.6506671941452,-83.697422118708
40.6596691224829,-83.6974221186768
40.66,-83.6974221186756
40.6686710508206,-83.6974221186456
40.67,-83.697422118641
40.6776729791584,-83.6974221186144
40.68,-83.6974221186063
40.6866749074961,-83.6974221185832
40.69,-83.6974221185717
40.6956768358338,-83.6974221185521
40.7,-83.6974221185371
40.7046787641715,-83.6974221185209
40.71,-83.6974221185025
40.7136806925093,-83.6974221184897
40.72,-83.6974221184678
40.722682620847,-83.6974221184586
40.73,-83.6974221184332
40.7316845491847,-83.6974221184274
40.74,-83.6974221183986
40.7406864775225,-83.6974221183962
40.7496884058602,-83.6974221183651
40.75,-83.697422118364
40.7586903341979,-83.697422118334
40.76,-83.6974221183294
40.7676922625357,-83.6974221183028
40.77,-83.6974221182949
40.7766941908734,-83.6974221182717
40.78,-83.6974221182603
40.7856961192111,-83.6974221182406
40.79,-83.6974221182257
40.7946980475489,-83.6974221182095
40.8,-83.6974221181911
40.8036999758866,-83.6974221181783
40.81,-83.6974221181566
40.8127019042243,-83.6974221181472
40.82,-83.697422118122
40.8217038325621,-83.6974221181161
40.83,-83.6974221180875
40.8307057608998,-83.697422118085
40.8397076892375,-83.6974221180539
40.84,-83.6974221180529
40.8487096175753,-83.6974221180228
40.85,-83.6974221180184
40.857711545913,-83.6974221179918
40.86,-83.6974221179839
40.8667134742507,-83.6974221179607
40.87,-83.6974221179493
40.8757154025884,-83.6974221179296
40.88,-83.6974221179148
40.8847173309262,-83.6974221178985
40.89,-83.6974221178803
40.8937192592639,-83.6974221178675
40.9,-83.6974221178458
40.9027211876016,-83.6974221178364
40.91,-83.6974221178113
40.9117231159394,-83.6974221178054
40.92,-83.6974221177768
40.9207250442771,-83.6974221177743
40.9297269726148,-83.6974221177433
40.93,-83.6974221177423
40.9387289009526,-83.6974221177122
40.94,-83.6974221177079
40.9477308292903,-83.6974221176812
40.95,-83.6974221176734
40.956732757628,-83.6974221176502
40.96,-83.6974221176389
40.9657346859658,-83.6974221176192
40.97,-83.6974221176044
40.9747366143035,-83.6974221175881
40.98,-83.69742211757
40.9837385426412,-83.6974221175571
40.99,-83.6974221175356
40.992740470979,-83.6974221175261
41,-83.6974221175011
41.0017423993167,-83.6974221174951
41.01,-83.6974221174667
41.0107443276544,-83.6974221174641
41.0197462559922,-83.6974221174331
41.02,-83.6974221174322
41.0287481843299,-83.6974221174021
41.03,-83.6974221173978
41.0377501126676,-83.6974221173711
41.04,-83.6974221173634
41.0467520410053,-83.6974221173402
41.05,-83.697422117329
41.0557539693431,-83.6974221173092
41.06,-83.6974221172946
41.0647558976808,-83.6974221172782
41.07,-83.6974221172602
41.0737578260185,-83.6974221172473
41.08,-83.6974221172258
41.0827597543563,-83.6974221172163
41.09,-83.6974221171914
41.091761682694,-83.6974221171854
41.1,-83.697422117157
41.1007636110317,-83.6974221171544
41.1097655393695,-83.6974221171235
41.11,-83.6974221171227
41.1187674677072,-83.6974221170925
41.12,-83.6974221170883
41.1277693960449,-83.6974221170616
41.13,-83.6974221170539
41.1367713243827,-83.6974221170307
41.14,-83.6974221170196
41.1457732527204,-83.6974221169997
41.15,-83.6974221169852
41.1547751810581,-83.6974221169688
41.16,-83.6974221169509
41.1637771093959,-83.6974221169379
41.17,-83.6974221169165
41.1727790377336,-83.697422116907
41.18,-83.6974221168822
41.1817809660713,-83.6974221168761
41.19,-83.6974221168479
41.1907828944091,-83.6974221168452
41.1997848227468,-83.6974221168143
41.2,-83.6974221168136
41.2087867510845,-83.6974221167834
41.21,-83.6974221167793
41.2177886794222,-83.6974221167525
41.22,-83.697422116745
41.22679060776,-83.6974221167217
41.23,-83.6974221167107
41.2357925360977,-83.6974221166908
41.24,-83.6974221166764
41.2447944644354,-83.6974221166599
41.25,-83.6974221166421
41.2537963927732,-83.6974221166291
41.26,-83.6974221166078
41.2627983211109,-83.6974221165982
41.27,-83.6974221165735
41.2718002494486,-83.6974221165674
41.28,-83.6974221165393
41.2808021777864,-83.6974221165365
41.2898041061241,-83.6974221165057
41.29,-83.697422116505
41.2988060344618,-83.6974221164748
41.3,-83.6974221164707
41.3078079627996,-83.697422116444
41.31,-83.6974221164365
41.3168098911373,-83.6974221164132
41.32,-83.6974221164023
41.325811819475,-83.6974221163824
41.33,-83.697422116368
41.3348137478128,-83.6974221163515
41.34,-83.6974221163338
41.3438156761505,-83.6974221163207
41.35,-83.6974221162996
41.3528176044882,-83.6974221162899
41.36,-83.6974221162653
41.361819532826,-83.6974221162591
41.37,-83.6974221162311
41.3708214611637,-83.6974221162283
41.3798233895014,-83.6974221161975
41.38,-83.6974221161969
41.3888253178391,-83.6974221161667
41.39,-83.6974221161627
41.3978272461769,-83.697422116136
41.4,-83.6974221161285
41.4068291745146,-83.6974221161052
41.41,-83.6974221160943
41.4158311028523,-83.6974221160744
41.42,-83.6974221160602
41.4248330311901,-83.6974221160436
41.43,-83.697422116026
41.4338349595278,-83.6974221160129
41.44,-83.6974221159918
41.4428368878655,-83.6974221159821
41.45,-83.6974221159577
41.4518388162033,-83.6974221159514
41.46,-83.6974221159235
41.460840744541,-83.6974221159206
41.4698426728787,-83.6974221158899
41.47,-83.6974221158893
41.4788446012165,-83.6974221158591
41.48,-83.6974221158552
41.4878465295542,-83.6974221158284
41.49,-83.6974221158211
41.4968484578919,-83.6974221157977
41.5,-83.6974221157869
41.5058503862297,-83.697422115767
41.51,-83.6974221157528
41.5148523145674,-83.6974221157362
41.52,-83.6974221157187
41.5238542429051,-83.6974221157055
41.53,-83.6974221156846
41.5328561712429,-83.6974221156748
41.54,-83.6974221156504
41.5418580995806,-83.6974221156441
41.55,-83.6974221156163
41.5508600279183,-83.6974221156134
41.5598619562561,-83.6974221155827
41.56,-83.6974221155823
41.5688638845938,-83.697422115552
41.57,-83.6974221155482
41.5778658129315,-83.6974221155213
41.58,-83.6974221155141
41.5868677412692,-83.6974221154907
41.59,-83.69742211548
41.595869669607,-83.69742211546
41.6,-83.6974221154459
41.6048715979447,-83.6974221154293
41.61,-83.6974221154119
41.6138735262824,-83.6974221153987
41.62,-83.6974221153778
41.6228754546202,-83.697422115368
41.63,-83.6974221153438
41.6318773829579,-83.6974221153374
41.64,-83.6974221153097
41.6408793112956,-83.6974221153067
41.6498812396334,-83.6974221152761
41.65,-83.6974221152757
41.6588831679711,-83.6974221152454
41.66,-83.6974221152416
41.6678850963088,-83.6974221152148
41.67,-83.6974221152076
41.6768870246466,-83.6974221151842
41.68,-83.6974221151736
41.6858889529843,-83.6974221151535
41.69,-83.6974221151396
41.694890881322,-83.6974221151229
41.7,-83.6974221151056
41.7038928096598,-83.6974221150923
41.71,-83.6974221150715
41.7128947379975,-83.6974221150617
41.72,-83.6974221150376
41.7218966663352,-83.6974221150311
41.73,-83.6974221150036
41.730898594673,-83.6974221150005
41.7399005230107,-83.6974221149699
41.74,-83.6974221149696
41.7489024513484,-83.6974221149393
41.75,-83.6974221149356
41.7579043796861,-83.6974221149087
41.76,-83.6974221149016
41.7669063080239,-83.6974221148782
41.77,-83.6974221148676
41.7759082363616,-83.6974221148476
41.78,-83.6974221148337
41.7849101646993,-83.697422114817
41.79,-83.6974221147997
41.7939120930371,-83.6974221147864
41.8,-83.6974221147658
41.8029140213748,-83.6974221147559
41.81,-83.6974221147318
41.8119159497125,-83.6974221147253
41.82,-83.6974221146979
41.8209178780503,-83.6974221146948
41.829919806388,-83.6974221146642
41.83,-83.697422114664
41.8389217347257,-83.6974221146337
41.84,-83.69742211463
41.8479236630635,-83.6974221146032
41.85,-83.6974221145961
41.8569255914012,-83.6974221145726
41.86,-83.6974221145622
41.8659275197389,-83.6974221145421
41.87,-83.6974221145283
41.8749294480767,-83.6974221145116
41.88,-83.6974221144944
41.8839313764144,-83.6974221144811
41.89,-83.6974221144605
41.8929333047521,-83.6974221144506
41.9,-83.6974221144266
41.9019352330899,-83.69742211442
41.91,-83.6974221143927
41.9109371614276,-83.6974221143896
41.9199390897653,-83.6974221143591
41.92,-83.6974221143589
41.928941018103,-83.6974221143286
41.93,-83.697422114325
41.9379429464408,-83.6974221142981
41.94,-83.6974221142911
41.9469448747785,-83.6974221142676
41.95,-83.6974221142573
41.9559468031162,-83.6974221142371
41.96,-83.6974221142234
41.964948731454,-83.6974221142067
41.97,-83.6974221141896
41.9739506597917,-83.6974221141762
41.98,-83.6974221141557
41.9829525881294,-83.6974221141457
41.99,-83.6974221141219
41.9919545164672,-83.6974221141153
42,-83.6974221140881
42.0009564448049,-83.6974221140848
42.0099583731426,-83.6974221140544
42.01,-83.6974221140542
42.0189603014804,-83.6974221140239
42.02,-83.6974221140204
42.0279622298181,-83.6974221139935
42.03,-83.6974221139866
42.0369641581558,-83.6974221139631
42.04,-83.6974221139528
42.0459660864936,-83.6974221139326
42.05,-83.697422113919
42.0549680148313,-83.6974221139022
42.06,-83.6974221138852
42.063969943169,-83.6974221138718
42.07,-83.6974221138514
42.0729718715068,-83.6974221138414
42.08,-83.6974221138177
42.0819737998445,-83.697422113811
42.09,-83.6974221137839
42.0909757281822,-83.6974221137806
42.0999776565199,-83.6974221137502
42.1,-83.6974221137501
42.1089795848577,-83.6974221137198
42.11,-83.6974221137164
42.1179815131954,-83.6974221136894
42.12,-83.6974221136826
42.1269834415331,-83.697422113659
42.13,-83.6974221136488
42.1359853698709,-83.6974221136286
42.14,-83.6974221136151
42.1449872982086,-83.6974221135983
42.15,-83.6974221135814
42.1539892265463,-83.6974221135679
42.16,-83.6974221135476
42.1629911548841,-83.6974221135375
42.17,-83.6974221135139
42.1719930832218,-83.6974221135072
42.18,-83.6974221134802
42.1809950115595,-83.6974221134768
42.1899969398973,-83.6974221134465
42.19,-83.6974221134465
42.198998868235,-83.6974221134161
42.2,-83.6974221134128
42.2080007965727,-83.6974221133858
42.21,-83.6974221133791
42.2170027249105,-83.6974221133555
42.22,-83.6974221133454
42.2260046532482,-83.6974221133251
42.23,-83.6974221133117
42.2350065815859,-83.6974221132948
42.24,-83.697422113278
42.2440085099237,-83.6974221132645
42.25,-83.6974221132443
42.2530104382614,-83.6974221132342
42.26,-83.6974221132106
42.2620123665991,-83.6974221132039
42.27,-83.697422113177
42.2710142949368,-83.6974221131736
42.28,-83.6974221131433
42.2800162232746,-83.6974221131432
42.2890181516123,-83.697422113113
42.29,-83.6974221131097
42.29802007995,-83.6974221130827
42.3,-83.697422113076
42.3070220082878,-83.6974221130524
42.31,-83.6974221130424
42.3160239366255,-83.6974221130221
42.32,-83.6974221130087
42.3250258649632,-83.6974221129918
42.33,-83.6974221129751
42.334027793301,-83.6974221129615
42.34,-83.6974221129415
42.3430297216387,-83.6974221129313
42.35,-83.6974221129079
42.3520316499764,-83.697422112901
42.36,-83.6974221128742
42.3610335783142,-83.6974221128708
42.37,-83.6974221128406
42.3700355066519,-83.6974221128405
42.3790374349896,-83.6974221128103
42.38,-83.697422112807
42.3880393633274,-83.69742211278
42.39,-83.6974221127734
42.3970412916651,-83.6974221127498
42.4,-83.6974221127399
42.4060432200028,-83.6974221127196
42.41,-83.6974221127063
42.4150451483406,-83.6974221126893
42.42,-83.6974221126727
42.4240470766783,-83.6974221126591
42.43,-83.6974221126391
42.433049005016,-83.6974221126289
42.44,-83.6974221126056
42.4420509333537,-83.6974221125987
42.45,-83.697422112572
42.4510528616915,-83.6974221125685
42.46,-83.6974221125384
42.4600547900292,-83.6974221125383
42.4690567183669,-83.6974221125081
42.47,-83.6974221125049
42.4780586467047,-83.6974221124779
42.48,-83.6974221124714
42.4870605750424,-83.6974221124477
42.49,-83.6974221124378
42.4960625033801,-83.6974221124175
42.5,-83.6974221124043
42.5050644317179,-83.6974221123873
42.51,-83.6974221123708
42.5140663600556,-83.6974221123571
42.52,-83.6974221123372
42.5230682883933,-83.697422112327
42.53,-83.6974221123037
42.5320702167311,-83.6974221122968
42.54,-83.6974221122702
42.5410721450688,-83.6974221122666
42.55,-83.6974221122367
42.5500740734065,-83.6974221122365
42.5590760017443,-83.6974221122063
42.56,-83.6974221122032
42.568077930082,-83.6974221121762
42.57,-83.6974221121697
42.5770798584197,-83.697422112146
42.58,-83.6974221121363
42.5860817867575,-83.6974221121159
42.59,-83.6974221121028
42.5950837150952,-83.6974221120858
42.6,-83.6974221120693
42.6040856434329,-83.6974221120556
42.61,-83.6974221120358
42.6130875717706,-83.6974221120255
42.62,-83.6974221120024
42.6220895001084,-83.6974221119954
42.63,-83.6974221119689
42.6310914284461,-83.6974221119653
42.64,-83.6974221119355
42.6400933567838,-83.6974221119352
42.6490952851216,-83.6974221119051
42.65,-83.697422111902
42.6580972134593,-83.697422111875
42.66,-83.6974221118686
42.667099141797,-83.6974221118449
42.67,-83.6974221118352
42.6761010701348,-83.6974221118148
42.68,-83.6974221118017
42.6851029984725,-83.6974221117847
42.69,-83.6974221117683
42.6941049268102,-83.6974221117546
42.7,-83.6974221117349
42.703106855148,-83.6974221117245
42.71,-83.6974221117015
42.7121087834857,-83.6974221116945
42.72,-83.6974221116681
42.7211107118234,-83.6974221116644
42.73,-83.6974221116347
42.7301126401612,-83.6974221116344
42.7391145684989,-83.6974221116043
42.74,-83.6974221116013
42.7481164968366,-83.6974221115742
42.75,-83.6974221115679
42.7571184251744,-83.6974221115442
42.76,-83.6974221115346
42.7661203535121,-83.6974221115141
42.77,-83.6974221115012
42.7751222818498,-83.6974221114841
42.78,-83.6974221114678
42.7841242101875,-83.6974221114541
42.79,-83.6974221114345
42.7931261385253,-83.697422111424
42.8,-83.6974221114011
42.802128066863,-83.697422111394
42.81,-83.6974221113678
42.8111299952007,-83.697422111364
42.82,-83.6974221113344
42.8201319235385,-83.697422111334
42.8291338518762,-83.697422111304
42.83,-83.6974221113011
42.8381357802139,-83.697422111274
42.84,-83.6974221112678
42.8471377085517,-83.697422111244
42.85,-83.6974221112344
42.8561396368894,-83.697422111214
42.86,-83.6974221112011
42.8651415652271,-83.697422111184
42.87,-83.6974221111678
42.8741434935649,-83.697422111154
42.88,-83.6974221111345
42.8831454219026,-83.697422111124
42.89,-83.6974221111012
42.8921473502403,-83.6974221110941
42.9,-83.6974221110679
42.9011492785781,-83.6974221110641
42.91,-83.6974221110346
42.9101512069158,-83.6974221110341
42.9191531352535,-83.6974221110042
42.92,-83.6974221110013
42.9281550635913,-83.6974221109742
42.93,-83.6974221109681
42.937156991929,-83.6974221109443
42.94,-83.6974221109348
42.9461589202667,-83.6974221109143
42.95,-83.6974221109015
42.9551608486045,-83.6974221108844
42.96,-83.6974221108683
42.9641627769422,-83.6974221108544
42.97,-83.697422110835
42.9731647052799,-83.6974221108245
42.98,-83.6974221108018
42.9821666336176,-83.6974221107946
42.99,-83.6974221107685
42.9911685619554,-83.6974221107646
43,-83.6974221107353
43.0001704902931,-83.6974221107347
43.0091724186308,-83.6974221107048
43.01,-83.6974221107021
43.0181743469686,-83.6974221106749
43.02,-83.6974221106688
43.0271762753063,-83.697422110645
43.03,-83.6974221106356
43.036178203644,-83.6974221106151
43.04,-83.6974221106024
43.0451801319818,-83.6974221105852
43.05,-83.6974221105692
43.0541820603195,-83.6974221105553
43.06,-83.697422110536
43.0631839886572,-83.6974221105254
43.07,-83.6974221105028
43.072185916995,-83.6974221104956
43.08,-83.6974221104696
43.0811878453327,-83.6974221104657
43.09,-83.6974221104364
43.0901897736704,-83.6974221104358
43.0991917020082,-83.6974221104059
43.1,-83.6974221104033
43.1081936303459,-83.6974221103761
43.11,-83.6974221103701
43.1171955586836,-83.6974221103462
43.12,-83.6974221103369
43.1261974870214,-83.6974221103164
43.13,-83.6974221103038
43.1351994153591,-83.6974221102865
43.14,-83.6974221102706
43.1442013436968,-83.6974221102567
43.15,-83.6974221102375
43.1532032720345,-83.6974221102269
43.16,-83.6974221102043
43.1622052003723,-83.697422110197
43.17,-83.6974221101712
43.17120712871,-83.6974221101672
43.18,-83.697422110138
43.1802090570477,-83.6974221101374
43.1892109853855,-83.6974221101075
43.19,-83.6974221101049
43.1982129137232,-83.6974221100777
43.2,-83.6974221100718
43.2072148420609,-83.6974221100479
43.21,-83.6974221100387
43.2162167703987,-83.6974221100181
43.22,-83.6974221100056
43.2252186987364,-83.6974221099883
43.23,-83.6974221099725
43.2342206270741,-83.6974221099585
43.24,-83.6974221099394
43.2432225554119,-83.6974221099287
43.25,-83.6974221099063
43.2522244837496,-83.697422109899
43.26,-83.6974221098732
43.2612264120873,-83.6974221098692
43.27,-83.6974221098401
43.2702283404251,-83.6974221098394
43.2792302687628,-83.6974221098096
43.28,-83.6974221098071
43.2882321971005,-83.6974221097799
43.29,-83.697422109774
43.2972341254383,-83.6974221097501
43.3,-83.697422109741
43.306236053776,-83.6974221097203
43.31,-83.6974221097079
43.3152379821137,-83.6974221096906
43.32,-83.6974221096748
43.3242399104514,-83.6974221096608
43.33,-83.6974221096418
43.3332418387892,-83.6974221096311
43.34,-83.6974221096088
43.3422437671269,-83.6974221096013
43.35,-83.6974221095757
43.3512456954646,-83.6974221095716
43.36,-83.6974221095427
43.3602476238024,-83.6974221095419
43.3692495521401,-83.6974221095122
43.37,-83.6974221095097
43.3782514804778,-83.6974221094824
43.38,-83.6974221094767
43.3872534088156,-83.6974221094527
43.39,-83.6974221094437
43.3962553371533,-83.697422109423
43.4,-83.6974221094107
43.405257265491,-83.6974221093933
43.41,-83.6974221093777
43.4142591938288,-83.6974221093636
43.42,-83.6974221093447
43.4232611221665,-83.6974221093339
43.43,-83.6974221093117
43.4322630505042,-83.6974221093042
43.44,-83.6974221092787
43.441264978842,-83.6974221092745
43.45,-83.6974221092457
43.4502669071797,-83.6974221092448
43.4592688355174,-83.6974221092152
43.46,-83.6974221092128
43.4682707638552,-83.6974221091855
43.47,-83.6974221091798
43.4772726921929,-83.6974221091558
43.48,-83.6974221091468
43.4862746205306,-83.6974221091262
43.49,-83.6974221091139
43.4952765488683,-83.6974221090965
43.5,-83.6974221090809
43.5042784772061,-83.6974221090668
43.51,-83.697422109048
43.5132804055438,-83.6974221090372
43.52,-83.6974221090151
43.5222823338815,-83.6974221090076
43.53,-83.6974221089822
43.5312842622193,-83.6974221089779
43.54,-83.6974221089492
43.540286190557,-83.6974221089483
43.5492881188947,-83.6974221089186
43.55,-83.6974221089163
43.5582900472325,-83.697422108889
43.56,-83.6974221088834
43.5672919755702,-83.6974221088594
43.57,-83.6974221088505
43.5762939039079,-83.6974221088298
43.58,-83.6974221088176
43.5852958322457,-83.6974221088002
43.59,-83.6974221087847
43.5942977605834,-83.6974221087706
43.6,-83.6974221087518
43.6032996889211,-83.697422108741
43.61,-83.6974221087189
43.6123016172589,-83.6974221087114
43.62,-83.6974221086861
43.6213035455966,-83.6974221086818
43.63,-83.6974221086532
43.6303054739343,-83.6974221086522
43.6393074022721,-83.6974221086226
43.64,-83.6974221086203
43.6483093306098,-83.697422108593
43.65,-83.6974221085875
43.6573112589475,-83.6974221085634
43.66,-83.6974221085546
43.6663131872852,-83.6974221085339
43.67,-83.6974221085218
43.675315115623,-83.6974221085043
43.68,-83.6974221084889
43.6843170439607,-83.6974221084747
43.69,-83.6974221084561
43.6933189722984,-83.6974221084452
43.7,-83.6974221084233
43.7023209006362,-83.6974221084156
43.71,-83.6974221083904
43.7113228289739,-83.6974221083861
43.72,-83.6974221083576
43.7203247573116,-83.6974221083566
43.7293266856494,-83.697422108327
43.73,-83.6974221083248
43.7383286139871,-83.6974221082975
43.74,-83.697422108292
43.7473305423248,-83.6974221082679
43.75,-83.6974221082592
43.7563324706626,-83.6974221082384
43.76,-83.6974221082264
43.7653343990003,-83.6974221082089
43.77,-83.6974221081936
43.774336327338,-83.6974221081794
43.78,-83.6974221081608
43.7833382556758,-83.6974221081499
43.79,-83.6974221081281
43.7923401840135,-83.6974221081204
43.8,-83.6974221080953
43.8013421123512,-83.6974221080909
43.81,-83.6974221080625
43.810344040689,-83.6974221080614
43.8193459690267,-83.6974221080319
43.82,-83.6974221080297
43.8283478973644,-83.6974221080024
43.83,-83.697422107997
43.8373498257021,-83.6974221079729
43.84,-83.6974221079642
43.8463517540399,-83.6974221079434
43.85,-83.6974221079315
43.8553536823776,-83.697422107914
43.86,-83.6974221078988
43.8643556107153,-83.6974221078845
43.87,-83.697422107866
43.8733575390531,-83.697422107855
43.88,-83.6974221078333
43.8823594673908,-83.6974221078256
43.89,-83.6974221078006
43.8913613957285,-83.6974221077961
43.9,-83.6974221077679
43.9003633240663,-83.6974221077667
43.909365252404,-83.6974221077372
43.91,-83.6974221077352
43.9183671807417,-83.6974221077078
43.92,-83.6974221077025
43.9273691090795,-83.6974221076783
43.93,-83.6974221076698
43.9363710374172,-83.6974221076489
43.94,-83.6974221076371
43.9453729657549,-83.6974221076195
43.95,-83.6974221076044
43.9543748940927,-83.6974221075901
43.96,-83.6974221075717
43.9633768224304,-83.6974221075607
43.97,-83.697422107539
43.9723787507681,-83.6974221075312
43.98,-83.6974221075063
43.9813806791059,-83.6974221075018
43.99,-83.6974221074737
43.9903826074436,-83.6974221074724
43.9993845357813,-83.697422107443
44,-83.697422107441
44.008386464119,-83.6974221074136
44.01,-83.6974221074084
44.0173883924568,-83.6974221073842
44.02,-83.6974221073757
44.0263903207945,-83.6974221073549
44.03,-83.6974221073431
44.0353922491322,-83.6974221073255
44.04,-83.6974221073104
44.04439417747,-83.6974221072961
44.05,-83.6974221072778
44.0533961058077,-83.6974221072667
44.06,-83.6974221072452
44.0623980341454,-83.6974221072374
44.07,-83.6974221072126
44.0713999624832,-83.697422107208
44.08,-83.69742210718
44.0804018908209,-83.6974221071786
44.0894038191586,-83.6974221071493
44.09,-83.6974221071473
44.0984057474964,-83.6974221071199
44.1,-83.6974221071147
44.1074076758341,-83.6974221070906
44.11,-83.6974221070821
44.1164096041718,-83.6974221070613
44.12,-83.6974221070496
44.1254115325096,-83.6974221070319
44.13,-83.697422107017
44.1344134608473,-83.6974221070026
44.14,-83.6974221069844
44.143415389185,-83.6974221069733
44.15,-83.6974221069518
44.1524173175228,-83.697422106944
44.16,-83.6974221069193
44.1614192458605,-83.6974221069146
44.17,-83.6974221068867
44.1704211741982,-83.6974221068853
44.1794231025359,-83.697422106856
44.18,-83.6974221068541
44.1884250308737,-83.6974221068267
44.19,-83.6974221068216
44.1974269592114,-83.6974221067974
44.2,-83.697422106789
44.2064288875491,-83.6974221067681
44.21,-83.6974221067565
44.2154308158869,-83.6974221067388
44.22,-83.697422106724
44.2244327442246,-83.6974221067096
44.23,-83.6974221066914
44.2334346725623,-83.6974221066803
44.24,-83.6974221066589
44.2424366009001,-83.697422106651
44.25,-83.6974221066264
44.2514385292378,-83.6974221066217
44.26,-83.6974221065939
44.2604404575755,-83.6974221065925
44.2694423859133,-83.6974221065632
44.27,-83.6974221065614
44.278444314251,-83.6974221065339
44.28,-83.6974221065289
44.2874462425887,-83.6974221065047
44.29,-83.6974221064964
44.2964481709265,-83.6974221064754
44.3,-83.6974221064639
44.3054500992642,-83.6974221064462
44.31,-83.6974221064314
44.3144520276019,-83.697422106417
44.32,-83.6974221063989
44.3234539559397,-83.6974221063877
44.33,-83.6974221063665
44.3324558842774,-83.6974221063585
44.34,-83.697422106334
44.3414578126151,-83.6974221063293
44.35,-83.6974221063015
44.3504597409529,-83.6974221063001
44.3594616692906,-83.6974221062708
44.36,-83.6974221062691
44.3684635976283,-83.6974221062416
44.37,-83.6974221062366
44.377465525966,-83.6974221062124
44.38,-83.6974221062042
44.3864674543038,-83.6974221061832
44.39,-83.6974221061718
44.3954693826415,-83.697422106154
44.4,-83.6974221061393
44.4044713109792,-83.6974221061248
44.41,-83.6974221061069
44.413473239317,-83.6974221060956
44.42,-83.6974221060745
44.4224751676547,-83.6974221060665
44.43,-83.6974221060421
44.4314770959924,-83.6974221060373
44.44,-83.6974221060097
44.4404790243302,-83.6974221060081
44.4494809526679,-83.6974221059789
44.45,-83.6974221059773
44.4584828810056,-83.6974221059498
44.46,-83.6974221059449
44.4674848093434,-83.6974221059206
44.47,-83.6974221059125
44.4764867376811,-83.6974221058914
44.48,-83.6974221058801
44.4854886660188,-83.6974221058623
44.49,-83.6974221058477
44.4944905943566,-83.6974221058332
44.5,-83.6974221058153
44.5034925226943,-83.697422105804
44.51,-83.6974221057829
44.512494451032,-83.6974221057749
44.52,-83.6974221057506
44.5214963793698,-83.6974221057457
44.53,-83.6974221057182
44.5304983077075,-83.6974221057166
44.5395002360452,-83.6974221056875
44.54,-83.6974221056859
44.5485021643829,-83.6974221056584
44.55,-83.6974221056535
44.5575040927207,-83.6974221056292
44.56,-83.6974221056212
44.5665060210584,-83.6974221056001
44.57,-83.6974221055888
44.5755079493961,-83.697422105571
44.58,-83.6974221055565
44.5845098777339,-83.6974221055419
44.59,-83.6974221055242
44.5935118060716,-83.6974221055128
44.6,-83.6974221054919
44.6025137344093,-83.6974221054837
44.61,-83.6974221054595
44.6115156627471,-83.6974221054546
44.62,-83.6974221054272
44.6205175910848,-83.6974221054256
44.6295195194225,-83.6974221053965
44.63,-83.6974221053949
44.6385214477603,-83.6974221053674
44.64,-83.6974221053626
44.647523376098,-83.6974221053383
44.65,-83.6974221053303
44.6565253044357,-83.6974221053093
44.66,-83.6974221052981
44.6655272327735,-83.6974221052802
44.67,-83.6974221052658
44.6745291611112,-83.6974221052512
44.68,-83.6974221052335
44.6835310894489,-83.6974221052221
44.69,-83.6974221052012
44.6925330177867,-83.6974221051931
44.7,-83.697422105169
44.7015349461244,-83.697422105164
44.71,-83.6974221051367
44.7105368744621,-83.697422105135
44.7195388027998,-83.6974221051059
44.72,-83.6974221051045
44.7285407311376,-83.6974221050769
44.73,-83.6974221050722
44.7375426594753,-83.6974221050479
44.74,-83.69742210504
44.746544587813,-83.6974221050189
44.75,-83.6974221050077
44.7555465161508,-83.6974221049899
44.76,-83.6974221049755
44.7645484444885,-83.6974221049608
44.77,-83.6974221049433
44.7735503728262,-83.6974221049318
44.78,-83.6974221049111
44.782552301164,-83.6974221049028
44.79,-83.6974221048788
44.7915542295017,-83.6974221048738
44.8,-83.6974221048466
44.8005561578394,-83.6974221048448
44.8095580861772,-83.6974221048158
44.81,-83.6974221048144
44.8185600145149,-83.6974221047869
44.82,-83.6974221047822
44.8275619428526,-83.6974221047579
44.83,-83.69742210475
44.8365638711904,-83.6974221047289
44.84,-83.6974221047178
44.8455657995281,-83.6974221046999
44.85,-83.6974221046857
44.8545677278658,-83.697422104671
44.86,-83.6974221046535
44.8635696562036,-83.697422104642
44.87,-83.6974221046213
44.8725715845413,-83.6974221046131
44.88,-83.6974221045892
44.881573512879,-83.6974221045841
44.89,-83.697422104557
44.8905754412167,-83.6974221045552
44.8995773695545,-83.6974221045262
44.9,-83.6974221045248
44.9085792978922,-83.6974221044973
44.91,-83.6974221044927
44.9175812262299,-83.6974221044683
44.92,-83.6974221044606
44.9265831545677,-83.6974221044394
44.93,-83.6974221044284
44.9355850829054,-83.6974221044105
44.94,-83.6974221043963
44.9445870112431,-83.6974221043815
44.95,-83.6974221043642
44.9535889395809,-83.6974221043526
44.96,-83.697422104332
44.9625908679186,-83.6974221043237
44.97,-83.6974221042999
44.9715927962563,-83.6974221042948
44.98,-83.6974221042678
44.9805947245941,-83.6974221042659
44.9895966529318,-83.697422104237
44.99,-83.6974221042357
44.9985985812695,-83.6974221042081
45,-83.6974221042036
45.0076005096073,-83.6974221041792
45.01,-83.6974221041715
45.016602437945,-83.6974221041503
45.02,-83.6974221041394
45.0256043662827,-83.6974221041215
45.03,-83.6974221041074
45.0346062946205,-83.6974221040926
45.04,-83.6974221040753
45.0436082229582,-83.6974221040637
45.05,-83.6974221040432
45.0526101512959,-83.6974221040348
45.06,-83.6974221040112
45.0616120796336,-83.697422104006
45.07,-83.6974221039791
45.0706140079714,-83.6974221039771
45.0796159363091,-83.6974221039483
45.08,-83.697422103947
45.0886178646468,-83.6974221039194
45.09,-83.697422103915
45.0976197929846,-83.6974221038906
45.1,-83.6974221038829
45.1066217213223,-83.6974221038617
45.11,-83.6974221038509
45.11562364966,-83.6974221038329
45.12,-83.6974221038189
45.1246255779978,-83.6974221038041
45.13,-83.6974221037868
45.1336275063355,-83.6974221037752
45.14,-83.6974221037548
45.1426294346732,-83.6974221037464
45.15,-83.6974221037228
45.151631363011,-83.6974221037176
45.16,-83.6974221036908
45.1606332913487,-83.6974221036888
45.1696352196864,-83.69742210366
45.17,-83.6974221036588
45.1786371480242,-83.6974221036312
45.18,-83.6974221036268
45.1876390763619,-83.6974221036024
45.19,-83.6974221035948
45.1966410046996,-83.6974221035736
45.2,-83.6974221035628
45.2056429330374,-83.6974221035448
45.21,-83.6974221035308
45.2146448613751,-83.697422103516
45.22,-83.6974221034989
45.2236467897128,-83.6974221034872
45.23,-83.6974221034669
45.2326487180505,-83.6974221034584
45.24,-83.6974221034349
45.2416506463883,-83.6974221034296
45.25,-83.697422103403
45.250652574726,-83.6974221034009
45.2596545030637,-83.6974221033721
45.26,-83.697422103371
45.2686564314015,-83.6974221033434
45.27,-83.6974221033391
45.2776583597392,-83.6974221033146
45.28,-83.6974221033071
45.2866602880769,-83.6974221032858
45.29,-83.6974221032752
45.2956622164147,-83.6974221032571
45.3,-83.6974221032432
45.3046641447524,-83.6974221032284
45.31,-83.6974221032113
45.3136660730901,-83.6974221031996
45.32,-83.6974221031794
45.3226680014279,-83.6974221031709
45.33,-83.6974221031475
45.3316699297656,-83.6974221031421
45.34,-83.6974221031156
45.3406718581033,-83.6974221031134
45.3496737864411,-83.6974221030847
45.35,-83.6974221030837
45.3586757147788,-83.697422103056
45.36,-83.6974221030518
45.3676776431165,-83.6974221030273
45.37,-83.6974221030199
45.3766795714543,-83.6974221029986
45.38,-83.697422102988
45.385681499792,-83.6974221029699
45.39,-83.6974221029561
45.3946834281297,-83.6974221029412
45.4,-83.6974221029242
45.4036853564674,-83.6974221029125
45.41,-83.6974221028923
45.4126872848052,-83.6974221028838
45.42,-83.6974221028605
45.4216892131429,-83.6974221028551
45.43,-83.6974221028286
45.4306911414806,-83.6974221028264
45.4396930698184,-83.6974221027977
45.44,-83.6974221027968
45.4486949981561,-83.6974221027691
45.45,-83.6974221027649
45.4576969264938,-83.6974221027404
45.46,-83.6974221027331
45.4666988548316,-83.6974221027117
45.47,-83.6974221027012
45.4757007831693,-83.6974221026831
45.48,-83.6974221026694
45.484702711507,-83.6974221026544
45.49,-83.6974221026376
45.4937046398448,-83.6974221026258
45.5,-83.6974221026057
45.5027065681825,-83.6974221025971
45.51,-83.6974221025739
45.5117084965202,-83.6974221025685
45.52,-83.6974221025421
45.520710424858,-83.6974221025399
45.5297123531957,-83.6974221025112
45.53,-83.6974221025103
45.5387142815334,-83.6974221024826
45.54,-83.6974221024785
45.5477162098712,-83.697422102454
45.55,-83.6974221024467
45.5567181382089,-83.6974221024253
45.56,-83.6974221024149
45.5657200665466,-83.6974221023967
45.57,-83.6974221023831
45.5747219948843,-83.6974221023681
45.58,-83.6974221023514
45.5837239232221,-83.6974221023395
45.59,-83.6974221023196
45.5927258515598,-83.6974221023109
45.6,-83.6974221022878
45.6017277798975,-83.6974221022823
45.61,-83.697422102256
45.6107297082353,-83.6974221022537
45.619731636573,-83.6974221022251
45.62,-83.6974221022243
45.6287335649107,-83.6974221021965
45.63,-83.6974221021925
45.6377354932485,-83.697422102168
45.64,-83.6974221021608
45.6467374215862,-83.6974221021394
45.65,-83.697422102129
45.6557393499239,-83.6974221021108
45.66,-83.6974221020973
45.6647412782617,-83.6974221020823
45.67,-83.6974221020656
45.6737432065994,-83.6974221020537
45.68,-83.6974221020338
45.6827451349371,-83.6974221020251
45.69,-83.6974221020021
45.6917470632749,-83.6974221019966
45.7,-83.6974221019704
45.7007489916126,-83.697422101968
45.7097509199503,-83.6974221019395
45.71,-83.6974221019387
45.7187528482881,-83.6974221019109
45.72,-83.697422101907
45.7277547766258,-83.6974221018824
45.73,-83.6974221018753
45.7367567049635,-83.6974221018539
45.74,-83.6974221018436
45.7457586333013,-83.6974221018254
45.75,-83.6974221018119
45.754760561639,-83.6974221017968
45.76,-83.6974221017802
45.7637624899767,-83.6974221017683
45.77,-83.6974221017486
45.7727644183144,-83.6974221017398
45.78,-83.6974221017169
45.7817663466522,-83.6974221017113
45.79,-83.6974221016852
45.7907682749899,-83.6974221016828
45.7997702033276,-83.6974221016543
45.8,-83.6974221016536
45.8087721316654,-83.6974221016258
45.81,-83.6974221016219
45.8177740600031,-83.6974221015973
45.82,-83.6974221015903
45.8267759883408,-83.6974221015688
45.83,-83.6974221015586
45.8357779166786,-83.6974221015403
45.84,-83.697422101527
45.8447798450163,-83.6974221015118
45.85,-83.6974221014953
45.853781773354,-83.6974221014834
45.86,-83.6974221014637
45.8627837016918,-83.6974221014549
45.87,-83.6974221014321
45.8717856300295,-83.6974221014264
45.88,-83.6974221014005
45.8807875583672,-83.697422101398
45.889789486705,-83.6974221013695
45.89,-83.6974221013689
45.8987914150427,-83.6974221013411
45.9,-83.6974221013373
45.9077933433804,-83.6974221013126
45.91,-83.6974221013056
45.9167952717182,-83.6974221012842
45.92,-83.697422101274
45.9257972000559,-83.6974221012557
45.93,-83.6974221012425
45.9347991283936,-83.6974221012273
45.94,-83.6974221012109
45.9438010567313,-83.6974221011989
45.95,-83.6974221011793
45.9528029850691,-83.6974221011704
45.96,-83.6974221011477
45.9618049134068,-83.697422101142
45.97,-83.6974221011161
45.9708068417445,-83.6974221011136
45.9798087700823,-83.6974221010852
45.98,-83.6974221010846
45.98881069842,-83.6974221010568
45.99,-83.697422101053
45.9978126267577,-83.6974221010284
46,-83.6974221010215
46.0068145550955,-83.697422101
46.01,-83.6974221009899
46.0158164834332,-83.6974221009716
46.02,-83.6974221009584
46.0248184117709,-83.6974221009432
46.03,-83.6974221009268
46.0338203401087,-83.6974221009148
46.04,-83.6974221008953
46.0428222684464,-83.6974221008864
46.05,-83.6974221008638
46.0518241967841,-83.697422100858
46.06,-83.6974221008323
46.0608261251219,-83.6974221008297
46.0698280534596,-83.6974221008013
46.07,-83.6974221008008
46.0788299817973,-83.6974221007729
46.08,-83.6974221007692
46.0878319101351,-83.6974221007446
46.09,-83.6974221007377
46.0968338384728,-83.6974221007162
46.1,-83.6974221007062
46.1058357668105,-83.6974221006879
46.11,-83.6974221006747
46.1148376951482,-83.6974221006595
46.12,-83.6974221006433
46.123839623486,-83.6974221006312
46.13,-83.6974221006118
46.1328415518237,-83.6974221006028
46.14,-83.6974221005803
46.1418434801614,-83.6974221005745
46.15,-83.6974221005488
46.1508454084992,-83.6974221005462
46.1598473368369,-83.6974221005178
46.16,-83.6974221005174
46.1688492651746,-83.6974221004895
46.17,-83.6974221004859
46.1778511935124,-83.6974221004612
46.18,-83.6974221004544
46.1868531218501,-83.6974221004329
46.19,-83.697422100423
46.1958550501878,-83.6974221004046
46.2,-83.6974221003915
46.2048569785256,-83.6974221003763
46.21,-83.6974221003601
46.2138589068633,-83.697422100348
46.22,-83.6974221003287
46.222860835201,-83.6974221003197
46.23,-83.6974221002972
46.2318627635388,-83.6974221002914
46.24,-83.6974221002658
46.2408646918765,-83.6974221002631
46.2498666202142,-83.6974221002348
46.25,-83.6974221002344
46.258868548552,-83.6974221002065
46.26,-83.697422100203
46.2678704768897,-83.6974221001783
46.27,-83.6974221001716
46.2768724052274,-83.69742210015
46.28,-83.6974221001402
46.2858743335651,-83.6974221001217
46.29,-83.6974221001088
46.2948762619029,-83.6974221000935
46.3,-83.6974221000774
46.3038781902406,-83.6974221000652
46.31,-83.697422100046
46.3128801185783,-83.6974221000369
46.32,-83.6974221000146
46.3218820469161,-83.6974221000087
46.33,-83.6974220999832
46.3308839752538,-83.6974220999805
46.3398859035915,-83.6974220999522
46.34,-83.6974220999519
46.3488878319293,-83.697422099924
46.35,-83.6974220999205
46.357889760267,-83.6974220998957
46.36,-83.6974220998891
46.3668916886047,-83.6974220998675
46.37,-83.6974220998578
46.3758936169425,-83.6974220998393
46.38,-83.6974220998264
46.3848955452802,-83.6974220998111
46.39,-83.6974220997951
46.3938974736179,-83.6974220997829
46.4,-83.6974220997637
46.4028994019557,-83.6974220997547
46.41,-83.6974220997324
46.4119013302934,-83.6974220997265
46.42,-83.6974220997011
46.4209032586311,-83.6974220996982
46.4299051869689,-83.69742209967
46.43,-83.6974220996698
46.4389071153066,-83.6974220996419
46.44,-83.6974220996384
46.4479090436443,-83.6974220996137
46.45,-83.6974220996071
46.456910971982,-83.6974220995855
46.46,-83.6974220995758
46.4659129003198,-83.6974220995573
46.47,-83.6974220995445
46.4749148286575,-83.6974220995291
46.48,-83.6974220995132
46.4839167569952,-83.697422099501
46.49,-83.6974220994819
46.492918685333,-83.6974220994728
46.5,-83.6974220994506
46.5019206136707,-83.6974220994446
46.51,-83.6974220994194
46.5109225420084,-83.6974220994165
46.5199244703462,-83.6974220993883
46.52,-83.6974220993881
46.5289263986839,-83.6974220993602
46.53,-83.6974220993568
46.5379283270216,-83.697422099332
46.54,-83.6974220993255
46.5469302553594,-83.6974220993039
46.55,-83.6974220992943
46.5559321836971,-83.6974220992757
46.56,-83.697422099263
46.5649341120348,-83.6974220992476
46.57,-83.6974220992318
46.5739360403726,-83.6974220992195
46.58,-83.6974220992005
46.5829379687103,-83.6974220991914
46.59,-83.6974220991693
46.591939897048,-83.6974220991632
46.6,-83.6974220991381
46.6009418253858,-83.6974220991351
46.6099437537235,-83.697422099107
46.61,-83.6974220991068
46.6189456820612,-83.6974220990789
46.62,-83.6974220990756
46.6279476103989,-83.6974220990508
46.63,-83.6974220990444
46.6369495387367,-83.6974220990227
46.64,-83.6974220990132
46.6459514670744,-83.6974220989946
46.65,-83.697422098982
46.6549533954121,-83.6974220989665
46.66,-83.6974220989508
46.6639553237499,-83.6974220989384
46.67,-83.6974220989196
46.6729572520876,-83.6974220989104
46.68,-83.6974220988884
46.6819591804253,-83.6974220988823
46.69,-83.6974220988572
46.6909611087631,-83.6974220988542
46.6999630371008,-83.6974220988261
46.7,-83.697422098826
46.7089649654385,-83.6974220987981
46.71,-83.6974220987948
46.7179668937763,-83.69742209877
46.72,-83.6974220987637
46.726968822114,-83.697422098742
46.73,-83.6974220987325
46.7359707504517,-83.6974220987139
46.74,-83.6974220987014
46.7449726787895,-83.6974220986858
46.75,-83.6974220986702
46.7539746071272,-83.6974220986578
46.76,-83.6974220986391
46.7629765354649,-83.6974220986298
46.77,-83.6974220986079
46.7719784638027,-83.6974220986017
46.78,-83.6974220985768
46.7809803921404,-83.6974220985737
46.7899823204781,-83.6974220985457
46.79,-83.6974220985456
46.7989842488158,-83.6974220985177
46.8,-83.6974220985145
46.8079861771536,-83.6974220984897
46.81,-83.6974220984834
46.8169881054913,-83.6974220984616
46.82,-83.6974220984523
46.825990033829,-83.6974220984336
46.83,-83.6974220984212
46.8349919621668,-83.6974220984056
46.84,-83.69742209839
46.8439938905045,-83.6974220983776
46.85,-83.6974220983589
46.8529958188422,-83.6974220983496
46.86,-83.6974220983278
46.86199774718,-83.6974220983216
46.87,-83.6974220982967
46.8709996755177,-83.6974220982936
46.88,-83.6974220982657
46.8800016038554,-83.6974220982657
46.8890035321932,-83.6974220982377
46.89,-83.6974220982346
46.8980054605309,-83.6974220982097
46.9,-83.6974220982035
46.9070073888686,-83.6974220981817
46.91,-83.6974220981724
46.9160093172064,-83.6974220981538
46.92,-83.6974220981414
46.9250112455441,-83.6974220981258
46.93,-83.6974220981103
46.9340131738818,-83.6974220980978
46.94,-83.6974220980793
46.9430151022196,-83.6974220980699
46.95,-83.6974220980482
46.9520170305573,-83.6974220980419
46.96,-83.6974220980172
46.961018958895,-83.697422098014
46.97,-83.6974220979861
46.9700208872327,-83.697422097986
46.9790228155705,-83.6974220979581
46.98,-83.6974220979551
46.9880247439082,-83.6974220979302
46.99,-83.6974220979241
46.9970266722459,-83.6974220979022
47,-83.697422097893
47.0060286005837,-83.6974220978743
47.01,-83.697422097862
47.0150305289214,-83.6974220978464
47.02,-83.697422097831
47.0240324572591,-83.6974220978185
47.03,-83.6974220978
47.0330343855969,-83.6974220977906
47.04,-83.697422097769
47.0420363139346,-83.6974220977627
47.05,-83.697422097738
47.0510382422723,-83.6974220977348
47.06,-83.697422097707
47.0600401706101,-83.6974220977069
47.0690420989478,-83.697422097679
47.07,-83.697422097676
47.0780440272855,-83.6974220976511
47.08,-83.697422097645
47.0870459556233,-83.6974220976232
47.09,-83.697422097614
47.096047883961,-83.6974220975953
47.1,-83.6974220975831
