0,-83.6974181141894
4.01606541849385e-30,-83.6974181141894
1.14910396405366e-12,-83.6974181141894
1.14910396405367e-12,-83.6974181141894
1.15045829629442e-12,-83.6974181141894
1.15045829629443e-12,-83.6974181141894
1.23964760873716e-12,-83.6974181141894
1.23964760873717e-12,-83.6974181141894
1.24021692487882e-12,-83.6974181141894
1.24021692487883e-12,-83.6974181141894
3.79319056675393e-08,-83.6974181141894
2.27585232920611e-07,-83.6974181141892
1.17585186918597e-06,-83.6974181141884
5.91718505051278e-06,-83.6974181141845
2.96238509571468e-05,-83.6974181141649
0.000145259407052692,-83.6974181140693
0.00036176639878265,-83.6974181138904
0.000700659871948899,-83.6974181136103
0.00121036866784289,-83.6974181131891
0.00173549817088146,-83.6974181127553
0.00226062767392003,-83.6974181123217
0.00293589687534955,-83.6974181117641
0.00374701500695053,-83.6974181110946
0.00455813313855152,-83.6974181104253
0.0053692512701525,-83.6974181097561
0.00618036940175349,-83.6974181090871
0.00724873414128383,-83.697418108206
0.00831709888081418,-83.6974181073251
0.00988945917123131,-83.6974181060291
0.01,-83.697418105938
0.0121085070731687,-83.6974181042006
0.0121087287818934,-83.6974181042005
0.0121089504906181,-83.6974181042003
0.0121100590342418,-83.6974181041993
0.0121156017523599,-83.6974181041948
0.0121433153429509,-83.6974181041719
0.0122818832959054,-83.6974181040578
0.012974723060678,-83.6974181034871
0.0134816043145629,-83.6974181030696
0.0139884855684478,-83.6974181026521
0.0144953668223328,-83.6974181022347
0.0150022480762177,-83.6974181018173
0.0155091293301026,-83.6974181014
0.0162942000108691,-83.6974181007536
0.0168603237577621,-83.6974181002876
0.0176537242359117,-83.6974180996345
0.0182863493841324,-83.6974180991138
0.019182182584067,-83.6974180983766
0.02,-83.6974180977037
0.0200780157840016,-83.6974180976395
0.0213405571909173,-83.6974180966008
0.0226030985978329,-83.6974180955623
0.0238656400047486,-83.6974180945239
0.0251281814116643,-83.6974180934858
0.0270802651510984,-83.697418091881
0.03,-83.6974180894814
0.0309397864838427,-83.6974180887093
0.034799307816587,-83.6974180855391
0.0396518744276386,-83.6974180815554
0.04,-83.6974180812696
0.0477520677561181,-83.69741807491
0.05,-83.6974180730669
0.0506183900331962,-83.69741807256
0.0512367800663924,-83.6974180720532
0.0518551700995886,-83.6974180715465
0.0528383839919566,-83.6974180707409
0.0544076685324233,-83.6974180694554
0.0567282871688009,-83.697418067555
0.06,-83.6974180648768
0.0604120379280915,-83.6974180645396
0.0674355270324311,-83.6974180587957
0.07,-83.6974180566998
0.0768062806052574,-83.6974180511419
0.08,-83.6974180485361
0.0861770341780836,-83.6974180435011
0.09,-83.6974180403878
0.0955477877509099,-83.697418035874
0.1,-83.6974180322549
0.109370753572826,-83.697418024647
0.11,-83.6974180241359
0.118741507145653,-83.6974180170489
0.12,-83.6974180160289
0.128112260718479,-83.6974180094628
0.13,-83.6974180079357
0.134869226464483,-83.6974180040004
0.1398832088647,-83.6974179999514
0.14,-83.6974179998567
0.144897191264918,-83.6974179959052
0.15,-83.6974179917905
0.157772164663494,-83.6974179855289
0.16,-83.6974179837345
0.165544329326987,-83.6974179792725
0.17,-83.6974179756886
0.175544329326987,-83.6974179712319
0.18,-83.6974179676522
0.185544329326987,-83.6974179632008
0.19,-83.6974179596251
0.195544329326987,-83.6974179551785
0.2,-83.6974179516066
0.21,-83.6974179435968
0.21,-83.6974179435955
0.22,-83.6974179355944
0.22,-83.6974179355931
0.23,-83.6974179276
0.23,-83.6974179276008
0.24,-83.697417919616
0.24,-83.6974179196168
0.25,-83.6974179116402
0.26,-83.6974179036728
0.27,-83.6974178957155
0.28,-83.6974178877675
0.29,-83.6974178798285
0.29,-83.6974178798315
0.3,-83.6974178718988
0.31,-83.6974178639786
0.32,-83.6974178560684
0.33,-83.6974178481677
0.34,-83.6974178402778
0.35,-83.6974178324007
0.36,-83.6974178245353
0.36,-83.6974178245388
0.37,-83.6974178166818
0.37,-83.6974178166852
0.38,-83.6974178088408
0.38,-83.6974178088441
0.39,-83.6974178010127
0.39,-83.6974178010159
0.4,-83.6974177931982
0.41,-83.6974177853976
0.42,-83.6974177776113
0.42,-83.6974177776141
0.43,-83.6974177698398
0.43,-83.6974177698422
0.44,-83.6974177620832
0.44,-83.6974177620859
0.45,-83.6974177543427
0.46,-83.6974177466194
0.47,-83.6974177389127
0.48,-83.6974177312226
0.48,-83.6974177312264
0.49,-83.6974177235493
0.49,-83.6974177235529
0.5,-83.697417715893
0.51,-83.6974177082541
0.52,-83.6974177006327
0.53,-83.6974176930291
0.54,-83.697417685443
0.55,-83.6974176778738
0.56,-83.6974176703227
0.57,-83.6974176627899
0.58,-83.6974176552752
0.58,-83.6974176552763
0.59,-83.6974176477788
0.59,-83.6974176477798
0.6,-83.6974176403005
0.61,-83.6974176328401
0.62,-83.6974176253977
0.63,-83.697417617973
0.64,-83.6974176105658
0.65,-83.6974176031991
0.66,-83.6974175958491
0.67,-83.6974175885071
0.68,-83.6974175811681
0.69,-83.6974175738458
0.7,-83.6974175665398
0.71,-83.6974175592497
0.71,-83.6974175592499
0.72,-83.6974175519754
0.72,-83.6974175519756
0.73,-83.6974175447165
0.73,-83.6974175447167
0.74,-83.6974175374727
0.74,-83.6974175374729
0.75,-83.6974175302437
0.76,-83.6974175230292
0.77,-83.6974175158289
0.78,-83.6974175086426
0.79,-83.69741750147
0.8,-83.6974174943107
0.81,-83.6974174871645
0.82,-83.6974174800312
0.83,-83.6974174729106
0.84,-83.6974174658024
0.84,-83.6974174658027
0.85,-83.6974174587063
0.86,-83.6974174517337
0.87,-83.6974174446647
0.88,-83.6974174376078
0.89,-83.6974174305622
0.9,-83.6974174235278
0.91,-83.6974174165045
0.92,-83.6974174094922
0.93,-83.6974174024907
0.94,-83.6974173954998
0.95,-83.6974173885195
0.96,-83.6974173815497
0.96,-83.6974173815517
0.97,-83.6974173745904
0.97,-83.6974173745924
0.98,-83.6974173676415
0.98,-83.6974173676434
0.99,-83.6974173607028
0.99,-83.6974173607048
1,-83.6974173537744
1.01,-83.6974173468563
1.02,-83.6974173399483
1.03,-83.6974173330506
1.04,-83.6974173261631
1.05,-83.6974173192858
1.06,-83.6974173124186
1.07,-83.6974173055614
1.08,-83.6974172987144
1.09,-83.6974172918777
1.1,-83.6974172850511
1.11,-83.6974172782349
1.12,-83.697417271429
1.13,-83.6974172646335
1.14,-83.6974172578483
1.15,-83.6974172510736
1.16,-83.6974172443093
1.16,-83.697417244311
1.17,-83.6974172375555
1.17,-83.6974172375572
1.18,-83.6974172308123
1.18,-83.697417230814
1.19,-83.6974172240796
1.19,-83.6974172240813
1.2,-83.6974172173574
1.21,-83.6974172106459
1.22,-83.697417203945
1.23,-83.6974171972548
1.24,-83.6974171905752
1.25,-83.6974171839063
1.26,-83.697417177248
1.27,-83.6974171705942
1.28,-83.6974171639991
1.29,-83.6974171573881
1.3,-83.6974171507717
1.31,-83.6974171441659
1.32,-83.6974171375709
1.33,-83.6974171309866
1.34,-83.6974171244129
1.35,-83.6974171178497
1.36,-83.6974171112971
1.37,-83.6974171047552
1.38,-83.6974170982238
1.39,-83.6974170917028
1.4,-83.6974170851923
1.41,-83.6974170786922
1.41,-83.6974170786929
1.42,-83.6974170722024
1.42,-83.6974170722032
1.43,-83.6974170657231
1.43,-83.6974170657238
1.44,-83.6974170592539
1.44,-83.6974170592547
1.45,-83.6974170527949
1.46,-83.6974170463461
1.47,-83.6974170399074
1.48,-83.6974170334789
1.49,-83.6974170270603
1.5,-83.6974170206516
1.51,-83.6974170142526
1.52,-83.6974170078635
1.53,-83.6974170014843
1.54,-83.6974169951146
1.55,-83.6974169887546
1.56,-83.697416982404
1.57,-83.697416976063
1.58,-83.6974169697315
1.59,-83.6974169634093
1.6,-83.6974169570963
1.61,-83.6974169507926
1.62,-83.6974169444981
1.63,-83.6974169382128
1.64,-83.6974169319366
1.65,-83.6974169256692
1.66,-83.6974169194108
1.67,-83.6974169131614
1.67,-83.6974169131622
1.68,-83.6974169069209
1.68,-83.6974169069217
1.69,-83.6974169006892
1.69,-83.69741690069
1.7,-83.6974168944662
1.71,-83.6974168882519
1.72,-83.6974168820463
1.73,-83.6974168758593
1.74,-83.6974168696691
1.75,-83.697416863488
1.76,-83.6974168573154
1.77,-83.6974168511513
1.78,-83.6974168449957
1.79,-83.6974168388485
1.8,-83.6974168327095
1.81,-83.6974168265789
1.82,-83.6974168204566
1.83,-83.6974168143427
1.84,-83.6974168082371
1.85,-83.6974168021395
1.86,-83.6974167960502
1.87,-83.6974167899692
1.88,-83.6974167838964
1.89,-83.6974167778318
1.9,-83.6974167717753
1.91,-83.6974167657268
1.92,-83.6974167596866
1.92,-83.6974167596861
1.93,-83.6974167536546
1.93,-83.6974167536541
1.94,-83.6974167476306
1.94,-83.6974167476301
1.95,-83.6974167416146
1.96,-83.6974167356066
1.97,-83.6974167296066
1.98,-83.6974167236137
1.99,-83.6974167176289
2,-83.6974167116519
2.01,-83.6974167056829
2.02,-83.697416699722
2.03,-83.6974166937691
2.04,-83.6974166878242
2.05,-83.6974166818871
2.06,-83.6974166759579
2.07,-83.6974166700367
2.08,-83.6974166641235
2.09,-83.6974166582182
2.1,-83.6974166523206
2.11,-83.6974166464308
2.12,-83.6974166405491
2.13,-83.6974166346752
2.14,-83.6974166288092
2.15,-83.6974166229509
2.16,-83.6974166171003
2.17,-83.6974166112577
2.18,-83.6974166054229
2.19,-83.6974165995959
2.2,-83.6974165937765
2.21,-83.6974165879646
2.22,-83.6974165821594
2.23,-83.697416576362
2.23999999999999,-83.6974165705722
2.24999999999999,-83.69741656479
2.25999999999999,-83.6974165590153
2.26999999999999,-83.6974165532485
2.27999999999999,-83.6974165474893
2.28999999999999,-83.6974165417378
2.29999999999999,-83.6974165359936
2.30999999999999,-83.6974165302571
2.31999999999999,-83.6974165245283
2.32999999999999,-83.697416518807
2.33999999999999,-83.6974165130933
2.34999999999999,-83.697416507387
2.35999999999999,-83.6974165016883
2.36999999999999,-83.6974164959971
2.37999999999999,-83.6974164903135
2.38999999999999,-83.6974164846373
2.39999999999999,-83.6974164789685
2.40999999999999,-83.6974164733071
2.41999999999999,-83.6974164676532
2.42999999999999,-83.6974164620068
2.43999999999999,-83.6974164563678
2.44999999999999,-83.697416450736
2.45999999999999,-83.6974164451106
2.46999999999999,-83.6974164394922
2.47999999999999,-83.6974164338812
2.48999999999999,-83.6974164282775
2.49999999999999,-83.697416422681
2.50999999999999,-83.6974164170918
2.51999999999999,-83.6974164115099
2.52999999999999,-83.6974164059355
2.53999999999999,-83.6974164003682
2.54999999999999,-83.6974163948081
2.55999999999999,-83.6974163892552
2.56999999999999,-83.6974163837097
2.57999999999999,-83.6974163781715
2.58999999999999,-83.6974163726405
2.59999999999999,-83.6974163671166
2.60999999999999,-83.6974163615998
2.61999999999999,-83.6974163560905
2.62999999999999,-83.6974163505884
2.63999999999999,-83.6974163450934
2.64999999999999,-83.6974163396055
2.65999999999999,-83.6974163341248
2.66999999999999,-83.6974163286514
2.67999999999999,-83.6974163231853
2.68999999999999,-83.6974163177263
2.69999999999999,-83.6974163122743
2.70999999999998,-83.6974163068286
2.71999999999998,-83.6974163013898
2.72999999999998,-83.6974162959582
2.73999999999998,-83.6974162905338
2.74999999999998,-83.6974162851162
2.75999999999998,-83.6974162797058
2.76999999999998,-83.6974162743028
2.77999999999998,-83.6974162689069
2.78999999999998,-83.6974162635181
2.79999999999998,-83.6974162581363
2.80999999999998,-83.6974162527616
2.81999999999998,-83.6974162473943
2.82999999999998,-83.6974162420341
2.83999999999998,-83.6974162366811
2.84999999999998,-83.697416231335
2.85999999999998,-83.6974162259961
2.86999999999998,-83.6974162206645
2.87999999999998,-83.6974162153401
2.88999999999998,-83.6974162100228
2.89999999999998,-83.6974162047125
2.90999999999998,-83.6974161994093
2.91999999999998,-83.6974161941135
2.92999999999998,-83.6974161888249
2.93999999999998,-83.6974161835433
2.94999999999998,-83.6974161782688
2.95999999999998,-83.697416173001
2.96999999999998,-83.6974161677413
2.97999999999998,-83.6974161624889
2.98999999999998,-83.6974161572435
2.99999999999998,-83.6974161520052
3.00999999999998,-83.6974161467739
3.01999999999998,-83.69741614155
3.02999999999998,-83.6974161363333
3.03999999999998,-83.6974161311237
3.04999999999998,-83.6974161259211
3.05999999999998,-83.6974161207256
3.06999999999998,-83.6974161155374
3.07999999999998,-83.6974161103565
3.08999999999998,-83.6974161051828
3.09999999999998,-83.697416100016
3.10999999999998,-83.6974160948564
3.11999999999998,-83.6974160897042
3.12999999999998,-83.6974160845593
3.13999999999998,-83.6974160794215
3.14999999999998,-83.6974160742908
3.15999999999998,-83.6974160691673
3.16999999999998,-83.6974160640513
3.17999999999997,-83.6974160589426
3.18999999999997,-83.6974160538411
3.19999999999997,-83.6974160487466
3.20999999999997,-83.6974160436594
3.21999999999997,-83.6974160385795
3.22999999999997,-83.6974160335076
3.23999999999997,-83.697416028444
3.24999999999997,-83.6974160233874
3.25999999999997,-83.6974160183381
3.26999999999997,-83.6974160132963
3.27999999999997,-83.6974160082619
3.28999999999997,-83.6974160032347
3.29999999999997,-83.6974159982145
3.30999999999997,-83.6974159932017
3.31999999999997,-83.6974159881963
3.32999999999997,-83.6974159831984
3.33999999999997,-83.6974159782077
3.34999999999997,-83.6974159732241
3.35999999999997,-83.6974159682478
3.36999999999997,-83.6974159632792
3.37999999999997,-83.697415958318
3.38999999999997,-83.6974159533641
3.39999999999997,-83.6974159484175
3.40999999999997,-83.6974159434781
3.41999999999997,-83.6974159385465
3.42999999999997,-83.6974159336224
3.43999999999997,-83.6974159287057
3.44999999999997,-83.6974159237962
3.45999999999997,-83.6974159188941
3.46999999999997,-83.6974159139997
3.47999999999997,-83.6974159091129
3.48999999999997,-83.6974159042336
3.49999999999997,-83.6974158993618
3.50999999999997,-83.6974158944981
3.51999999999997,-83.6974158896422
3.52999999999997,-83.697415884794
3.53999999999997,-83.6974158799532
3.54999999999997,-83.6974158751197
3.55999999999997,-83.6974158702938
3.56999999999997,-83.6974158654757
3.57999999999997,-83.6974158606654
3.58999999999997,-83.6974158558626
3.59999999999997,-83.6974158510673
3.60999999999997,-83.6974158462795
3.61999999999997,-83.6974158414998
3.62999999999997,-83.6974158367279
3.63999999999997,-83.6974158319636
3.64999999999996,-83.6974158272068
3.65999999999996,-83.6974158224577
3.66999999999996,-83.6974158177167
3.67999999999996,-83.6974158129835
3.68999999999996,-83.6974158082582
3.69999999999996,-83.6974158035404
3.70999999999996,-83.6974157988304
3.71999999999996,-83.6974157941285
3.72999999999996,-83.6974157894346
3.73999999999996,-83.6974157847486
3.74999999999996,-83.6974157800702
3.75999999999996,-83.6974157753997
3.76999999999996,-83.6974157707374
3.77999999999996,-83.6974157660835
3.78999999999996,-83.6974157614379
3.79999999999996,-83.6974157568001
3.80999999999996,-83.6974157521701
3.81999999999996,-83.6974157475485
3.82999999999996,-83.697415742935
3.83999999999996,-83.6974157383295
3.84999999999996,-83.6974157337317
3.85999999999996,-83.697415729142
3.86999999999996,-83.6974157245607
3.87999999999996,-83.6974157199877
3.88999999999996,-83.6974157154228
3.89999999999996,-83.6974157108658
3.90999999999996,-83.697415706317
3.91999999999996,-83.6974157017767
3.92999999999996,-83.6974156972448
3.93999999999996,-83.6974156927211
3.94999999999996,-83.6974156882054
3.95999999999996,-83.697415683698
3.96999999999996,-83.6974156791993
3.97999999999996,-83.6974156747091
3.98999999999996,-83.6974156702272
3.99999999999996,-83.6974156657535
4.00999999999996,-83.6974156612882
4.01999999999996,-83.6974156568316
4.02999999999996,-83.6974156523837
4.03999999999996,-83.6974156479442
4.04999999999996,-83.697415643513
4.05999999999996,-83.6974156390903
4.06999999999996,-83.6974156346767
4.07999999999996,-83.6974156302722
4.08999999999996,-83.6974156258762
4.09999999999996,-83.6974156214885
4.10999999999996,-83.6974156171094
4.11999999999995,-83.6974156127394
4.12999999999995,-83.6974156083782
4.13999999999995,-83.6974156040256
4.14999999999995,-83.6974155996815
4.15999999999995,-83.6974155953461
4.16999999999995,-83.6974155910199
4.17999999999995,-83.6974155867027
4.18999999999995,-83.6974155823943
4.19999999999995,-83.6974155780945
4.20999999999995,-83.6974155738036
4.21999999999995,-83.697415569522
4.22999999999995,-83.6974155652495
4.23999999999995,-83.697415560986
4.24999999999995,-83.6974155567311
4.25999999999995,-83.6974155524853
4.26999999999995,-83.697415548249
4.27999999999995,-83.6974155440221
4.28999999999995,-83.6974155398042
4.29999999999995,-83.6974155355952
4.30999999999995,-83.6974155313954
4.31999999999995,-83.6974155272053
4.32999999999995,-83.6974155230246
4.33999999999995,-83.6974155188532
4.34999999999995,-83.6974155146908
4.35999999999995,-83.6974155105377
4.36999999999995,-83.6974155063946
4.37999999999995,-83.6974155022613
4.38999999999995,-83.6974154981373
4.39999999999995,-83.6974154940224
4.40999999999995,-83.697415489917
4.41999999999995,-83.6974154858215
4.42999999999995,-83.6974154817357
4.43999999999995,-83.6974154776594
4.44999999999995,-83.6974154735925
4.45999999999995,-83.6974154695351
4.46999999999995,-83.6974154654878
4.47999999999995,-83.6974154614505
4.48999999999995,-83.6974154574229
4.49999999999995,-83.6974154534048
4.50999999999995,-83.6974154493965
4.51999999999995,-83.6974154453985
4.52999999999995,-83.6974154414107
4.53999999999995,-83.6974154374328
4.54999999999995,-83.6974154334646
4.55999999999995,-83.6974154295064
4.56999999999995,-83.6974154255587
4.57999999999995,-83.6974154216218
4.58999999999994,-83.6974154176957
4.59999999999994,-83.6974154137795
4.60999999999994,-83.6974154098735
4.61999999999994,-83.6974154059782
4.62999999999994,-83.6974154020935
4.63999999999994,-83.697415398219
4.64999999999994,-83.6974153943545
4.65999999999994,-83.6974153905004
4.66999999999994,-83.6974153866572
4.67999999999994,-83.6974153828246
4.68999999999994,-83.6974153790021
4.69999999999994,-83.6974153751899
4.70999999999994,-83.6974153713881
4.71999999999994,-83.6974153675976
4.72999999999994,-83.6974153638179
4.73999999999994,-83.6974153600489
4.74999999999994,-83.6974153562903
4.75999999999994,-83.6974153525425
4.76999999999994,-83.697415348806
4.77999999999994,-83.6974153450806
4.78999999999994,-83.697415341366
4.79999999999994,-83.6974153376621
4.80999999999994,-83.697415333969
4.81999999999994,-83.6974153302876
4.82999999999994,-83.6974153266175
4.83999999999994,-83.6974153229584
4.84999999999994,-83.6974153193102
4.85999999999994,-83.6974153156731
4.86999999999994,-83.6974153120478
4.87999999999994,-83.697415308434
4.88999999999994,-83.6974153048315
4.89999999999994,-83.69741530124
4.90999999999994,-83.6974152976598
4.91999999999994,-83.6974152940917
4.92999999999994,-83.6974152905354
4.93999999999994,-83.6974152869905
4.94999999999994,-83.6974152834569
4.95999999999994,-83.6974152799349
4.96999999999994,-83.6974152764253
4.97999999999994,-83.6974152729276
4.98999999999994,-83.6974152694417
4.99999999999994,-83.6974152659672
5.00999999999994,-83.697415262505
5.01999999999994,-83.6974152590556
5.02999999999994,-83.6974152556185
5.03999999999994,-83.6974152521932
5.04999999999993,-83.6974152487797
5.05999999999993,-83.6974152453781
5.06999999999993,-83.6974152419893
5.07999999999993,-83.6974152386129
5.08999999999993,-83.6974152352487
5.09999999999993,-83.6974152318964
5.10999999999993,-83.6974152285563
5.11999999999993,-83.6974152252291
5.12999999999993,-83.6974152219147
5.13999999999993,-83.6974152186127
5.14999999999993,-83.6974152153227
5.15999999999993,-83.6974152120453
5.16999999999993,-83.6974152087812
5.17999999999993,-83.69741520553
5.18999999999993,-83.6974152022916
5.19999999999993,-83.6974151990656
5.20999999999993,-83.6974151958524
5.21999999999993,-83.6974151926528
5.22999999999993,-83.6974151894665
5.23999999999993,-83.6974151862931
5.24999999999993,-83.6974151831325
5.25999999999993,-83.6974151799849
5.26999999999993,-83.6974151768511
5.27999999999993,-83.6974151737308
5.28999999999993,-83.6974151706238
5.29999999999993,-83.6974151675296
5.30999999999993,-83.6974151644487
5.31999999999993,-83.6974151613819
5.32999999999993,-83.6974151583291
5.33999999999993,-83.6974151552897
5.34999999999993,-83.6974151522639
5.35999999999993,-83.697415149252
5.36999999999993,-83.6974151462545
5.37999999999993,-83.6974151432711
5.380656744784,-83.6974151430774
5.38131348956808,-83.6974151428821
5.38197023435215,-83.6974151426867
5.3831134112639,-83.6974151423468
5.38488627470574,-83.69741514182
5.38851936797507,-83.6974151407416
5.39,-83.6974151403031
5.39402781109371,-83.6974151391104
5.4,-83.6974151373139
5.41,-83.6974151342767
5.42,-83.6974151312554
5.43,-83.6974151282489
5.44,-83.6974151252571
5.44044629365826,-83.6974151251257
5.44089258731653,-83.6974151249926
5.44119741400784,-83.6974151249017
5.44150224069916,-83.6974151248107
5.44188216017759,-83.6974151246974
5.44226207965602,-83.6974151245842
5.44255225391963,-83.6974151244977
5.44290368578203,-83.6974151243929
5.44339163971178,-83.6974151242475
5.44375206290831,-83.6974151241401
5.44419732850077,-83.6974151240074
5.4449131429373,-83.6974151237942
5.44545066021553,-83.6974151236342
5.44639825185324,-83.6974151233522
5.44709459956813,-83.6974151231451
5.44834360628885,-83.6974151227736
5.44959261300957,-83.6974151224024
5.45,-83.6974151222816
5.45124900672072,-83.6974151219105
5.45249801344144,-83.6974151215399
5.45374702016216,-83.6974151211696
5.45600253159933,-83.6974151205012
5.45989802356776,-83.6974151193488
5.46,-83.6974151193194
5.46379351553619,-83.6974151181992
5.46956360502824,-83.6974151164668
5.47,-83.6974151163356
5.47956360502824,-83.6974151134449
5.48,-83.6974151133052
5.48956360502824,-83.6974151102107
5.49,-83.6974151100685
5.49956360502824,-83.6974151068443
5.5,-83.6974151066929
5.51,-83.6974151030308
5.52,-83.6974150993885
5.53,-83.6974150957643
5.5305923179679,-83.697415095552
5.53118463593579,-83.697415095338
5.53177695390369,-83.697415095124
5.53251587435675,-83.6974150948571
5.53325479480981,-83.6974150945904
5.53399371526287,-83.6974150943237
5.53473263571593,-83.6974150940572
5.53547155616899,-83.6974150937908
5.53643375347066,-83.6974150934439
5.53739595077233,-83.6974150930973
5.53807553554051,-83.6974150928526
5.53900520140245,-83.697415092518
5.5399348672644,-83.6974150921835
5.54,-83.6974150921602
5.54098047394355,-83.6974150918075
5.54196094788709,-83.6974150914551
5.54294142183064,-83.6974150911028
5.54392189577418,-83.6974150907508
5.54490236971773,-83.6974150903989
5.54588284366128,-83.6974150900473
5.54720541285628,-83.6974150895731
5.54815202073198,-83.697415089234
5.54909862860768,-83.6974150888951
5.54983274520197,-83.6974150886323
5.55,-83.6974150885726
5.55090233524623,-83.6974150882496
5.55180467049247,-83.697415087927
5.55287638165905,-83.697415087544
5.55394809282564,-83.6974150871612
5.55501980399222,-83.6974150867787
5.55609151515881,-83.6974150863964
5.55716322632539,-83.6974150860144
5.55823493749198,-83.6974150856326
5.55952771903776,-83.6974150851723
5.56,-83.6974150850044
5.56095679145047,-83.697415084664
5.56191358290095,-83.6974150843239
5.56287037435142,-83.697415083984
5.5636325093681,-83.6974150837134
5.56486124146832,-83.6974150832772
5.56608997356853,-83.6974150828415
5.56731870566875,-83.6974150824061
5.56883712935612,-83.6974150818684
5.57,-83.6974150814571
5.57108973925594,-83.6974150810718
5.57334234915575,-83.6974150802721
5.57716059888833,-83.6974150789155
5.58,-83.6974150779092
5.58289180506003,-83.6974150768859
5.59,-83.6974150743463
5.59047332424146,-83.6974150741777
5.6,-83.69741507076
5.61,-83.6974150671938
5.62,-83.6974150636543
5.63,-83.6974150601428
5.63734707571816,-83.697415057582
5.64,-83.6974150566622
5.64469415143632,-83.6974150550381
5.65,-83.6974150531807
5.65913927232834,-83.6974150499515
5.66,-83.6974150496506
5.66827854465669,-83.6974150467559
5.67,-83.6974150461464
5.67741781698503,-83.6974150434753
5.68,-83.6974150425175
5.68436963393663,-83.6974150408739
5.69,-83.6974150387126
5.69132145088823,-83.6974150382035
5.69827326783983,-83.6974150355168
5.7,-83.6974150348522
5.71,-83.697415031037
5.72,-83.6974150272889
5.72587376915479,-83.6974150251217
5.73,-83.6974150236155
5.74,-83.6974150200239
5.74724652009095,-83.6974150174771
5.75,-83.6974150165224
5.76,-83.6974150131162
5.77,-83.6974150098135
5.78,-83.6974150066189
5.79,-83.6974150035373
5.8,-83.6974150005736
5.81,-83.6974149977332
5.82,-83.6974149950215
5.83,-83.6974149924429
5.84,-83.6974149900011
5.85,-83.6974149876993
5.86,-83.6974149855411
5.87,-83.6974149835296
5.88,-83.697414981667
5.89,-83.6974149799553
5.9,-83.6974149783964
5.91,-83.697414976993
5.92,-83.6974149757478
5.93,-83.6974149746629
5.94,-83.6974149737402
5.95,-83.697414972982
5.96,-83.6974149723915
5.97,-83.6974149719717
5.98,-83.6974149717253
5.98999999999999,-83.6974149716548
5.99999999999999,-83.6974149717627
6.00999999999999,-83.6974149720522
6.01999999999999,-83.6974149725262
6.02999999999999,-83.6974149731871
6.03299999999999,-83.6974149734226
6.03599999999999,-83.6974149736746
6.03798194698835,-83.6974149738506
6.03996389397671,-83.697414974034
6.04,-83.6974149740375
6.04143210449553,-83.6974149741747
6.042919140847,-83.6974149743199
6.04440617719847,-83.6974149744686
6.04589321354993,-83.6974149746216
6.04691472013319,-83.6974149747293
6.04793622671645,-83.6974149748389
6.0489577332997,-83.6974149749507
6.05,-83.6974149750669
6.05139785630388,-83.697414975226
6.05279571260776,-83.6974149753889
6.05419356891164,-83.6974149755557
6.05559142521552,-83.6974149757264
6.0569892815194,-83.697414975901
6.05838713782328,-83.6974149760795
6.05940168389324,-83.6974149762116
6.06,-83.6974149762905
6.06041622996321,-83.6974149763459
6.06212233382928,-83.6974149765757
6.06340590951969,-83.6974149767524
6.06468948521011,-83.6974149769323
6.06597306090053,-83.6974149771155
6.06725663659094,-83.6974149773017
6.06896657422436,-83.697414977555
6.07,-83.6974149777108
6.07093599661769,-83.6974149778539
6.07187199323538,-83.6974149779988
6.07317405032297,-83.6974149782033
6.07447610741057,-83.6974149784113
6.07577816449816,-83.6974149786227
6.07708022158576,-83.6974149788376
6.07838227867335,-83.6974149790559
6.07966290424374,-83.697414979274
6.08,-83.6974149793318
6.08094352981413,-83.6974149794953
6.08195216004722,-83.6974149796715
6.08296079028032,-83.6974149798495
6.08396942051341,-83.6974149800295
6.08533456576152,-83.6974149802766
6.08672002764811,-83.6974149805312
6.0881054895347,-83.6974149807897
6.08949095142129,-83.6974149810521
6.09,-83.6974149811494
6.09087641330788,-83.6974149813184
6.09259199116387,-83.697414981653
6.09377846334928,-83.6974149818875
6.09496493553469,-83.6974149821249
6.0961514077201,-83.6974149823652
6.09733787990551,-83.6974149826083
6.09882408339241,-83.697414982917
6.1,-83.6974149831644
6.1014862034869,-83.6974149834812
6.10297240697379,-83.6974149838025
6.10445861046068,-83.6974149841283
6.10566322696212,-83.6974149843957
6.10686784346355,-83.6974149846661
6.10807245996499,-83.6974149849394
6.10927707646642,-83.6974149852158
6.11,-83.697414985383
6.11091054037285,-83.6974149855952
6.11254400427928,-83.6974149859797
6.11417746818571,-83.6974149863692
6.11581093209214,-83.6974149867641
6.11782628288632,-83.697414987259
6.1198416336805,-83.6974149877621
6.12,-83.6974149878017
6.12131409593981,-83.6974149881349
6.1231528006097,-83.6974149886059
6.1255808669373,-83.697414989238
6.12731169052683,-83.6974149896956
6.12904251411635,-83.6974149901596
6.13,-83.6974149904187
6.13116808782261,-83.6974149907376
6.13329366152887,-83.6974149913244
6.13541923523513,-83.6974149919197
6.13785478914558,-83.6974149926133
6.14,-83.6974149932341
6.14029034305604,-83.6974149933186
6.14272589696649,-83.6974149940364
6.14516145087695,-83.6974149947659
6.1475970047874,-83.6974149955075
6.15,-83.6974149962509
6.15323521540773,-83.6974149972705
6.15711940290294,-83.6974149985226
6.16,-83.6974149994706
6.16100359039815,-83.6974149998046
6.16794913106309,-83.6974150021735
6.17,-83.6974150028903
6.17489467172804,-83.6974150046374
6.18,-83.6974150065077
6.18184021239298,-83.6974150071935
6.18878575305792,-83.6974150098436
6.19,-83.6974150103155
6.19573129372287,-83.6974150125874
6.2,-83.6974150143203
6.21,-83.6974150185197
6.22,-83.6974150229113
6.23,-83.6974150274936
6.24,-83.6974150322639
6.25,-83.6974150372194
6.26,-83.697415042357
6.27,-83.6974150476736
6.28,-83.6974150531659
6.29,-83.6974150588305
6.3,-83.6974150646636
6.31,-83.6974150706617
6.32,-83.6974150768208
6.33,-83.6974150831369
6.34,-83.6974150896062
6.35,-83.6974150962243
6.36,-83.6974151029871
6.37,-83.6974151098901
6.38,-83.6974151169293
6.39,-83.6974151241002
6.4,-83.6974151313986
6.41,-83.6974151388196
6.42,-83.697415146359
6.43,-83.6974151540123
6.44,-83.6974151617754
6.44999999999999,-83.6974151696436
6.45999999999999,-83.6974151776126
6.46034552293041,-83.6974151778878
6.46069104586082,-83.697415178165
6.46103656879124,-83.6974151784423
6.46138209172165,-83.6974151787197
6.46187309342654,-83.6974151791141
6.46254316933067,-83.6974151796528
6.4634596675771,-83.6974151803903
6.46471977599547,-83.6974151814056
6.46646456851709,-83.6974151828138
6.46890423053512,-83.6974151847877
6.47,-83.6974151856757
6.47236304496088,-83.6974151875954
6.47736618824,-83.6974151916971
6.48,-83.6974151938706
6.48236933151911,-83.6974151958314
6.49,-83.6974152022091
6.49236933151911,-83.6974152042036
6.5,-83.6974152106972
6.51,-83.6974152193062
6.513,-83.6974152219021
6.516,-83.6974152245062
6.51784025267648,-83.6974152261066
6.51968050535295,-83.6974152277097
6.52,-83.6974152279879
6.52105086490029,-83.6974152289049
6.52281897838713,-83.6974152304532
6.52458709187396,-83.6974152320057
6.52563359899022,-83.6974152329253
6.52668010610649,-83.6974152338458
6.52772661322276,-83.6974152347671
6.52954010139451,-83.6974152363653
6.53,-83.6974152367706
6.5311622618167,-83.6974152377964
6.5327844222389,-83.6974152392336
6.53440658266109,-83.6974152406746
6.5354257247105,-83.6974152415806
6.53644486675991,-83.6974152424873
6.53746400880933,-83.6974152433947
6.53848315085874,-83.6974152443026
6.54,-83.6974152456553
6.54009921095931,-83.6974152457435
6.54153645581787,-83.6974152470269
6.54297370067642,-83.6974152483115
6.54441094553497,-83.6974152495972
6.54584819039353,-83.697415250884
6.54697545499318,-83.697415251894
6.54810271959283,-83.6974152529048
6.54922998419248,-83.6974152539162
6.55,-83.6974152546075
6.55052747888345,-83.6974152550812
6.5510549577669,-83.697415255555
6.55158243665035,-83.6974152560291
6.55224975904271,-83.697415256629
6.55310557167157,-83.6974152573988
6.55435450749023,-83.6974152585228
6.55518361309004,-83.6974152592693
6.55601271868985,-83.6974152600162
6.55684182428966,-83.6974152607634
6.55791955756202,-83.6974152617353
6.5592602736263,-83.6974152629451
6.56,-83.6974152636129
6.56060098969059,-83.6974152641556
6.56194170575487,-83.6974152653692
6.56328242181916,-83.6974152665846
6.56462313788344,-83.6974152678008
6.56596385394773,-83.6974152690179
6.56730457001201,-83.6974152702357
6.56966795704774,-83.6974152723847
6.57,-83.6974152726864
6.57144917793855,-83.6974152740056
6.57323039882936,-83.6974152756347
6.57565168275374,-83.6974152778562
6.57807296667811,-83.6974152800801
6.58,-83.6974152818516
6.58229967184429,-83.6974152839678
6.58555299200452,-83.6974152869848
6.58718518495222,-83.697415288505
6.58881737789991,-83.6974152900265
6.59,-83.6974152911293
6.59006529091615,-83.69741529119
6.59131320393239,-83.6974152923548
6.59256111694862,-83.6974152935199
6.59380902996486,-83.6974152946855
6.59505694298109,-83.6974152958515
6.59630485599733,-83.697415297018
6.59755276901357,-83.6974152981849
6.59898867976892,-83.6974152995281
6.6,-83.6974153004744
6.60143591075535,-83.6974153018186
6.60248068645528,-83.6974153027968
6.60352546215521,-83.6974153037753
6.60510420486147,-83.6974153052545
6.60668294756772,-83.6974153067342
6.60826169027398,-83.6974153082144
6.60932439085575,-83.6974153092109
6.61,-83.6974153098444
6.61038709143753,-83.6974153102075
6.61144979201931,-83.6974153112058
6.61274616161144,-83.6974153124245
6.61405041409209,-83.6974153136509
6.61535466657275,-83.6974153148775
6.6166589190534,-83.6974153161043
6.61796317153406,-83.6974153173314
6.61898405247103,-83.697415318292
6.62,-83.6974153192481
6.62000493340801,-83.6974153192525
6.62102581434498,-83.6974153202136
6.62226840175729,-83.6974153213833
6.6235109891696,-83.6974153225532
6.62475357658191,-83.6974153237232
6.62599616399422,-83.6974153248934
6.62828892076677,-83.697415327053
6.63,-83.6974153286647
6.63058167753933,-83.6974153292124
6.63382197242821,-83.6974153322716
6.6370622673171,-83.6974153353339
6.64,-83.6974153381102
6.64100285140167,-83.6974153390575
6.64657404343658,-83.6974153443392
6.65,-83.6974153475893
6.65081619638844,-83.6974153483627
6.65163239277687,-83.6974153491364
6.6524485891653,-83.6974153499099
6.65326478555374,-83.6974153506832
6.65426022907351,-83.697415351626
6.65525567259328,-83.6974153525684
6.65625111611305,-83.6974153535104
6.65702618871773,-83.6974153542435
6.65814952789075,-83.6974153553056
6.6595205238591,-83.6974153566009
6.66,-83.6974153570535
6.66089151982744,-83.697415357895
6.66226251579578,-83.6974153591923
6.66363351176413,-83.6974153604905
6.66500450773247,-83.6974153617875
6.66603114532731,-83.6974153627579
6.66705778292214,-83.6974153637275
6.6685223751802,-83.6974153651095
6.66998696743826,-83.6974153664897
6.67,-83.6974153665017
6.67185145728314,-83.6974153682444
6.67328254890029,-83.697415369598
6.67471364051744,-83.6974153709549
6.67745117138192,-83.6974153735453
6.67942575756114,-83.6974153754088
6.68,-83.6974153759497
6.6823772316305,-83.6974153781869
6.68463241558578,-83.6974153803217
6.68753580093659,-83.6974153830748
6.69,-83.6974153854031
6.69043918628739,-83.6974153858169
6.69334257163819,-83.6974153885536
6.69725683775285,-83.6974153922278
6.7,-83.6974153947893
6.70061216252139,-83.697415395359
6.70122432504277,-83.6974153959286
6.70183648756416,-83.6974153964976
6.70244865008554,-83.697415397066
6.70306081260693,-83.6974153976339
6.70344974883475,-83.6974153979944
6.70383868506256,-83.6974153983546
6.70422762129038,-83.6974153987147
6.70478660628662,-83.6974153992317
6.70550462299695,-83.6974153998952
6.70622263970728,-83.6974154005577
6.70694065641761,-83.6974154012195
6.7078614183894,-83.6974154020669
6.70878218036119,-83.6974154029128
6.70970294233298,-83.6974154037573
6.71,-83.6974154040293
6.71062370430477,-83.6974154046003
6.71120375155948,-83.6974154051319
6.71178379881418,-83.6974154056638
6.71236384606889,-83.697415406195
6.71309241237739,-83.6974154068615
6.71402858876352,-83.6974154077166
6.71496476514966,-83.69741540857
6.71566656267162,-83.6974154092087
6.71652012610281,-83.6974154099844
6.71766209872514,-83.6974154110201
6.71880407134747,-83.6974154120533
6.72,-83.6974154131328
6.72021869793329,-83.6974154133297
6.72133765779956,-83.6974154143379
6.72245661766582,-83.6974154153439
6.72406819458358,-83.6974154167887
6.72567977150134,-83.6974154182282
6.7272913484191,-83.6974154196626
6.72927569585153,-83.6974154214215
6.73,-83.6974154220612
6.73126004328397,-83.697415423172
6.7332443907164,-83.697415424924
6.73572820112722,-83.6974154271115
6.73821201153804,-83.6974154292852
6.74,-83.6974154308413
6.74069582194886,-83.6974154314447
6.74390022335925,-83.6974154342194
6.74710462476964,-83.697415436974
6.75,-83.6974154394415
6.75118709731629,-83.697415440447
6.75237419463258,-83.6974154414492
6.75356129194888,-83.697415442448
6.75474838926517,-83.6974154434432
6.75593548658146,-83.6974154444349
6.75712258389775,-83.6974154454229
6.7585673978781,-83.6974154466205
6.76,-83.6974154478024
6.76001221185844,-83.6974154478122
6.76145702583879,-83.6974154489991
6.76290183981913,-83.6974154501802
6.76434665379948,-83.6974154513556
6.76579146777982,-83.6974154525254
6.76723628176017,-83.6974154536894
6.76910195521386,-83.6974154551839
6.77,-83.6974154558996
6.77096762866756,-83.6974154566685
6.77283330212125,-83.6974154581507
6.77469897557495,-83.6974154596267
6.77656464902864,-83.6974154610926
6.77843032248233,-83.6974154625483
6.78,-83.6974154637651
6.78029599593603,-83.6974154639934
6.78216166938972,-83.697415465431
6.78402734284342,-83.6974154668589
6.78589301629711,-83.6974154682762
6.78775868975081,-83.6974154696828
6.7896243632045,-83.6974154710786
6.79,-83.6974154713581
6.79187696848612,-83.6974154727494
6.79412957376773,-83.6974154744214
6.79638217904935,-83.6974154760865
6.79863478433096,-83.6974154777353
6.8,-83.6974154787263
6.80136253830771,-83.6974154797095
6.80272507661541,-83.6974154806866
6.80408761492312,-83.6974154816576
6.80545015323083,-83.6974154826225
6.80681269153854,-83.6974154835812
6.80817522984624,-83.6974154845336
6.80953776815395,-83.6974154854798
6.81,-83.6974154857992
6.81132065846554,-83.6974154867084
6.81310354877713,-83.697415487936
6.81488643908872,-83.697415489158
6.81666932940031,-83.697415490369
6.8184522197119,-83.697415491569
6.82,-83.6974154926017
6.82023511002349,-83.6974154927575
6.82201800033508,-83.6974154939373
6.82380089064667,-83.6974154951065
6.82558378095826,-83.6974154962643
6.82736667126985,-83.6974154974108
6.82914956158144,-83.6974154985458
6.83,-83.697415499083
6.83093245189303,-83.6974154996691
6.83271534220462,-83.6974155007882
6.83449823251621,-83.6974155018993
6.8362811228278,-83.6974155029987
6.83806401313939,-83.6974155040863
6.84,-83.6974155052538
6.84021777405287,-83.6974155053839
6.84237153496635,-83.6974155066668
6.84452529587983,-83.6974155079328
6.8472182585211,-83.6974155094909
6.84991122116238,-83.697415511021
6.85,-83.6974155110704
6.85165725759908,-83.6974155119978
6.85331451519816,-83.6974155129142
6.85497177279724,-83.6974155138199
6.85662903039632,-83.6974155147148
6.85828628799539,-83.6974155155988
6.85994354559447,-83.697415516472
6.86,-83.6974155165013
6.86160080319355,-83.6974155173341
6.86325806079263,-83.6974155181967
6.86491531839171,-83.6974155190545
6.86657257599079,-83.697415519901
6.86822983358987,-83.6974155207364
6.86988709118895,-83.6974155215606
6.87,-83.6974155216161
6.87154434878802,-83.6974155223733
6.87356967754511,-83.6974155233649
6.87559500630219,-83.6974155243467
6.87762033505927,-83.6974155253114
6.87964566381635,-83.6974155262588
6.88,-83.6974155264225
6.88167099257343,-83.6974155271888
6.88369632133051,-83.6974155281162
6.8857216500876,-83.697415529034
6.88774697884468,-83.6974155299342
6.89,-83.6974155309148
6.89027588599529,-83.697415531033
6.8928047931459,-83.6974155321076
6.89533370029651,-83.6974155331554
6.89837873941602,-83.6974155343796
6.9,-83.6974155350144
6.90114073659282,-83.697415535454
6.90228147318563,-83.6974155358879
6.90436697894525,-83.6974155366662
6.90645248470486,-83.6974155374249
6.90943825285952,-83.697415538477
6.91,-83.6974155386701
6.91242402101418,-83.6974155394884
6.91540978916884,-83.6974155404913
6.9183955573235,-83.6974155414707
6.92,-83.6974155419798
6.92138132547815,-83.6974155424085
6.92436709363281,-83.6974155433237
6.92801180567124,-83.6974155443963
6.93,-83.6974155449547
6.93165651770966,-83.6974155454057
6.93530122974808,-83.6974155463797
6.93894594178651,-83.6974155473047
6.94,-83.6974155475599
6.94436133376931,-83.6974155485609
6.94977672575211,-83.6974155497821
6.95,-83.697415549831
6.95162461759484,-83.6974155501854
6.95324923518968,-83.6974155505268
6.95682497720706,-83.6974155512331
6.96,-83.6974155518075
6.96040071922444,-83.6974155518761
6.96397646124182,-83.6974155524637
6.96755220325919,-83.6974155529912
6.97,-83.6974155533157
6.97112794527657,-83.6974155534551
6.97470368729395,-83.6974155538744
6.97827942931133,-83.6974155542397
6.98,-83.6974155543923
6.98185517132871,-83.6974155545404
6.98543091334609,-83.6974155548077
6.98900665536347,-83.6974155550265
6.99,-83.6974155550754
6.9935635193773,-83.6974155552106
6.99812038339114,-83.6974155553634
7,-83.6974155554118
7.00184285448534,-83.6974155554416
7.00368570897067,-83.6974155554538
7.00756718438067,-83.6974155554219
7.01,-83.6974155553613
7.01339660358301,-83.6974155552249
7.02,-83.6974155548748
7.02240176410638,-83.69741555471
7.03,-83.6974155540831
7.03140692462976,-83.6974155539405
7.04,-83.6974155529069
7.04041208515313,-83.6974155528476
7.0494172456765,-83.6974155513652
7.05,-83.6974155512534
7.05270154815701,-83.6974155507169
7.05540309631402,-83.6974155501408
7.05867477897158,-83.6974155493909
7.06,-83.6974155490707
7.06194646162914,-83.697415548584
7.06898358696466,-83.6974155467243
7.07,-83.6974155464384
7.07602071230018,-83.6974155446417
7.08,-83.6974155434388
7.08305783763569,-83.697415542508
7.09,-83.6974155403693
7.09009496297121,-83.6974155403381
7.09955756718505,-83.6974155371126
7.1,-83.6974155369497
7.10946260421384,-83.6974155332675
7.11,-83.6974155330441
7.11701238748872,-83.6974155300226
7.12,-83.6974155287322
7.1245621707636,-83.6974155267677
7.13,-83.6974155244635
7.13211195403848,-83.6974155235571
7.14,-83.6974155200941
7.14211195403848,-83.6974155191302
7.15,-83.6974155154391
7.16,-83.6974155104354
7.17,-83.6974155050057
7.18,-83.6974154991619
7.19,-83.6974154929136
7.2,-83.6974154862688
7.20687441100903,-83.6974154814748
7.21,-83.6974154792356
7.21374882201805,-83.6974154765026
7.22,-83.6974154719351
7.22062323302708,-83.6974154714771
7.22899844006869,-83.6974154652296
7.23,-83.697415464466
7.23737364711029,-83.6974154587441
7.24,-83.6974154567152
7.2457488541519,-83.697415452301
7.25,-83.6974154491007
7.25837520704161,-83.6974154428013
7.26,-83.6974154415517
7.26675041408321,-83.6974154362704
7.27,-83.6974154337414
7.27512562112482,-83.6974154297706
7.28,-83.6974154260541
7.28350082816642,-83.697415423383
7.29,-83.6974154184472
7.29187603520803,-83.6974154170137
7.3,-83.6974154107653
7.30837520704161,-83.6974154041523
7.31,-83.6974154028445
7.31675041408321,-83.6974153973295
7.32,-83.6974153946899
7.32512562112482,-83.6974153905468
7.33,-83.6974153866671
7.33350082816642,-83.6974153838804
7.34,-83.6974153787323
7.34187603520803,-83.6974153772387
7.35,-83.6974153707351
7.35837520704161,-83.6974153638722
7.36,-83.6974153625176
7.36675041408321,-83.6974153568142
7.37,-83.6974153540838
7.37512562112482,-83.6974153497971
7.38,-83.6974153457782
7.38350082816642,-83.697415342892
7.39,-83.6974153375578
7.39187603520803,-83.6974153360108
7.4,-83.6974153292782
7.40837520704161,-83.6974153221868
7.41,-83.697415320789
7.41675041408321,-83.6974153149093
7.42,-83.6974153120923
7.42512562112482,-83.6974153076666
7.43,-83.6974153035104
7.43350082816642,-83.6974153005245
7.44,-83.6974152950013
7.44187603520803,-83.6974152933996
7.45,-83.6974152864287
7.45837520704161,-83.6974152790953
7.46,-83.6974152776511
7.46675041408321,-83.6974152715813
7.47,-83.69741526867
7.47512562112482,-83.697415264092
7.48,-83.6974152597844
7.48350082816642,-83.697415256688
7.49,-83.6974152509541
7.49187603520803,-83.697415249291
7.5,-83.6974152420516
7.50837520704161,-83.6974152344426
7.51,-83.6974152329453
7.51675041408321,-83.6974152266563
7.52,-83.697415223636
7.52512562112482,-83.6974152188815
7.53,-83.6974152143984
7.53350082816642,-83.6974152111736
7.54,-83.6974152051948
7.54187603520803,-83.6974152034602
7.55,-83.6974151959072
7.55837520704161,-83.6974151879741
7.56,-83.6974151864141
7.56675041408321,-83.6974151798649
7.57,-83.6974151767153
7.57512562112482,-83.6974151717515
7.58,-83.6974151670607
7.58350082816642,-83.6974151636841
7.59,-83.6974151574153
7.59187603520803,-83.6974151555961
7.6,-83.6974151476714
7.60837520704161,-83.697415139353
7.61,-83.6974151377184
7.61675041408321,-83.6974151308595
7.62,-83.6974151275565
7.62512562112482,-83.6974151223455
7.63,-83.6974151174107
7.63350082816642,-83.6974151138561
7.64,-83.697415107249
7.64187603520803,-83.6974151053315
7.65,-83.697415096974
7.65837520704161,-83.6974150882075
7.66,-83.6974150864865
7.66675041408321,-83.6974150792656
7.67,-83.6974150757843
7.67512562112482,-83.6974150702855
7.68,-83.6974150650676
7.68350082816642,-83.6974150613065
7.69,-83.697415054307
7.69187603520803,-83.6974150522751
7.7,-83.6974150434159
7.70837520704161,-83.6974150341292
7.71,-83.6974150323073
7.71675041408321,-83.6974150246672
7.72,-83.6974150209795
7.72512562112482,-83.6974150151493
7.73,-83.6974150096068
7.73350082816642,-83.6974150056096
7.74,-83.697414998163
7.74187603520803,-83.6974149960009
7.75,-83.6974149865724
7.75837520704161,-83.6974149766954
7.76,-83.6974149747587
7.76675041408321,-83.6974149666414
7.77,-83.697414962719
7.77512562112482,-83.6974149565122
7.78,-83.6974149506014
7.78350082816642,-83.6974149463363
7.79,-83.6974149383828
7.79187603520803,-83.6974149360731
7.8,-83.6974149259986
7.80837520704161,-83.6974149154514
7.81,-83.6974149133846
7.81675041408321,-83.6974149047261
7.82,-83.6974149005383
7.82512562112482,-83.6974148939064
7.83,-83.6974148875814
7.83350082816642,-83.6974148830154
7.84,-83.6974148744941
7.84187603520803,-83.6974148720192
7.85,-83.6974148612229
7.85837520704161,-83.6974148499281
7.86,-83.6974148477163
7.86675041408321,-83.6974148384553
7.87,-83.6974148339728
7.87512562112482,-83.69741482687
7.88,-83.6974148200876
7.88350082816642,-83.6974148151898
7.89,-83.6974148060439
7.89187603520803,-83.6974148033876
7.9,-83.6974147917996
7.90837520704161,-83.6974147796857
7.91,-83.6974147773148
7.91675041408321,-83.6974147673926
7.92,-83.6974147625868
7.92512562112482,-83.6974147549676
7.93,-83.6974147476838
7.93350082816642,-83.6974147424226
7.94,-83.6974147325924
7.94187603520803,-83.6974147297372
7.95,-83.6974147172817
7.95837520704161,-83.6974147042697
7.96,-83.6974147017245
7.96675041408321,-83.6974146910784
7.97,-83.6974146859192
7.97512562112482,-83.6974146777364
7.98,-83.6974146699065
7.98350082816642,-83.6974146642498
7.99,-83.6974146536762
7.99187603520803,-83.6974146506053
8,-83.6974146372095
8.0083752070416,-83.6974146232268
8.01,-83.6974146204944
8.01675041408321,-83.6974146090724
8.02,-83.6974146035389
8.02512562112481,-83.6974145947668
8.03,-83.6974145863779
8.03350082816642,-83.6974145803254
8.04,-83.6974145690307
8.04187603520802,-83.6974145657573
8.05,-83.6974145515151
8.05837520704161,-83.697414536731
8.06,-83.6974145338523
8.06675041408321,-83.6974145218563
8.07,-83.6974145160625
8.07512562112481,-83.6974145069005
8.08,-83.6974144981625
8.08350082816642,-83.6974144918737
8.09,-83.697414480171
8.09187603520802,-83.6974144767877
8.1,-83.6974144621087
8.1083752070416,-83.697414446943
8.11,-83.6974144439983
8.11675041408321,-83.697414431755
8.12,-83.6974144258561
8.12512562112481,-83.6974144165461
8.13,-83.6974144076867
8.13350082816642,-83.6974144013227
8.14,-83.6974143895064
8.14187603520802,-83.6974143860966
8.15,-83.6974143713348
8.1583752070416,-83.6974143561364
8.16,-83.6974143531914
8.16675041408321,-83.6974143409664
8.17,-83.6974143350879
8.17512562112481,-83.6974143258247
8.18,-83.6974143170267
8.18350082816642,-83.6974143107165
8.19,-83.6974142990216
8.19187603520802,-83.6974142956517
8.2,-83.6974142810882
8.2083752070416,-83.6974142661346
8.21,-83.6974142632417
8.21675041408321,-83.6974142512487
8.22,-83.6974142454921
8.22512562112481,-83.6974142364343
8.23,-83.6974142278471
8.23350082816642,-83.6974142216967
8.24,-83.6974142103171
8.24187603520802,-83.6974142070423
8.25,-83.6974141929107
8.2583752070416,-83.6974141784306
8.26,-83.6974141756325
8.26675041408321,-83.6974141640396
8.27,-83.697414158481
8.27512562112481,-83.6974141497394
8.28,-83.6974141414572
8.28350082816642,-83.6974141355252
8.29,-83.6974141245467
8.29187603520802,-83.6974141213855
8.3,-83.6974141077284
8.30837520704161,-83.6974140936967
8.31,-83.6974140909797
8.31675041408321,-83.6974140797017
8.32,-83.6974140742831
8.32512562112481,-83.6974140657463
8.33,-83.6974140576413
8.33350082816642,-83.6974140518252
8.34,-83.6974140410375
8.34187603520802,-83.6974140379254
8.35,-83.6974140244502
8.3583752070416,-83.6974140105552
8.36,-83.6974140078591
8.36675041408321,-83.6974139966485
8.37,-83.6974139912518
8.37512562112481,-83.697413982735
8.38,-83.6974139746335
8.38350082816642,-83.6974139688112
8.39,-83.6974139579924
8.39187603520802,-83.6974139548676
8.4,-83.697413941315
8.4083752070416,-83.6974139273132
8.41,-83.6974139245943
8.41675041408321,-83.6974139132809
8.42,-83.697413907831
8.42512562112481,-83.6974138992286
8.43,-83.6974138910443
8.43350082816642,-83.6974138851643
8.44,-83.6974138742447
8.44187603520802,-83.6974138710933
8.45,-83.6974138574429
8.4583752070416,-83.6974138433783
8.46,-83.6974138406524
8.46675041408321,-83.6974138293291
8.47,-83.6974138238848
8.47512562112481,-83.6974138153053
8.48,-83.6974138071585
8.48350082816642,-83.6974138013153
8.49,-83.6974137904856
8.49187603520802,-83.6974137873654
8.5,-83.6974137738764
8.5083752070416,-83.6974137600215
8.51,-83.6974137573411
8.51675041408321,-83.6974137462217
8.52,-83.6974137408842
8.52512562112481,-83.6974137324831
8.53,-83.6974137245165
8.53350082816642,-83.697413718808
8.54,-83.6974137082383
8.54187603520802,-83.6974137051949
8.55,-83.6974136920442
8.55837520704161,-83.6974136785396
8.56,-83.6974136759268
8.56675041408321,-83.6974136650829
8.57,-83.6974136598751
8.57512562112481,-83.697413651673
8.58,-83.6974136438889
8.58350082816642,-83.6974136383064
8.59,-83.6974136279588
8.59187603520802,-83.6974136249766
8.6,-83.6974136120748
8.6083752070416,-83.6974135988012
8.61,-83.6974135962302
8.61675041408321,-83.6974135855516
8.62,-83.6974135804178
8.62512562112481,-83.6974135723262
8.63,-83.6974135646401
8.63350082816642,-83.6974135591253
8.64,-83.6974135488983
8.64187603520802,-83.6974135459504
8.65,-83.6974135331978
8.6583752070416,-83.6974135200884
8.66,-83.6974135175513
8.66675041408321,-83.6974135070242
8.66926297619569,-83.6974135031143
8.67,-83.6974135019683
8.67019156965548,-83.6974135016705
8.67112016311526,-83.6974135002267
8.67228810909986,-83.6974134984119
8.67345605508445,-83.6974134965983
8.67462400106904,-83.697413494786
8.67640131227752,-83.6974134920303
8.67740559431143,-83.6974134904747
8.67840987634535,-83.6974134889199
8.67971192620312,-83.6974134869056
8.68,-83.6974134864604
8.680596251821,-83.6974134855387
8.68148057743887,-83.6974134841723
8.68291548962181,-83.6974134819568
8.68484192394416,-83.6974134789859
8.6863067866767,-83.6974134767298
8.68777164940923,-83.6974134744759
8.68923651214177,-83.6974134722246
8.69,-83.6974134710523
8.69219137393455,-83.6974134676909
8.6943827478691,-83.6974134643357
8.69606990778474,-83.6974134617567
8.69825243349764,-83.697413458426
8.7,-83.6974134557638
8.70218252571289,-83.6974134524448
8.70436505142578,-83.6974134491327
8.70654757713868,-83.6974134458277
8.70958317632491,-83.6974134412429
8.71,-83.6974134406152
8.71082786506409,-83.6974134393679
8.71207255380328,-83.6974134374945
8.71296628501011,-83.697413436151
8.71386001621695,-83.6974134348088
8.7160747713276,-83.697413431488
8.71673919786079,-83.697413430494
8.71740362439399,-83.6974134295003
8.71790857347983,-83.6974134287458
8.71841352256568,-83.6974134279916
8.71916893409522,-83.6974134268641
8.71970361782072,-83.6974134260668
8.72,-83.6974134256252
8.72023830154621,-83.6974134252701
8.72101915673577,-83.6974134241072
8.72190454731777,-83.69741342279
8.72278993789978,-83.6974134214744
8.72349766069343,-83.6974134204239
8.72387351357729,-83.6974134198665
8.72424936646114,-83.6974134193093
8.724625219345,-83.6974134187523
8.72500107222885,-83.6974134181956
8.7253769251127,-83.6974134176392
8.72575277799656,-83.6974134170831
8.72623147602436,-83.6974134163751
8.72688917130597,-83.6974134154032
8.72754686658758,-83.6974134144322
8.72857049887475,-83.6974134129225
8.72930603385618,-83.6974134118392
8.73,-83.6974134108181
8.73004156883762,-83.6974134107572
8.73077710381905,-83.6974134096758
8.73187199158223,-83.6974134080684
8.73296687934542,-83.6974134064636
8.73383832478934,-83.6974134051882
8.73498674404282,-83.6974134035097
8.7361351632963,-83.6974134018342
8.73753909098438,-83.6974133997897
8.73990714945244,-83.6974133963508
8.74,-83.6974133962169
8.74159589574875,-83.6974133939065
8.7453661504125,-83.6974133884704
8.74913640507625,-83.6974133830671
8.75,-83.697413381835
8.75377025466375,-83.6974133764724
8.7575405093275,-83.6974133711454
8.76,-83.6974133676896
8.76131076399125,-83.6974133658543
8.76652987951516,-83.6974133585849
8.77,-83.6974133537907
8.77353866301198,-83.6974133489331
8.78,-83.6974133401403
8.78048644203122,-83.6974133394844
8.78743422105046,-83.6974133301539
8.79,-83.6974133267421
8.79743422105046,-83.6974133169487
8.8,-83.697413313601
8.81,-83.6974133006877
8.82,-83.6974132880384
8.83,-83.6974132756492
8.84,-83.6974132635175
8.85,-83.697413251638
8.853,-83.6974132481243
8.856,-83.6974132446299
8.86,-83.697413240003
8.866,-83.6974132331294
8.8687886942496,-83.6974132299546
8.87,-83.6974132285788
8.8715773884992,-83.697413226791
8.87379612231285,-83.697413224283
8.87601485612649,-83.6974132217842
8.8776992043932,-83.6974132198939
8.8793835526599,-83.6974132180089
8.88,-83.6974132173207
8.8810679009266,-83.6974132161295
8.88275224919331,-83.6974132142542
8.88443659746001,-83.6974132123837
8.88612094572671,-83.6974132105185
8.88780529399342,-83.6974132086584
8.88948964226012,-83.6974132068034
8.89,-83.6974132062427
8.89117399052682,-83.6974132049536
8.89285833879353,-83.6974132031072
8.89454268706023,-83.6974132012653
8.89667336724274,-83.697413198942
8.89880404742525,-83.6974131966264
8.9,-83.6974131953302
8.90213068018251,-83.6974131930258
8.90540021278901,-83.6974131895037
8.90866974539551,-83.6974131859984
8.91,-83.6974131845775
8.91113228670544,-83.6974131833696
8.91457789596103,-83.6974131797023
8.91802350521662,-83.6974131760513
8.92,-83.6974131739647
8.92146911447222,-83.6974131724171
8.92491472372781,-83.6974131687945
8.93,-83.6974131634736
8.93100225961433,-83.69741316243
8.93849282973287,-83.6974131546516
8.94,-83.697413153096
8.94849282973287,-83.6974131443599
8.95,-83.697413142816
8.96,-83.697413132558
8.97,-83.6974131223764
8.977308557668,-83.6974131149724
8.98,-83.697413112253
8.984617115336,-83.6974131075903
8.99,-83.697413102153
8.99408302647732,-83.6974130980275
9,-83.6974130920374
9.00209204843034,-83.6974130899183
9.00418409686068,-83.6974130877976
9.00627614529101,-83.6974130856763
9.00910713788185,-83.6974130828041
9.01,-83.6974130818985
9.01193813047268,-83.6974130799303
9.01476912306351,-83.6974130770513
9.01862445914433,-83.6974130731241
9.02,-83.6974130717222
9.02144464764414,-83.697413070248
9.02509036652205,-83.6974130665202
9.03,-83.6974130614863
9.03327346270603,-83.6974130581215
9.04,-83.6974130511723
9.04145655889002,-83.6974130496634
9.05,-83.6974130407559
9.053,-83.6974130376122
9.056,-83.6974130344568
9.06,-83.6974130302331
9.06215427144135,-83.6974130279512
9.06563359105701,-83.69741302425
9.06911291067268,-83.6974130205326
9.07,-83.697413019583
9.07259223028834,-83.6974130167994
9.076071549904,-83.6974130130469
9.08,-83.6974130087887
9.08370378846489,-83.6974130047544
9.09,-83.6974129978459
9.09133602702578,-83.6974129963738
9.1,-83.6974129867524
9.1009,-83.6974129857495
9.1018,-83.6974129847431
9.1063,-83.6974129796945
9.11,-83.6974129755259
9.1108,-83.6974129746233
9.11655571990196,-83.6974129680998
9.12,-83.6974129641808
9.12231143980392,-83.6974129615441
9.12515527189835,-83.6974129582916
9.12670552317181,-83.6974129565157
9.12825577444528,-83.6974129547374
9.12980602571874,-83.697412952957
9.13,-83.6974129527345
9.13083749548882,-83.6974129517716
9.1318689652589,-83.6974129505849
9.13290043502898,-83.6974129493975
9.13393190479906,-83.6974129482092
9.13500226569829,-83.6974129469753
9.13607262659752,-83.6974129457406
9.13714298749676,-83.6974129445051
9.13846874775874,-83.6974129429737
9.13979450802071,-83.6974129414413
9.14,-83.697412941204
9.14112026828269,-83.6974129399078
9.14244602854467,-83.697412938373
9.14377178880665,-83.6974129368371
9.14509754906862,-83.6974129353003
9.1464233093306,-83.6974129337626
9.14774906959258,-83.697412932224
9.14907482985456,-83.6974129306846
9.15,-83.69741292961
9.15175027084014,-83.6974129275755
9.15350054168027,-83.69741292554
9.15525081252041,-83.6974129235035
9.15700108336054,-83.6974129214659
9.15875135420068,-83.6974129194273
9.16,-83.6974129179726
9.16050162504081,-83.6974129173882
9.16225189588095,-83.6974129153474
9.16400216672108,-83.6974129133063
9.16575243756122,-83.6974129112644
9.16794914347839,-83.6974129087009
9.17,-83.697412906307
9.17014584939557,-83.6974129061373
9.17151033819883,-83.6974129045439
9.17287482700209,-83.6974129029506
9.17423931580535,-83.6974129013571
9.17560380460861,-83.6974128997635
9.17696829341187,-83.6974128981699
9.1788586175675,-83.6974128959618
9.18,-83.6974128946288
9.1802583583481,-83.6974128943274
9.18165809912871,-83.697412892692
9.18337389431977,-83.6974128906879
9.18508968951083,-83.6974128886839
9.18680548470189,-83.6974128866802
9.18852127989295,-83.6974128846768
9.19,-83.6974128829505
9.19069363155061,-83.6974128821411
9.19286598320827,-83.697412879605
9.19503833486593,-83.69741287707
9.19721068652359,-83.6974128745359
9.2,-83.6974128712834
9.20103690960193,-83.6974128700754
9.20207381920385,-83.6974128688671
9.20372267842277,-83.6974128669462
9.20537153764169,-83.6974128650261
9.20702039686062,-83.697412863107
9.20908117046788,-83.6974128607095
9.21,-83.6974128596415
9.21114194407515,-83.697412858314
9.21320271768242,-83.6974128559192
9.21526349128969,-83.6974128535262
9.21732426489696,-83.6974128511352
9.21875935305215,-83.6974128494714
9.22,-83.6974128480339
9.22019444120735,-83.6974128478089
9.22162952936254,-83.6974128461467
9.22306461751773,-83.6974128444859
9.22420641660166,-83.6974128431654
9.22534821568559,-83.6974128418456
9.22623807486883,-83.6974128408176
9.22742104706193,-83.6974128394515
9.22860401925502,-83.6974128380864
9.22978699144812,-83.6974128367222
9.23,-83.6974128364769
9.23121523057374,-83.6974128350763
9.23228898692305,-83.6974128338396
9.23336274327236,-83.6974128326035
9.234869401678,-83.6974128308702
9.23601210706249,-83.697412829557
9.2374539115171,-83.6974128279011
9.23889571597171,-83.6974128262469
9.24,-83.6974128249811
9.24033752042632,-83.6974128245946
9.24177932488094,-83.6974128229431
9.24322112933555,-83.6974128212937
9.245491199601,-83.6974128186999
9.24710522568404,-83.6974128168588
9.24941420896583,-83.6974128142285
9.25,-83.6974128135626
9.25133860432546,-83.6974128120405
9.25267720865093,-83.6974128105204
9.25401051444231,-83.697412809008
9.25534382023369,-83.6974128074973
9.25667712602507,-83.6974128059883
9.2583757768206,-83.6974128040684
9.26,-83.6974128022353
9.26007442761613,-83.6974128021519
9.26177307841166,-83.6974128002373
9.2634717292072,-83.6974127983262
9.26557193039282,-83.6974127959673
9.26647617586886,-83.6974127949535
9.2673804213449,-83.6974127939401
9.26809631286239,-83.6974127931386
9.26881220437988,-83.6974127923375
9.26978470880955,-83.69741279125
9.27,-83.6974127910096
9.27075721323922,-83.6974127901636
9.27172971766889,-83.697412789078
9.27270222209856,-83.6974127879932
9.27445977776386,-83.6974127860352
9.27621733342915,-83.6974127840806
9.27797488909444,-83.6974127821293
9.27973244475973,-83.6974127801813
9.28,-83.6974127798855
9.28149000042503,-83.6974127782365
9.28324755609032,-83.6974127762941
9.28500511175561,-83.6974127743544
9.28733278889617,-83.6974127717903
9.28966046603673,-83.6974127692319
9.29,-83.6974127688598
9.2928865223827,-83.6974127656948
9.29611257872867,-83.6974127621649
9.29933863507464,-83.6974127586434
9.3,-83.6974127579235
9.30162670300642,-83.6974127561521
9.30325340601284,-83.6974127543836
9.30635095497842,-83.6974127510224
9.31,-83.6974127470756
9.31088707598097,-83.6974127461191
9.31642063220961,-83.6974127401635
9.32,-83.6974127363307
9.32195418843824,-83.6974127342449
9.33,-83.6974127256976
9.33049107314579,-83.697412725181
9.33650991655036,-83.6974127188426
9.34,-83.6974127151914
9.34650991655036,-83.6974127084248
9.35,-83.6974127048181
9.3509,-83.6974127038895
9.3518,-83.6974127029612
9.35306854416959,-83.6974127016547
9.35433708833918,-83.6974127003505
9.36,-83.6974126945541
9.36067980918712,-83.697412693863
9.37,-83.6974126844177
9.37067980918712,-83.6974126837359
9.37849437609529,-83.6974126758964
9.38,-83.6974126743958
9.38630894300346,-83.6974126681203
9.39,-83.6974126644613
9.3958649147184,-83.6974126586593
9.4,-83.6974126545752
9.40286679151448,-83.6974126517449
9.40573358302897,-83.6974126489193
9.40999081307999,-83.6974126447313
9.41,-83.6974126447235
9.41552452229229,-83.6974126393011
9.41959931952943,-83.6974126353013
9.42,-83.6974126349079
9.42367411676657,-83.6974126313026
9.42625495116629,-83.6974126287688
9.42883578556601,-83.6974126262347
9.43,-83.697412625092
9.43141661996573,-83.6974126237018
9.43399745436544,-83.6974126211686
9.43657828876516,-83.6974126186354
9.43915912316488,-83.6974126161026
9.44,-83.6974126152775
9.44173995756459,-83.69741261357
9.44432079196431,-83.6974126110357
9.44690162636403,-83.6974126085001
9.45,-83.6974126054551
9.45106848705176,-83.6974126044047
9.45213697410352,-83.6974126033541
9.45414568905517,-83.6974126013787
9.45615440400683,-83.6974125994028
9.45816311895848,-83.6974125974265
9.46,-83.6974125956192
9.46098300096278,-83.6974125946519
9.46380288296708,-83.6974125918764
9.46662276497138,-83.6974125891006
9.46884997674301,-83.6974125869086
9.47,-83.6974125857769
9.47183759395716,-83.697412583969
9.47252283575378,-83.6974125832945
9.4732080775504,-83.6974125826199
9.47389331934702,-83.6974125819454
9.47492771036553,-83.6974125809274
9.47596210138405,-83.6974125799095
9.47699649240256,-83.6974125788919
9.47803088342107,-83.6974125778744
9.47934327597329,-83.6974125765839
9.48,-83.6974125759382
9.48031861017633,-83.6974125756251
9.48151609398242,-83.697412574448
9.4827135777885,-83.6974125732713
9.48391106159459,-83.697412572095
9.48510854540068,-83.6974125709191
9.48630602920676,-83.6974125697437
9.48750351301285,-83.6974125685687
9.48900076371145,-83.6974125671003
9.49,-83.6974125661207
9.49049801441005,-83.6974125656326
9.49246428188964,-83.6974125637063
9.49388838264412,-83.6974125623119
9.49591281958858,-83.6974125603312
9.49746780063918,-83.697412558811
9.49992505682982,-83.6974125564111
9.5,-83.697412556338
9.50078253013511,-83.6974125555743
9.50156506027023,-83.697412554811
9.50263244444222,-83.6974125537703
9.50378879906965,-83.6974125526436
9.50494515369709,-83.6974125515176
9.50610150832452,-83.6974125503923
9.50772398265025,-83.6974125488146
9.50890550639622,-83.6974125476666
9.51,-83.6974125466039
9.51023329763967,-83.6974125463775
9.51156108888313,-83.6974125450893
9.51288888012658,-83.697412543802
9.51456221463908,-83.6974125421811
9.51570140240422,-83.6974125410786
9.51640377580783,-83.6974125403992
9.51710614921144,-83.6974125397201
9.51780852261505,-83.6974125390413
9.51885033605503,-83.697412538035
9.51989214949501,-83.6974125370293
9.52,-83.6974125369253
9.520933962935,-83.6974125360243
9.52243827674991,-83.697412534574
9.52394259056483,-83.6974125331248
9.52544690437974,-83.697412531677
9.52745459667507,-83.697412529747
9.52946228897039,-83.6974125278197
9.53,-83.697412527304
9.53201494580361,-83.6974125253731
9.53456760263682,-83.6974125229293
9.5377529692668,-83.697412519885
9.54,-83.6974125177419
9.54093833589677,-83.697412516848
9.54412370252674,-83.6974125138173
9.55,-83.6974125082452
9.55089377222582,-83.6974125074
9.55178754445165,-83.6974125065554
9.55341271772244,-83.6974125050212
9.55764850228726,-83.6974125010329
9.56,-83.6974124988255
9.56188428685208,-83.6974124970603
9.5661200714169,-83.697412493102
9.57,-83.6974124894909
9.57035585598172,-83.6974124891605
9.57370190627534,-83.69741248606
9.57704795656896,-83.6974124829718
9.58,-83.6974124802581
9.58151741342372,-83.6974124788673
9.58719168026638,-83.6974124736893
9.59,-83.6974124711413
9.59286594710905,-83.6974124685521
9.6,-83.6974124621504
9.60278220677481,-83.6974124596724
9.60469489839845,-83.6974124579757
9.60660759002208,-83.6974124562846
9.60992801484662,-83.6974124533627
9.61,-83.6974124532996
9.61243798675533,-83.6974124511658
9.61494795866404,-83.697412448977
9.61831349453165,-83.697412446057
9.62,-83.6974124446011
9.6207769536412,-83.697412443932
9.62324041275075,-83.6974124418169
9.62699101170407,-83.6974124386167
9.63,-83.6974124360677
9.63190013457367,-83.6974124344667
9.64,-83.6974124277129
9.64141255512907,-83.6974124265474
9.65,-83.6974124195423
9.65285372616662,-83.6974124172464
9.65570745233324,-83.6974124149672
9.65990741462599,-83.6974124116428
9.66,-83.6974124115699
9.66524185008346,-83.6974124074707
9.66843251171056,-83.6974124049939
9.67,-83.6974124037821
9.67162317333766,-83.6974124025321
9.67406154714732,-83.6974124006615
9.67649992095699,-83.6974123988006
9.67893829476665,-83.6974123969501
9.68,-83.6974123961476
9.68186886108226,-83.6974123947397
9.68479942739787,-83.6974123925411
9.68772999371348,-83.6974123903551
9.69,-83.6974123886712
9.69164993636015,-83.6974123874523
9.69650624740091,-83.6974123838846
9.7,-83.6974123813376
9.70145689331223,-83.6974123802806
9.70291378662446,-83.6974123792265
9.70591949012437,-83.6974123770613
9.71,-83.6974123741427
9.71078894292625,-83.6974123735813
9.71737365771959,-83.6974123689301
9.72,-83.6974123670933
9.72395837251293,-83.6974123643463
9.72931831678468,-83.6974123606576
9.73,-83.6974123601912
9.73467826105643,-83.6974123570125
9.74,-83.6974123534332
9.74199460163574,-83.6974123521023
9.74931094221504,-83.6974123472743
9.75,-83.6974123468244
9.75292533488476,-83.6974123449248
9.75585066976952,-83.6974123430419
9.76,-83.6974123404002
9.76145484544101,-83.6974123394821
9.76721671416974,-83.6974123358836
9.77,-83.697412334168
9.77297858289846,-83.6974123323493
9.77897554485755,-83.6974123287343
9.78,-83.6974123281219
9.78497250681664,-83.6974123251878
9.79,-83.6974123222624
9.79497250681664,-83.6974123194128
9.8,-83.6974123165692
9.8009,-83.6974123160625
9.8018,-83.6974123155584
9.8046603816053,-83.6974123139677
9.8075207632106,-83.6974123123931
9.81,-83.697412311042
9.81355366831339,-83.6974123091283
9.82,-83.6974123057144
9.82234421040059,-83.6974123044914
9.82877423500616,-83.697412301192
9.83,-83.6974123005712
9.83520425961172,-83.6974122979804
9.84,-83.6974122956357
9.84333750222867,-83.6974122940299
9.85,-83.6974122908887
9.853,-83.6974122895043
9.856,-83.6974122881434
9.86,-83.6974122863645
9.8600174340443,-83.6974122863558
9.86494037569305,-83.697412284224
9.87,-83.6974122820974
9.8714456920314,-83.6974122815013
9.87972483569156,-83.6974122781938
9.88,-83.6974122780848
9.88800397935171,-83.6974122750667
9.89,-83.6974122743332
9.89800397935171,-83.6974122714875
9.9,-83.6974122707925
9.903,-83.6974122697546
9.906,-83.6974122687425
9.91,-83.6974122674337
9.91012659900042,-83.6974122673921
9.91530228635046,-83.6974122657708
9.92,-83.6974122643666
9.92278321498202,-83.6974122635655
9.93,-83.6974122615846
9.93026414361358,-83.697412261513
9.9360578002049,-83.6974122600353
9.94,-83.6974122590878
9.94436596077797,-83.6974122580963
9.95,-83.6974122568909
9.953,-83.6974122562812
9.956,-83.6974122557012
9.96,-83.6974122549739
9.96124986794544,-83.6974122547567
9.96906523368151,-83.6974122535125
9.97,-83.6974122533748
9.97688059941757,-83.697412252465
9.98,-83.6974122520911
9.98688059941757,-83.6974122513614
9.99,-83.6974122510619
9.99688059941757,-83.6974122504954
10,-83.6974122502691
10.003,-83.6974122500643
10.006,-83.697412249889
10.01,-83.6974122497
10.0153406786709,-83.6974122495243
10.02,-83.6974122494191
10.0211970092551,-83.697412249398
10.0270533398393,-83.6974122493485
10.03,-83.6974122493562
10.0329096704235,-83.6974122493874
10.04,-83.6974122495373
10.0413300685889,-83.6974122495757
10.0497504667544,-83.6974122499154
10.05,-83.6974122499258
10.0525261194496,-83.6974122500596
10.0550522388993,-83.6974122502072
10.06,-83.6974122505392
10.0604087500814,-83.6974122505679
10.068133355905,-83.6974122512058
10.07,-83.6974122513789
10.0758579617286,-83.697412251983
10.08,-83.6974122524393
10.0816031625775,-83.6974122526218
10.0873483634265,-83.6974122533178
10.09,-83.6974122536637
10.0944710713975,-83.6974122542896
10.1,-83.6974122551151
10.1026710376174,-83.6974122555326
10.1053420752348,-83.6974122559696
10.1091143271386,-83.6974122566193
10.11,-83.6974122567766
10.1139052815303,-83.6974122574989
10.12,-83.6974122586832
10.1201067267507,-83.6974122587031
10.126308171971,-83.6974122599992
10.13,-83.6974122608183
10.1337675776857,-83.6974122616931
10.14,-83.697412263206
10.1437675776857,-83.697412264163
10.15,-83.6974122658072
10.1509,-83.6974122660496
10.1518,-83.6974122662952
10.1545697642672,-83.697412267065
10.1573395285344,-83.6974122678552
10.16,-83.697412268634
10.164667671945,-83.6974122700478
10.17,-83.6974122717108
10.1703681824351,-83.6974122718267
10.1760686929252,-83.697412273681
10.18,-83.6974122750121
10.1817692034152,-83.6974122756255
10.1887713224436,-83.6974122781318
10.19,-83.697412278584
10.195773441472,-83.6974122807746
10.2,-83.6974122824216
10.2090551840839,-83.6974122860861
10.21,-83.6974122864816
10.2181103681677,-83.6974122900048
10.22,-83.6974122908425
10.2232411409665,-83.6974122922913
10.2283719137652,-83.6974122946177
10.23,-83.6974122953697
10.2335026865639,-83.6974122970186
10.2398128825466,-83.697412300065
10.24,-83.6974123001558
10.2461230785293,-83.6974123032292
10.25,-83.6974123052188
10.2509,-83.6974123056821
10.2518,-83.6974123061486
10.2550056431078,-83.6974123078332
10.2582112862156,-83.6974123095524
10.26,-83.6974123105265
10.2614169293234,-83.697412311306
10.2668513678548,-83.6974123143489
10.27,-83.6974123161527
10.2751085267134,-83.6974123191481
10.28,-83.697412322071
10.2851085267134,-83.6974123251844
10.29,-83.697412328208
10.2951085267134,-83.6974123314221
10.3,-83.6974123345376
10.3009,-83.6974123351126
10.3018,-83.6974123356905
10.3035405147092,-83.6974123368146
10.3052810294183,-83.6974123379468
10.3070215441275,-83.6974123390875
10.31,-83.6974123410594
10.3107134079632,-83.697412341535
10.3144052717989,-83.6974123440182
10.3180971356346,-83.6974123465379
10.32,-83.6974123478516
10.3217889994702,-83.6974123490964
10.3269389987742,-83.6974123527206
10.33,-83.6974123549067
10.3320889980782,-83.6974123564145
10.339705660221,-83.6974123620024
10.34,-83.6974123622201
10.3495969602576,-83.6974123695025
10.35,-83.6974123698104
10.352967390011,-83.6974123720645
10.3559347800219,-83.6974123743451
10.3589021700329,-83.6974123766527
10.36,-83.697412377513
10.3618695600439,-83.6974123789873
10.3662612152822,-83.6974123824823
10.37,-83.6974123854996
10.37464637132,-83.6974123893106
10.38,-83.6974123937593
10.3830315273577,-83.697412396308
10.39,-83.6974124022448
10.3914166833955,-83.6974124034666
10.3998018394333,-83.6974124108179
10.4,-83.6974124109928
10.4012830440789,-83.6974124121372
10.4025660881578,-83.6974124132867
10.4038491322366,-83.6974124144416
10.4054923237479,-83.6974124159285
10.4071355152591,-83.6974124174241
10.4093319439812,-83.6974124194371
10.41,-83.6974124200521
10.4115283727033,-83.6974124214655
10.4137248014254,-83.6974124235053
10.416888277692,-83.6974124264674
10.4193382616747,-83.6974124287838
10.42,-83.6974124294126
10.4217882456573,-83.6974124311202
10.4255167439466,-83.6974124347053
10.429245242236,-83.6974124383317
10.43,-83.697412439071
10.4322099817887,-83.6974124412484
10.4351747213413,-83.6974124441861
10.4394476509528,-83.6974124484655
10.44,-83.6974124490226
10.4459737359929,-83.6974124551227
10.45,-83.6974124592793
10.4528578818028,-83.697412462243
10.4557157636056,-83.6974124652356
10.4578084868249,-83.6974124674452
10.4599012100441,-83.6974124696705
10.46,-83.6974124697756
10.4619939332634,-83.6974124719113
10.4640866564827,-83.6974124741617
10.4675183534074,-83.6974124778808
10.47,-83.6974124805964
10.4709500503322,-83.6974124816416
10.4743817472569,-83.6974124854411
10.4778134441816,-83.6974124892803
10.48,-83.6974124917487
10.4812451411064,-83.6974124931621
10.4869476938949,-83.697412499699
10.49,-83.6974125032433
10.4943842945139,-83.6974125083959
10.5,-83.6974125150724
10.5009,-83.6974125161479
10.5018,-83.6974125172272
10.5043858270429,-83.6974125203458
10.5069716540858,-83.6974125234896
10.51,-83.6974125272041
10.5105223190223,-83.6974125278481
10.5179033362183,-83.6974125370574
10.52,-83.6974125397097
10.5236839792629,-83.6974125444111
10.5299946146382,-83.6974125525467
10.53,-83.6974125525532
10.5363052500135,-83.6974125608103
10.54,-83.6974125656922
10.5463052500135,-83.6974125741044
10.55,-83.6974125790633
10.553,-83.6974125830989
10.556,-83.6974125871664
10.559,-83.6974125912656
10.56,-83.697412592639
10.562,-83.6974125953968
10.5683820690959,-83.6974126042725
10.57,-83.6974126065426
10.5730759989202,-83.6974126108857
10.5773835887385,-83.697412617005
10.58,-83.6974126207482
10.5816911785567,-83.6974126231812
10.5859987683749,-83.6974126294153
10.59,-83.6974126352622
10.5903063581931,-83.6974126357121
10.5946139480114,-83.6974126420772
10.5989215378296,-83.6974126485108
10.6,-83.6974126501323
10.6017907512613,-83.697412652835
10.6035815025225,-83.6974126555497
10.6053722537838,-83.6974126582767
10.6071630050451,-83.697412661016
10.6089537563063,-83.6974126637675
10.61,-83.6974126653807
10.6111082016004,-83.697412667094
10.6132626468945,-83.6974126704346
10.6183165159172,-83.6974126783356
10.62,-83.6974126809889
10.6246940998225,-83.6974126884458
10.63,-83.697412696937
10.6305193860778,-83.6974126977714
10.6363446723332,-83.6974127071989
10.64,-83.6974127131794
10.6437551093938,-83.6974127193774
10.65,-83.6974127297703
10.6517912571754,-83.6974127327718
10.6535825143509,-83.6974127357861
10.6553737715263,-83.6974127388128
10.6571650287017,-83.697412741852
10.6594651016558,-83.6974127457728
10.66,-83.6974127466873
10.6612219711741,-83.6974127487813
10.6629788406925,-83.6974127517983
10.6647357102108,-83.6974127548252
10.6668877013273,-83.6974127585493
10.6690396924438,-83.6974127622915
10.67,-83.6974127639672
10.6711916835603,-83.6974127660518
10.6743869486094,-83.697412771662
10.6775822136585,-83.6974127773086
10.68,-83.6974127816078
10.6807774787076,-83.6974127829951
10.6847308376479,-83.6974127900815
10.69,-83.6974127996184
10.6912102997605,-83.6974128018242
10.6996532214141,-83.6974128173586
10.7,-83.6974128180017
10.7025328764961,-83.6974128227181
10.7042712234651,-83.6974128259698
10.7060095704342,-83.6974128292338
10.7077479174033,-83.69741283251
10.7094862643723,-83.6974128357985
10.71,-83.6974128367726
10.7117208605777,-83.6974128400438
10.7139554567831,-83.6974128443025
10.7161900529885,-83.6974128485779
10.7188941040822,-83.6974128537788
10.72,-83.6974128559144
10.7215981551758,-83.6974128590097
10.7243022062694,-83.6974128642633
10.727006257363,-83.697412869543
10.7297103084566,-83.6974128748532
10.73,-83.6974128754237
10.7324143595503,-83.697412880194
10.7351184106439,-83.6974128855538
10.7383849282712,-83.6974128920617
10.74,-83.697412895296
10.7416514458985,-83.6974128986147
10.7449179635259,-83.6974129052033
10.7481844811532,-83.6974129118318
10.75,-83.6974129155355
10.7515597044288,-83.6974129187286
10.7531194088577,-83.6974129219323
10.7546791132865,-83.6974129251464
10.7562388177153,-83.6974129283709
10.7582523257173,-83.697412932549
10.759832833554,-83.6974129358408
10.76,-83.6974129361895
10.7618182606955,-83.6974129399909
10.763803687837,-83.697412944151
10.7657891149785,-83.6974129483241
10.76777454212,-83.6974129525136
10.7697599692615,-83.6974129567196
10.77,-83.6974129572291
10.7723823320219,-83.6974129622999
10.7750046947823,-83.6974129678968
10.7783044288359,-83.697412974971
10.78,-83.697412978623
10.7816041628895,-83.697412982089
10.7849038969431,-83.6974129892409
10.7882036309966,-83.6974129964304
10.79,-83.6974130003623
10.7915033650502,-83.6974130036627
10.7957825644859,-83.6974130130933
10.8,-83.6974130224503
10.8027850336073,-83.6974130286665
10.8047029764297,-83.6974130329646
10.8066209192521,-83.6974130372766
10.8096901587824,-83.6974130442064
10.81,-83.6974130449077
10.8119033073904,-83.6974130492254
10.8146367046779,-83.6974130554405
10.8173701019655,-83.6974130616788
10.82,-83.6974130677082
10.820103499253,-83.6974130679459
10.8228368965406,-83.6974130742419
10.8273995620639,-83.6974130848158
10.83,-83.6974130908787
10.8339655578268,-83.6974131001762
10.84,-83.6974131144061
10.8428595027523,-83.6974131211875
10.85,-83.6974131382203
10.8516449301163,-83.6974131421666
10.8532898602325,-83.6974131461241
10.8549347903488,-83.6974131500924
10.856579720465,-83.6974131540717
10.8582246505813,-83.6974131580619
10.8598695806975,-83.6974131620629
10.86,-83.6974131623805
10.8618696064522,-83.6974131669424
10.8638696322069,-83.6974131718307
10.8658696579616,-83.6974131767313
10.8684807125276,-83.6974131831533
10.87,-83.6974131869027
10.8704630132529,-83.6974131880472
10.8724453139782,-83.6974131929555
10.8744276147035,-83.6974131978787
10.8764099154288,-83.6974132028179
10.877994422825,-83.6974132067775
10.8792175119578,-83.6974132098409
10.88,-83.6974132118039
10.8800950484492,-83.6974132120425
10.8809725849406,-83.6974132142472
10.8818471956121,-83.6974132164476
10.8827218062836,-83.6974132186511
10.8835964169552,-83.6974132208578
10.8847756922508,-83.697413223838
10.8859549675465,-83.6974132268239
10.8868876524498,-83.6974132291895
10.8882041211205,-83.6974132325346
10.8892145897298,-83.6974132351069
10.89,-83.6974132371093
10.890225058339,-83.6974132376835
10.8916128136452,-83.6974132412283
10.8926826513088,-83.6974132439661
10.8937524889724,-83.6974132467086
10.8952031659237,-83.6974132504349
10.8966538428749,-83.6974132541698
10.8981045198262,-83.6974132579133
10.8995551967774,-83.6974132616655
10.9,-83.6974132628176
10.9005893531907,-83.6974132643455
10.9011787063814,-83.6974132658748
10.9016406419852,-83.6974132670745
10.9021966307702,-83.6974132685196
10.9029100513096,-83.6974132703757
10.903732977394,-83.6974132725193
10.9045559034784,-83.6974132746656
10.9053788295628,-83.6974132768148
10.906017444501,-83.6974132784844
10.9065370415067,-83.6974132798442
10.9070566385124,-83.697413281205
10.9075762355181,-83.6974132825669
10.9080958325238,-83.6974132839299
10.9086154295295,-83.6974132852941
10.9092835343533,-83.6974132870497
10.91,-83.6974132889344
10.9101193642649,-83.6974132892486
10.9109551941766,-83.6974132914502
10.9117910240883,-83.6974132936546
10.9126268539999,-83.6974132958618
10.9131655691379,-83.6974132972859
10.9137042842759,-83.6974132987112
10.9142429994139,-83.6974133001376
10.9147817145519,-83.6974133015653
10.9154587083686,-83.6974133033611
10.9163393513824,-83.6974133056999
10.9172199943961,-83.6974133080419
10.9181006374098,-83.697413310387
10.9189812804236,-83.6974133127354
10.9198619234373,-83.6974133150869
10.92,-83.6974133154559
10.9204496035263,-83.6974133166579
10.9210372836154,-83.6974133182298
10.9216249637044,-83.6974133198028
10.9224225347754,-83.6974133219399
10.9233982118011,-83.6974133245577
10.9243738888267,-83.6974133271795
10.9253495658524,-83.6974133298052
10.926325242878,-83.6974133324348
10.9273009199037,-83.6974133350683
10.9280225306008,-83.6974133370185
10.9287441412979,-83.6974133389709
10.9298843077536,-83.6974133420601
10.93,-83.6974133423739
10.9310244742093,-83.6974133451547
10.932164640665,-83.6974133482523
10.9333048071207,-83.6974133513539
10.9344449735764,-83.6974133544609
10.9353469310456,-83.6974133569226
10.9365366431416,-83.6974133601748
10.9377263552375,-83.6974133634328
10.9389160673335,-83.6974133666967
10.94,-83.6974133696755
10.9401057794294,-83.6974133699664
10.9412954915254,-83.6974133732417
10.9424852036214,-83.6974133765228
10.9441516287318,-83.6974133811284
10.9453640792255,-83.6974133844866
10.9465765297192,-83.6974133878509
10.9477889802129,-83.6974133912213
10.9490014307066,-83.6974133945978
10.95,-83.6974133973833
10.9502636479352,-83.6974133981194
10.9505272958704,-83.6974133988558
10.9507909438056,-83.6974133995925
10.9511145037675,-83.697413400497
10.9515490641058,-83.6974134017126
10.9521380650347,-83.6974134033613
10.9530368293622,-83.69741340588
10.9537518458293,-83.6974134078861
10.9543158615821,-83.6974134094701
10.954879877335,-83.6974134110554
10.9554438930878,-83.6974134126421
10.9560510458848,-83.6974134143516
10.9566581986819,-83.6974134160627
10.9571338331295,-83.6974134174042
10.9576094675771,-83.6974134187466
10.9582409506886,-83.6974134205305
10.9592642105485,-83.6974134234246
10.96,-83.6974134255083
10.9600039616611,-83.6974134255195
10.9607437127737,-83.6974134276168
10.9613116996336,-83.6974134292287
10.9620682477603,-83.6974134313778
10.9626646894326,-83.6974134330738
10.9631021771577,-83.6974134343188
10.9635396648828,-83.6974134355646
10.9641746764973,-83.6974134373743
10.9651153128336,-83.6974134400581
10.9660559491699,-83.6974134427457
10.9667189513703,-83.6974134446422
10.9673819535707,-83.6974134465407
10.9680449557711,-83.697413448441
10.9685645270143,-83.6974134499314
10.9690840982576,-83.6974134514231
10.9696036695008,-83.6974134529159
10.97,-83.6974134540554
10.9703024984051,-83.6974134549255
10.9713550439513,-83.6974134579556
10.9721287799617,-83.6974134601858
10.9729025159721,-83.6974134624185
10.9736762519825,-83.6974134646537
10.9744499879929,-83.6974134668915
10.9752237240032,-83.6974134691319
10.9759974600136,-83.6974134713748
10.9772495267634,-83.6974134750096
10.9785015935131,-83.6974134786512
10.9797536602629,-83.6974134822994
10.98,-83.6974134830179
10.9810057270126,-83.6974134859543
10.9822577937623,-83.6974134896132
10.9835098605121,-83.6974134932774
10.9847619272618,-83.6974134969483
10.9860139940116,-83.6974135006259
10.9877636574489,-83.6974135057762
10.9895133208863,-83.6974135109396
10.99,-83.6974135123782
10.9912629843236,-83.6974135161161
10.993012647761,-83.697413521301
10.9947623111983,-83.6974135264965
10.9965119746356,-83.697413531705
10.998261638073,-83.6974135369267
11,-83.6974135421275
11.0017496634373,-83.6974135473752
11.0034993268747,-83.6974135526359
11.005248990312,-83.6974135579096
11.0069986537494,-83.6974135631962
11.0087483171867,-83.6974135684957
11.01,-83.6974135722948
11.0104979806241,-83.697413573808
11.0122476440614,-83.6974135791313
11.0143779289474,-83.6974135856285
11.0165082138334,-83.6974135921445
11.0186384987193,-83.6974135986791
11.02,-83.6974136028652
11.0207687836053,-83.6974136052323
11.0215396485409,-83.6974136076069
11.0223105134765,-83.6974136099833
11.0230813784121,-83.6974136123621
11.0239578285637,-83.6974136150696
11.0248342787154,-83.6974136177803
11.0257107288671,-83.697413620494
11.0265871790187,-83.6974136232109
11.0277614265679,-83.6974136268557
11.0286041462807,-83.6974136294749
11.0294468659935,-83.6974136320969
11.03,-83.6974136338194
11.030599607955,-83.6974136356881
11.0317523499165,-83.6974136392831
11.032905091878,-83.6974136428825
11.0340578338395,-83.6974136464872
11.0352105758009,-83.6974136500972
11.0363633177624,-83.6974136537124
11.0375160597239,-83.6974136573328
11.0386688016854,-83.6974136609583
11.04,-83.6974136651516
11.0402272489479,-83.6974136658682
11.0414089421414,-83.6974136695967
11.042590635335,-83.6974136733304
11.0440283506119,-83.6974136778803
11.0454660658888,-83.6974136824381
11.0473532603587,-83.6974136884328
11.0488608016453,-83.6974136932312
11.05,-83.697413696863
11.0504018640834,-83.6974136981453
11.0508037281668,-83.6974136994282
11.0512055922502,-83.6974137007117
11.0518402228808,-83.6974137027399
11.0524748535114,-83.6974137047696
11.053109484142,-83.6974137068009
11.0538840067312,-83.6974137092819
11.0548260165065,-83.6974137123025
11.0557680262817,-83.6974137153265
11.0567100360569,-83.6974137183538
11.0574604336211,-83.6974137207678
11.0580167759548,-83.6974137225588
11.0585731182884,-83.6974137243511
11.0593649220678,-83.6974137269039
11.06,-83.6974137289531
11.0604398149145,-83.6974137303732
11.0615147077611,-83.6974137338459
11.0625896006078,-83.6974137373224
11.0633106875448,-83.6974137396571
11.0640317744818,-83.6974137419938
11.0647528614188,-83.6974137443325
11.0656496024251,-83.6974137472436
11.0669559188642,-83.6974137514899
11.0679839292913,-83.6974137548362
11.0690119397185,-83.6974137581865
11.0699524285581,-83.6974137612551
11.07,-83.6974137614104
11.0708929173977,-83.6974137643271
11.0718334062373,-83.6974137674008
11.0732449089281,-83.6974137720187
11.074656411619,-83.6974137766444
11.0760679143098,-83.6974137812777
11.0774794170007,-83.6974137859188
11.0785962732279,-83.6974137895965
11.0798875001387,-83.6974137938545
11.08,-83.6974137942257
11.0811787270496,-83.6974137981189
11.0824699539604,-83.6974138023866
11.0837611808712,-83.697413806659
11.085052407782,-83.6974138109379
11.0871204950556,-83.6974138178047
11.0885684158363,-83.6974138226223
11.09,-83.6974138273936
11.0905568579391,-83.6974138292517
11.0919941374233,-83.6974138340515
11.0941599537515,-83.6974138412981
11.0957604404653,-83.6974138466649
11.097943267671,-83.6974138540008
11.1,-83.69741386093
11.1003543352232,-83.6974138621254
11.1007086704464,-83.6974138633213
11.1010630056695,-83.6974138645178
11.1014966966583,-83.6974138659828
11.102047210047,-83.6974138678436
11.102651006197,-83.6974138698858
11.1032548023471,-83.6974138719295
11.1038585984972,-83.6974138739746
11.1044623946473,-83.6974138760212
11.1050661907973,-83.6974138780692
11.1059371195455,-83.6974138810258
11.1065276956942,-83.6974138830324
11.1071182718429,-83.6974138850403
11.1077088479915,-83.6974138870496
11.1082994241402,-83.6974138890603
11.1089402058419,-83.6974138912435
11.1095809875436,-83.6974138934282
11.11,-83.6974138948577
11.1102217692452,-83.6974138956146
11.1108625509469,-83.6974138978023
11.1115033326486,-83.6974138999914
11.1123636495608,-83.697413902933
11.1129914897627,-83.6974139050815
11.1136193299645,-83.6974139072316
11.1142471701664,-83.6974139093832
11.1149838245747,-83.6974139119096
11.115720478983,-83.6974139144381
11.1164571333913,-83.6974139169687
11.1171937877996,-83.6974139195014
11.1181142386679,-83.6974139226689
11.1190346895361,-83.6974139258397
11.1197011954771,-83.6974139281377
11.12,-83.6974139291685
11.1203677014181,-83.6974139304374
11.1211526816837,-83.6974139331474
11.1219376619494,-83.6974139358594
11.122722642215,-83.6974139385738
11.1235076224806,-83.6974139412905
11.1243470018265,-83.697413944198
11.1251863811725,-83.6974139471082
11.1260257605184,-83.697413950021
11.1268651398643,-83.6974139529365
11.127991887126,-83.6974139568543
11.128870832534,-83.6974139599137
11.129749777942,-83.697413962976
11.13,-83.6974139638483
11.1311256264998,-83.6974139677754
11.1321018982332,-83.6974139711828
11.1330781699666,-83.6974139745924
11.1343962722344,-83.6974139792014
11.1354419311602,-83.6974139828623
11.1367368413265,-83.6974139874015
11.1380317514929,-83.6974139919467
11.1393266616592,-83.697413996498
11.14,-83.6974139988671
11.1409964602505,-83.697414002376
11.1422772055599,-83.6974140068886
11.1438026617685,-83.6974140122692
11.1453281179772,-83.6974140176582
11.147193385939,-83.697414024259
11.1490586539009,-83.6974140308721
11.15,-83.6974140342142
11.1507808287586,-83.6974140369888
11.1515616575171,-83.6974140397655
11.1523424862757,-83.6974140425444
11.1531233150342,-83.6974140453255
11.1541948302957,-83.6974140491453
11.1549988011729,-83.6974140520141
11.1558027720501,-83.6974140548851
11.1564989955858,-83.6974140573732
11.1571952191214,-83.697414059863
11.1578914426571,-83.6974140623546
11.1585876661928,-83.6974140648478
11.1595156566587,-83.6974140681737
11.16,-83.6974140699108
11.1604436471247,-83.6974140715027
11.1613716375906,-83.6974140748338
11.1622996280565,-83.6974140781675
11.1631309267475,-83.6974140811564
11.1639622254384,-83.6974140841478
11.1647935241294,-83.6974140871417
11.1658505223154,-83.6974140909519
11.1669075205013,-83.6974140947661
11.1679645186873,-83.6974140985843
11.1690215168733,-83.6974141024065
11.17,-83.6974141059484
11.1700785150593,-83.6974141062327
11.1711355132452,-83.6974141100627
11.1721925114312,-83.6974141138966
11.1734995904315,-83.6974141186431
11.1748066694318,-83.6974141233957
11.1759923840159,-83.6974141277124
11.1771780986001,-83.6974141320341
11.1783638131842,-83.6974141363608
11.18,-83.6974141423397
11.180244439203,-83.6974141432337
11.1815731508422,-83.6974141480966
11.1831371573897,-83.6974141538283
11.1847011639372,-83.6974141595688
11.1865477677348,-83.697414166358
11.1883943715324,-83.6974141731596
11.19,-83.6974141790836
11.1909612109403,-83.6974141826345
11.1929039924456,-83.6974141898177
11.1948467739509,-83.6974141970125
11.1971937993408,-83.6974142057228
11.1995408247307,-83.6974142144531
11.2,-83.6974142161635
11.2004115123891,-83.697414217697
11.2008230247781,-83.6974142192311
11.2012345371672,-83.6974142207658
11.2016460495562,-83.6974142223012
11.2023039723501,-83.6974142247572
11.2029874760479,-83.6974142273104
11.2036709797457,-83.6974142298654
11.2043544834435,-83.697414232422
11.2048923254398,-83.697414234435
11.2056362231383,-83.697414237221
11.2065577614165,-83.6974142406751
11.207233632185,-83.6974142432103
11.2079095029536,-83.6974142457472
11.2085853737221,-83.6974142482858
11.2094820288035,-83.6974142516563
11.21,-83.6974142536046
11.2101158845014,-83.6974142540406
11.2107497401993,-83.6974142564263
11.2113835958972,-83.6974142588133
11.2120909699925,-83.697414261479
11.2127983440877,-83.6974142641464
11.2135057181829,-83.6974142668156
11.2142130922782,-83.6974142694867
11.2152300249896,-83.6974142733298
11.216246957701,-83.6974142771766
11.2169751481436,-83.6974142799335
11.2178672880773,-83.6974142833136
11.2189440905861,-83.6974142873973
11.2197407875335,-83.6974142904212
11.22,-83.6974142914056
11.2205374844808,-83.6974142934475
11.2214468231378,-83.6974142969034
11.2223561617947,-83.6974143003616
11.2232655004516,-83.6974143038227
11.2243800222503,-83.6974143080688
11.225494544049,-83.6974143123193
11.2266090658477,-83.6974143165742
11.2280790438573,-83.6974143221928
11.2291549643997,-83.69741432631
11.23,-83.6974143295465
11.2302308849422,-83.6974143304312
11.2317182300375,-83.6974143361344
11.2328647081442,-83.6974143405354
11.2345320818154,-83.6974143469442
11.2358154804657,-83.6974143518837
11.2370988791159,-83.6974143568289
11.2383822777662,-83.6974143617798
11.2396656764165,-83.6974143667363
11.24,-83.6974143680284
11.2417389595597,-83.6974143747554
11.2433379777001,-83.6974143809441
11.2453575422518,-83.6974143887687
11.2473771068034,-83.6974143966073
11.249396671355,-83.6974144044596
11.25,-83.6974144068081
11.2508827613806,-83.6974144102465
11.2517655227612,-83.6974144136875
11.2526482841418,-83.6974144171312
11.2538094324325,-83.6974144216648
11.2546631294317,-83.6974144250009
11.255516826431,-83.6974144283395
11.2567185724965,-83.6974144330432
11.2576786975205,-83.6974144368046
11.2586388225445,-83.697414440569
11.2599443391508,-83.6974144456925
11.26,-83.6974144459111
11.2612498557572,-83.6974144508215
11.2625553723636,-83.6974144559524
11.26386088897,-83.6974144610868
11.2651664055763,-83.6974144662266
11.2668119570823,-83.6974144727129
11.2684575085882,-83.6974144792075
11.27,-83.697414485303
11.2701030600942,-83.6974144857105
11.2717486116001,-83.6974144922216
11.2737411031444,-83.6974145001161
11.2757335946887,-83.6974145080226
11.277726086233,-83.6974145159411
11.28,-83.697414524993
11.2802081914013,-83.6974145258236
11.2826902965696,-83.6974145357212
11.2851724017379,-83.6974145456371
11.2885785587964,-83.6974145592725
11.29,-83.6974145649737
11.291984715855,-83.6974145729417
11.2953908729135,-83.6974145866269
11.298797029972,-83.6974146003363
11.3,-83.6974146051856
11.3004302243879,-83.6974146069208
11.3006881952922,-83.6974146079615
11.3009461661965,-83.6974146090022
11.3011500537281,-83.697414609825
11.3014882659505,-83.6974146111899
11.302091769896,-83.6974146136263
11.3026952738416,-83.6974146160636
11.3032987777871,-83.6974146185019
11.304044458531,-83.697414621516
11.3049585940263,-83.697414625213
11.3058727295217,-83.6974146289123
11.306786865017,-83.6974146326138
11.3074770847678,-83.69741463541
11.307996575697,-83.6974146375155
11.3085160666263,-83.6974146396216
11.3091904666106,-83.6974146423569
11.31,-83.6974146456418
11.3100643564512,-83.6974146459031
11.3111569088594,-83.6974146503394
11.3122494612676,-83.6974146547788
11.3133420136758,-83.6974146592215
11.3141977730859,-83.6974146627037
11.315053532496,-83.6974146661878
11.3159092919061,-83.6974146696739
11.3169248361133,-83.6974146738136
11.3179403803206,-83.6974146779561
11.3189559245278,-83.6974146821015
11.32,-83.6974146863663
11.3202840422422,-83.6974146875271
11.3212495903024,-83.697414691474
11.3222151383626,-83.6974146954232
11.3235280179524,-83.6974147007972
11.3248408975422,-83.697414706176
11.326153777132,-83.6974147115596
11.3278135738357,-83.6974147183728
11.3294733705394,-83.6974147251938
11.33,-83.6974147273597
11.3317648270326,-83.6974147346235
11.3340562835259,-83.6974147440596
11.3363477400191,-83.6974147535061
11.34,-83.6974147685939
11.3401618194168,-83.6974147692635
11.3439758988146,-83.6974147850617
11.3477899782123,-83.6974148009023
11.35,-83.6974148101009
11.3506636998636,-83.6974148128663
11.3513273997273,-83.6974148156329
11.3519910995909,-83.6974148184008
11.3528995182838,-83.6974148221915
11.3538079369766,-83.6974148259847
11.3544724707488,-83.6974148287611
11.355137004521,-83.6974148315389
11.3563179429163,-83.6974148364785
11.3574988813116,-83.6974148414224
11.3586798197069,-83.6974148463706
11.36,-83.6974148519074
11.3604648137194,-83.6974148538581
11.3618829810715,-83.6974148598124
11.3638103092299,-83.6974148679135
11.3657376373883,-83.6974148760262
11.3676649655467,-83.6974148841505
11.3695922937051,-83.6974148922866
11.37,-83.6974148940093
11.3715196218635,-83.6974149004345
11.3742565196303,-83.6974149120163
11.3769934173971,-83.6974149236174
11.3797303151639,-83.6974149352426
11.38,-83.6974149363895
11.3838738944094,-83.6974149528888
11.3880174736548,-83.6974149705571
11.39,-83.6974149790217
11.3921610529003,-83.6974149882631
11.3963046321458,-83.6974150060062
11.4,-83.6974150218684
11.401666422939,-83.6974150290362
11.4033328458781,-83.697415036213
11.4054844681725,-83.6974150454926
11.408221219977,-83.697415057317
11.41,-83.697415065015
11.4109579717814,-83.6974150691647
11.4136947235858,-83.6974150810294
11.4164314753903,-83.6974150929133
11.4191682271947,-83.6974151048189
11.42,-83.6974151084416
11.4219049789992,-83.6974151167456
11.4246417308036,-83.6974151286819
11.4281076290479,-83.6974151438197
11.43,-83.6974151520982
11.4315735272923,-83.697415158989
11.4350394255366,-83.6974151741772
11.4395069003281,-83.6974151937901
11.44,-83.697415195958
11.4449736536877,-83.6974152178547
11.45,-83.6974152399961
11.4507943539851,-83.6974152434949
11.4515887079702,-83.6974152469948
11.4523830619553,-83.6974152504961
11.4536455005658,-83.6974152560635
11.4549079391764,-83.6974152616344
11.4561703777869,-83.6974152672089
11.4574328163974,-83.697415272787
11.458695255008,-83.6974152783686
11.4599576936185,-83.6974152839539
11.46,-83.6974152841412
11.4615285955535,-83.6974152909089
11.4630994974885,-83.6974152978647
11.4646703994235,-83.6974153048235
11.4662413013585,-83.697415311788
11.4678122032935,-83.6974153187583
11.4693831052285,-83.6974153257345
11.47,-83.6974153284757
11.4709540071635,-83.6974153327167
11.4729826292417,-83.6974153417379
11.4750112513199,-83.6974153507671
11.4770398733981,-83.6974153598063
11.48,-83.6974153730146
11.4805554751559,-83.6974153754957
11.4840710769137,-83.6974153912121
11.4875866786715,-83.6974154069583
11.49,-83.6974154177861
11.4911022804293,-83.6974154227369
11.4962629490714,-83.6974154459469
11.5,-83.6974154627953
11.5017144792328,-83.6974154705381
11.5034289584655,-83.6974154782891
11.5051434376983,-83.6974154860484
11.5068579169311,-83.6974154938162
11.5094792904294,-83.6974155057093
11.51,-83.6974155080742
11.5129016432271,-83.6974155212668
11.5163239960247,-83.6974155368389
11.5197463488223,-83.6974155524352
11.52,-83.6974155535927
11.5231687016199,-83.6974155680674
11.5265910544175,-83.6974155837136
11.53,-83.6974155993229
11.5316513692269,-83.6974156068976
11.5386442787374,-83.6974156390457
11.54,-83.6974156452941
11.5473075148552,-83.6974156790746
11.55,-83.6974156915399
11.5560060837925,-83.6974157193475
11.56,-83.6974157379042
11.5620121675849,-83.697415747273
11.5680182513774,-83.6974157752909
11.57,-83.6974157845572
11.5740243351699,-83.6974158034132
11.58,-83.6974158314606
11.5800304189623,-83.6974158316038
11.5860365027548,-83.6974158598848
11.59,-83.6974158786131
11.5920425865473,-83.6974158882851
11.6,-83.6974159260667
11.6008272094233,-83.6974159300047
11.6016544188465,-83.6974159339447
11.6024816282698,-83.6974159378871
11.6038097454483,-83.6974159442218
11.6051378626267,-83.6974159505629
11.6064659798052,-83.6974159569102
11.6077940969837,-83.6974159632636
11.6088379464837,-83.6974159682615
11.6098817959836,-83.6974159732631
11.61,-83.6974159738298
11.6109256454836,-83.6974159782686
11.6119694949835,-83.6974159832759
11.6130133444835,-83.6974159882861
11.6145249929475,-83.6974159955485
11.6156524507857,-83.6974160009705
11.616779908624,-83.6974160063971
11.6182036800551,-83.6974160132564
11.6196274514862,-83.697416020123
11.62,-83.697416021921
11.6207511317929,-83.6974160255476
11.6224352630294,-83.6974160336837
11.6236815989364,-83.6974160397106
11.6249279348435,-83.6974160457431
11.6267843737712,-83.6974160547394
11.6281125916,-83.6974160611838
11.6294408094289,-83.6974160676349
11.63,-83.6974160703528
11.6307690272577,-83.6974160740926
11.6320972450866,-83.697416080555
11.6341644132177,-83.6974160906243
11.6358096825226,-83.6974160986504
11.6378748662433,-83.69741610874
11.639940049964,-83.6974161188464
11.64,-83.6974161191402
11.6427965736612,-83.6974161328537
11.6449973277646,-83.697416143655
11.647198081868,-83.6974161544688
11.6493988359714,-83.6974161653025
11.65,-83.6974161682654
11.6528315518838,-83.6974161822406
11.6556631037675,-83.6974161962488
11.6584946556513,-83.6974162102901
11.66,-83.6974162177683
11.661326207535,-83.6974162243644
11.6641577594188,-83.6974162384635
11.6669893113026,-83.6974162525915
11.6698208631863,-83.6974162667527
11.67,-83.6974162676498
11.6733248083082,-83.6974162843228
11.6782981966032,-83.697416309314
11.68,-83.6974163178831
11.6832715848982,-83.6974163343904
11.6882449731933,-83.6974163595365
11.69,-83.6974163684289
11.6932183614883,-83.6974163847696
11.6997616124244,-83.6974164180841
11.7,-83.6974164193009
11.7086229764378,-83.6974164634652
11.71,-83.6974164705487
11.7172459528755,-83.6974165079579
11.72,-83.6974165222103
11.7258689293133,-83.697416552643
11.73,-83.6974165740937
11.734491905751,-83.6974165974727
11.74,-83.6974166261995
11.7431148821888,-83.6974166424883
11.75,-83.697416678591
11.7586229764378,-83.6974167240681
11.76,-83.697416731362
11.7672459528755,-83.6974167698807
11.77,-83.697416784555
11.7758689293133,-83.6974168158865
11.78,-83.6974168379688
11.784491905751,-83.6974168620338
11.79,-83.6974168916001
11.7931148821888,-83.6974169083629
11.8,-83.6974169455104
11.8086229764378,-83.6974169922912
11.81,-83.6974169997927
11.8172459528755,-83.6974170394009
11.82,-83.6974170544875
11.8258689293133,-83.6974170866939
11.83,-83.6974171093886
11.834491905751,-83.6974171341164
11.84,-83.6974171644905
11.8431148821888,-83.6974171817077
11.85,-83.6974172198537
11.8531682248627,-83.6974172374604
11.8563364497254,-83.6974172551102
11.86,-83.6974172755732
11.8604801041224,-83.6974172782593
11.8608530330182,-83.6974172803459
11.8612259619139,-83.6974172824329
11.8614997392296,-83.6974172839654
11.8617735165453,-83.6974172854981
11.8621746811758,-83.6974172877447
11.8629153777516,-83.6974172918945
11.8636560743274,-83.6974172960467
11.8643967709032,-83.6974173002011
11.8665184698987,-83.6974173121139
11.8686401688943,-83.6974173240453
11.87,-83.6974173317021
11.8733489094525,-83.6974173505901
11.8748063019169,-83.6974173588126
11.8757627778154,-83.6974173642094
11.8767192537139,-83.6974173696095
11.8780300958656,-83.6974173770158
11.88,-83.6974173881567
11.8817311181543,-83.6974173979574
11.8833682251672,-83.6974174072278
11.8850053321802,-83.6974174165023
11.8859558997579,-83.6974174218909
11.8869064673355,-83.6974174272818
11.8875023935922,-83.6974174306627
11.888098319849,-83.6974174340445
11.8886412320111,-83.6974174371262
11.8891841441732,-83.6974174402087
11.89,-83.6974174448421
11.8954005403723,-83.6974174755532
11.9,-83.6974175017614
11.9035958299007,-83.6974175222824
11.9071916598013,-83.6974175428287
11.91,-83.6974175588926
11.9129015923396,-83.6974175755055
11.9186115248779,-83.6974176082056
11.92,-83.6974176161616
11.9243214574162,-83.6974176409448
11.93,-83.6974176734786
11.9300313899544,-83.6974176736588
11.9357413224927,-83.6974177064308
11.94,-83.6974177309119
11.941451255031,-83.6974177392621
11.9428307549808,-83.6974177471963
11.9435372314848,-83.6974177512609
11.9442437079888,-83.6974177553264
11.9449501844929,-83.6974177593928
11.946209751043,-83.6974177666449
11.9482316798361,-83.6974177782923
11.95,-83.6974177884848
11.9557163657364,-83.6974178214712
11.96,-83.6974178462282
11.9614327314728,-83.6974178545159
11.97,-83.6974179041219
11.9709231560435,-83.6974179094735
11.98,-83.6974179621465
11.9804135806142,-83.6974179645497
11.989904005185,-83.697418019756
11.99,-83.6974180203155
11.9993944297557,-83.6974180751033
12,-83.6974180786346
12.0094904245707,-83.6974181338605
12.01,-83.6974181368301
12.0189808491415,-83.6974181892249
12.02,-83.6974181951698
12.0284712737122,-83.6974182445617
12.03,-83.6974182534362
12.0379616982829,-83.6974182997081
12.04,-83.6974183115229
12.0474521228537,-83.6974183547674
12.05,-83.6974183695501
12.0594904245707,-83.6974184245692
12.06,-83.6974184275271
12.0689808491415,-83.69741847971
12.07,-83.6974184856305
12.0784712737122,-83.6974185348175
12.08,-83.6974185436572
12.0879616982829,-83.6974185897391
12.09,-83.6974186015335
12.0974521228537,-83.6974186446388
12.1,-83.6974186593572
12.1094904245707,-83.6974187141291
12.11,-83.697418717073
12.1189808491415,-83.6974187689941
12.12,-83.6974187748837
12.1284712737122,-83.6974188238051
12.13,-83.6974188326183
12.1379616982829,-83.6974188784878
12.14,-83.6974188902119
12.1474521228537,-83.6974189330479
12.15,-83.6974189476602
12.1528471273712,-83.6974189639729
12.1548680085868,-83.6974189755544
12.1557367208746,-83.6974189805337
12.1563080849398,-83.6974189838088
12.156879449005,-83.697418987084
12.1574508130702,-83.6974189903595
12.1583078591681,-83.697418995273
12.1588716212818,-83.6974189985052
12.1594353833955,-83.6974190017377
12.1599991455092,-83.6974190049703
12.16,-83.6974190049752
12.1620263552772,-83.697419016596
12.1646037566138,-83.6974190313726
12.1651201338705,-83.6974190343328
12.1656365111273,-83.6974190372932
12.1664212142567,-83.6974190417921
12.1672059173862,-83.6974190462916
12.1676915662916,-83.6974190490764
12.1681772151971,-83.6974190518615
12.1688676431693,-83.6974190558211
12.1695580711415,-83.6974190597811
12.17,-83.6974190623159
12.1715918253377,-83.697419071447
12.1736793794107,-83.6974190834235
12.1743876514077,-83.6974190874874
12.1750959234047,-83.6974190915514
12.1761838445917,-83.697419097794
12.1769253805011,-83.6974191020493
12.1776669164106,-83.6974191063047
12.1782213230688,-83.6974191094864
12.1785639511559,-83.6974191114528
12.1789065792431,-83.6974191134192
12.1792492073302,-83.6974191153857
12.179579678619,-83.6974191172824
12.1799101499077,-83.6974191191792
12.18,-83.6974191196949
12.1802406211964,-83.697419121076
12.1811274065412,-83.6974191261657
12.1815384709411,-83.6974191285251
12.181949535341,-83.6974191308845
12.1822294916438,-83.6974191324914
12.1825094479467,-83.6974191340983
12.1827894042495,-83.6974191357053
12.1834918091055,-83.6974191397372
12.1846398517882,-83.6974191463274
12.1855031971907,-83.6974191512835
12.1863665425932,-83.6974191562398
12.1872298879957,-83.6974191611963
12.1878747847182,-83.6974191648987
12.1885196814407,-83.6974191686012
12.1891645781631,-83.6974191723038
12.1898094748856,-83.6974191760065
12.19,-83.6974191771005
12.1904543716081,-83.6974191797093
12.1910992683305,-83.6974191834117
12.191744165053,-83.697419187114
12.1923890617754,-83.6974191908162
12.1930339584979,-83.6974191945186
12.1940066367555,-83.6974192001028
12.1949793150131,-83.6974192056871
12.1957537544019,-83.6974192101334
12.1962556981753,-83.6974192130152
12.1967576419487,-83.6974192158971
12.1972595857222,-83.6974192187789
12.1977615294956,-83.6974192216608
12.198263473269,-83.6974192245428
12.1987119000468,-83.6974192271174
12.1991603268245,-83.6974192296921
12.1995129578413,-83.6974192317168
12.2,-83.6974192345132
12.2008034688107,-83.6974192391264
12.2016069376214,-83.6974192437396
12.2024104064321,-83.6974192483529
12.2032138752428,-83.6974192529662
12.2040173440535,-83.6974192575795
12.2045811472388,-83.6974192608167
12.2052704300194,-83.6974192647744
12.2058553715113,-83.697419268133
12.2064403130031,-83.6974192714916
12.207025254495,-83.6974192748502
12.2078725087003,-83.6974192797149
12.2089125006036,-83.6974192856862
12.2099524925068,-83.6974192916575
12.21,-83.6974192919302
12.2109924844101,-83.6974192976287
12.2118127667408,-83.697419302337
12.2126330490715,-83.6974193070447
12.2136523350705,-83.6974193128943
12.2144569491578,-83.6974193175119
12.2152615632451,-83.6974193221293
12.2162874186379,-83.6974193280164
12.2173132740306,-83.6974193339032
12.2183391294234,-83.6974193397899
12.2191031428149,-83.697419344174
12.2198671562063,-83.697419348558
12.22,-83.6974193493203
12.2206311695978,-83.6974193529419
12.2213951829893,-83.6974193573245
12.2221591963808,-83.697419361707
12.2230942382232,-83.6974193670704
12.2240292800656,-83.6974193724336
12.2249643219081,-83.6974193777966
12.225680530237,-83.6974193819044
12.226244025173,-83.6974193851362
12.226807520109,-83.6974193883679
12.227371015045,-83.6974193915996
12.2280886243426,-83.697419395715
12.2288062336401,-83.6974193998303
12.2293679038214,-83.6974194030512
12.2299295740027,-83.6974194062721
12.23,-83.6974194066759
12.2304912441839,-83.6974194094929
12.2310529143652,-83.6974194127129
12.2316145845465,-83.6974194159328
12.2321762547278,-83.6974194191527
12.2330141654948,-83.6974194239559
12.2338520762617,-83.697419428759
12.2346899870287,-83.6974194335619
12.2355278977957,-83.6974194383646
12.2361044936865,-83.6974194416693
12.2366810895772,-83.697419444974
12.237257685468,-83.6974194482786
12.2378342813587,-83.697419451583
12.2384108772495,-83.6974194548874
12.2391463545816,-83.6974194591021
12.24,-83.6974194639938
12.2401098281066,-83.6974194646231
12.2410733016316,-83.6974194701437
12.2420367751566,-83.6974194756639
12.2430002486817,-83.6974194811838
12.2437200329269,-83.6974194853073
12.2444398171722,-83.6974194894307
12.2451596014174,-83.6974194935539
12.2458793856627,-83.697419497677
12.2468769951196,-83.6974195033912
12.2478746045765,-83.6974195091051
12.2488722140334,-83.6974195148187
12.2498698234903,-83.697419520532
12.25,-83.6974195212775
12.2507516330496,-83.6974195255818
12.2515032660992,-83.697419529886
12.2522548991488,-83.69741953419
12.2532345157968,-83.6974195397993
12.254459910877,-83.6974195468155
12.2556853059572,-83.6974195538313
12.2569107010374,-83.6974195608468
12.2581360961176,-83.6974195678618
12.2590537348507,-83.6974195731148
12.26,-83.6974195785315
12.2601593025721,-83.6974195794434
12.261583726367,-83.6974195875965
12.2627129235724,-83.6974195940593
12.2638421207778,-83.6974196005219
12.265237692448,-83.6974196085087
12.266312030182,-83.6974196146569
12.2676073469433,-83.6974196220695
12.2692085611555,-83.6974196312325
12.27,-83.6974196357614
12.2708097753678,-83.6974196403952
12.2724109895801,-83.6974196495556
12.2736867434938,-83.697419656853
12.2749624974075,-83.6974196641504
12.2767775417826,-83.6974196745326
12.2785925861577,-83.6974196849148
12.28,-83.6974196929654
12.2808076723749,-83.6974196975854
12.2825286415743,-83.6974197074275
12.2848821005645,-83.6974197208855
12.2872355595547,-83.6974197343442
12.289589018545,-83.6974197478037
12.29,-83.6974197501542
12.2919424775352,-83.6974197612642
12.2942959365255,-83.6974197747183
12.2982004539051,-83.6974197970357
12.3,-83.6974198073229
12.3039045173796,-83.6974198296472
12.3091342743621,-83.6974198595581
12.31,-83.6974198645105
12.3181397123349,-83.6974199110936
12.32,-83.6974199217305
12.3271451503077,-83.6974199625529
12.33,-83.6974199788347
12.3361505882805,-83.6974200138933
12.34,-83.6974200358059
12.3451560262534,-83.6974200651471
12.35,-83.6974200926877
12.3526607058913,-83.6974201078068
12.3553214117827,-83.697420122934
12.3588148042868,-83.6974201428082
12.36,-83.6974201495541
12.362308196791,-83.6974201626968
12.3658015892952,-83.6974201825871
12.3692949817994,-83.6974202024849
12.37,-83.6974202065023
12.3748535588208,-83.6974202341768
12.38,-83.6974202635172
12.3809506062023,-83.6974202689363
12.3870476535839,-83.6974203037099
12.39,-83.6974203205638
12.3970476535839,-83.6974203608475
12.4,-83.6974203777239
12.41,-83.6974204348864
12.4168460348684,-83.6974204741175
12.4188998453289,-83.6974204859034
12.4197764573744,-83.6974204909364
12.42,-83.6974204922201
12.4203578191231,-83.697420494275
12.4209391808717,-83.6974204976141
12.4217093021638,-83.697420502038
12.423147962124,-83.6974205103057
12.4245866220842,-83.6974205185779
12.4260252820444,-83.6974205268549
12.4267391053859,-83.6974205309634
12.4274529287273,-83.6974205350732
12.4281667520688,-83.6974205391843
12.4293844296514,-83.6974205462002
12.43,-83.6974205497485
12.4309719106731,-83.6974205553528
12.4321548647851,-83.6974205621759
12.4338140151537,-83.6974205717511
12.4351241815046,-83.6974205793179
12.4364343478555,-83.69742058689
12.4379426031763,-83.6974205956135
12.439450858497,-83.6974206043441
12.44,-83.6974206075245
12.4413623313236,-83.6974206154191
12.4428734804087,-83.6974206241799
12.4443846294938,-83.6974206329464
12.445895778579,-83.6974206417205
12.4474069276641,-83.6974206505021
12.4499505066073,-83.6974206653007
12.45,-83.6974206655888
12.4519647077926,-83.6974206770348
12.4539294155852,-83.6974206884938
12.4558941233778,-83.697420699966
12.4582782027022,-83.6974207139047
12.46,-83.6974207239835
12.4612405153003,-83.6974207312513
12.4642028278984,-83.6974207486224
12.4671651404964,-83.6974207660207
12.47,-83.6974207826985
12.4719644585795,-83.6974207942717
12.4767637766626,-83.697420822587
12.48,-83.6974208417188
12.4828622109381,-83.6974208586688
12.49,-83.6974209010284
12.4910910897375,-83.6974209075153
12.5,-83.697420960612
12.51,-83.6974210205017
12.52,-83.6974210807026
12.53,-83.6974211412098
12.54,-83.6974212020212
12.55,-83.6974212631367
12.56,-83.6974213245576
12.57,-83.6974213862854
12.58,-83.6974214483222
12.59,-83.6974215106701
12.6,-83.6974215733308
12.61,-83.6974216363061
12.62,-83.6974216995974
12.63,-83.6974217632058
12.64,-83.6974218271322
12.65,-83.6974218913773
12.66,-83.6974219559411
12.67,-83.6974220208232
12.68,-83.6974220860227
12.69,-83.6974221515382
12.7,-83.6974222173672
12.71,-83.697422283506
12.72,-83.6974223499493
12.73,-83.6974224166875
12.74,-83.6974224837085
12.75,-83.6974225509989
12.76,-83.6974226185431
12.77,-83.6974226863251
12.78,-83.6974227543319
12.79,-83.6974228225516
12.8,-83.6974228909747
12.81,-83.6974229595942
12.82,-83.697423028406
12.83,-83.6974230974082
12.84,-83.6974231666012
12.85,-83.6974232359866
12.86,-83.6974233055692
12.8673386746838,-83.6974233567624
12.87,-83.6974233753541
12.8773386746838,-83.6974234266999
12.88,-83.6974234453297
12.8873386746838,-83.6974234967386
12.89,-83.6974235153802
12.8973386746838,-83.6974235668226
12.9,-83.6974235854769
12.91,-83.6974236556102
12.92,-83.6974237259603
12.93,-83.6974237965276
12.94,-83.6974238673105
12.95,-83.6974239383062
12.96,-83.6974240095113
12.97,-83.6974240809218
12.98,-83.6974241525328
12.99,-83.6974242243396
13,-83.6974242963379
13.01,-83.6974243685246
13.02,-83.6974244408977
13.03,-83.6974245134564
13.04,-83.6974245862009
13.05,-83.6974246591325
13.06,-83.6974247322548
13.07,-83.6974248055726
13.08,-83.6974248790895
13.09,-83.6974249528089
13.1,-83.6974250267346
13.11,-83.6974251008717
13.1171440498613,-83.6974251539684
13.12,-83.6974251752256
13.1271228679836,-83.6974252283224
13.13,-83.6974252497836
13.137101686106,-83.6974253027996
13.14,-83.6974253244395
13.1470805042283,-83.6974253773484
13.15,-83.6974253991678
13.1562433620404,-83.6974254458391
13.16,-83.697425473964
13.1624867240809,-83.6974254925995
13.1687300861213,-83.6974255394301
13.17,-83.6974255489634
13.1749734481618,-83.6974255863386
13.18,-83.6974256241442
13.1837061753737,-83.6974256520425
13.19,-83.6974256994558
13.1924389025856,-83.6974257178458
13.2,-83.6974257749189
13.2054571741477,-83.6974258161812
13.21,-83.6974258505838
13.2109143482954,-83.6974258575136
13.2163715224431,-83.6974258989112
13.22,-83.6974259264724
13.2218286965907,-83.6974259403745
13.2272858707384,-83.6974259818961
13.23,-83.6974260025689
13.2343095947364,-83.6974260354309
13.24,-83.6974260788638
13.2439199162604,-83.6974261088154
13.25,-83.6974261553123
13.259610321524,-83.6974262289517
13.26,-83.697426231941
13.2665732197141,-83.6974262824472
13.27,-83.6974263087993
13.2764367723963,-83.697426358348
13.28,-83.6974263857891
13.2863003250784,-83.6974264343591
13.29,-83.6974264628943
13.2961638777606,-83.6974265104858
13.3,-83.6974265401204
13.301763508285,-83.6974265537429
13.30352701657,-83.697426567373
13.3052905248551,-83.6974265810093
13.3078912104767,-83.6974266011306
13.309870579043,-83.6974266164538
13.31,-83.697426617456
13.3118499476093,-83.6974266317848
13.3138293161756,-83.6974266471185
13.315808684742,-83.6974266624572
13.3177880533083,-83.6974266778037
13.3197674218746,-83.697426693158
13.32,-83.6974266949627
13.3223309449692,-83.697426713055
13.3248944680637,-83.697426732957
13.3297335316635,-83.6974267705519
13.33,-83.6974267726236
13.3358601583769,-83.6974268182158
13.34,-83.697426850441
13.3444036490187,-83.6974268847371
13.35,-83.6974269283371
13.3585434906419,-83.6974269949753
13.36,-83.6974270063498
13.3670869812837,-83.6974270617492
13.37,-83.6974270845303
13.3756304719256,-83.6974271285778
13.38,-83.6974271627627
13.3841739625675,-83.6974271954327
13.39,-83.6974272410482
13.3927174532093,-83.6974272623373
13.4,-83.6974273194229
13.4085434906419,-83.6974273864892
13.41,-83.6974273979352
13.4170869812837,-83.6974274536765
13.42,-83.6974274765959
13.4256304719256,-83.6974275209069
13.43,-83.6974275552933
13.4341739625675,-83.6974275881526
13.44,-83.6974276340274
13.4427174532093,-83.6974276554352
13.45,-83.6974277128324
13.4525630471926,-83.6974277330463
13.4551260943851,-83.6974277532682
13.4586047710205,-83.6974277807263
13.46,-83.6974277917431
13.4620834476559,-83.6974278081982
13.4655621242914,-83.697427835675
13.4698056346596,-83.6974278692057
13.47,-83.6974278707422
13.4790571514496,-83.6974279423772
13.48,-83.6974279498349
13.4883086682396,-83.6974280155452
13.49,-83.6974280289131
13.4975601850295,-83.6974280886641
13.5,-83.6974281079374
13.50925151679,-83.6974281810006
13.51,-83.6974281869161
13.51850303358,-83.6974282541554
13.52,-83.6974282659936
13.5277545503699,-83.6974283273137
13.53,-83.6974283450612
13.5370060671599,-83.6974284004361
13.54,-83.6974284240909
13.5462575839499,-83.6974284735355
13.55,-83.6974285030988
13.55925151679,-83.6974285761897
13.56,-83.6974285821073
13.56850303358,-83.6974286493694
13.57,-83.6974286612119
13.5777545503699,-83.6974287225547
13.58,-83.6974287403096
13.5870060671599,-83.6974287957078
13.59,-83.6974288193732
13.5962575839499,-83.6974288688396
13.6,-83.6974288984163
13.60925151679,-83.6974289715383
13.61,-83.6974289774582
13.61850303358,-83.6974290447406
13.62,-83.6974290565864
13.6277545503699,-83.6974291179445
13.63,-83.6974291357038
13.6370060671599,-83.6974291911139
13.64,-83.6974292147843
13.6462575839499,-83.697429264259
13.65,-83.6974292938401
13.65925151679,-83.6974293669685
13.66,-83.6974293728884
13.66850303358,-83.6974294401654
13.67,-83.6974294520096
13.6777545503699,-83.6974295133572
13.68,-83.6974295311133
13.6870060671599,-83.6974295865111
13.69,-83.6974296101759
13.6962575839499,-83.6974296596375
13.7,-83.6974296892105
13.70925151679,-83.697429762318
13.71,-83.6974297682361
13.71850303358,-83.6974298354915
13.72,-83.6974298473322
13.7277545503699,-83.6974299086626
13.73,-83.6974299264146
13.7370060671599,-83.6974299818011
13.74,-83.6974300054622
13.7462575839499,-83.6974300549172
13.75,-83.6974300844877
13.75925151679,-83.697430157591
13.76,-83.6974301635088
13.76850303358,-83.6974302307593
13.77,-83.6974302425994
13.7777545503699,-83.6974303039282
13.78,-83.6974303216806
13.7870060671599,-83.6974303770688
13.79,-83.6974304007314
13.7962575839499,-83.69743045019
13.8,-83.6974304797633
13.80925151679,-83.6974305528737
13.81,-83.6974305587919
13.81850303358,-83.697430626045
13.82,-83.6974306378856
13.8277545503699,-83.6974306992166
13.83,-83.69743071697
13.8370060671599,-83.6974307723612
13.84,-83.6974307960255
13.8462575839499,-83.697430845487
13.85,-83.6974308750623
13.85925151679,-83.6974309481769
13.86,-83.6974309540953
13.86850303358,-83.697431021348
13.87,-83.6974310331886
13.8777545503699,-83.6974310945192
13.88,-83.697431112273
13.8870060671599,-83.6974311676654
13.89,-83.6974311913309
13.8962575839499,-83.697431240795
13.9,-83.6974312703726
13.90925151679,-83.6974313434938
13.91,-83.6974313494127
13.91850303358,-83.6974314166702
13.92,-83.6974314285119
13.9277545503699,-83.6974314898495
13.93,-83.6974315076061
13.9370060671599,-83.6974315630084
13.94,-83.697431586679
13.9462575839499,-83.6974316361549
13.95,-83.6974316657407
13.95925151679,-83.6974317388841
13.96,-83.6974317448048
13.96850303358,-83.6974318120823
13.97,-83.6974318239277
13.9777545503699,-83.6974318852862
13.98,-83.6974319030496
13.9870060671599,-83.697431958474
13.99,-83.6974319821549
13.9962575839499,-83.6974320316529
14,-83.6974320612526
14.00925151679,-83.6974321344303
14.01,-83.6974321403535
14.01850303358,-83.6974322076577
14.02,-83.6974322195077
14.0277545503699,-83.6974322808888
14.03,-83.6974322986589
14.0370060671599,-83.6974323541032
14.04,-83.6974323777926
14.0462575839499,-83.6974324273072
14.05,-83.6974324569167
14.05925151679,-83.6974325301175
14.06,-83.6974325360425
14.06850303358,-83.6974326033643
14.07,-83.6974326152175
14.0777545503699,-83.6974326766152
14.08,-83.6974326943899
14.0870060671599,-83.6974327498506
14.09,-83.697432773547
14.0962575839499,-83.6974328230775
14.1,-83.6974328526967
14.10925151679,-83.6974329259232
14.11,-83.6974329318493
14.11850303358,-83.697432999193
14.12,-83.6974330110493
14.1277545503699,-83.6974330724684
14.13,-83.6974330902498
14.1370060671599,-83.6974331457325
14.14,-83.6974331694389
14.1462575839499,-83.6974332189911
14.15,-83.6974332486239
14.15925151679,-83.6974333218853
14.16,-83.6974333278142
14.16850303358,-83.6974333951886
14.17,-83.6974334070505
14.1777545503699,-83.6974334684993
14.18,-83.69743348629
14.1870060671599,-83.6974335418021
14.19,-83.6974335655217
14.1962575839499,-83.6974336151019
14.2,-83.6974336447522
14.20925151679,-83.6974337180573
14.21,-83.6974337239897
14.21850303358,-83.6974337914021
14.22,-83.6974338032708
14.2277545503699,-83.6974338647552
14.23,-83.6974338825566
14.2370060671599,-83.6974339381024
14.24,-83.697433961837
14.2462575839499,-83.6974340114485
14.25,-83.6974340411179
14.25925151679,-83.6974341144706
14.26,-83.6974341204067
14.26850303358,-83.6974341878603
14.27,-83.6974341997362
14.2777545503699,-83.6974342612587
14.28,-83.6974342790716
14.2870060671599,-83.6974343346534
14.29,-83.6974343584039
14.2962575839499,-83.6974344080486
14.3,-83.6974344377384
14.30925151679,-83.6974345111419
14.31,-83.697434517082
14.31850303358,-83.6974345845805
14.32,-83.6974345964644
14.3277545503699,-83.6974346580289
14.33,-83.6974346758544
14.3370060671599,-83.6974347314762
14.34,-83.6974347552442
14.3462575839499,-83.6974348049261
14.35,-83.6974348346365
14.35925151679,-83.6974349080966
14.36,-83.6974349140414
14.36850303358,-83.6974349815883
14.37,-83.697434993481
14.3777545503699,-83.697435055089
14.38,-83.6974350729276
14.3870060671599,-83.6974351285889
14.39,-83.6974351523743
14.3962575839499,-83.6974352020914
14.4,-83.6974352318253
14.40925151679,-83.6974353053369
14.41,-83.6974353112858
14.41850303358,-83.6974353788775
14.42,-83.6974353907775
14.4277545503699,-83.6974354524268
14.43,-83.6974354702771
14.4370060671599,-83.6974355259769
14.44,-83.6974355497785
14.4462575839499,-83.6974355995304
14.45,-83.6974356292845
14.45925151679,-83.6974357028484
14.46,-83.6974357087996
14.46850303358,-83.6974357764372
14.47,-83.6974357883443
14.4777545503699,-83.6974358500356
14.48,-83.6974358678974
14.4870060671599,-83.6974359236361
14.49,-83.697435947454
14.4962575839499,-83.6974359972414
14.5,-83.6974360270171
14.50925151679,-83.6974361006345
14.51,-83.6974361065899
14.51850303358,-83.6974361742745
14.52,-83.6974361861897
14.5277545503699,-83.6974362479244
14.53,-83.6974362657991
14.5370060671599,-83.6974363215783
14.54,-83.6974363454138
14.5462575839499,-83.6974363952384
14.55,-83.6974364250367
14.55925151679,-83.6974364987103
14.56,-83.6974365046701
14.56850303358,-83.6974365724045
14.57,-83.6974365843285
14.5777545503699,-83.6974366461091
14.58,-83.6974366639975
14.5870060671599,-83.6974367198195
14.59,-83.6974367436738
14.5962575839499,-83.6974367935374
14.6,-83.6974368233595
14.60925151679,-83.6974368970921
14.61,-83.6974369030566
14.61850303358,-83.6974369708431
14.62,-83.6974369827763
14.6277545503699,-83.6974370446049
14.63,-83.6974370625075
14.6370060671599,-83.6974371183739
14.64,-83.6974371422474
14.6462575839499,-83.6974371921515
14.65,-83.697437221998
14.65925151679,-83.697437295791
14.66,-83.6974373017601
14.66850303358,-83.6974373695999
14.67,-83.6974373815425
14.6777545503699,-83.6974374434197
14.68,-83.6974374613366
14.6870060671599,-83.697437517248
14.69,-83.697437541141
14.6962575839499,-83.6974375910856
14.7,-83.6974376209567
14.70925151679,-83.69743769481
14.71,-83.6974377007839
14.71850303358,-83.6974377686761
14.72,-83.6974377806278
14.7277545503699,-83.6974378425523
14.73,-83.6974378604829
14.7370060671599,-83.697437916437
14.74,-83.6974379403484
14.7462575839499,-83.6974379903312
14.75,-83.697438020225
14.75925151679,-83.6974380941344
14.76,-83.6974381001127
14.76850303358,-83.6974381680543
14.77,-83.6974381800146
14.7777545503699,-83.6974382419843
14.78,-83.6974382599283
14.7870060671599,-83.6974383159242
14.79,-83.6974383398536
14.7962575839499,-83.6974383898743
14.8,-83.6974384197906
14.80925151679,-83.6974384937561
14.81,-83.6974384997376
14.81850303358,-83.6974385677288
14.82,-83.6974385796968
14.8277545503699,-83.6974386417117
14.83,-83.697438659668
14.8370060671599,-83.6974387157052
14.84,-83.6974387396518
14.8462575839499,-83.6974387897096
14.85,-83.6974388196482
14.85925151679,-83.6974388936694
14.86,-83.6974388996552
14.86850303358,-83.6974389676954
14.87,-83.6974389796719
14.8777545503699,-83.6974390417314
14.88,-83.6974390597008
14.8870060671599,-83.6974391157789
14.89,-83.6974391397431
14.8962575839499,-83.6974391898378
14.9,-83.6974392197986
14.90925151679,-83.6974392938745
14.91,-83.6974392998646
14.91850303358,-83.6974393679531
14.92,-83.6974393799381
14.9277545503699,-83.6974394420416
14.93,-83.697439460024
14.9370060671599,-83.6974395161426
14.94,-83.6974395401243
14.9462575839499,-83.6974395902556
14.95,-83.6974396202385
14.95925151679,-83.6974396943691
14.96,-83.6974397003634
14.96850303358,-83.6974397685001
14.97,-83.6974397804935
14.9777545503699,-83.697439842641
14.98,-83.6974398606362
14.9870060671599,-83.6974399167952
14.99,-83.6974399407944
14.9962575839499,-83.697439990962
15,-83.6974400209668
15.00925151679,-83.6974400951514
15.01,-83.6974401011499
15.01850303358,-83.697440169334
15.02,-83.6974401813357
15.0277545503699,-83.6974402435262
15.03,-83.6974402615341
15.0370060671599,-83.6974403177323
15.04,-83.6974403417483
15.0462575839499,-83.6974403919512
15.05,-83.6974404219771
15.05925151679,-83.6974404962136
15.06,-83.6974405022162
15.06850303358,-83.6974405704458
15.07,-83.6974405824554
15.0777545503699,-83.6974406446871
15.08,-83.697440662707
15.0870060671599,-83.6974407189429
15.09,-83.6974407429751
15.0962575839499,-83.6974407932116
15.1,-83.6974408232578
15.10925151679,-83.697440897544
15.11,-83.6974409035505
15.11850303358,-83.6974409718238
15.12,-83.697440983841
15.1277545503699,-83.6974410461125
15.13,-83.697441064144
15.1370060671599,-83.6974411204162
15.14,-83.6974411444642
15.1462575839499,-83.6974411947334
15.15,-83.6974412247988
15.15925151679,-83.6974412991332
15.16,-83.6974413051428
15.16850303358,-83.6974413734584
15.17,-83.6974413854824
15.1777545503699,-83.6974414477921
15.18,-83.6974414658343
15.1870060671599,-83.6974415221414
15.19,-83.6974415462038
15.1962575839499,-83.6974415965042
15.2,-83.6974416265885
15.20925151679,-83.6974417009691
15.21,-83.6974417069822
15.21850303358,-83.6974417753383
15.22,-83.6974417873692
15.2277545503699,-83.6974418497156
15.23,-83.6974418677685
15.2370060671599,-83.6974419241089
15.24,-83.6974419481858
15.2462575839499,-83.6974419985161
15.25,-83.6974420286183
15.25925151679,-83.697442103043
15.26,-83.6974421090595
15.26850303358,-83.697442177454
15.27,-83.6974421894922
15.271278488617,-83.6974421997774
15.2723084043224,-83.6974422080635
15.2733383200278,-83.6974422163498
15.2746644493343,-83.6974422270192
15.2759905786407,-83.6974422376882
15.2773167079471,-83.6974422483571
15.2792976329394,-83.6974422642936
15.28,-83.6974422699433
15.2812785579317,-83.6974422802289
15.283259482924,-83.6974422961652
15.2852404079163,-83.6974423121007
15.2876557355073,-83.69744233153
15.29,-83.6974423503867
15.293369411379,-83.6974423774883
15.2967388227581,-83.6974424045877
15.3,-83.6974424308149
15.3087485223764,-83.6974425011667
15.31,-83.6974425112254
15.3174970447527,-83.697442571502
15.32,-83.6974425916249
15.320243330083,-83.6974425935805
15.3229896154132,-83.6974426156655
15.3251056032478,-83.6974426326796
15.33,-83.6974426720326
15.3352579513976,-83.6974427143019
15.34,-83.6974427524181
15.3405159027951,-83.6974427565626
15.3457738541927,-83.6974427988225
15.35,-83.6974428327829
15.3552579513976,-83.6974428750299
15.36,-83.6974429131254
15.3629508292572,-83.6974429368275
15.3693333933083,-83.697442988096
15.37,-83.6974429934473
15.3757159573595,-83.6974430393548
15.38,-83.6974430737591
15.3820627892135,-83.6974430903242
15.3884096210676,-83.6974431412952
15.39,-83.6974431540632
15.3979088675767,-83.6974432175616
15.4,-83.6974432343467
15.4094992465091,-83.6974433106172
15.41,-83.6974433146324
15.4189984930182,-83.6974433868557
15.42,-83.6974433948894
15.4247914896301,-83.6974434333487
15.43,-83.6974434751583
15.430584486242,-83.6974434798476
15.4363774828539,-83.6974435263453
15.44,-83.6974435554132
15.4451846457449,-83.6974435970103
15.45,-83.6974436356409
15.458807162891,-83.6974437062874
15.46,-83.6974437158494
15.4676143257821,-83.6974437769024
15.47,-83.6974437960267
15.4764214886731,-83.69744384751
15.48,-83.6974438761998
15.4827754899458,-83.6974438984523
15.4891294912184,-83.6974439493949
15.49,-83.697443956371
15.4990347299328,-83.6974440287799
15.5,-83.6974440365123
15.5099052387144,-83.6974441159012
15.51,-83.6974441166569
15.5198104774288,-83.6974441952448
15.52,-83.6974441967593
15.5297157161432,-83.697444274579
15.53,-83.6974442768528
15.5367044112176,-83.6974443305622
15.54,-83.6974443569651
15.5422485975424,-83.6974443749804
15.55,-83.6974444370776
15.5598540612575,-83.6974445159813
15.56,-83.6974445171459
15.569708122515,-83.697444594837
15.57,-83.697444597169
15.5795621837725,-83.6974446736796
15.58,-83.6974446771797
15.5869747198606,-83.6974447329944
15.59,-83.6974447572043
15.5943872559487,-83.6974447923138
15.6,-83.6974448372274
15.6090722247776,-83.6974449098004
15.61,-83.6974449172165
15.6181444495552,-83.697444982327
15.62,-83.6974449971564
15.6272166743327,-83.6974450548368
15.63,-83.6974450770814
15.6362888991103,-83.697445127341
15.64,-83.697445156997
15.6453611238879,-83.6974451998338
15.65,-83.6974452368963
15.6590722247776,-83.6974453093605
15.66,-83.6974453167651
15.6681444495552,-83.6974453817733
15.67,-83.697445396579
15.6772166743327,-83.6974454541663
15.68,-83.6974454763746
15.6862888991103,-83.6974455265514
15.69,-83.697445556158
15.6953611238879,-83.6974455989226
15.7,-83.6974456359219
15.7090722247776,-83.69744570826
15.71,-83.6974457156514
15.7181444495552,-83.6974457805423
15.72,-83.6974457953209
15.7272166743327,-83.6974458528018
15.73,-83.6974458749688
15.7362888991103,-83.6974459250513
15.74,-83.6974459546018
15.7453611238879,-83.6974459972843
15.75,-83.6974460342119
15.7590722247776,-83.6974461064071
15.76,-83.6974461137836
15.7681444495552,-83.6974461785418
15.77,-83.6974461932899
15.7772166743327,-83.6974462506507
15.78,-83.697446272771
15.7862888991103,-83.697446322747
15.79,-83.6974463522343
15.7953611238879,-83.6974463948245
15.8,-83.6974464316715
15.8063134692972,-83.6974464818091
15.81,-83.6974465110714
15.8126269385943,-83.6974465319173
15.82,-83.6974465904124
15.8225302136915,-83.6974466104735
15.83,-83.6974466697003
15.8324334887886,-83.6974466889822
15.84,-83.6974467489385
15.8423367638857,-83.697446767442
15.85,-83.697446828126
15.8599032750971,-83.6974469064915
15.86,-83.6974469072473
15.8698065501943,-83.6974469847863
15.87,-83.6974469863064
15.8797098252914,-83.6974470630581
15.88,-83.697447065343
15.8896131003886,-83.6974471413302
15.89,-83.6974471443798
15.8995163754857,-83.697447219601
15.9,-83.6974472234152
15.9099032750971,-83.6974473017138
15.91,-83.6974473024688
15.9198065501943,-83.6974473799287
15.92,-83.6974473814471
15.9297098252914,-83.6974474581154
15.93,-83.6974474603976
15.9396131003886,-83.6974475362974
15.94,-83.6974475393433
15.9495163754857,-83.6974476144727
15.95,-83.697447618283
15.9599032750971,-83.6974476964807
15.96,-83.6974476972366
15.9698065501943,-83.697447774588
15.97,-83.6974477761061
15.9797098252914,-83.6974478526592
15.98,-83.6974478549398
15.9896131003886,-83.6974479307183
15.99,-83.6974479337611
15.9995163754857,-83.6974480087624
16,-83.697448012567
16.0099032750971,-83.6974480906239
16.01,-83.6974480913783
16.0198065501943,-83.6974481685791
16.02,-83.6974481700941
16.0297098252914,-83.6974482464885
16.03,-83.6974482487642
16.0396131003886,-83.6974483243764
16.04,-83.6974483274123
16.0495163754857,-83.6974484022392
16.05,-83.6974484060346
16.0599032750971,-83.6974484838989
16.06,-83.6974484846512
16.0698065501943,-83.697448561643
16.07,-83.6974485631537
16.0797098252914,-83.6974486393243
16.08,-83.6974486415931
16.0896131003886,-83.6974487169676
16.09,-83.6974487199935
16.0995163754857,-83.6974487945674
16.1,-83.6974487983494
16.1099032750971,-83.697448875931
16.11,-83.6974488766805
16.1198065501943,-83.6974489533645
16.12,-83.6974489548688
16.1297098252914,-83.6974490307081
16.13,-83.6974490329666
16.1396131003886,-83.6974491079855
16.14,-83.6974491109979
16.1495163754857,-83.6974491851894
16.15,-83.6974491889555
16.1599032750971,-83.6974492661044
16.16,-83.6974492668539
16.1698065501943,-83.6974493430629
16.17,-83.6974493445619
16.1707742721693,-83.6974493505759
16.1717419941444,-83.6974493580939
16.1727097161194,-83.6974493656102
16.1747513144458,-83.6974493814612
16.1776803169969,-83.6974494041862
16.18,-83.69744942217
16.1806093195481,-83.6974494268914
16.1835383220992,-83.6974494495803
16.1864673246503,-83.6974494722495
16.19,-83.6974494995648
16.1908724755022,-83.6974495063056
16.1968668014282,-83.6974495525799
16.2,-83.6974495767321
16.2085785210589,-83.6974496427399
16.21,-83.6974496536573
16.2171570421179,-83.6974497085604
16.22,-83.6974497303398
16.2257355631768,-83.6974497742343
16.23,-83.6974498068339
16.2343140842358,-83.6974498397744
16.24,-83.6974498831353
16.2428926052947,-83.697449905165
16.25,-83.6974499592192
16.2585785210589,-83.6974500242891
16.26,-83.6974500350495
16.2671570421179,-83.6974500891557
16.27,-83.6974501106162
16.2757355631768,-83.6974501538644
16.28,-83.6974501859816
16.2843140842358,-83.6974502184323
16.29,-83.697450261148
16.2911181139566,-83.6974502695378
16.3,-83.6974503360838
16.31,-83.6974504107463
16.31,-83.6974504107431
16.32,-83.697450485128
16.32,-83.6974504851248
16.33,-83.6974505592299
16.33,-83.6974505592267
16.34,-83.6974506330525
16.34,-83.6974506330492
16.35,-83.6974507065949
16.36,-83.6974507798552
16.36,-83.697450779852
16.37,-83.6974508528313
16.37,-83.6974508528281
16.38,-83.6974509255236
16.38,-83.6974509255204
16.39,-83.697450997933
16.39,-83.6974509979298
16.4,-83.6974510700588
16.41,-83.6974511418999
16.42,-83.6974512134559
16.43,-83.6974512847276
16.43,-83.6974512847245
16.44,-83.6974513557167
16.44,-83.6974513557135
16.45,-83.6974514264231
16.46,-83.6974514968468
16.47,-83.697451566988
16.47,-83.6974515669853
16.48,-83.697451636849
16.48,-83.6974516368502
16.49,-83.697451706435
16.49,-83.6974517064363
16.5,-83.6974517757427
16.51,-83.697451844772
16.52,-83.697451913523
16.5279655344917,-83.6974519680888
16.53,-83.697451981998
16.5359310689834,-83.6974520224794
16.54,-83.6974520502109
16.5459310689834,-83.697452090569
16.55,-83.6974521182231
16.56,-83.6974521860391
16.56,-83.6974521860405
16.5659721132934,-83.6974522264078
16.57,-83.697452253578
16.5719442265868,-83.6974522666768
16.5737358605749,-83.6974522787414
16.5755274945629,-83.6974522907988
16.5769425048986,-83.6974523003153
16.5783575152344,-83.6974523098262
16.5797725255701,-83.6974523193314
16.58,-83.6974523208591
16.5811875359058,-83.6974523288311
16.582606086376,-83.6974523383506
16.5840246368461,-83.6974523478653
16.5854431873162,-83.6974523573744
16.5872666783673,-83.6974523695895
16.5890901694184,-83.6974523817954
16.59,-83.6974523878821
16.5907246480075,-83.6974523927282
16.5923591265967,-83.6974524036543
16.5939936051859,-83.6974524145737
16.595975664807,-83.6974524278049
16.5979577244282,-83.697452441025
16.6,-83.697452454635
16.6020329038084,-83.6974524681707
16.6054492258228,-83.6974524908908
16.6079288338378,-83.6974525073607
16.61,-83.697452521104
16.6104084418528,-83.697452523813
16.6137443422269,-83.6974525459193
16.6163247319115,-83.697452562998
16.618905121596,-83.6974525800572
16.62,-83.6974525872899
16.622016028476,-83.6974526005979
16.6251269353559,-83.6974526211165
16.628917457685,-83.6974526460835
16.63,-83.6974526532066
16.6344596307558,-83.6974526825118
16.64,-83.6974527188625
16.6400018038267,-83.6974527188751
16.6455439768976,-83.6974527551589
16.65,-83.6974527842656
16.6555421730709,-83.6974528203823
16.66,-83.6974528493645
16.6632543908757,-83.697452870484
16.67,-83.6974529141736
16.6732543908757,-83.6974529352076
16.68,-83.6974529787222
16.6832543908757,-83.6974529996711
16.69,-83.6974530430081
16.6932543908757,-83.6974530638707
16.7,-83.6974531070275
16.71,-83.6974531707578
16.72,-83.6974532341569
16.72,-83.6974532341584
16.73,-83.6974532972195
16.73,-83.6974532972211
16.74,-83.6974533599407
16.74,-83.6974533599422
16.743,-83.6974533786908
16.746,-83.6974533974085
16.7481071140337,-83.6974534105367
16.75,-83.6974534223167
16.7521071140337,-83.6974534354151
16.7537056444856,-83.6974534453416
16.7553041749374,-83.6974534552591
16.7574161023231,-83.6974534683478
16.76,-83.69745348434
16.7608995856406,-83.6974534899024
16.7633740322827,-83.6974535051895
16.7658484789248,-83.6974535204565
16.7683229255669,-83.6974535357016
16.77,-83.6974535460216
16.7715010825048,-83.6974535552499
16.7746792394427,-83.6974535747674
16.775909813529,-83.6974535823163
16.7771403876154,-83.6974535898594
16.7783709617018,-83.6974535973971
16.7796015357881,-83.6974536049292
16.78,-83.697453607367
16.7808321098745,-83.6974536124558
16.7817828710793,-83.6974536182682
16.7832520534708,-83.6974536272442
16.7847212358624,-83.6974536362124
16.7861904182539,-83.6974536451727
16.7876596006455,-83.6974536541251
16.7897054688786,-83.6974536665782
16.79,-83.69745366837
16.791267114198,-83.6974536760737
16.7928287595175,-83.6974536855626
16.794390404837,-83.6974536950439
16.7959520501565,-83.6974537045162
16.797513695476,-83.6974537139795
16.7990753407955,-83.6974537234337
16.8,-83.6974537290275
16.8014158585477,-83.6974537375864
16.8028317170955,-83.6974537461379
16.8039498246565,-83.6974537528858
16.8050679322175,-83.697453759629
16.8059582107611,-83.6974537649949
16.8068484893048,-83.6974537703578
16.8079380779746,-83.6974537769174
16.809322328918,-83.6974537852445
16.81,-83.6974537893188
16.8110042746883,-83.6974537953532
16.813046429711,-83.6974538076146
16.8150885847337,-83.6974538198623
16.8184232691519,-83.6974538398274
16.82,-83.697453849254
16.82175795357,-83.6974538597518
16.8250926379882,-83.6974538796401
16.8284273224063,-83.6974538994911
16.83,-83.6974539088392
16.8330233531178,-83.6974539267809
16.8376193838294,-83.6974539540073
16.84,-83.6974539680846
16.8434710167962,-83.6974539885679
16.85,-83.6974540269988
16.8558375159811,-83.697454061236
16.86,-83.6974540855672
16.8616750319622,-83.6974540953398
16.8675125479432,-83.6974541293172
16.87,-83.6974541437597
16.8716325722275,-83.6974541532244
16.8748869533694,-83.6974541720653
16.8781413345113,-83.6974541908682
16.88,-83.6974542015884
16.8813957156532,-83.6974542096289
16.8846500967951,-83.6974542283511
16.8898078565918,-83.6974542579405
16.89,-83.6974542590432
16.8949656163885,-83.6974542874211
16.9,-83.6974543161269
16.9017546271016,-83.6974543261159
16.9035092542032,-83.6974543360903
16.9052825412082,-83.6974543461578
16.9070558282133,-83.697454356212
16.9088291152184,-83.6974543662531
16.91,-83.6974543728761
16.9111373862639,-83.6974543793039
16.9134456573093,-83.6974543923354
16.9166713387224,-83.6974544105119
16.9198970201355,-83.6974544286447
16.92,-83.6974544292245
16.9231227015485,-83.6974544467335
16.9276736081248,-83.6974544721996
16.93,-83.6974544851912
16.932224514701,-83.6974544975912
16.9367754212772,-83.6974545229074
16.94,-83.6974545407992
16.942954320127,-83.6974545571515
16.95,-83.6974545960245
16.958751906008,-83.6974546440393
16.96,-83.6974546508633
16.967503812016,-83.6974546917208
16.97,-83.6974547052799
16.976255718024,-83.6974547391736
16.98,-83.6974547594248
16.985007624032,-83.6974547864379
16.99,-83.6974548133071
16.9937595300401,-83.6974548334858
17,-83.6974548668851
17.0014198002295,-83.6974548744689
17.0028396004591,-83.6974548820411
17.0042594006886,-83.6974548896043
17.0056792009181,-83.6974548971585
17.0070990011477,-83.6974549047037
17.008886990174,-83.6974549141925
17.01,-83.6974549200924
17.0106749792003,-83.6974549236677
17.0124629682265,-83.6974549331295
17.0142509572528,-83.6974549425786
17.0160389462791,-83.6974549520134
17.0178269353054,-83.6974549614338
17.0196149243317,-83.6974549708398
17.02,-83.6974549728644
17.021402913358,-83.6974549802316
17.0231909023843,-83.6974549896129
17.0249788914106,-83.6974549989825
17.0267668804369,-83.6974550083376
17.0290434725526,-83.697455020228
17.03,-83.6974550252177
17.0313200646684,-83.6974550320957
17.0335966567841,-83.6974550439443
17.0358732488999,-83.6974550557728
17.0381498410156,-83.6974550675778
17.04,-83.6974550771544
17.0404264331314,-83.6974550793602
17.0427030252472,-83.6974550911188
17.0456734093714,-83.6974551064276
17.0486437934957,-83.6974551216965
17.05,-83.6974551286554
17.0553741411646,-83.6974551561428
17.06,-83.6974551796994
17.0607482823292,-83.6974551835027
17.0661224234938,-83.6974552107325
17.07,-83.6974552303024
17.0714965646584,-83.697455237838
17.076870705823,-83.6974552648211
17.08,-83.6974552804787
17.0822448469876,-83.6974552916826
17.0890762672282,-83.6974553256589
17.09,-83.6974553302421
17.0977747734683,-83.6974553686297
17.1,-83.6974553795882
17.1086985062401,-83.6974554223106
17.11,-83.6974554286768
17.1155004841412,-83.6974554554754
17.12,-83.6974554773326
17.1223024620423,-83.6974554884947
17.1291044399434,-83.6974555213614
17.13,-83.697455525678
17.1359064178445,-83.6974555540285
17.14,-83.6974555736203
17.1427083957456,-83.6974555865562
17.1495103736467,-83.6974556189394
17.15,-83.6974556212667
17.1568019779011,-83.6974556534316
17.16,-83.6974556684804
17.166759382993,-83.6974557001215
17.17,-83.6974557152474
17.1732197782435,-83.6974557302488
17.179680173494,-83.697455760263
17.18,-83.6974557617473
17.189680173494,-83.6974558063606
17.19,-83.6974558078337
17.199680173494,-83.6974558521746
17.2,-83.6974558536421
17.2012711769901,-83.6974558594822
17.2025423539801,-83.6974558653149
17.2038135309702,-83.6974558711397
17.2057214360627,-83.6974558798671
17.2072375028773,-83.6974558867898
17.209561341181,-83.6974558973787
17.21,-83.6974558993754
17.2112178218756,-83.6974559049113
17.2133750979577,-83.6974559147058
17.2155323740397,-83.6974559244809
17.2176896501218,-83.6974559342334
17.2198469262039,-83.6974559439631
17.22,-83.6974559446534
17.2226350903303,-83.6974559565043
17.2254232544567,-83.6974559690234
17.2292303488485,-83.6974559860674
17.23,-83.6974559895057
17.2330374432404,-83.6974560030411
17.2368445376323,-83.6974560199681
17.24,-83.6974560339557
17.2419337244926,-83.6974560425038
17.2493481663017,-83.6974560751362
17.25,-83.6974560779965
17.256804607448,-83.6974561077005
17.26,-83.6974561215733
17.2636092148961,-83.6974561371804
17.27,-83.6974561647063
17.2704138223441,-83.6974561664861
17.2786229864476,-83.6974562015752
17.28,-83.6974562074325
17.286832150551,-83.6974562363392
17.29,-83.6974562496968
17.296832150551,-83.6974562783885
17.3,-83.6974562916642
17.31,-83.6974563333792
17.31,-83.6974563333833
17.32,-83.6974563746
17.32,-83.6974563746041
17.33,-83.6974564153228
17.33,-83.6974564153269
17.34,-83.6974564555464
17.34,-83.6974564555505
17.35,-83.6974564952698
17.3512709643431,-83.6974565002862
17.3525419286862,-83.6974565052909
17.3538128930293,-83.6974565102875
17.3548192295657,-83.6974565142382
17.355825566102,-83.6974565181836
17.3568319026384,-83.6974565221239
17.3583881356398,-83.6974565282072
17.3599443686412,-83.6974565342785
17.36,-83.697456534496
17.3615006016426,-83.6974565403377
17.363056834644,-83.6974565463902
17.3646130676454,-83.6974565524335
17.3661693006468,-83.6974565584647
17.3677255336482,-83.6974565644837
17.3692817666496,-83.6974565704905
17.37,-83.697456573259
17.370837999651,-83.6974565764854
17.3723942326524,-83.6974565824706
17.3739504656538,-83.6974565884456
17.3758522391232,-83.6974565957305
17.3777540125925,-83.6974566029973
17.3796557860618,-83.6974566102459
17.38,-83.6974566115566
17.3815575595311,-83.6974566174764
17.3834593330005,-83.6974566246954
17.3853611064698,-83.6974566319002
17.3872628799391,-83.6974566390867
17.3895768578701,-83.697456647806
17.39,-83.6974566493983
17.391890835801,-83.6974566564985
17.394204813732,-83.6974566651741
17.396518791663,-83.6974566738286
17.3988327695939,-83.6974566824559
17.4,-83.6974566867979
17.4030501395112,-83.6974566981095
17.4061002790224,-83.6974567093746
17.4091504185337,-83.6974567205925
17.41,-83.6974567237096
17.4122005580449,-83.6974567317634
17.4152506975561,-83.6974567429027
17.4183008370673,-83.6974567540039
17.42,-83.6974567601681
17.4223588372362,-83.6974567687
17.427397058354,-83.6974567868569
17.43,-83.6974567961965
17.4324352794718,-83.6974568049023
17.4374735005897,-83.6974568228462
17.44,-83.6974568318054
17.4425117217075,-83.6974568406788
17.4487635648189,-83.6974568626623
17.45,-83.6974568669929
17.46,-83.6974569017084
17.4672078520117,-83.6974569264156
17.47,-83.697456935916
17.4744157040234,-83.697456950855
17.48,-83.6974569696587
17.481623556035,-83.6974569751072
17.49,-83.6974570030349
17.4903703068859,-83.6974570042651
17.4991170577368,-83.6974570330515
17.5,-83.6974570359381
17.5087467508509,-83.6974570642925
17.51,-83.6974570683249
17.5151065158629,-83.697457084662
17.52,-83.6974571002482
17.5214662808749,-83.6974571049057
17.5278260458869,-83.6974571250071
17.53,-83.6974571318362
17.5341858108989,-83.6974571449132
17.54,-83.6974571629783
17.5429202243928,-83.6974571720037
17.55,-83.6974571937601
17.558734413494,-83.6974572202852
17.56,-83.6974572240975
17.5674688269879,-83.6974572464121
17.57,-83.697457253941
17.5762032404819,-83.6974572723137
17.58,-83.6974572835337
17.5849376539758,-83.6974572980558
17.59,-83.69745731289
17.5936720674698,-83.6974573235932
17.6,-83.6974573419428
17.608734413494,-83.6974573669857
17.61,-83.6974573705832
17.6174688269879,-83.6974573916282
17.62,-83.6974573987271
17.6262032404819,-83.6974574160471
17.63,-83.6974574266239
17.6349376539758,-83.69745744031
17.64,-83.6974574542881
17.6436720674698,-83.6974574643705
17.65,-83.6974574816509
17.658734413494,-83.6974575052172
17.66,-83.6974575086005
17.6674688269879,-83.6974575283805
17.67,-83.6974575350511
17.6762032404819,-83.6974575513218
17.68,-83.6974575612575
17.6849376539758,-83.6974575741102
17.69,-83.6974575872348
17.6936720674698,-83.697457596698
17.7,-83.6974576129121
17.7017220154856,-83.6974576173015
17.7034440309713,-83.6974576216738
17.7056502222103,-83.6974576272522
17.7073945953689,-83.6974576316449
17.7095269215681,-83.6974576369921
17.71,-83.6974576381756
17.7116592477674,-83.6974576423154
17.7137915739666,-83.6974576476243
17.7159239001659,-83.6974576529145
17.7180562263651,-83.6974576581805
17.72,-83.6974576629598
17.7201885525644,-83.6974576634228
17.7223208787636,-83.6974576686409
17.7244532049629,-83.6974576738358
17.7272518567443,-83.6974576806171
17.73,-83.6974576872355
17.7300505085258,-83.6974576873574
17.7328491603072,-83.6974576940548
17.7365966731655,-83.6974577029583
17.74,-83.6974577109792
17.7403441860239,-83.6974577117877
17.7440916988823,-83.6974577205439
17.7478392117406,-83.6974577292277
17.75,-83.6974577342009
17.7566181237424,-83.6974577492746
17.76,-83.697457756888
17.7632362474848,-83.6974577641153
17.7698543712272,-83.6974577787811
17.77,-83.6974577791036
17.7764724949696,-83.6974577932463
17.78,-83.6974578009105
17.783090618712,-83.6974578076018
17.79,-83.6974578224605
17.7923963439643,-83.6974578275672
17.8,-83.6974578436182
17.8093057252523,-83.6974578628806
17.81,-83.6974578643013
17.8186114505046,-83.6974578816747
17.82,-83.6974578844598
17.8279171757569,-83.6974579002375
17.83,-83.6974579043867
17.8372229010091,-83.6974579186797
17.84,-83.6974579241653
17.8465286262614,-83.6974579369713
17.85,-83.6974579437601
17.8593057252523,-83.6974579617956
17.86,-83.6974579631232
17.8686114505046,-83.6974579793595
17.87,-83.6974579819599
17.8779171757569,-83.6974579966929
17.88,-83.6974580005667
17.8872229010091,-83.6974580139088
17.89,-83.6974580190293
17.8965286262614,-83.6974580309776
17.9,-83.6974580373108
17.9093057252523,-83.697458054126
17.91,-83.6974580553624
17.9186114505046,-83.6974580704666
17.92,-83.6974580728845
17.9279171757569,-83.6974580865777
17.93,-83.6974580901786
17.9372229010091,-83.6974581025744
17.94,-83.6974581073316
17.9465286262614,-83.6974581184263
17.95,-83.6974581243063
17.9593057252523,-83.6974581399073
17.96,-83.697458141053
17.9686114505046,-83.6974581550313
17.97,-83.6974581572677
17.9779171757569,-83.6974581699271
17.98,-83.6974581732565
17.9872229010091,-83.6974581847115
17.99,-83.6974581891076
17.9965286262614,-83.6974581993538
18,-83.6974582047833
18.0093057252523,-83.6974582191775
18.01,-83.6974582202332
18.0186114505046,-83.6974582330926
18.02,-83.6974582351488
18.0279171757569,-83.697458246781
18.03,-83.6974582498407
18.0372229010091,-83.697458260361
18.04,-83.6974582643984
18.0465286262614,-83.6974582738016
18.05,-83.6974582787835
18.0593057252523,-83.6974582919789
18.06,-83.697458292945
18.0686114505046,-83.6974583046934
18.07,-83.6974583065705
18.0779171757569,-83.6974583171828
18.08,-83.6974583199747
18.0872229010091,-83.6974583295672
18.09,-83.6974583332485
18.0965286262614,-83.6974583418152
18.1,-83.6974583463531
18.1093057252523,-83.6974583583598
18.11,-83.6974583592373
18.1186114505046,-83.6974583698852
18.12,-83.6974583715851
18.1279171757569,-83.6974583811885
18.13,-83.6974583837158
18.1372229010091,-83.6974583923921
18.14,-83.6974583957222
18.1465286262614,-83.6974584034648
18.15,-83.6974584075659
18.1593057252523,-83.6974584184059
18.16,-83.6974584191964
18.1686114505046,-83.6974584287695
18.17,-83.6974584302967
18.1779171757569,-83.6974584389209
18.18,-83.697458441191
18.1872229010091,-83.6974584489849
18.19,-83.6974584519772
18.1965286262614,-83.6974584589336
18.2,-83.6974584626194
18.2027917175757,-83.6974584655902
18.2055834351514,-83.6974584685195
18.21,-83.6974584730696
18.2102228301554,-83.6974584732962
18.2168320866059,-83.6974584799113
18.22,-83.6974584830024
18.2264848350207,-83.6974584891693
18.23,-83.6974584924707
18.2361375834355,-83.6974584981568
18.24,-83.6974585017182
18.2457903318503,-83.6974585069821
18.25,-83.6974585107871
18.2528958245244,-83.6974585134008
18.2557916490489,-83.6974585159735
18.2599770697963,-83.6974585196198
18.26,-83.6974585196393
18.2654567473573,-83.6974585242662
18.27,-83.6974585280736
18.2728884242542,-83.6974585304716
18.28,-83.6974585362933
18.2828884242542,-83.6974585386056
18.29,-83.6974585442033
18.2928884242543,-83.6974585464258
18.3,-83.6974585518053
18.303,-83.6974585540264
18.306,-83.6974585562079
18.31,-83.6974585590555
18.3101898576281,-83.6974585591887
18.3155433515563,-83.6974585628906
18.32,-83.6974585658801
18.3226855471829,-83.6974585676409
18.33,-83.6974585723379
18.3326855471829,-83.697458574019
18.34,-83.6974585785117
18.3426855471829,-83.697458580119
18.35,-83.6974585844133
18.3509,-83.6974585849319
18.3518,-83.6974585854476
18.3546010305019,-83.6974585870324
18.3582413869642,-83.6974585890463
18.36,-83.6974585900007
18.3634300439699,-83.6974585918286
18.37,-83.6974585952698
18.37114340195,-83.6974585958585
18.38,-83.6974586002958
18.38114340195,-83.6974586008496
18.39,-83.6974586050157
18.39114340195,-83.697458605535
18.4,-83.6974586094373
18.4009,-83.69745860982
18.4018,-83.6974586102004
18.4045030905895,-83.6974586113261
18.4081166021417,-83.6974586127921
18.41,-83.6974586135386
18.4134247931105,-83.6974586148659
18.42,-83.6974586173672
18.4213958041443,-83.6974586178875
18.43,-83.6974586210008
18.4313958041443,-83.6974586214862
18.44,-83.6974586243822
18.4413958041443,-83.6974586248329
18.45,-83.6974586275157
18.4509,-83.6974586277849
18.4518,-83.6974586280521
18.4548315502549,-83.6974586289337
18.4585034566884,-83.6974586299638
18.46,-83.6974586303717
18.4634104767029,-83.6974586312766
18.47,-83.6974586329901
18.4704658440709,-83.6974586331085
18.48,-83.6974586354167
18.4801864957834,-83.6974586354588
18.4899071474959,-83.6974586375472
18.49,-83.6974586375653
18.4996277992084,-83.6974586393651
18.5,-83.6974586394336
18.5008748586541,-83.6974586396204
18.5017497173083,-83.6974586398049
18.5047234838136,-83.6974586404158
18.5083632578725,-83.6974586411288
18.51,-83.6974586414368
18.5133458401354,-83.6974586420433
18.52,-83.6974586432163
18.5206181360925,-83.6974586433208
18.53,-83.6974586448187
18.5305735988086,-83.6974586449009
18.54,-83.6974586461707
18.5405290615246,-83.6974586462331
18.55,-83.6974586472713
18.5529866388148,-83.6974586475478
18.5559732776296,-83.6974586478011
18.55989078986,-83.6974586480966
18.56,-83.6974586481034
18.5647458066042,-83.6974586484048
18.57,-83.6974586487287
18.5711062913617,-83.6974586487944
18.5799372192273,-83.6974586492485
18.58,-83.6974586492491
18.5887681470928,-83.6974586495077
18.59,-83.6974586495413
18.5975990749584,-83.6974586497688
18.6,-83.6974586498634
18.6026492783597,-83.6974586500024
18.6052985567193,-83.6974586501224
18.6093731253551,-83.6974586502703
18.61,-83.6974586502883
18.6150107542003,-83.6974586504014
18.62,-83.6974586504994
18.6228754871018,-83.6974586505461
18.63,-83.6974586506327
18.6328754871018,-83.6974586506394
18.64,-83.6974586506162
18.6428754871018,-83.6974586505779
18.65,-83.6974586504411
18.653,-83.6974586503557
18.656,-83.6974586502458
18.6597208006228,-83.6974586500746
18.66,-83.6974586500594
18.6642062498791,-83.6974586498166
18.67,-83.6974586494639
18.6700323905062,-83.6974586494606
18.6779343830437,-83.6974586488777
18.68,-83.6974586486949
18.6879343830437,-83.6974586478877
18.69,-83.697458647671
18.6979343830437,-83.6974586468208
18.7,-83.6974586466109
18.7009,-83.6974586465339
18.7018,-83.6974586464549
18.7039696011886,-83.6974586462552
18.7061392023772,-83.6974586460418
18.7096537932866,-83.6974586456684
18.71,-83.697458645629
18.7131683841961,-83.6974586452606
18.7166829751056,-83.6974586448482
18.72,-83.6974586444434
18.7210399615084,-83.6974586443101
18.7267661180304,-83.6974586435447
18.73,-83.697458643079
18.7344662876236,-83.6974586423937
18.74,-83.6974586415232
18.7444662876236,-83.6974586407935
18.75,-83.6974586398854
18.7509,-83.6974586397378
18.7518,-83.6974586395892
18.7527,-83.6974586394388
18.7539549286699,-83.697458639226
18.7552098573397,-83.6974586390095
18.7564647860096,-83.6974586387894
18.7580524205797,-83.6974586385061
18.7592147293698,-83.697458638295
18.76,-83.6974586381508
18.7603770381599,-83.697458638081
18.7618379640501,-83.6974586378096
18.7632988899403,-83.6974586375342
18.7647598158305,-83.6974586372544
18.7662207417206,-83.6974586369702
18.7676816676108,-83.6974586366817
18.769142593501,-83.697458636389
18.77,-83.6974586362151
18.7714609258902,-83.6974586359158
18.7725837453446,-83.6974586356829
18.7740441158965,-83.6974586353765
18.7755044864483,-83.6974586350661
18.7769648570002,-83.6974586347518
18.7784252275521,-83.6974586344335
18.78,-83.6974586340862
18.7802443944296,-83.6974586340316
18.7820635613071,-83.6974586336256
18.7838827281847,-83.6974586332141
18.7857018950622,-83.6974586327971
18.7870993068766,-83.697458632473
18.788496718691,-83.6974586321459
18.7898941305055,-83.6974586318156
18.79,-83.6974586317902
18.7923408707313,-83.6974586312303
18.7947876109571,-83.6974586306494
18.7981442187758,-83.6974586298488
18.8,-83.6974586293989
18.8047455331031,-83.6974586282288
18.8061092018944,-83.6974586278862
18.8074728706858,-83.697458627542
18.8091296300057,-83.6974586271208
18.81,-83.697458626898
18.8104332777091,-83.6974586267867
18.8117369254126,-83.6974586264524
18.8130990855139,-83.6974586261016
18.8144612456152,-83.6974586257488
18.8158234057165,-83.6974586253938
18.8171855658178,-83.6974586250369
18.8182338311926,-83.6974586247608
18.8195477506337,-83.6974586244133
18.82,-83.6974586242931
18.8212836899052,-83.6974586239516
18.8225673798104,-83.6974586236082
18.8238510697156,-83.6974586232633
18.8251347596208,-83.6974586229169
18.826418449526,-83.697458622569
18.8277702162287,-83.6974586222012
18.8291219829314,-83.6974586218318
18.83,-83.6974586215909
18.8304737496341,-83.6974586214607
18.8314818725395,-83.6974586211843
18.8324899954449,-83.6974586209077
18.8334981183503,-83.6974586206302
18.8347231605716,-83.6974586202922
18.8359482027928,-83.697458619953
18.8371732450141,-83.6974586196128
18.8385206920759,-83.6974586192375
18.8398681391377,-83.697458618861
18.84,-83.6974586188238
18.8412155861994,-83.6974586184834
18.8437087986835,-83.697458617789
18.8455820307231,-83.6974586172674
18.848089869252,-83.6974586165667
18.85,-83.6974586160311
18.8509755112024,-83.6974586157568
18.8519510224048,-83.6974586154823
18.8529265336072,-83.6974586152075
18.8539020448096,-83.6974586149324
18.8548775560119,-83.6974586146569
18.8558530672143,-83.6974586143812
18.8570492107407,-83.6974586140428
18.8582453542672,-83.6974586137039
18.8594414977936,-83.6974586133647
18.86,-83.6974586132061
18.8610496117243,-83.6974586129082
18.8623294081354,-83.6974586125474
18.8638858130772,-83.6974586121101
18.8654422180191,-83.6974586116725
18.8662399768414,-83.697458611448
18.8670377356638,-83.6974586112235
18.8678354944861,-83.697458610999
18.8689088589511,-83.6974586106969
18.869982223416,-83.6974586103947
18.87,-83.6974586103895
18.871055587881,-83.6974586100924
18.872128952346,-83.6974586097925
18.8738512790336,-83.6974586093135
18.8755736057213,-83.6974586088346
18.877295932409,-83.6974586083559
18.8790182590966,-83.6974586078775
18.88,-83.6974586076049
18.8807405857843,-83.6974586073994
18.882462912472,-83.6974586069247
18.8841852391596,-83.6974586064519
18.8859075658473,-83.6974586059798
18.887629892535,-83.6974586055086
18.8897883381196,-83.6974586049194
18.89,-83.6974586048613
18.8919467837042,-83.6974586043316
18.8941052292888,-83.697458603754
18.8974403000941,-83.6974586028725
18.9,-83.6974586021993
18.9010005212416,-83.6974586019369
18.9020010424832,-83.6974586016753
18.9034809339246,-83.6974586012894
18.9049608253661,-83.6974586009046
18.9064407168076,-83.697458600521
18.907920608249,-83.6974586001384
18.9094004996905,-83.6974585997568
18.91,-83.6974585996024
18.9112399025115,-83.6974585992839
18.9126711565164,-83.6974585989202
18.9144979643461,-83.6974585984596
18.9163247721758,-83.697458598
18.9181515800055,-83.6974585975416
18.9199783878352,-83.6974585970842
18.92,-83.6974585970786
18.9218051956649,-83.6974585966278
18.9236320034946,-83.6974585961815
18.9254588113243,-83.6974585957359
18.9265749871303,-83.6974585954639
18.9276911629362,-83.6974585951923
18.9288073387422,-83.6974585949208
18.93,-83.697458594631
18.9302909284075,-83.6974585945601
18.9314193987353,-83.6974585942868
18.9326728699123,-83.6974585939836
18.9339263410892,-83.6974585936806
18.9351798122662,-83.6974585933776
18.9365157277967,-83.6974585930548
18.9378516433272,-83.6974585927322
18.9391875588577,-83.6974585924095
18.94,-83.6974585922132
18.9406505469838,-83.6974585920561
18.9421135351099,-83.6974585917045
18.943576523236,-83.6974585913536
18.9455319352112,-83.6974585908845
18.9474873471863,-83.6974585904149
18.95,-83.6974585898109
18.9519032873709,-83.6974585893526
18.9538065747418,-83.6974585888937
18.9557098621126,-83.697458588434
18.9576131494835,-83.6974585879734
18.9595164368544,-83.6974585875118
18.96,-83.6974585873941
18.96200231252,-83.6974585869073
18.9644881881856,-83.6974585863093
18.9669740638512,-83.6974585857135
18.9686981892296,-83.6974585852987
18.97,-83.6974585849847
18.9704223146081,-83.6974585848825
18.9717705415347,-83.6974585845574
18.9734395496312,-83.6974585841542
18.9751085577277,-83.6974585837495
18.9777787142345,-83.6974585830991
18.98,-83.6974585825547
18.9804488707412,-83.697458582444
18.9839598765695,-83.6974585815794
18.9888322997122,-83.697458580367
18.99,-83.6974585800732
18.9947113635589,-83.6974585788794
19,-83.6974585775518
19.0028868609947,-83.6974585768314
19.0057737219895,-83.6974585761029
19.0086605829842,-83.6974585753658
19.01,-83.6974585750205
19.0115474439789,-83.6974585746193
19.0144343049736,-83.6974585738712
19.0173211659684,-83.6974585731169
19.02,-83.6974585724078
19.0202080269631,-83.697458572352
19.0230948879578,-83.6974585715782
19.0278593457815,-83.6974585702773
19.03,-83.6974585696821
19.0341000802822,-83.6974585685244
19.04,-83.6974585668468
19.0428799602526,-83.6974585660181
19.05,-83.6974585639514
19.0587798799704,-83.6974585613082
19.06,-83.6974585609287
19.0675597599409,-83.6974585585217
19.07,-83.6974585577384
19.0763396399113,-83.6974585556927
19.08,-83.6974585545171
19.0851195198817,-83.6974585528546
19.09,-83.6974585512637
19.0938993998522,-83.6974585499719
19.1,-83.6974585479264
19.1087798799704,-83.697458544867
19.11,-83.6974585444258
19.1175597599409,-83.6974585416162
19.12,-83.6974585406957
19.1263396399113,-83.6974585382781
19.13,-83.6974585368778
19.1351195198817,-83.6974585348889
19.14,-83.6974585329742
19.1438993998522,-83.6974585314147
19.15,-83.6974585289352
19.1526339639911,-83.6974585278433
19.1552679279823,-83.6974585267316
19.1579018919734,-83.6974585255995
19.16,-83.6974585246828
19.1618554674844,-83.6974585238612
19.1673303477642,-83.6974585213944
19.17,-83.6974585201623
19.1739498290716,-83.6974585182997
19.18,-83.6974585153876
19.1820882010493,-83.6974585143627
19.19,-83.6974585103884
19.1920882010493,-83.6974585092793
19.2,-83.6974585050695
19.203,-83.6974585033533
19.206,-83.6974585016643
19.21,-83.6974584993939
19.2100193067791,-83.6974584993813
19.214947654353,-83.6974584965094
19.22,-83.6974584934756
19.2212134060338,-83.6974584927322
19.2297327939958,-83.6974584873962
19.23,-83.6974584872219
19.2382521819578,-83.6974584818063
19.24,-83.6974584806392
19.2467715699198,-83.6974584760776
19.25,-83.6974584738881
19.258519387962,-83.6974584680222
19.26,-83.697458466972
19.267038775924,-83.6974584618811
19.27,-83.697458459706
19.275558163886,-83.6974584555778
19.28,-83.6974584522486
19.284077551848,-83.6974584491506
19.29,-83.6974584445949
19.29259693981,-83.6974584425654
19.3,-83.6974584366911
19.3025558163886,-83.6974584346215
19.3051116327772,-83.6974584325299
19.31,-83.6974584284653
19.3102538271555,-83.6974584282502
19.317825391489,-83.6974584217892
19.32,-83.6974584198953
19.327825391489,-83.697458412963
19.33,-83.6974584110172
19.337825391489,-83.697458403968
19.34,-83.6974584020052
19.347825391489,-83.6974583949013
19.35,-83.697458392925
19.353,-83.6974583902227
19.356,-83.697458387495
19.36,-83.6974583838189
19.3607369514268,-83.6974583831354
19.366994955344,-83.697458377289
19.37,-83.6974583744413
19.3754610602222,-83.6974583692015
19.38,-83.6974583648119
19.3839271651004,-83.6974583609857
19.39,-83.6974583550307
19.3923932699786,-83.6974583526608
19.4,-83.697458345058
19.4025398314635,-83.6974583424842
19.4050796629269,-83.6974583398927
19.4083731602453,-83.6974583365041
19.41,-83.6974583348179
19.4126203855192,-83.6974583320877
19.4183448459687,-83.6974583260853
19.42,-83.6974583243359
19.4262370085642,-83.6974583176895
19.43,-83.6974583136589
19.4362370085642,-83.6974583069469
19.44,-83.6974583028952
19.4462370085642,-83.6974582961542
19.45,-83.6974582920882
19.4509,-83.6974582911196
19.4518,-83.6974582901503
19.4547653682742,-83.6974582869467
19.4577307365484,-83.697458283726
19.46,-83.6974582812504
19.4640518397103,-83.6974582768093
19.47,-83.6974582702733
19.4736630078305,-83.6974582662337
19.48,-83.6974582592427
19.4832741759507,-83.6974582556185
19.49,-83.6974582481725
19.4928853440709,-83.697458244968
19.5,-83.6974582370657
19.5028833504361,-83.6974582338545
19.5057667008721,-83.697458230636
19.51,-83.6974582258959
19.5131864605431,-83.6974582223157
19.52,-83.6974582146592
19.5231864605432,-83.6974582110711
19.53,-83.6974582034069
19.5331864605432,-83.6974581998127
19.54,-83.697458192139
19.5431864605432,-83.6974581885397
19.55,-83.6974581808549
19.5509,-83.6974581798339
19.5518,-83.6974581788174
19.5545456803312,-83.6974581757132
19.5588183566903,-83.697458170866
19.56,-83.697458169519
19.56499511544,-83.697458163823
19.57,-83.6974581581127
19.5734955541772,-83.6974581541198
19.58,-83.6974581466952
19.5819959929145,-83.6974581444069
19.59,-83.697458135228
19.5904964316517,-83.6974581346497
19.598996870389,-83.6974581248229
19.6,-83.6974581236495
19.6025501316212,-83.6974581206784
19.6051002632423,-83.6974581176966
19.6076503948635,-83.6974581147053
19.61,-83.6974581119405
19.6111289034585,-83.6974581106083
19.61646740428,-83.6974581042995
19.62,-83.6974581000999
19.623189300702,-83.697458096293
19.629911197124,-83.6974580882507
19.63,-83.6974580881382
19.6351647735624,-83.6974580819232
19.64,-83.6974580760938
19.6404183500008,-83.6974580755854
19.6457286687022,-83.6974580691638
19.65,-83.6974580639595
19.6553103187014,-83.697458057445
19.66,-83.6974580516467
19.6641000505824,-83.6974580465425
19.67,-83.6974580391702
19.6728897824634,-83.6974580355393
19.68,-83.6974580265756
19.6816795143443,-83.6974580244406
19.69,-83.697458013825
19.6904692462253,-83.697458013215
19.6992589781063,-83.6974580018396
19.7,-83.697458000865
19.7026369195643,-83.6974579974128
19.7052738391286,-83.6974579939424
19.7086094672037,-83.6974579895286
19.71,-83.6974579876786
19.7130187378646,-83.697457983651
19.7193632974431,-83.6974579751393
19.72,-83.6974579742757
19.7279892273011,-83.6974579634183
19.73,-83.6974579606663
19.7366151571591,-83.6974579515997
19.74,-83.6974579469489
19.7452410870171,-83.6974579397192
19.75,-83.6974579331299
19.7507763336872,-83.6974579320503
19.7515526673744,-83.6974579309725
19.7531275980572,-83.6974579287813
19.7550336864743,-83.6974579261193
19.7569397748913,-83.6974579234464
19.7588458633084,-83.6974579207631
19.76,-83.6974579191327
19.7611377441249,-83.6974579175223
19.7634296249414,-83.6974579142722
19.7679690394173,-83.6974579077954
19.77,-83.6974579048759
19.7734909703565,-83.697457899836
19.78,-83.6974578903841
19.780495369912,-83.6974578896561
19.7896121335791,-83.6974578762549
19.79,-83.6974578756722
19.7987288972461,-83.697457862635
19.8,-83.6974578607221
19.8027350291001,-83.6974578566462
19.8054700582002,-83.6974578525509
19.8074497000943,-83.6974578495749
19.81,-83.6974578457291
19.8107890872728,-83.6974578445345
19.8130638534419,-83.6974578410914
19.815338619611,-83.6974578376372
19.8186502946975,-83.6974578325896
19.8196186744623,-83.697457831107
19.82,-83.6974578305229
19.820930165122,-83.6974578290987
19.821860330244,-83.6974578276722
19.8227904953661,-83.697457826244
19.8237206604881,-83.6974578248141
19.8250874424847,-83.6974578227102
19.8264542244814,-83.6974578206024
19.827821006478,-83.697457818491
19.8295472756847,-83.6974578158195
19.83,-83.6974578151168
19.8312735448915,-83.6974578131418
19.8329998140982,-83.6974578104628
19.8347260833049,-83.6974578077801
19.8364523525116,-83.6974578050921
19.8381786217183,-83.697457802399
19.84,-83.6974577995522
19.8402638499486,-83.697457799138
19.8423490781789,-83.6974577958735
19.8444343064092,-83.697457792601
19.8476172913512,-83.6974577875935
19.85,-83.6974577838337
19.8509548954826,-83.6974577823236
19.8519097909652,-83.6974577808134
19.8528646864477,-83.6974577793019
19.8541227935896,-83.6974577773087
19.8553809007314,-83.6974577753131
19.8566390078732,-83.6974577733153
19.8579755770268,-83.6974577711906
19.8593121461804,-83.6974577690635
19.86,-83.6974577679674
19.860648715334,-83.6974577669336
19.8619852844876,-83.6974577648038
19.8633218536412,-83.697457762672
19.8649293672942,-83.6974577601053
19.8665368809471,-83.6974577575354
19.8675777538575,-83.697457755869
19.8686186267678,-83.6974577542018
19.8696594996782,-83.6974577525334
19.87,-83.6974577519866
19.8710408729104,-83.6974577503175
19.8720817458207,-83.6974577486465
19.872857721849,-83.6974577473998
19.8739666833646,-83.6974577456177
19.8754114181609,-83.6974577432941
19.876522430532,-83.6974577415052
19.8776334429031,-83.6974577397154
19.8787444552742,-83.6974577379245
19.8798554676453,-83.6974577361324
19.88,-83.6974577358983
19.8809664800163,-83.6974577343391
19.8820774923874,-83.6974577325465
19.8831885047585,-83.6974577307536
19.8842995171296,-83.6974577289596
19.8854105295007,-83.6974577271647
19.8865215418717,-83.6974577253687
19.8876325542428,-83.6974577235718
19.8891338345902,-83.6974577211426
19.89,-83.6974577197394
19.8903001013003,-83.6974577192528
19.8914663680105,-83.6974577173646
19.8931154822278,-83.6974577146928
19.8944103148167,-83.697457712593
19.8960052774633,-83.6974577100057
19.8976002401098,-83.6974577074166
19.8995498080054,-83.6974577042503
19.9,-83.6974577035173
19.9007030797061,-83.6974577023749
19.9014061594123,-83.6974577012319
19.9021092391184,-83.6974577000887
19.9028123188245,-83.6974576989453
19.9035266714238,-83.6974576977834
19.9042410240231,-83.6974576966211
19.9049553766223,-83.6974576954587
19.9056697292216,-83.697457694296
19.9064660545642,-83.6974576929997
19.9072623799069,-83.6974576917031
19.9080587052495,-83.6974576904062
19.9088550305921,-83.6974576891091
19.91,-83.6974576872441
19.9100315102814,-83.6974576871916
19.9109055054796,-83.6974576857683
19.9117795006777,-83.6974576843438
19.9126534958758,-83.6974576829192
19.9135491577713,-83.697457681459
19.9144448196668,-83.6974576799986
19.9153404815623,-83.6974576785379
19.9165745034545,-83.6974576765255
19.9178085253468,-83.6974576745124
19.9187811147292,-83.6974576729253
19.92,-83.6974576709367
19.9201608483086,-83.6974576706731
19.9215405818879,-83.697457668423
19.9229203154672,-83.6974576661715
19.9243000490465,-83.6974576639198
19.9256797826259,-83.697457661668
19.9273659762264,-83.6974576589162
19.9286679285449,-83.6974576567908
19.9299698808635,-83.6974576546657
19.93,-83.6974576546153
19.9315841368845,-83.6974576520313
19.9331983929056,-83.6974576494001
19.9355212940844,-83.6974576456174
19.9372169881045,-83.6974576428553
19.9389126821247,-83.6974576400943
19.94,-83.6974576383236
19.9406083761449,-83.6974576373328
19.9429782543541,-83.6974576334795
19.9453481325633,-83.6974576296268
19.9477180107725,-83.6974576257758
19.95,-83.6974576220694
19.9505591238465,-83.6974576211598
19.9511182476929,-83.6974576202521
19.9516773715394,-83.6974576193445
19.9523628001159,-83.6974576182322
19.9530777466909,-83.6974576170721
19.9537926932659,-83.6974576159122
19.9545076398409,-83.6974576147526
19.9552225864159,-83.6974576135931
19.9561599020611,-83.6974576120737
19.9570972177064,-83.6974576105545
19.9580345333516,-83.6974576090357
19.9589718489968,-83.6974576075173
19.9599028517454,-83.6974576060097
19.96,-83.6974576058516
19.960833854494,-83.6974576045024
19.9617648572426,-83.6974576029968
19.9626958599912,-83.697457601492
19.9636268627397,-83.6974575999878
19.9645578654883,-83.6974575984841
19.9654888682369,-83.697457596981
19.9665805933195,-83.6974575952193
19.9676723184021,-83.6974575934582
19.9687640434847,-83.6974575916979
19.9699864398012,-83.697457589728
19.97,-83.697457589705
19.9712088361177,-83.6974575877591
19.9724312324343,-83.697457585793
19.9739738275873,-83.697457583315
19.9750964151069,-83.6974575815122
19.976814399879,-83.6974575787565
19.9780965953315,-83.6974575767005
19.9793787907841,-83.6974575746463
19.98,-83.697457573651
19.9809486885706,-83.6974575721329
19.982518586357,-83.6974575696242
19.9845182544567,-83.6974575664329
19.9865179225564,-83.697457563245
19.988517590656,-83.697457560061
19.99,-83.6974575577026
19.9905172587557,-83.6974575568795
19.9925169268554,-83.6974575537063
19.9951382508559,-83.6974575495525
19.9977595748564,-83.6974575454056
20,-83.6974575418671
20.0011719685956,-83.6974575400176
20.0018762846912,-83.697457538907
20.0025806007867,-83.6974575377975
20.0032849168823,-83.6974575366886
20.0039803717397,-83.6974575355942
20.0046758265972,-83.6974575345004
20.0053712814546,-83.6974575334072
20.0060667363121,-83.6974575323146
20.0068330951921,-83.6974575311113
20.0075994540722,-83.6974575299087
20.0083658129522,-83.6974575287069
20.0091321718323,-83.6974575275058
20.01,-83.6974575261467
20.0101579568656,-83.6974575258987
20.011183741899,-83.6974575242946
20.0119551490266,-83.6974575230883
20.0127265561542,-83.6974575218831
20.0136402358204,-83.6974575204568
20.0145539154866,-83.6974575190315
20.0154675951527,-83.6974575176073
20.0163812748189,-83.6974575161842
20.0176169052956,-83.6974575142619
20.0185332196507,-83.6974575128372
20.0194495340057,-83.697457511414
20.02,-83.6974575105592
20.0205082496748,-83.6974575097707
20.0215669653438,-83.6974575081304
20.0226256810129,-83.6974575064916
20.0241236726077,-83.697457504176
20.0256216642025,-83.6974575018633
20.0271196557972,-83.6974574995541
20.028617647392,-83.6974574972483
20.03,-83.6974574951234
20.0301156389868,-83.6974574949446
20.0316136305816,-83.6974574926473
20.0331116221764,-83.6974574903523
20.0353796423289,-83.6974574868852
20.0370154432932,-83.6974574843887
20.0389890033077,-83.6974574813837
20.04,-83.6974574798457
20.0409625633222,-83.6974574783839
20.0429361233368,-83.6974574753945
20.0449096833513,-83.6974574724117
20.0468832433659,-83.6974574694358
20.0497611088832,-83.6974574651096
20.05,-83.6974574647485
20.0502590078966,-83.6974574643599
20.0505180157931,-83.6974574639715
20.0508814122537,-83.6974574634268
20.0512448087143,-83.6974574628822
20.0519073877618,-83.6974574618902
20.0523672464273,-83.6974574612018
20.0528271050929,-83.6974574605139
20.0532869637584,-83.6974574598265
20.0540052493066,-83.6974574587536
20.0548108614124,-83.6974574575513
20.0556164735182,-83.69745745635
20.056422085624,-83.6974574551498
20.0569910275961,-83.6974574543027
20.0578263712925,-83.6974574530605
20.0584849657623,-83.6974574520816
20.0591435602321,-83.6974574511035
20.0598021547019,-83.6974574501263
20.06,-83.6974574498324
20.0604607491717,-83.6974574491495
20.0612860901315,-83.6974574479273
20.0621114310914,-83.697457446706
20.0629367720512,-83.6974574454859
20.063762113011,-83.6974574442668
20.0644257676551,-83.6974574432871
20.0650894222992,-83.6974574423083
20.0657530769434,-83.6974574413302
20.0664167315875,-83.6974574403528
20.0670803862317,-83.697457439376
20.0678792911644,-83.6974574382012
20.068544198909,-83.6974574372239
20.0692091066536,-83.6974574362474
20.0698740143982,-83.6974574352716
20.07,-83.6974574350862
20.0707230943311,-83.6974574340264
20.0720286798318,-83.6974574321151
20.0733342653324,-83.6974574302061
20.074639850833,-83.6974574282994
20.076324340066,-83.6974574258433
20.0780088292989,-83.6974574233907
20.08,-83.6974574204968
20.0800844612263,-83.6974574203723
20.0821600931538,-83.6974574173632
20.0842357250812,-83.6974574143576
20.0863113570087,-83.6974574113574
20.0890919349734,-83.6974574073471
20.09,-83.6974574060373
20.0918725129381,-83.6974574033442
20.0946530909028,-83.6974573993554
20.0985802791168,-83.6974573937384
20.1,-83.6974573917089
20.1098123248783,-83.6974573777586
20.11,-83.6974573774831
20.1196246497567,-83.6974573638806
20.12,-83.6974573633434
20.1230132025943,-83.6974573591195
20.1264017554319,-83.6974573543909
20.1297903082695,-83.6974573496722
20.13,-83.6974573493773
20.1323907795805,-83.697457346054
20.1349912508915,-83.6974573424441
20.1375917222025,-83.6974573388392
20.14,-83.6974573355028
20.1401921935134,-83.6974573352344
20.1436173257435,-83.6974573304967
20.1470424579736,-83.6974573257594
20.15,-83.6974573216704
20.1541903562336,-83.6974573158814
20.1583807124671,-83.6974573100929
20.16,-83.6974573078537
20.1615786452096,-83.6974573056731
20.1639596091327,-83.6974573023874
20.1663405730559,-83.6974572991019
20.1694734150842,-83.6974572947785
20.17,-83.6974572940491
20.1726062571125,-83.6974572904522
20.1757390991408,-83.6974572861302
20.18,-83.6974572802517
20.1802045107195,-83.6974572799655
20.1846699222982,-83.6974572738011
20.1891353338769,-83.6974572676243
20.19,-83.6974572664237
20.1952300041853,-83.6974572591775
20.2,-83.6974572525624
20.2085119494994,-83.6974572407445
20.21,-83.6974572386652
20.2170238989988,-83.6974572288599
20.22,-83.6974572246984
20.2214715129019,-83.6974572226417
20.2259191268051,-83.6974572164248
20.23,-83.6974572107007
20.231843218281,-83.6974572081073
20.2364786154214,-83.6974572015783
20.24,-83.6974571966
20.2411140125618,-83.6974571950201
20.2447372610619,-83.6974571898799
20.2483605095619,-83.6974571847208
20.25,-83.6974571823785
20.2516379062784,-83.6974571800359
20.2532758125569,-83.6974571776891
20.2553249789666,-83.6974571747475
20.2569304896577,-83.6974571724376
20.2585360003488,-83.6974571701238
20.26,-83.6974571680102
20.2601415110399,-83.6974571678048
20.2627403142654,-83.6974571640456
20.2647709652403,-83.6974571610987
20.2668016162151,-83.6974571581452
20.2692682668967,-83.6974571545481
20.27,-83.6974571534777
20.2717349175783,-83.6974571509395
20.2749188339581,-83.6974571462712
20.2793724350922,-83.6974571397126
20.28,-83.6974571387827
20.2838260362263,-83.6974571331152
20.2882796373605,-83.6974571264934
20.29,-83.6974571239257
20.2927332384946,-83.6974571198377
20.2971868396288,-83.6974571131533
20.3,-83.6974571089112
20.3022507575391,-83.6974571055056
20.3045015150783,-83.6974571020894
20.3067522726174,-83.6974570986621
20.31,-83.6974570936976
20.3117714434666,-83.6974570909783
20.3182168908775,-83.6974570810402
20.32,-83.6974570782713
20.3246623382884,-83.6974570710056
20.3286877850502,-83.6974570647043
20.33,-83.6974570626428
20.3327132318121,-83.6974570583714
20.3357690109911,-83.6974570535452
20.3388247901701,-83.6974570486989
20.34,-83.6974570468275
20.3418805693491,-83.6974570438279
20.344936348528,-83.6974570389394
20.347992127707,-83.6974570340283
20.35,-83.6974570307871
20.3537773119964,-83.6974570246628
20.3575546239929,-83.6974570184984
20.36,-83.6974570144858
20.3613319359893,-83.6974570122929
20.3651092479857,-83.6974570060555
20.3688865599822,-83.6974569997785
20.37,-83.6974569979186
20.3726638719786,-83.6974569934597
20.3764411839751,-83.6974569871106
20.38,-83.6974569810946
20.3828086940542,-83.6974569763196
20.3891762041332,-83.6974569654275
20.39,-83.6974569640067
20.3970765662604,-83.6974569517506
20.4,-83.6974569466504
20.4009,-83.6974569450804
20.4018,-83.6974569435091
20.4027,-83.6974569419353
20.4036,-83.6974569403589
20.4044668677602,-83.6974569388382
20.4053337355205,-83.6974569373153
20.4062006032807,-83.69745693579
20.4074400978073,-83.6974569336054
20.4086795923339,-83.6974569314159
20.4099190868605,-83.697456929222
20.41,-83.6974569290778
20.4111585813871,-83.6974569270234
20.4123980759137,-83.697456924822
20.4136375704403,-83.6974569226169
20.4149399236942,-83.6974569202953
20.4162422769481,-83.6974569179689
20.417544630202,-83.6974569156377
20.4187163802684,-83.6974569135362
20.4198881303348,-83.6974569114311
20.42,-83.6974569112292
20.4210598804013,-83.6974569093221
20.4223798954998,-83.6974569069436
20.4236999105983,-83.6974569045611
20.4250199256968,-83.697456902174
20.4263399407954,-83.6974568997824
20.4276599558939,-83.6974568973863
20.4289676271275,-83.6974568950082
20.43,-83.6974568931275
20.4302752983611,-83.6974568926251
20.4315829695947,-83.6974568902395
20.4332095750976,-83.6974568872657
20.434405577794,-83.6974568850747
20.4360322244152,-83.6974568820898
20.4376588710364,-83.6974568790983
20.4392855176577,-83.6974568761007
20.44,-83.6974568747815
20.4409121642789,-83.6974568730964
20.4425388109002,-83.6974568700886
20.444716942129,-83.6974568660526
20.4468950733579,-83.6974568620058
20.4490732045868,-83.6974568579487
20.45,-83.6974568562185
20.4506594616988,-83.6974568549867
20.4513189233977,-83.6974568537541
20.4519783850965,-83.6974568525207
20.4529428769653,-83.6974568507153
20.4539070509466,-83.6974568489084
20.4548712249279,-83.6974568470996
20.4558353989091,-83.697456845289
20.4566755402569,-83.6974568437097
20.4575156816046,-83.6974568421291
20.4583558229523,-83.6974568405471
20.4593864926454,-83.6974568386046
20.46,-83.697456837447
20.4611203409899,-83.697456835332
20.4622406819799,-83.6974568332144
20.4633610229698,-83.6974568310944
20.4644813639597,-83.6974568289722
20.4656017049497,-83.6974568268476
20.4672767624283,-83.6974568236672
20.468951819907,-83.6974568204815
20.47,-83.6974568184851
20.4706268773856,-83.6974568172902
20.4723019348643,-83.6974568140966
20.4739769923429,-83.6974568108982
20.4756520498216,-83.6974568076951
20.4773271073002,-83.6974568044876
20.4795776234202,-83.6974568001716
20.48,-83.6974567993594
20.4818281395402,-83.6974567958471
20.4840786556603,-83.6974567915197
20.4876936810641,-83.6974567845575
20.49,-83.6974567801048
20.4913087064679,-83.6974567775749
20.4949237318717,-83.6974567705827
20.4985387572755,-83.6974567635755
20.5,-83.6974567607374
20.5066499841688,-83.6974567478011
20.51,-83.6974567412634
20.5166499841688,-83.6974567282625
20.5199654150151,-83.6974567217842
20.52,-83.6974567217147
20.5232808458614,-83.6974567153112
20.5265962767078,-83.6974567088409
20.5290647863939,-83.6974567040226
20.53,-83.6974567021956
20.5315332960799,-83.6974566992011
20.534001805766,-83.6974566943812
20.5364703154521,-83.69745668956
20.5389388251382,-83.6974566847365
20.54,-83.6974566826615
20.5414073348243,-83.6974566799105
20.5438758445103,-83.6974566750872
20.5463443541964,-83.6974566702636
20.5495280200615,-83.6974566640418
20.55,-83.6974566631176
20.5521828544485,-83.6974566588518
20.554365708897,-83.6974566545849
20.5560701676026,-83.6974566512529
20.5577746263082,-83.6974566479214
20.5594790850137,-83.6974566445908
20.56,-83.6974566435726
20.5611835437193,-83.6974566412603
20.5628880024249,-83.6974566379323
20.5653154124515,-83.6974566331949
20.5687831148036,-83.69745662643
20.57,-83.6974566240562
20.5722508171557,-83.6974566196684
20.5757185195078,-83.6974566129183
20.58,-83.697456604596
20.5808510377566,-83.6974566029419
20.5859835560055,-83.6974565929858
20.59,-83.6974565852071
20.5911160742543,-83.6974565830469
20.5962485925032,-83.6974565731347
20.6,-83.6974565659043
20.6015910235791,-83.6974565628412
20.6031820471582,-83.6974565597811
20.6049020230904,-83.6974565564759
20.6066219990225,-83.6974565531735
20.6085624619277,-83.6974565494515
20.61,-83.6974565466966
20.6105029248329,-83.697456545733
20.6128844755069,-83.6974565411768
20.614729310933,-83.6974565376514
20.6165741463592,-83.6974565341302
20.6184189817854,-83.697456530613
20.62,-83.697456527602
20.620659820248,-83.6974565263461
20.6233975008928,-83.6974565211437
20.6261351815376,-83.697456515951
20.63,-83.6974565086378
20.630849694337,-83.6974565070318
20.64,-83.697456489819
20.6402127348196,-83.6974564894177
20.6495757753023,-83.6974564719437
20.65,-83.6974564711526
20.6528089121448,-83.69745646594
20.6556178242896,-83.6974564607401
20.6584267364344,-83.6974564555538
20.66,-83.6974564526546
20.6622837291958,-83.6974564484548
20.6688649381812,-83.6974564364128
20.67,-83.697456434343
20.6754461471667,-83.6974564244546
20.68,-83.6974564162391
20.6807435798128,-83.6974564149015
20.686041012459,-83.6974564054157
20.69,-83.6974563983638
20.6929798207225,-83.6974563930779
20.699918628986,-83.6974563808529
20.7,-83.6974563807083
20.7027243755362,-83.6974563759399
20.7044928537722,-83.6974563728527
20.7062613320082,-83.6974563697729
20.7084648194486,-83.6974563659458
20.71,-83.6974563632857
20.7106683068889,-83.6974563621293
20.7155959291603,-83.6974563536391
20.72,-83.6974563460994
20.7205235514318,-83.6974563452051
20.7254511737033,-83.697456336834
20.73,-83.6974563291595
20.732069651058,-83.6974563256845
20.74,-83.6974563124806
20.7406970834803,-83.6974563113259
20.7493245159027,-83.6974562971725
20.75,-83.6974562960705
20.750776468918,-83.6974562948081
20.751552937836,-83.6974562935472
20.7534232929814,-83.6974562905174
20.7552936481269,-83.6974562874972
20.7571640032723,-83.6974562844868
20.7590343584177,-83.6974562814864
20.76,-83.6974562799409
20.7616791061576,-83.6974562772605
20.7643238538976,-83.6974562730549
20.7669686016375,-83.6974562688688
20.7696133493774,-83.6974562647018
20.77,-83.6974562640935
20.7722580971174,-83.6974562605534
20.7749028448573,-83.6974562564243
20.7762583889173,-83.6974562543147
20.7776139329772,-83.6974562522102
20.7785807521731,-83.6974562507119
20.7795475713689,-83.6974562492161
20.78,-83.6974562485168
20.7804056341359,-83.6974562478904
20.7812636969028,-83.6974562465668
20.7821217596697,-83.697456245245
20.7829798224367,-83.6974562439249
20.7838378852036,-83.6974562426067
20.7846959479706,-83.6974562412902
20.7855540107375,-83.6974562399755
20.7864120735044,-83.6974562386626
20.7872701362714,-83.6974562373515
20.7881281990383,-83.6974562360421
20.7889862618053,-83.6974562347344
20.7898443245722,-83.6974562334285
20.79,-83.6974562331915
20.7907023873391,-83.6974562321242
20.7915604501061,-83.6974562308217
20.792418512873,-83.6974562295209
20.7934963248835,-83.6974562278894
20.794574136894,-83.6974562262605
20.7956519489045,-83.6974562246342
20.7967297609149,-83.6974562230104
20.7978075729254,-83.6974562213892
20.7988853849359,-83.6974562197706
20.8,-83.6974562180993
20.8011126600737,-83.6974562164336
20.8025484387612,-83.6974562142882
20.8039842174488,-83.697456212147
20.8054199961364,-83.69745621001
20.8072037867814,-83.6974562073611
20.8089875774264,-83.6974562047185
20.81,-83.6974562032213
20.8107713680715,-83.697456202082
20.8125551587165,-83.6974561994523
20.8143389493615,-83.6974561968284
20.8161227400066,-83.6974561942106
20.8179065306516,-83.6974561915987
20.8196903212966,-83.6974561889927
20.82,-83.6974561885404
20.8214741119417,-83.6974561863923
20.8236776859339,-83.6974561831881
20.8258812599261,-83.6974561799921
20.8293175511384,-83.6974561750249
20.83,-83.6974561740399
20.8327538423508,-83.6974561700764
20.8361901335631,-83.6974561651469
20.8396264247754,-83.697456160235
20.84,-83.6974561597011
20.8439063023934,-83.697456154141
20.8481861800115,-83.697456148072
20.85,-83.6974561455064
20.8501088687735,-83.6974561453521
20.8502177375471,-83.6974561451983
20.8503266063206,-83.6974561450445
20.8505359265938,-83.6974561447489
20.850745246867,-83.6974561444533
20.8509545671402,-83.6974561441578
20.8514452716622,-83.6974561434652
20.8521612465468,-83.6974561424553
20.8528772214314,-83.6974561414458
20.853593196316,-83.6974561404369
20.8546515720633,-83.6974561389467
20.856148582553,-83.6974561368409
20.8576455930426,-83.6974561347372
20.8591426035323,-83.6974561326356
20.86,-83.6974561314326
20.860639614022,-83.6974561305357
20.8612455732252,-83.6974561296864
20.8618515324285,-83.6974561288375
20.8624574916318,-83.6974561279888
20.8629053535168,-83.6974561273618
20.8633532154019,-83.697456126735
20.864043875386,-83.6974561257688
20.8658859046439,-83.6974561231943
20.8673555790283,-83.6974561211423
20.8694521911469,-83.6974561182191
20.87,-83.6974561174556
20.8715488032655,-83.6974561153001
20.8736454153841,-83.697456112386
20.8757420275027,-83.6974561094762
20.8790731961851,-83.6974561048625
20.88,-83.69745610358
20.8824043648675,-83.6974561002589
20.8897010131209,-83.6974560902128
20.89,-83.6974560898001
20.8997010131209,-83.6974560765142
20.9,-83.6974560761032
20.91,-83.697456062485
20.91,-83.6974560624833
20.92,-83.697456048921
20.92,-83.6974560489212
20.93,-83.6974560354044
20.93,-83.6974560354046
20.94,-83.6974560219254
20.94,-83.6974560219256
20.95,-83.6974560084784
20.96,-83.6974559950593
20.97,-83.6974559816647
20.97,-83.6974559816649
20.98,-83.697455968292
20.98,-83.6974559682922
20.99,-83.6974559549391
20.99,-83.6974559549393
21,-83.6974559416045
21.01,-83.697455928287
21.02,-83.6974559149856
21.02,-83.6974559149859
21.03,-83.6974559016993
21.03,-83.6974559016995
21.04,-83.697455888427
21.04,-83.6974558884272
21.05,-83.6974558751679
21.06,-83.6974558619215
21.06,-83.6974558619217
21.07,-83.6974558486875
21.07,-83.6974558486877
21.08,-83.6974558354656
21.08,-83.6974558354658
21.09,-83.6974558222556
21.09,-83.6974558222558
21.1,-83.6974558090576
21.11,-83.6974557958722
21.11,-83.6974557958724
21.12,-83.6974557826998
21.12,-83.6974557827
21.123,-83.6974557787508
21.126,-83.6974557748029
21.1289722367355,-83.6974557708927
21.13,-83.6974557695409
21.1319444734709,-83.6974557669837
21.14,-83.6974557563971
21.1403695904635,-83.6974557559118
21.148794707456,-83.697455744851
21.15,-83.6974557432697
21.1584251169926,-83.6974557322208
21.16,-83.6974557301568
21.1668502339851,-83.6974557211826
21.17,-83.6974557170606
21.1752753509777,-83.6974557101627
21.18,-83.6974557039924
21.1837004679703,-83.6974556991635
21.19,-83.6974556909515
21.1921255849628,-83.6974556881827
21.2,-83.6974556779339
21.2084251169926,-83.697455666981
21.21,-83.6974556649351
21.2168502339851,-83.6974556560401
21.22,-83.6974556519548
21.2252753509777,-83.6974556451189
21.23,-83.6974556390045
21.2337004679703,-83.6974556342198
21.236228003068,-83.6974556309547
21.2387555381658,-83.6974556276913
21.24,-83.6974556260849
21.2452463662226,-83.6974556193158
21.25,-83.697455613189
21.26,-83.6974556003194
21.2668986294959,-83.6974555914522
21.27,-83.6974555874688
21.2737972589919,-83.6974555825948
21.28,-83.6974555746417
21.2806958884878,-83.6974555737519
21.2875945179837,-83.6974555649176
21.29,-83.6974555618415
21.2944931474796,-83.6974555560954
21.3,-83.6974555490615
21.3086335228522,-83.6974555380488
21.31,-83.6974555363095
21.3172670457045,-83.6974555270524
21.32,-83.6974555235775
21.3259005685567,-83.6974555160791
21.33,-83.6974555108785
21.3345340914089,-83.6974555051316
21.34,-83.6974554982128
21.3431676142611,-83.6974554942078
21.35,-83.6974554855767
21.3586335228522,-83.6974554746873
21.36,-83.6974554729676
21.3672670457045,-83.697455463815
21.37,-83.6974554603794
21.3759005685567,-83.6974554529664
21.38,-83.6974554478252
21.3845340914089,-83.6974554421443
21.39,-83.6974554353051
21.3931676142611,-83.6974554313464
21.4,-83.6974554228156
21.4086335228522,-83.6974554120536
21.41,-83.6974554103541
21.4172670457045,-83.6974554013095
21.42,-83.6974553979147
21.4259005685567,-83.6974553905897
21.43,-83.6974553855098
21.4345340914089,-83.6974553798966
21.44,-83.6974553731394
21.4431676142611,-83.6974553692283
21.45,-83.6974553608003
21.4586335228522,-83.697455350169
21.46,-83.6974553484902
21.4672670457044,-83.6974553395564
21.47,-83.6974553362033
21.4759005685567,-83.6974553289685
21.48,-83.6974553239514
21.4845340914089,-83.6974553184078
21.49,-83.6974553117345
21.4931676142611,-83.6974553078722
21.5,-83.6974552995496
21.5086335228522,-83.6974552890521
21.51,-83.6974552873945
21.5172670457045,-83.6974552785742
21.52,-83.6974552752638
21.5259005685567,-83.6974552681215
21.53,-83.6974552631686
21.5345340914089,-83.6974552576963
21.54,-83.6974552511089
21.5431676142611,-83.6974552472965
21.55,-83.6974552390818
21.5558394677693,-83.6974552320716
21.56,-83.6974552270807
21.5616789355386,-83.697455225068
21.57,-83.6974552150953
21.5794690008448,-83.6974552037639
21.58,-83.6974552031315
21.580535922866,-83.6974552024907
21.581071845732,-83.6974552018499
21.5819588402518,-83.6974552007894
21.5834373370976,-83.697455199022
21.5882815393419,-83.6974551932334
21.59,-83.6974551911821
21.5931257415862,-83.6974551874502
21.5992776581865,-83.6974551801118
21.6,-83.6974551792524
21.6086522361904,-83.6974551689444
21.61,-83.6974551673425
21.6173044723808,-83.6974551586537
21.62,-83.697455155453
21.6259567085712,-83.6974551483831
21.63,-83.6974551435917
21.6346089447616,-83.6974551381342
21.64,-83.6974551317579
21.643261180952,-83.6974551279046
21.65,-83.6974551199478
21.6586522361904,-83.6974551097449
21.66,-83.697455108161
21.6673044723808,-83.6974550995562
21.67,-83.6974550963874
21.6786522361904,-83.6974550862163
21.68,-83.6974550846371
21.6873044723808,-83.6974550760573
21.69,-83.6974550728971
21.6959567085712,-83.6974550659104
21.7,-83.6974550611741
21.7086522361904,-83.6974550510406
21.71,-83.6974550494667
21.7173044723808,-83.6974550409128
21.72,-83.6974550377609
21.7259567085712,-83.6974550307896
21.73,-83.6974550260627
21.7346089447616,-83.6974550206715
21.74,-83.6974550143642
21.7486522361904,-83.6974550042335
21.75,-83.6974550026584
21.7525956708571,-83.6974549996155
21.754849995717,-83.6974549969721
21.7558175676795,-83.6974549958378
21.756785139642,-83.6974549947025
21.7574670481674,-83.6974549939024
21.7581489566928,-83.697454993102
21.76,-83.6974549909278
21.760737063753,-83.6974549900625
21.761474127506,-83.6974549891964
21.7620301995057,-83.6974549885429
21.7623994549613,-83.6974549881089
21.7627687104169,-83.6974549876748
21.7631379658725,-83.6974549872405
21.763507221328,-83.6974549868063
21.7638764767836,-83.6974549863719
21.7653531510061,-83.6974549846338
21.7668298252285,-83.6974549828952
21.7692226112592,-83.6974549800755
21.77,-83.6974549791598
21.7701894717241,-83.6974549789367
21.771156332189,-83.6974549777959
21.772123192654,-83.6974549766551
21.7730900531189,-83.6974549755139
21.7736966701328,-83.6974549747977
21.7743032871468,-83.6974549740812
21.7747832172521,-83.6974549735143
21.7751962172628,-83.6974549730263
21.7756092172734,-83.6974549725381
21.776022217284,-83.6974549720499
21.7775974174928,-83.6974549701862
21.7791726177016,-83.6974549683217
21.78,-83.6974549673423
21.7802886022399,-83.6974549670007
21.7812785779592,-83.6974549658271
21.7822685536786,-83.6974549646534
21.7830376300845,-83.6974549637413
21.7838067064904,-83.6974549628287
21.7844014963087,-83.6974549621227
21.7849962861271,-83.6974549614164
21.7857518195368,-83.6974549605189
21.7868352742095,-83.697454959231
21.7879187288821,-83.6974549579426
21.788819342703,-83.6974549568712
21.7897199565239,-83.6974549557991
21.79,-83.6974549554659
21.7906205703448,-83.6974549547266
21.7911004469655,-83.6974549541549
21.7915803235862,-83.6974549535829
21.7920602002069,-83.6974549530108
21.7925400768276,-83.6974549524386
21.7933749519853,-83.6974549514424
21.7942098271431,-83.6974549504459
21.7953684698179,-83.6974549490621
21.7961668431648,-83.6974549481083
21.7969652165117,-83.6974549471538
21.7977635898585,-83.6974549461989
21.7981916633488,-83.6974549456869
21.7986197368392,-83.6974549451746
21.7990478103295,-83.6974549446622
21.7996218985849,-83.6974549439746
21.8,-83.6974549435218
21.8009487746409,-83.6974549423845
21.8020985721353,-83.6974549410057
21.8032483696298,-83.697454939626
21.8043981671243,-83.6974549382454
21.8055479646188,-83.6974549368637
21.8063852223437,-83.6974549358572
21.8072224800685,-83.69745493485
21.8080597377934,-83.6974549338423
21.8094663232203,-83.6974549321479
21.81,-83.6974549315052
21.8108729086471,-83.6974549304526
21.8119354921055,-83.6974549291706
21.8132278752417,-83.6974549276103
21.8141955846501,-83.6974549264414
21.8151632940585,-83.6974549252716
21.8166309844794,-83.697454923496
21.8180986749004,-83.6974549217192
21.8195663653214,-83.6974549199409
21.82,-83.6974549194157
21.8212553531071,-83.6974549178928
21.8229443408928,-83.6974549158423
21.8246333286785,-83.6974549137902
21.8263223164642,-83.6974549117364
21.8280113042499,-83.697454909681
21.83,-83.6974549072585
21.8321120087326,-83.6974549046837
21.8342240174651,-83.6974549021066
21.8363360261977,-83.6974548995273
21.8384480349302,-83.697454896946
21.84,-83.6974548950482
21.8411833761092,-83.6974548936005
21.8439187172882,-83.6974548902504
21.8478057249846,-83.6974548854856
21.85,-83.6974548827949
21.8548683882859,-83.6974548768173
21.8597367765717,-83.6974548708363
21.86,-83.6974548705152
21.8646051648576,-83.6974548648519
21.87,-83.697454858215
21.8716507155082,-83.6974548561856
21.8772278030354,-83.6974548493193
21.88,-83.6974548459089
21.8828048905626,-83.6974548424576
21.89,-83.6974548336051
21.8921708581511,-83.6974548309389
21.9,-83.6974548213181
21.9093659675885,-83.6974548098345
21.91,-83.6974548090627
21.918731935177,-83.6974547983857
21.92,-83.6974547968417
21.9242233486494,-83.6974547916887
21.9297147621217,-83.6974547849988
21.93,-83.6974547846544
21.935206175594,-83.6974547783241
21.94,-83.6974547725089
21.9429034035703,-83.6974547689931
21.95,-83.6974547604121
21.9576972279763,-83.6974547511337
21.96,-83.6974547483656
21.9637161521722,-83.6974547438977
21.9679647573228,-83.6974547387957
21.97,-83.6974547363548
21.9722133624733,-83.6974547337004
21.9743221672961,-83.6974547311725
21.9755196092535,-83.6974547297381
21.976717051211,-83.6974547283034
21.9779144931685,-83.6974547268691
21.9790143306279,-83.6974547255519
21.98,-83.6974547243717
21.9810998374594,-83.6974547230548
21.9828761863464,-83.697454720928
21.9883816878915,-83.6974547143377
21.99,-83.6974547124035
21.9938871894366,-83.6974547077517
21.9993926909817,-83.6974547011634
22,-83.6974547004391
22.0055055015451,-83.6974546938461
22.01,-83.6974546884629
22.0110110030902,-83.697454687253
22.0180372547958,-83.6974546788225
22.02,-83.6974546764684
22.0250635065015,-83.6974546703805
22.03,-83.6974546644373
22.0320897582071,-83.6974546619196
22.0391160099128,-83.6974546534314
22.04,-83.6974546523651
22.0491160099128,-83.6974546413059
22.05,-83.6974546402353
22.06,-83.6974546280378
22.06,-83.6974546280451
22.07,-83.6974546157779
22.07,-83.6974546157852
22.08,-83.6974546034458
22.08,-83.6974546034532
22.09,-83.6974545910415
22.09,-83.6974545910489
22.1,-83.6974545785669
22.11,-83.6974545660254
22.11,-83.6974545660327
22.12,-83.6974545534206
22.12,-83.6974545534279
22.13,-83.6974545407557
22.13,-83.697454540763
22.14,-83.6974545280332
22.14,-83.6974545280405
22.15,-83.6974545152545
22.16,-83.6974545024189
22.16,-83.6974545024261
22.17,-83.6974544895234
22.17,-83.6974544895306
22.18,-83.6974544765619
22.18,-83.6974544765691
22.19,-83.6974544635257
22.19,-83.697454463533
22.2,-83.6974544504041
22.21,-83.6974544371847
22.22,-83.6974544238546
22.22,-83.6974544238617
22.23,-83.6974544104002
22.23,-83.6974544104074
22.24,-83.6974543968085
22.24,-83.6974543968156
22.25,-83.6974543830666
22.26,-83.6974543691629
22.27,-83.6974543550862
22.27,-83.6974543550934
22.28,-83.697454340827
22.28,-83.6974543408341
22.29,-83.697454326377
22.29,-83.6974543263841
22.3,-83.69745431173
22.303,-83.6974543073019
22.3046534211132,-83.6974543048518
22.3063068422265,-83.6974543023952
22.3079602633397,-83.6974542999329
22.3091728819963,-83.6974542981237
22.31,-83.697454296888
22.3102748798684,-83.6974542964773
22.3113768777405,-83.6974542948272
22.3124788756126,-83.6974542931751
22.3135808734847,-83.6974542915205
22.3144138021428,-83.6974542902684
22.3154823532583,-83.6974542886595
22.3165509043738,-83.6974542870484
22.3176194554893,-83.6974542854349
22.3186880066047,-83.697454283819
22.32,-83.6974542818315
22.3202731247667,-83.6974542814181
22.3223467088286,-83.6974542782673
22.3244202928904,-83.6974542751088
22.3257071326586,-83.6974542731446
22.3269939724267,-83.6974542711764
22.3282808121948,-83.6974542692046
22.3292402751287,-83.6974542677324
22.33,-83.6974542665651
22.3305559190726,-83.6974542657103
22.3322192268689,-83.6974542631475
22.3338825346652,-83.6974542605795
22.3355458424615,-83.6974542580053
22.3372091502578,-83.6974542554251
22.3388724580541,-83.6974542528387
22.34,-83.6974542510823
22.3405357658504,-83.6974542502469
22.3421990736467,-83.6974542476475
22.343862381443,-83.6974542450428
22.3455256892392,-83.6974542424318
22.3468320913214,-83.6974542403769
22.3481384934035,-83.6974542383178
22.3494448954856,-83.6974542362548
22.35,-83.6974542353775
22.350252540407,-83.6974542349781
22.3505050808141,-83.6974542345784
22.3507576212211,-83.6974542341785
22.3510842110252,-83.6974542336611
22.3514108008293,-83.6974542331435
22.352824573523,-83.6974542308994
22.3538625449047,-83.6974542292497
22.3545132767033,-83.6974542282144
22.355164008502,-83.6974542271778
22.3556433493071,-83.6974542264138
22.3561226901122,-83.6974542256491
22.3568006152131,-83.6974542245667
22.357478540314,-83.6974542234833
22.3584877868062,-83.6974542218683
22.3594970332983,-83.6974542202511
22.36,-83.6974542194447
22.3605062797905,-83.6974542186319
22.3615155262827,-83.6974542170097
22.3622878659759,-83.6974542157672
22.3630602056692,-83.6974542145231
22.3638325453625,-83.6974542132777
22.3649127204633,-83.6974542115332
22.3660094592681,-83.6974542097595
22.3671061980729,-83.697454207983
22.3682029368777,-83.6974542062036
22.3692996756825,-83.6974542044213
22.37,-83.6974542032821
22.3703964144873,-83.6974542026367
22.3714931532922,-83.6974542008484
22.372589892097,-83.6974541990577
22.3736866309018,-83.6974541972641
22.3747833697066,-83.6974541954676
22.3758801085114,-83.6974541936682
22.3769768473162,-83.6974541918659
22.3789831372236,-83.6974541885604
22.38,-83.6974541868822
22.3826749490229,-83.6974541824518
22.3837824925627,-83.6974541806147
22.3848900361024,-83.697454178774
22.3875333658241,-83.6974541743665
22.39,-83.6974541702376
22.3901766955458,-83.6974541699428
22.3936558770354,-83.6974541640866
22.3989726513733,-83.6974541550747
22.4,-83.6974541533275
22.40896354033,-83.6974541379222
22.41,-83.6974541361321
22.4158330216869,-83.6974541259631
22.42,-83.697454118649
22.4227025030437,-83.6974541138814
22.4279925390389,-83.6974541044902
22.43,-83.6974541009078
22.433282575034,-83.6974540950174
22.44,-83.6974540828636
22.443282575034,-83.6974540768773
22.45,-83.6974540645203
22.46,-83.6974540458576
22.47,-83.6974540268555
22.47,-83.6974540268632
22.48,-83.6974540075088
22.48,-83.6974540075179
22.49,-83.6974539878156
22.49,-83.6974539878247
22.5,-83.6974539677731
22.51,-83.6974539473803
22.52,-83.6974539266371
22.52,-83.6974539266462
22.53,-83.6974539055445
22.53,-83.6974539055536
22.54,-83.6974538841041
22.54,-83.6974538841131
22.55,-83.6974538623182
22.56,-83.6974538401898
22.56,-83.6974538401988
22.57,-83.6974538177221
22.57,-83.6974538177311
22.58,-83.6974537949187
22.58,-83.6974537949277
22.59,-83.697453771783
22.59,-83.697453771792
22.6,-83.6974537483182
22.61,-83.6974537245268
22.61,-83.6974537245357
22.62,-83.6974537004106
22.62,-83.6974537004195
22.63,-83.6974536759707
22.63,-83.6974536759796
22.64,-83.6974536512074
22.64,-83.6974536512163
22.65,-83.6974536261204
22.66,-83.6974536007088
22.66,-83.6974536007177
22.67,-83.6974535749714
22.67,-83.6974535749802
22.68,-83.6974535489066
22.68,-83.6974535489154
22.69,-83.6974535225126
22.69,-83.6974535225214
22.7,-83.6974534957873
22.71,-83.6974534687287
22.72,-83.6974534413344
22.72,-83.6974534413432
22.73,-83.6974534136024
22.73,-83.6974534136111
22.74,-83.6974533855307
22.74,-83.6974533855393
22.75,-83.6974533571174
22.76,-83.6974533283612
22.77,-83.6974532992603
22.77,-83.6974532992689
22.78,-83.6974532698129
22.78,-83.6974532698215
22.79,-83.6974532400172
22.79,-83.6974532400258
22.8,-83.6974532098708
22.8041751962601,-83.6974531971846
22.8083503925202,-83.6974531844316
22.81,-83.6974531793779
22.8125255887803,-83.6974531716176
22.8177651340853,-83.6974531554599
22.82,-83.697453148545
22.8247218389368,-83.6974531338679
22.83,-83.6974531173918
22.8330702422949,-83.697453107773
22.84,-83.697453085961
22.8414186456529,-83.6974530814824
22.8497670490109,-83.6974530549633
22.85,-83.697453054227
22.858348403358,-83.6974530274556
22.86,-83.6974530221365
22.866696806716,-83.6974530004419
22.87,-83.6974529897063
22.875045210074,-83.697452973253
22.88,-83.6974529570487
22.883393613432,-83.6974529459141
22.89,-83.6974529241546
22.89174201679,-83.6974529183994
22.9,-83.6974528909805
22.908348403358,-83.6974528630396
22.91,-83.6974528574867
22.916696806716,-83.6974528348666
22.92,-83.6974528236773
22.925045210074,-83.6974528065414
22.93,-83.6974527896752
22.933393613432,-83.6974527780915
22.94,-83.6974527554726
22.94174201679,-83.6974527494921
22.95,-83.697452721028
22.958348403358,-83.6974526920554
22.96,-83.6974526863014
22.966696806716,-83.697452662877
22.97,-83.6974526512978
22.975045210074,-83.6974526335756
22.98,-83.6974526161444
22.983393613432,-83.69745260418
22.99,-83.6974525808348
22.99174201679,-83.6974525746661
23,-83.6974525453291
23.008348403358,-83.6974525155069
23.01,-83.6974525095886
23.016696806716,-83.6974524855127
23.02,-83.6974524736201
23.025045210074,-83.6974524554297
23.03,-83.697452437551
23.033393613432,-83.697452425287
23.04,-83.6974524013747
23.04174201679,-83.6974523950598
23.05,-83.6974523650501
23.0514390415699,-83.6974523598107
23.0528780831397,-83.6974523545661
23.0543171247096,-83.6974523493194
23.0560607339991,-83.6974523429596
23.0578043432886,-83.6974523365975
23.0595479525781,-83.6974523302328
23.06,-83.6974523285827
23.0612915618676,-83.6974523238659
23.0620102282042,-83.6974523212423
23.0627288945409,-83.6974523186189
23.0633668475819,-83.6974523162898
23.0640048006229,-83.6974523139603
23.0646427536639,-83.6974523116305
23.066515815515,-83.6974523047881
23.0678692435487,-83.6974522998428
23.0697296572,-83.6974522930426
23.07,-83.6974522920547
23.0720205350715,-83.6974522846658
23.0748879180011,-83.697452274184
23.0777553009306,-83.6974522637019
23.08,-83.6974522554931
23.0806226838601,-83.697452253216
23.0845402493208,-83.6974522388839
23.0884578147814,-83.6974522245472
23.09,-83.6974522189023
23.0923753802421,-83.6974522102043
23.0962929457028,-83.6974521958664
23.1,-83.6974521823005
23.1083958722526,-83.6974521515597
23.11,-83.6974521456867
23.1167917445052,-83.6974521208058
23.12,-83.69745210907
23.1251876167579,-83.6974520901133
23.13,-83.6974520725642
23.1335834890105,-83.6974520595089
23.14,-83.6974520361653
23.1419793612631,-83.6974520289711
23.15,-83.697451999839
23.1583958722526,-83.6974519693693
23.16,-83.6974519635516
23.1667917445052,-83.6974519389189
23.17,-83.6974519273092
23.1719212470378,-83.6974519203664
23.1770507495704,-83.6974519018542
23.18,-83.6974518912204
23.1852106175607,-83.6974518724425
23.19,-83.6974518552193
23.1916049672927,-83.6974518494564
23.1993904176046,-83.6974518215367
23.2,-83.697451819355
23.2023356350936,-83.6974518109898
23.2046712701871,-83.6974518026288
23.2091607465527,-83.6974517865678
23.21,-83.6974517835681
23.2136502229183,-83.6974517705223
23.215680774957,-83.6974517632778
23.2177113269957,-83.69745175604
23.22,-83.6974517478859
23.2211987393397,-83.697451743617
23.2246861516837,-83.6974517312065
23.2281735640277,-83.6974517188085
23.23,-83.6974517123196
23.2381735640277,-83.6974516833103
23.24,-83.6974516768454
23.2481735640277,-83.6974516479743
23.25,-83.6974516415468
23.26,-83.6974516064723
23.27,-83.697451571492
23.27,-83.6974515714946
23.28,-83.6974515366081
23.28,-83.6974515366106
23.29,-83.6974515018251
23.29,-83.6974515018276
23.3,-83.6974514671465
23.31,-83.6974514325659
23.31,-83.6974514325572
23.32,-83.6974513980935
23.32,-83.6974513980848
23.33,-83.6974513637353
23.33,-83.6974513637265
23.34,-83.6974513294956
23.34,-83.6974513294867
23.35,-83.6974512953794
23.36,-83.6974512613928
23.36,-83.697451261384
23.37,-83.6974512275432
23.37,-83.6974512275343
23.38,-83.6974511938378
23.38,-83.6974511938289
23.39,-83.6974511602836
23.39,-83.6974511602747
23.4,-83.6974511268862
23.41,-83.6974510936497
23.41,-83.6974510936407
23.42,-83.6974510605773
23.42,-83.6974510605683
23.43,-83.6974510276724
23.43,-83.6974510276634
23.44,-83.6974509949388
23.44,-83.6974509949298
23.45,-83.6974509623806
23.46,-83.6974509300019
23.47,-83.6974508978079
23.47,-83.6974508977988
23.4710246220216,-83.6974508945117
23.4720492440433,-83.6974508912257
23.473398458438,-83.6974508869021
23.4744187471188,-83.6974508836343
23.4763241994864,-83.6974508775383
23.478229651854,-83.6974508714484
23.4792781067988,-83.6974508680997
23.48,-83.6974508657955
23.4803265617436,-83.6974508647532
23.4830194305737,-83.6974508561718
23.4857122994039,-83.697450847602
23.488405168234,-83.6974508390458
23.49,-83.6974508339839
23.4926529780594,-83.6974508255767
23.4969007878848,-83.6974508121477
23.5,-83.6974508023714
23.5038515612836,-83.6974507902495
23.5077031225673,-83.6974507781556
23.51,-83.6974507709557
23.5177031225673,-83.6974507468943
23.52,-83.6974507397398
23.5277031225673,-83.6974507158553
23.53,-83.6974507087563
23.5377031225673,-83.6974506850582
23.54,-83.6974506780145
23.5477031225673,-83.6974506545017
23.55,-83.697450647513
23.56,-83.6974506172625
23.56,-83.6974506172534
23.5679967505603,-83.6974505932106
23.57,-83.6974505872006
23.5779967505603,-83.6974505633178
23.58,-83.6974505573505
23.5879967505603,-83.6974505336466
23.59,-83.6974505277257
23.5979967505603,-83.6974505042061
23.6,-83.697450498331
23.61,-83.6974504691748
23.61,-83.6974504691656
23.62,-83.6974504402118
23.62,-83.6974504402026
23.63,-83.6974504114487
23.64,-83.6974503828855
23.65,-83.6974503545221
23.66,-83.6974503263587
23.66,-83.6974503263495
23.67,-83.697450298396
23.68,-83.6974502706334
23.69,-83.6974502430707
23.6909,-83.6974502405915
23.6918,-83.6974502381223
23.6931404945658,-83.6974502344479
23.695953213012,-83.69745022675
23.6970849150609,-83.6974502236549
23.6982166171098,-83.6974502205638
23.6997831391419,-83.6974502162897
23.7,-83.6974502156966
23.7035294167814,-83.6974502060884
23.7041234736896,-83.6974502044693
23.7047175305978,-83.6974502028546
23.7064173720612,-83.6974501982394
23.7081172135246,-83.6974501936285
23.709817054988,-83.6974501890234
23.71,-83.6974501885262
23.7118671977274,-83.697450183477
23.7127739362149,-83.6974501810253
23.7136806747024,-83.6974501785764
23.7154861106674,-83.6974501737064
23.7172915466324,-83.6974501688416
23.7190969825974,-83.6974501639832
23.72,-83.6974501615545
23.7209024185624,-83.69745015913
23.7219148142138,-83.6974501564121
23.7229272098651,-83.6974501536961
23.7239396055165,-83.697450150982
23.7249520011679,-83.6974501482699
23.7264854862185,-83.6974501441661
23.7277041788823,-83.6974501409069
23.7286613211975,-83.6974501383491
23.73,-83.6974501347756
23.7317889607483,-83.6974501300052
23.7324699274987,-83.6974501281893
23.7331508942491,-83.6974501263756
23.7342035992718,-83.6974501235741
23.7352563042945,-83.6974501207742
23.7363090093172,-83.6974501179763
23.7372374678564,-83.6974501155102
23.7381659263956,-83.6974501130459
23.74,-83.6974501081836
23.7400816963885,-83.697450107965
23.7419974663814,-83.6974501028942
23.743230273854,-83.6974500996324
23.7444630813266,-83.6974500963743
23.7456958887992,-83.697450093119
23.7469286962719,-83.6974500898664
23.7488251697713,-83.6974500848692
23.75,-83.6974500817754
23.7515895286168,-83.6974500775953
23.7531790572335,-83.6974500734194
23.7550735654264,-83.6974500684485
23.7569680736192,-83.6974500634838
23.7587866395887,-83.6974500587241
23.76,-83.6974500555511
23.7606052055582,-83.6974500539691
23.7624237715277,-83.6974500492229
23.7642423374972,-83.6974500444812
23.7670354509112,-83.6974500372111
23.7691821560356,-83.6974500316314
23.77,-83.6974500295065
23.7719725114212,-83.6974500243918
23.774123603359,-83.6974500188202
23.7777571530203,-83.6974500094287
23.78,-83.6974500036406
23.7813907026816,-83.697450000056
23.7842475831016,-83.6974499927066
23.7871044635217,-83.6974499853695
23.79,-83.6974499779477
23.7915978856333,-83.6974499738566
23.7960913077448,-83.6974499623832
23.8,-83.6974499524271
23.8044934221116,-83.6974499410159
23.81,-83.69744992708
23.8101622499785,-83.6974499266636
23.8175900177347,-83.6974499079577
23.82,-83.6974499018998
23.8231582705445,-83.6974498939846
23.8255976263581,-83.6974498878799
23.8268527958294,-83.6974498847412
23.8281079653007,-83.6974498816066
23.8293631347719,-83.6974498784746
23.83,-83.6974498768857
23.8305244789767,-83.6974498755782
23.8316858231815,-83.6974498726856
23.8328471673863,-83.6974498697944
23.8335729575005,-83.6974498679881
23.8342987476146,-83.6974498661832
23.8350245377288,-83.6974498643792
23.8357503278429,-83.6974498625761
23.836476117957,-83.6974498607738
23.8372340745968,-83.6974498588926
23.8379920312365,-83.6974498570124
23.8387499878763,-83.6974498551331
23.839507944516,-83.6974498532547
23.84,-83.6974498520355
23.8407985744472,-83.6974498500585
23.8418144579444,-83.6974498475448
23.8428303414416,-83.6974498450324
23.8438462249388,-83.6974498425217
23.844862108436,-83.6974498400128
23.8456133815404,-83.6974498381581
23.8463646546449,-83.6974498363047
23.847690629221,-83.6974498330365
23.8490166037972,-83.6974498297705
23.85,-83.6974498273498
23.8513393164738,-83.6974498240566
23.8522768771361,-83.6974498217523
23.8532144377984,-83.69744981945
23.8545535410474,-83.6974498161647
23.8558926442964,-83.697449812882
23.8572317475454,-83.6974498096024
23.8584126614163,-83.6974498067126
23.8595935752871,-83.6974498038254
23.86,-83.6974498028313
23.8607744891579,-83.6974498009401
23.8622904281792,-83.6974497972411
23.8638063672005,-83.697449793545
23.8653223062217,-83.6974497898528
23.866838245243,-83.6974497861647
23.8683541842643,-83.6974497824805
23.87,-83.6974497784853
23.8703328864051,-83.6974497776761
23.8718869639629,-83.6974497739101
23.8741743423419,-83.6974497683732
23.8758733970499,-83.6974497642649
23.8780831635418,-83.6974497589308
23.88,-83.6974497543098
23.8802929300337,-83.6974497536023
23.8825026965256,-83.6974497482868
23.8847124630176,-83.6974497429774
23.8869222295095,-83.6974497376765
23.89,-83.6974497303088
23.8909796029337,-83.6974497279644
23.895036976358,-83.6974497182856
23.8990943497822,-83.6974497086317
23.9,-83.6974497064769
23.9040573734242,-83.697449696863
23.9071605287309,-83.6974496895265
23.91,-83.69744968283
23.9102636840376,-83.6974496822057
23.9148979092073,-83.6974496713165
23.92,-83.6974496593688
23.9231746967795,-83.6974496519563
23.93,-83.6974496360883
23.9314514843516,-83.6974496327168
23.9397282719238,-83.6974496136094
23.94,-83.6974496129742
23.9497282719238,-83.6974495906867
23.95,-83.6974495900545
23.96,-83.6974495672934
23.97,-83.6974495447154
23.97,-83.6974495447031
23.98,-83.6974495223352
23.98,-83.6974495223229
23.99,-83.6974495001567
23.99,-83.6974495001444
24,-83.6974494781846
24.01,-83.6974494564247
24.02,-83.6974494348836
24.02,-83.6974494348714
24.03,-83.6974494135684
24.03,-83.6974494135562
24.033,-83.6974494072104
24.0341568732916,-83.6974494047653
24.0353137465831,-83.6974494023255
24.0364706198747,-83.6974493998891
24.0381569208676,-83.697449396344
24.0392775339434,-83.6974493939908
24.0399380238996,-83.6974493926052
24.04,-83.6974493924746
24.0405985138558,-83.6974493912211
24.041259003812,-83.6974493898381
24.0420586567063,-83.697449388165
24.0430414067319,-83.6974493861111
24.0440241567575,-83.6974493840594
24.0452346135395,-83.6974493815359
24.0464450703216,-83.6974493790158
24.0476555271036,-83.6974493764995
24.0488659838857,-83.6974493739869
24.05,-83.6974493716364
24.050182470953,-83.6974493712574
24.0503649419059,-83.6974493708796
24.0506761568673,-83.6974493702356
24.0509873718287,-83.6974493695917
24.05129858679,-83.697449368948
24.0519916349649,-83.697449367516
24.0522928162331,-83.6974493668934
24.0525939975013,-83.6974493662715
24.0528951787694,-83.6974493656499
24.0531963600376,-83.6974493650285
24.0539645689027,-83.697449363445
24.0547327777679,-83.6974493618625
24.0560085805221,-83.697449359238
24.0572843832762,-83.6974493566169
24.0585601860304,-83.6974493539995
24.0598359887846,-83.6974493513858
24.06,-83.6974493510487
24.0611117915388,-83.6974493487755
24.0627535296939,-83.6974493454219
24.0640412281377,-83.6974493427942
24.0653289265816,-83.6974493401706
24.0669221744537,-83.6974493369295
24.0685154223257,-83.6974493336934
24.07,-83.6974493306825
24.0709269136937,-83.6974493288044
24.0726200212309,-83.6974493253795
24.0746614622768,-83.6974493212564
24.0767029033226,-83.697449317141
24.0787443443685,-83.6974493130337
24.08,-83.6974493105103
24.0807857854144,-83.6974493089327
24.0828272264603,-83.6974493048418
24.0848686675062,-83.6974493007566
24.086910108552,-83.697449296679
24.0897303758268,-83.6974492910589
24.09,-83.6974492905192
24.0925506431016,-83.6974492854515
24.0953709103763,-83.6974492798545
24.0992074570282,-83.6974492722597
24.1,-83.6974492706898
24.1038365466518,-83.6974492631258
24.1076730933037,-83.6974492555803
24.11,-83.6974492510126
24.1115096399555,-83.6974492480534
24.1153461866073,-83.6974492405494
24.12,-83.6974492314682
24.1219374181439,-83.6974492276919
24.13,-83.6974492120385
24.1313779046743,-83.6974492093639
24.14,-83.6974491927047
24.1408183912046,-83.6974491911204
24.15,-83.6974491734593
24.1594404865304,-83.6974491553669
24.16,-83.6974491542898
24.1688809730607,-83.6974491373408
24.17,-83.6974491351994
24.178321459591,-83.6974491193277
24.18,-83.6974491161169
24.1877619461214,-83.6974491012971
24.19,-83.697449097014
24.1972024326517,-83.6974490832445
24.2,-83.6974490778851
24.2094404865303,-83.697449059799
24.21,-83.6974490587204
24.2188809730607,-83.6974490417227
24.22,-83.6974490395722
24.228321459591,-83.697449023612
24.23,-83.6974490203792
24.2377619461214,-83.6974490054392
24.24,-83.697449001116
24.2472024326517,-83.6974489872016
24.25,-83.6974489817797
24.2594404865303,-83.6974489634574
24.26,-83.6974489623634
24.2688809730607,-83.6974489451049
24.27,-83.6974489429192
24.278321459591,-83.6974489266857
24.28,-83.6974489233952
24.2877619461214,-83.6974489081788
24.29,-83.6974489037732
24.2972024326517,-83.6974488895858
24.3,-83.6974488840551
24.3094404865303,-83.6974488653564
24.31,-83.6974488642396
24.3188809730607,-83.6974488466114
24.32,-83.6974488443785
24.328321459591,-83.6974488277906
24.33,-83.6974488244281
24.3377619461214,-83.6974488088769
24.34,-83.6974488043743
24.3472024326517,-83.6974487898735
24.35,-83.6974487842208
24.3594404865303,-83.6974487651082
24.36,-83.6974487639665
24.3688809730607,-83.6974487459405
24.37,-83.6974487436571
24.378321459591,-83.6974487266918
24.38,-83.6974487232531
24.3877619461214,-83.6974487073463
24.39,-83.6974487027408
24.3972024326517,-83.6974486879052
24.4,-83.6974486821214
24.4094404865304,-83.6974486625625
24.41,-83.6974486613939
24.4188809730607,-83.6974486429369
24.42,-83.6974486405987
24.428321459591,-83.697448623223
24.43,-83.697448619701
24.4377619461214,-83.6974486034068
24.44,-83.6974485986889
24.4472024326517,-83.6974485834891
24.45,-83.6974485775632
24.4594404865303,-83.6974485575194
24.46,-83.6974485563216
24.4688809730607,-83.6974485373956
24.47,-83.6974485349977
24.478321459591,-83.6974485171756
24.48,-83.6974485135632
24.4877619461214,-83.697448496849
24.49,-83.6974484920097
24.4972024326517,-83.6974484764185
24.5,-83.6974484703405
24.5094404865303,-83.6974484497837
24.51,-83.6974484485553
24.5188809730607,-83.697448429145
24.52,-83.6974484266861
24.528321459591,-83.6974484084127
24.53,-83.6974484047098
24.5377619461214,-83.6974483875794
24.54,-83.697448382621
24.5472024326517,-83.6974483666484
24.55,-83.697448360426
24.5594404865303,-83.6974483393782
24.56,-83.6974483381249
24.5688809730607,-83.6974483182533
24.57,-83.6974483157405
24.578321459591,-83.6974482970391
24.58,-83.6974482932542
24.5877619461214,-83.6974482757289
24.59,-83.6974482706605
24.5972024326517,-83.6974482543243
24.6,-83.6974482479613
24.6094404865303,-83.6974482264375
24.61,-83.6974482251559
24.6188809730607,-83.697448204832
24.62,-83.697448202262
24.628321459591,-83.6974481831351
24.63,-83.6974481792643
24.6377619461214,-83.697448161341
24.64,-83.6974481561577
24.6472024326517,-83.6974481394505
24.65,-83.6974481329431
24.6594404865304,-83.6974481109306
24.66,-83.6974481096197
24.6688809730607,-83.6974480888303
24.67,-83.6974480862015
24.678321459591,-83.6974480666364
24.68,-83.6974480626773
24.6877619461214,-83.6974480443454
24.69,-83.6974480390444
24.6972024326517,-83.6974480219587
24.7,-83.6974480153047
24.7094404865303,-83.6974479927985
24.71,-83.6974479914583
24.7188809730607,-83.6974479702041
24.72,-83.6974479675169
24.728321459591,-83.6974479475194
24.73,-83.6974479434736
24.7377619461214,-83.6974479247427
24.74,-83.6974479193275
24.7472024326517,-83.6974479018758
24.75,-83.6974478950806
24.7594404865303,-83.697447872099
24.76,-83.6974478707304
24.7661088440306,-83.6974478558083
24.77,-83.6974478462808
24.7754741684339,-83.6974478328526
24.78,-83.6974478217259
24.7848394928371,-83.6974478098052
24.79,-83.6974477970667
24.7942048172404,-83.6974477866663
24.8,-83.6974477723031
24.8093653244033,-83.697447749017
24.81,-83.697447747432
24.8187306488065,-83.6974477256358
24.82,-83.6974477224567
24.8280959732098,-83.6974477021613
24.83,-83.6974476973751
24.837461297613,-83.6974476785936
24.84,-83.6974476721871
24.8468266220163,-83.6974476549323
24.85,-83.6974476468923
24.8593653244033,-83.6974476231078
24.86,-83.6974476214886
24.8687306488065,-83.6974475992213
24.87,-83.6974475959734
24.8780959732098,-83.6974475752394
24.88,-83.6974475703499
24.887461297613,-83.6974475511641
24.89,-83.6974475446201
24.8968266220163,-83.6974475269956
24.9,-83.6974475187838
24.9093653244033,-83.697447494493
24.91,-83.6974474928393
24.9187306488065,-83.6974474700978
24.92,-83.697447466781
24.9280959732098,-83.6974474456086
24.93,-83.6974474406165
24.937461297613,-83.6974474210295
24.94,-83.6974474143496
24.9468266220163,-83.6974473963607
24.95,-83.6974473879806
24.9559740866068,-83.6974473721814
24.96,-83.6974473615096
24.9619481732136,-83.6974473563382
24.9679222598205,-83.6974473404514
24.97,-83.6974473349162
24.9738963464273,-83.697447324521
24.9798704330341,-83.6974473085485
24.98,-83.6974473082019
24.9878906582988,-83.6974472870368
24.99,-83.6974472813673
24.9978906582988,-83.697447260112
25,-83.6974472544193
25.01,-83.6974472273638
25.02,-83.6974472001782
25.02,-83.6974472001786
25.03,-83.6974471728606
25.03,-83.697447172861
25.0349124601877,-83.6974471593925
25.0398249203754,-83.6974471458919
25.04,-83.6974471454104
25.044737380563,-83.6974471323588
25.0496498407507,-83.6974471187978
25.05,-83.6974471178303
25.0544342023552,-83.6974471055607
25.0588684047104,-83.6974470932622
25.06,-83.697447090119
25.0633026070656,-83.697447080934
25.0654001936306,-83.6974470750934
25.0674977801955,-83.6974470692469
25.0689681593833,-83.6974470651447
25.07,-83.697447062264
25.0729084396256,-83.6974470541355
25.0758168792513,-83.6974470459944
25.08,-83.6974470342631
25.080213308386,-83.6974470336643
25.086451890605,-83.6974470161183
25.09,-83.6974470061135
25.096451890605,-83.6974469878721
25.1,-83.6974469778176
25.11,-83.6974469493914
25.11,-83.6974469493917
25.12,-83.6974469208124
25.12,-83.6974469208127
25.13,-83.6974468920802
25.13,-83.6974468920805
25.14,-83.6974468631948
25.14,-83.6974468631951
25.15,-83.6974468341556
25.16,-83.6974468049618
25.16,-83.6974468049621
25.17,-83.697446775612
25.17,-83.6974467756123
25.18,-83.6974467461057
25.18,-83.697446746106
25.19,-83.6974467164424
25.19,-83.6974467164427
25.2,-83.6974466866212
25.2034183069883,-83.6974466763908
25.2068366139767,-83.69744666614
25.21,-83.6974466566353
25.2151588711575,-83.6974466410971
25.22,-83.6974466264816
25.221071003608,-83.6974466232439
25.2228446433431,-83.6974466178785
25.2246182830783,-83.697446612508
25.2261029373754,-83.6974466080084
25.2275875916726,-83.6974466035049
25.23,-83.697446596179
25.2319312525146,-83.6974465903071
25.2362749133566,-83.6974465770798
25.24,-83.6974465657117
25.2406185741985,-83.6974465638217
25.2481006703741,-83.6974465409086
25.25,-83.6974465350769
25.2574820961756,-83.6974465120414
25.26,-83.6974465042673
25.2674820961756,-83.6974464810989
25.27,-83.6974464732874
25.2704820961756,-83.6974464717913
25.2734820961756,-83.6974464624734
25.2777384218618,-83.6974464492258
25.28,-83.6974464421735
25.281994747548,-83.6974464359454
25.2885989853977,-83.6974464152791
25.29,-83.6974464108855
25.2952032232474,-83.6974463945358
25.3,-83.697446379429
25.3066042378497,-83.6974463585708
25.31,-83.697446347814
25.3132084756995,-83.6974463376303
25.32,-83.6974463160184
25.3232084756995,-83.6974463057808
25.33,-83.6974462840569
25.3332084756995,-83.6974462737665
25.34,-83.6974462519307
25.3432084756995,-83.6974462415875
25.35,-83.6974462196409
25.36,-83.6974461871785
25.36,-83.6974461871832
25.37,-83.6974461545238
25.37,-83.6974461545286
25.38,-83.6974461216744
25.38,-83.6974461216791
25.39,-83.697446088629
25.39,-83.6974460886337
25.4,-83.6974460553867
25.4034133220205,-83.6974460439974
25.4068266440409,-83.6974460325802
25.41,-83.6974460219432
25.4150360611071,-83.6974460050168
25.42,-83.6974459882911
25.4250360611071,-83.6974459712765
25.43,-83.6974459544675
25.4350360611071,-83.6974459373687
25.44,-83.6974459204771
25.4450360611071,-83.6974459032944
25.45,-83.6974458863201
25.46,-83.6974458519842
25.47,-83.697445817427
25.47,-83.6974458174316
25.48,-83.6974457826442
25.48,-83.6974457826488
25.49,-83.6974457476346
25.49,-83.6974457476392
25.5,-83.6974457123971
25.5024941974084,-83.6974457035756
25.5049883948168,-83.6974456947345
25.5087292485435,-83.6974456814431
25.51,-83.6974456769211
25.5166471148523,-83.6974456531905
25.52,-83.6974456411904
25.5266471148523,-83.6974456173277
25.53,-83.6974456052669
25.5366471148523,-83.6974455812838
25.54,-83.6974455691624
25.5466471148523,-83.6974455450593
25.55,-83.6974455328775
25.56,-83.6974454964109
25.57,-83.6974454596854
25.57,-83.6974454596899
25.58,-83.697445422697
25.58,-83.6974454227015
25.59,-83.6974453854451
25.59,-83.6974453854496
25.6,-83.697445347929
25.61,-83.6974453101482
25.61,-83.6974453101526
25.62,-83.6974452721019
25.62,-83.6974452721064
25.63,-83.69744523379
25.63,-83.6974452337945
25.64,-83.6974451952123
25.64,-83.6974451952167
25.65,-83.6974451563684
25.6555232435981,-83.697445134801
25.66,-83.6974451172579
25.6610464871961,-83.6974451131505
25.6692216322507,-83.6974450809556
25.67,-83.6974450778848
25.6792216322507,-83.6974450413374
25.68,-83.6974450382497
25.6892216322507,-83.6974450015457
25.69,-83.6974449984486
25.6992216322508,-83.6974449616344
25.7,-83.6974449585282
25.71,-83.6974449185292
25.7174839459917,-83.6974448884199
25.72,-83.6974448782648
25.7274839459917,-83.697444847948
25.73,-83.6974448377371
25.7374839459917,-83.6974448072893
25.74,-83.6974447970525
25.7404839459917,-83.6974447950851
25.7434839459917,-83.6974447828652
25.75,-83.6974447562424
25.7513694688401,-83.6974447506378
25.7527389376802,-83.697444745025
25.7541084065202,-83.6974447394097
25.7562109308456,-83.6974447307842
25.7593439867072,-83.697444717924
25.76,-83.6974447152326
25.7651125068561,-83.697444694226
25.7681125068561,-83.697444681913
25.77,-83.697444674169
25.7735692970594,-83.6974446595152
25.7771385941187,-83.6974446448545
25.78,-83.6974446330964
25.7807078911781,-83.6974446301885
25.7835763925728,-83.6974446183949
25.7864448939675,-83.6974446065993
25.79,-83.6974445919717
25.790687833534,-83.6974445891431
25.7962823441817,-83.6974445661031
25.8,-83.6974445507846
25.8055945106477,-83.6974445277059
25.8079123369789,-83.6974445181396
25.81,-83.6974445095169
25.8102301633101,-83.6974445085675
25.8105068881245,-83.6974445074242
25.8107836129388,-83.6974445062809
25.8121672370108,-83.6974445005624
25.815686930083,-83.6974444860082
25.8192066231552,-83.6974444714445
25.82,-83.6974444681624
25.8208249386,-83.6974444647468
25.8224432540449,-83.6974444580452
25.8251446980987,-83.6974444468548
25.8278461421524,-83.6974444356586
25.83,-83.6974444267276
25.8395515500563,-83.6974443870629
25.84,-83.6974443852067
25.8463669500318,-83.6974443587178
25.85,-83.6974443436131
25.8568153999755,-83.6974443152804
25.86,-83.697444302031
25.863630799951,-83.6974442869097
25.87,-83.6974442603801
25.8704461999264,-83.6974442585264
25.8786764361339,-83.6974442242091
25.88,-83.6974442186919
25.8886764361339,-83.6974441824411
25.89,-83.6974441769199
25.8986764361339,-83.6974441406925
25.9,-83.6974441351818
25.91,-83.6974440935532
25.91,-83.6974440935616
25.92,-83.6974440518456
25.92,-83.6974440518539
25.93,-83.697444010053
25.93,-83.6974440100613
25.94,-83.6974439681771
25.94,-83.6974439681854
25.95,-83.6974439262194
25.96,-83.6974438841807
25.97,-83.6974438420616
25.97,-83.6974438420698
25.98,-83.6974437998635
25.98,-83.6974437998717
25.99,-83.6974437575881
25.99,-83.6974437575963
26,-83.697443715237
26.01,-83.6974436728092
26.02,-83.697443630303
26.02,-83.6974436303111
26.03,-83.6974435877201
26.03,-83.6974435877282
26.04,-83.6974435450623
26.04,-83.6974435450703
26.05,-83.6974435023311
26.06,-83.697443459527
26.07,-83.6974434166497
26.07,-83.6974434166577
26.08,-83.6974433737011
26.08,-83.6974433737091
26.09,-83.6974433306828
26.09,-83.6974433306907
26.1,-83.6974432875963
26.11,-83.6974432444421
26.11,-83.69744324445
26.12,-83.6974432012201
26.12,-83.697443201228
26.13,-83.6974431579321
26.13,-83.69744315794
26.14,-83.6974431145796
26.14,-83.6974431145888
26.15,-83.6974430711656
26.16,-83.6974430276947
26.16,-83.6974430277064
26.17,-83.6974429841687
26.17,-83.6974429841803
26.18,-83.6974429405889
26.18,-83.6974429406005
26.19,-83.6974428969565
26.19,-83.6974428969681
26.2,-83.6974428532729
26.21,-83.6974428095384
26.22,-83.6974427657526
26.22,-83.6974427657641
26.23,-83.697442721917
26.23,-83.6974427219285
26.24,-83.697442678033
26.24,-83.6974426780444
26.25,-83.6974426341019
26.26,-83.697442590124
26.27,-83.6974425460988
26.27,-83.6974425461101
26.28,-83.6974425020279
26.28,-83.6974425020392
26.29,-83.6974424579125
26.29,-83.6974424579238
26.3,-83.6974424137541
26.31,-83.6974423695514
26.32,-83.6974423253021
26.32,-83.6974423253133
26.33,-83.6974422810079
26.33,-83.697442281019
26.34,-83.6974422366701
26.34,-83.6974422366812
26.35,-83.6974421922902
26.36,-83.6974421478684
26.36,-83.6974421478794
26.37,-83.6974421034043
26.37,-83.6974421034153
26.38,-83.6974420588994
26.38,-83.6974420589103
26.39,-83.697442014355
26.39,-83.6974420143659
26.4,-83.6974419697726
26.41,-83.6974419251522
26.41,-83.697441925163
26.42,-83.6974418804935
26.42,-83.6974418805043
26.43,-83.6974418357979
26.43,-83.6974418358087
26.44,-83.6974417910669
26.44,-83.6974417910776
26.45,-83.6974417463017
26.46,-83.697441701501
26.47,-83.6974416566623
26.47,-83.6974416566729
26.48,-83.6974416117873
26.48,-83.6974416117978
26.49,-83.6974415668775
26.49,-83.697441566888
26.5,-83.6974415219344
26.5029125979953,-83.6974415088464
26.5058251959906,-83.6974414957515
26.51,-83.6974414769826
26.5110449657303,-83.6974414722887
26.52,-83.6974414320448
26.5210449657303,-83.6974414273594
26.53,-83.6974413871466
26.5310449657303,-83.6974413824647
26.54,-83.697441342283
26.5410449657303,-83.6974413376047
26.55,-83.6974412974544
26.5531358268099,-83.6974412834078
26.5562716536198,-83.6974412693533
26.56,-83.6974412526391
26.5625584081389,-83.6974412411692
26.57,-83.6974412078109
26.5725584081389,-83.697441196351
26.58,-83.6974411630141
26.5825584081389,-83.6974411515625
26.59,-83.6974411182487
26.5925584081389,-83.697441106805
26.6,-83.6974410735147
26.61,-83.6974410287879
26.61,-83.6974410287992
26.62,-83.6974409840407
26.62,-83.697440984052
26.63,-83.6974409392716
26.63,-83.6974409392829
26.64,-83.6974408944822
26.64,-83.6974408944934
26.65,-83.6974408496735
26.66,-83.6974408048458
26.66,-83.6974408048569
26.67,-83.6974407599988
26.67,-83.6974407600099
26.68,-83.6974407151341
26.68,-83.6974407151451
26.69,-83.6974406702526
26.69,-83.6974406702636
26.7,-83.6974406253559
26.71,-83.6974405804436
26.72,-83.6974405355155
26.72,-83.6974405355264
26.73,-83.6974404905728
26.73,-83.6974404905836
26.74,-83.6974404456168
26.74,-83.6974404456275
26.75,-83.6974404006487
26.76,-83.6974403556668
26.77,-83.6974403106685
26.77,-83.6974403106791
26.78,-83.6974402656553
26.78,-83.6974402656659
26.79,-83.6974402206287
26.79,-83.6974402206393
26.8,-83.69744017559
26.81,-83.6974401305391
26.82,-83.6974400854755
26.82,-83.697440085486
26.83,-83.6974400404007
26.83,-83.6974400404111
26.84,-83.6974399953159
26.84,-83.6974399953263
26.85,-83.6974399502224
26.86,-83.6974399051201
26.86,-83.6974399051304
26.87,-83.6974398600086
26.87,-83.6974398600188
26.88,-83.6974398148891
26.88,-83.6974398148993
26.89,-83.697439769763
26.89,-83.6974397697731
26.9,-83.6974397246315
26.91,-83.6974396794925
26.91,-83.6974396795026
26.9175389968952,-83.6974396454576
26.92,-83.6974396343504
26.9275389968952,-83.6974396003011
26.93,-83.6974395892054
26.9375389968952,-83.6974395552304
26.94,-83.6974395441685
26.9475389968952,-83.6974395102975
26.95,-83.6974394992697
26.9535341474045,-83.6974394834567
26.9570682948089,-83.6974394676471
26.96,-83.6974394545352
26.9667701611611,-83.6974394242575
26.9693394330888,-83.6974394127967
26.97,-83.6974394098541
26.9719087050166,-83.6974394013454
26.9778018186283,-83.6974393750931
26.98,-83.6974393653104
26.98369493224,-83.6974393488614
26.99,-83.6974393208221
26.9935392580835,-83.6974393050991
26.9941166333225,-83.6974393025412
26.9946940085615,-83.6974392999805
26.9952713838005,-83.6974392974199
26.996199118114,-83.6974392933052
26.9976185460722,-83.6974392870102
27,-83.6974392764495
27.0038715769724,-83.6974392592832
27.0085389876794,-83.6974392385922
27.01,-83.6974392321194
27.0166873709943,-83.6974392024769
27.02,-83.6974391878187
27.0266873709943,-83.6974391582532
27.03,-83.6974391436422
27.0366873709943,-83.6974391141724
27.04,-83.6974390996089
27.0466873709943,-83.6974390702319
27.05,-83.6974390557094
27.06,-83.6974390119578
27.07,-83.6974389682262
27.07,-83.6974389682252
27.08,-83.6974389245168
27.08,-83.6974389245158
27.09,-83.6974388808307
27.09,-83.6974388808296
27.1,-83.6974388371675
27.11,-83.6974387935244
27.11,-83.6974387935233
27.1130247802054,-83.6974387803257
27.1160495604107,-83.6974387671289
27.1168587567728,-83.6974387635984
27.117667953135,-83.6974387600682
27.1187779613588,-83.6974387552258
27.12,-83.6974387498946
27.1210096950542,-83.6974387454897
27.1216540323019,-83.6974387426794
27.1222983695497,-83.6974387398695
27.1229427067975,-83.6974387370596
27.1244461167192,-83.6974387305031
27.1250695766457,-83.6974387277838
27.1256930365721,-83.6974387250646
27.1261877110093,-83.6974387229069
27.1273412551394,-83.6974387178753
27.12894798227,-83.6974387108663
27.129564076022,-83.6974387081784
27.13,-83.6974387062765
27.1301801697739,-83.6974387054905
27.130670183963,-83.6974387033527
27.1311601981521,-83.6974387012149
27.1316502123411,-83.697438699077
27.1331476862009,-83.6974386925435
27.1346451600606,-83.6974386860095
27.1357877629396,-83.6974386810236
27.1369303658187,-83.6974386760375
27.1374901390621,-83.6974386735947
27.1378532111107,-83.6974386720102
27.1382162831592,-83.6974386704257
27.1385793552078,-83.6974386688412
27.1389290865806,-83.6974386673148
27.1392788179534,-83.6974386657885
27.1396285493262,-83.6974386642621
27.14,-83.6974386626409
27.1401637171036,-83.6974386619264
27.140829687034,-83.6974386590198
27.1419128550446,-83.6974386542924
27.1426552413387,-83.697438651052
27.1430668731881,-83.6974386492553
27.1434785050376,-83.6974386474585
27.143890136887,-83.6974386456617
27.1443398958981,-83.6974386436984
27.1447896549091,-83.6974386417351
27.1452394139202,-83.6974386397717
27.1459192803161,-83.6974386368037
27.146599146712,-83.6974386338356
27.1472790131079,-83.6974386308674
27.1481631902316,-83.697438627007
27.148869953671,-83.697438623921
27.1495767171103,-83.6974386208349
27.15,-83.6974386189866
27.1508881536127,-83.6974386151083
27.1517763072253,-83.6974386112297
27.152664460838,-83.6974386073509
27.1535526144507,-83.6974386034717
27.1541936295159,-83.6974386006717
27.1548346445811,-83.6974385978716
27.1556835562824,-83.697438594163
27.1565324679836,-83.6974385904542
27.1573813796849,-83.6974385867451
27.1582302913862,-83.6974385830358
27.1590792030874,-83.6974385793261
27.1597346005173,-83.6974385764619
27.16,-83.697438575302
27.1603899979471,-83.6974385735976
27.1607831190002,-83.6974385718796
27.1611762400533,-83.6974385701617
27.1614876516867,-83.6974385688007
27.1617301090552,-83.6974385677411
27.1620278658835,-83.6974385664398
27.1623256227117,-83.6974385651384
27.16262337954,-83.6974385638371
27.1629211363683,-83.6974385625357
27.1637527567748,-83.6974385589008
27.1651290097731,-83.697438552885
27.1670440044803,-83.6974385445133
27.1689589991874,-83.6974385361407
27.17,-83.6974385315888
27.1703697433191,-83.697438529972
27.1707929665586,-83.6974385281215
27.1712161897981,-83.6974385262711
27.1715021728337,-83.6974385250206
27.1717881558693,-83.6974385237702
27.1732180710471,-83.6974385175179
27.1757374750023,-83.6974385065004
27.1767568147369,-83.6974385020421
27.1773846582824,-83.697438499296
27.1775730113461,-83.6974384984721
27.1777613644097,-83.6974384976483
27.178609184398,-83.69743849394
27.18,-83.6974384878562
27.1820813044589,-83.6974384787511
27.187768362147,-83.6974384538793
27.19,-83.6974384441193
27.1934554198351,-83.6974384290056
27.1991424775232,-83.6974384041452
27.2,-83.697438400397
27.2056870576881,-83.6974383755385
27.21,-83.6974383566792
27.2113741153762,-83.697438350669
27.2170611730643,-83.6974383257991
27.22,-83.6974383129453
27.2253674631394,-83.697438289464
27.23,-83.6974382692086
27.2353674631394,-83.6974382457484
27.24,-83.6974382255187
27.2453674631394,-83.6974382020883
27.25,-83.6974381818842
27.26,-83.6974381382963
27.27,-83.6974380946815
27.27,-83.69743809468
27.28,-83.6974380510413
27.28,-83.6974380510398
27.29,-83.6974380073766
27.29,-83.6974380073751
27.3,-83.6974379636881
27.3025341058033,-83.6974379526129
27.3050682116067,-83.6974379415401
27.3089829922509,-83.6974379244386
27.31,-83.6974379199961
27.3174719664629,-83.6974378873708
27.32,-83.6974378763452
27.3259609406749,-83.6974378503783
27.33,-83.6974378328132
27.334449914887,-83.6974378134794
27.34,-83.6974377893982
27.342938889099,-83.6974377766556
27.35,-83.6974377460713
27.358488974212,-83.6974377093323
27.36,-83.6974377027935
27.3669779484241,-83.6974376726109
27.37,-83.6974376595527
27.3754669226361,-83.697437635954
27.38,-83.6974376164147
27.3839558968482,-83.6974375993765
27.39,-83.6974375733742
27.3924448710602,-83.6974375628619
27.4,-83.6974375304057
27.408488974212,-83.6974374939628
27.41,-83.6974374874766
27.4169779484241,-83.6974374575365
27.42,-83.6974374445819
27.4254669226361,-83.6974374211685
27.43,-83.6974374017799
27.4339558968482,-83.697437384872
27.44,-83.6974373590657
27.4424448710602,-83.6974373486322
27.45,-83.6974373164168
27.4525850143645,-83.6974373053978
27.455170028729,-83.6974372943785
27.4593606721712,-83.6974372765112
27.46,-83.6974372737842
27.4688245078193,-83.6974372361455
27.47,-83.6974372311322
27.4782883434674,-83.6974371958119
27.48,-83.6974371885239
27.4877521791155,-83.6974371555375
27.49,-83.6974371459806
27.4972160147636,-83.697437115317
27.5,-83.6974371034957
27.5094638356481,-83.6974370633416
27.51,-83.6974370610644
27.5189276712962,-83.6974370231687
27.52,-83.697437018617
27.5283915069443,-83.6974369830269
27.53,-83.69743697621
27.5378553425924,-83.6974369429394
27.54,-83.6974369338623
27.5473191782405,-83.6974369029007
27.55,-83.6974368915654
27.5594638356481,-83.6974368515848
27.56,-83.6974368493135
27.5689276712962,-83.6974368115795
27.57,-83.6974368070431
27.5783915069443,-83.6974367715982
27.58,-83.6974367648047
27.5878553425924,-83.697436731662
27.59,-83.6974367226157
27.5973191782405,-83.6974366917664
27.6,-83.6974366804707
27.6022433821696,-83.6974366710273
27.6044867643393,-83.6974366615858
27.6076776664287,-83.6974366481612
27.61,-83.697436638393
27.6137225093852,-83.6974366227423
27.6171445774956,-83.6974366083654
27.62,-83.6974365963757
27.620566645606,-83.6974365939955
27.6298346195239,-83.6974365551161
27.63,-83.6974365544171
27.6367853166786,-83.6974365259782
27.64,-83.6974365125135
27.6406614085165,-83.6974365097444
27.6410630574447,-83.6974365080637
27.641291333345,-83.6974365071085
27.6415196092454,-83.6974365061534
27.6419119533907,-83.6974365045121
27.6424107010779,-83.6974365024256
27.6431414292435,-83.6974364993689
27.6443673397782,-83.6974364942414
27.6477191096141,-83.6974364802261
27.65,-83.69743647069
27.6553783800533,-83.6974364482159
27.66,-83.6974364289119
27.6633489751866,-83.6974364149289
27.67,-83.6974363871836
27.6733489751866,-83.6974363732196
27.68,-83.6974363455158
27.6833489751866,-83.6974363315728
27.69,-83.6974363039104
27.6933489751866,-83.6974362899881
27.7,-83.697436262367
27.71,-83.697436220882
27.72,-83.6974361794394
27.72,-83.6974361794334
27.73,-83.6974361380419
27.73,-83.6974361380358
27.74,-83.697436096689
27.74,-83.697436096683
27.743,-83.6974360842874
27.746,-83.6974360718938
27.7483305188913,-83.697436062268
27.7489326958549,-83.6974360597803
27.7495348728186,-83.6974360572937
27.75,-83.6974360553731
27.7513487110039,-83.6974360498049
27.7535607925536,-83.6974360406724
27.7563598330691,-83.6974360291161
27.7571995452238,-83.6974360256476
27.7576799274488,-83.6974360236638
27.7581603096738,-83.6974360216801
27.7586406918989,-83.6974360196964
27.7591210741239,-83.6974360177126
27.7599973596969,-83.697436014094
27.76,-83.6974360140825
27.7615977988924,-83.6974360074848
27.7631982380879,-83.6974360008757
27.765244099483,-83.697435992428
27.7660072500017,-83.697435989276
27.7667704005204,-83.6974359861249
27.7673224714862,-83.6974359838453
27.767874542452,-83.6974359815659
27.7685674008282,-83.6974359787052
27.77,-83.6974359727906
27.7703815429031,-83.6974359712146
27.7709158367818,-83.6974359690086
27.7714501306605,-83.6974359668025
27.7719844245391,-83.6974359645963
27.7723763230613,-83.697435962978
27.7728488343029,-83.697435961027
27.7737813542582,-83.6974359571766
27.7753778519542,-83.6974359505846
27.775994128364,-83.6974359480392
27.7766104047739,-83.6974359454945
27.7772266811837,-83.6974359429498
27.7778429575935,-83.6974359404051
27.7784592340033,-83.6974359378603
27.7789877059008,-83.6974359356781
27.7795161777984,-83.6974359334958
27.7798966501179,-83.6974359319246
27.78,-83.6974359314977
27.7801970097687,-83.6974359306842
27.7804973694195,-83.6974359294439
27.7807977290702,-83.6974359282036
27.7812860326015,-83.6974359261873
27.7821138500747,-83.697435922769
27.7829416675479,-83.6974359193504
27.7837694850211,-83.6974359159319
27.7845973024943,-83.6974359125134
27.785222902477,-83.6974359099299
27.7858485024598,-83.6974359073464
27.7864741024426,-83.6974359047628
27.7870997024254,-83.6974359021793
27.7877253024081,-83.6974358995957
27.7883509023909,-83.697435897012
27.7889765023737,-83.6974358944284
27.7896021023565,-83.6974358918447
27.79,-83.6974358902012
27.7902277023392,-83.6974358892607
27.7910461624891,-83.6974358858809
27.791583142001,-83.6974358836631
27.792120121513,-83.6974358814454
27.792657101025,-83.6974358792276
27.7933560526757,-83.697435876341
27.7940206763722,-83.697435873596
27.7946853000686,-83.697435870851
27.795349923765,-83.6974358681059
27.7960145474614,-83.6974358653608
27.7966791711578,-83.6974358626157
27.7973027304297,-83.6974358600402
27.7979262897016,-83.6974358574647
27.7985498489734,-83.6974358548891
27.7991734082453,-83.6974358523136
27.7999964720806,-83.697435848914
27.8,-83.6974358488989
27.8006422145239,-83.6974358462466
27.8012844290477,-83.6974358435939
27.8019266435716,-83.6974358409411
27.8024241899094,-83.6974358388858
27.8031595297026,-83.6974358358484
27.8038948694958,-83.6974358328109
27.8044514151718,-83.6974358305118
27.8048913832486,-83.6974358286943
27.8054793552055,-83.6974358262655
27.8064169791978,-83.6974358223924
27.8071476480314,-83.6974358193738
27.807878316865,-83.6974358163554
27.8084296148624,-83.6974358140778
27.8089809128597,-83.6974358118003
27.8095477850512,-83.6974358094584
27.81,-83.6974358075901
27.8101146572426,-83.6974358071162
27.8106815294341,-83.6974358047746
27.8111052553721,-83.697435803024
27.8116909414593,-83.6974358006044
27.8127169722945,-83.6974357963658
27.8134361059034,-83.6974357933945
27.8141552395123,-83.6974357904234
27.8147231764215,-83.6974357880768
27.8152911133306,-83.6974357857303
27.8157751247655,-83.6974357837306
27.8162591362004,-83.6974357817308
27.8167431476352,-83.697435779731
27.8172271590701,-83.6974357777312
27.817711170505,-83.6974357757314
27.818494224885,-83.6974357724962
27.819277279265,-83.6974357692608
27.8199020316389,-83.6974357666793
27.82,-83.6974357662742
27.8203708966813,-83.6974357647418
27.8209692976322,-83.6974357622694
27.8217006613284,-83.6974357592476
27.8224320250245,-83.6974357562256
27.822945754427,-83.6974357541028
27.8234594838295,-83.6974357519801
27.8239732132319,-83.6974357498573
27.8249290588868,-83.697435745908
27.8256455548882,-83.6974357429472
27.8262147951419,-83.6974357405949
27.8267840353957,-83.6974357382427
27.8275189720518,-83.6974357352059
27.8281403005588,-83.6974357326384
27.8287616290658,-83.6974357300709
27.8293829575728,-83.6974357275034
27.83,-83.6974357249537
27.8300042860798,-83.6974357249356
27.8306256145868,-83.6974357223684
27.8312310329359,-83.6974357198666
27.8318364512849,-83.6974357173648
27.8324418696339,-83.697435714863
27.8330472879829,-83.6974357123612
27.8338991745771,-83.697435708841
27.8347510611713,-83.6974357053207
27.8354133541788,-83.6974357025837
27.8360756471864,-83.6974356998468
27.8369321381023,-83.6974356963075
27.8377886290182,-83.6974356927681
27.8384418349755,-83.6974356900686
27.8390950409328,-83.6974356873693
27.8399880471662,-83.6974356836791
27.84,-83.6974356836291
27.8408810533996,-83.6974356799887
27.841591119721,-83.6974356770543
27.8423011860424,-83.6974356741199
27.8433541331004,-83.6974356697689
27.8444070801584,-83.6974356654175
27.8451537647242,-83.6974356623317
27.8460777297527,-83.6974356585136
27.8472304120921,-83.6974356537503
27.8480459493807,-83.6974356503799
27.8488614866694,-83.6974356470098
27.8498044990857,-83.6974356431129
27.85,-83.6974356423046
27.8509430124164,-83.6974356384082
27.8518860248327,-83.6974356345113
27.8528832618841,-83.6974356303904
27.8538804989354,-83.6974356262696
27.8548777359868,-83.6974356221488
27.8559379002633,-83.697435617768
27.8569980645398,-83.6974356133872
27.8580582288162,-83.6974356090065
27.8592451212451,-83.6974356041023
27.86,-83.6974356009829
27.8604320136739,-83.6974355991976
27.8616189061028,-83.6974355942939
27.86315850073,-83.6974355879328
27.8643225604678,-83.697435583123
27.8656775293944,-83.6974355775248
27.8670324983209,-83.6974355719267
27.8683874672474,-83.6974355663287
27.8697424361739,-83.697435560731
27.87,-83.6974355596662
27.8710974051004,-83.6974355551332
27.8715453613425,-83.6974355532822
27.8719933175846,-83.6974355514316
27.8724412738266,-83.697435549581
27.8728892300687,-83.6974355477304
27.8732267084979,-83.6974355463362
27.8740700326373,-83.6974355428528
27.875723980712,-83.697435536021
27.8773779287867,-83.6974355291892
27.8790318768613,-83.6974355223578
27.88,-83.6974355183589
27.880685824936,-83.6974355155263
27.881082135248,-83.6974355138894
27.88147844556,-83.6974355122526
27.8817780226411,-83.6974355110153
27.8822563804331,-83.6974355090399
27.8825956522637,-83.6974355076387
27.8834021738629,-83.6974355043083
27.8853327408117,-83.697435496337
27.8872633077604,-83.6974354883659
27.8891938747092,-83.6974354803956
27.89,-83.6974354770672
27.8921851330167,-83.6974354680485
27.8951763913242,-83.6974354557029
27.8981676496317,-83.6974354433589
27.9,-83.6974354357979
27.9059578639583,-83.6974354112258
27.91,-83.6974353945585
27.9119157279166,-83.6974353866604
27.92,-83.6974353533507
27.9216595313281,-83.6974353465107
27.93,-83.6974353121706
27.9314033347396,-83.6974353063902
27.94,-83.6974352710296
27.9411471381512,-83.6974352663088
27.95,-83.6974352299449
27.9597438034115,-83.6974351899898
27.96,-83.6974351889346
27.9694876068231,-83.6974351501304
27.97,-83.6974351480304
27.9792314102346,-83.6974351103342
27.98,-83.6974351071908
27.9889752136461,-83.6974350705871
27.99,-83.6974350664039
27.9987190170576,-83.6974350309002
28,-83.6974350256816
28.0097438034115,-83.6974349860625
28.01,-83.6974349850169
28.0194876068231,-83.6974349466091
28.02,-83.697434944532
28.0292314102346,-83.6974349072722
28.03,-83.6974349041665
28.0389752136461,-83.6974348680257
28.04,-83.6974348638972
28.0487190170576,-83.6974348288793
28.05,-83.6974348237343
28.0597438034115,-83.6974347846942
28.06,-83.6974347836647
28.0694876068231,-83.6974347458777
28.07,-83.6974347438353
28.0792314102346,-83.6974347072188
28.08,-83.6974347041678
28.0889752136461,-83.6974346686822
28.09,-83.6974346646451
28.0987190170576,-83.6974346302941
28.1,-83.6974346251045
28.1097438034115,-83.6974345867954
28.11,-83.697434585479
28.1194876068231,-83.6974345484792
28.12,-83.6974345464384
28.1292314102346,-83.6974345106263
28.13,-83.6974345076433
28.1389752136461,-83.6974344729623
28.14,-83.6974344690031
28.1487190170576,-83.6974344354524
28.15,-83.6974344305261
28.1597438034115,-83.6974343931744
28.16,-83.6974343921905
28.1694876068231,-83.6974343561246
28.17,-83.6974343541769
28.1792314102346,-83.6974343192878
28.18,-83.6974343163823
28.1889752136461,-83.6974342826157
28.19,-83.6974342787618
28.1987190170576,-83.6974342461157
28.2,-83.6974342413234
28.2097438034115,-83.6974342049991
28.21,-83.6974342040427
28.2194876068231,-83.6974341690029
28.22,-83.6974341671112
28.2292314102346,-83.6974341332389
28.23,-83.6974341304187
28.2389752136461,-83.6974340976557
28.24,-83.6974340939172
28.2487190170576,-83.6974340622604
28.25,-83.6974340576145
28.2597438034115,-83.6974340224116
28.26,-83.6974340214851
28.2694876068231,-83.6974339875582
28.27,-83.6974339857272
28.2792314102346,-83.6974339529543
28.28,-83.6974339502262
28.2889752136461,-83.6974339185463
28.29,-83.6974339149323
28.2987190170576,-83.6974338843415
28.3,-83.6974338798532
28.3097438034115,-83.6974338458572
28.31,-83.6974338449627
28.3194876068231,-83.697433812229
28.32,-83.6974338104629
28.3292314102346,-83.6974337788664
28.33,-83.697433776237
28.3389752136461,-83.6974337457148
28.34,-83.6974337422339
28.3487190170576,-83.6974337127814
28.35,-83.6974337084615
28.3597438034115,-83.6974336757535
28.36,-83.6974336748932
28.3694876068231,-83.6974336434287
28.37,-83.6974336417316
28.3792314102346,-83.6974336113841
28.38,-83.6974336088593
28.3889752136461,-83.6974335795651
28.39,-83.6974335762252
28.3987190170576,-83.6974335479787
28.4,-83.697433543837
28.4097438034115,-83.697433512493
28.41,-83.6974335116687
28.4194876068231,-83.6974334815457
28.42,-83.6974334799216
28.4292314102346,-83.6974334508936
28.43,-83.6974334484794
28.4389752136461,-83.6974334204826
28.44,-83.6974334172918
28.4487190170576,-83.6974333903202
28.45,-83.697433386367
28.4597438034115,-83.6974333564657
28.46,-83.6974333556796
28.4694876068231,-83.6974333269743
28.47,-83.6974333254273
28.4792314102346,-83.6974332977921
28.48,-83.6974332954946
28.4889752136461,-83.6974332688621
28.49,-83.6974332658277
28.4987190170576,-83.6974332401829
28.5,-83.6974332364244
28.5097438034115,-83.6974332079928
28.51,-83.6974332072451
28.5194876068231,-83.697433179939
28.52,-83.6974331784665
28.5292314102346,-83.6974331521496
28.53,-83.6974331499598
28.5389752136461,-83.697433124557
28.54,-83.6974331216597
28.5487190170576,-83.6974330971528
28.55,-83.6974330935572
28.5597438034115,-83.6974330663275
28.56,-83.6974330656106
28.5694876068231,-83.6974330394148
28.57,-83.6974330380007
28.5792314102346,-83.6974330127047
28.58,-83.6974330105973
28.5889752136461,-83.6974329861293
28.59,-83.6974329833354
28.5987190170576,-83.6974329596827
28.6,-83.6974329562085
28.6097438034115,-83.697432929871
28.61,-83.6974329291771
28.6194876068231,-83.6974329038132
28.62,-83.697432902443
28.6292314102346,-83.697432877924
28.63,-83.69743287588
28.6389752136461,-83.6974328521458
28.64,-83.6974328494347
28.6487190170576,-83.6974328264882
28.65,-83.6974328231171
28.6597438034115,-83.6974327975736
28.66,-83.6974327968997
28.6694876068231,-83.6974327723419
28.67,-83.6974327710148
28.6792314102346,-83.6974327473082
28.68,-83.6974327453315
28.6889752136461,-83.6974327224122
28.69,-83.6974327197943
28.6987190170576,-83.6974326976651
28.7,-83.6974326944152
28.7097438034115,-83.6974326698135
28.71,-83.697432669165
28.7194876068231,-83.6974326455628
28.72,-83.6974326442882
28.7292314102346,-83.6974326215414
28.73,-83.6974326196457
28.7389752136461,-83.6974325976852
28.74,-83.6974325951782
28.7487190170576,-83.6974325740049
28.75,-83.6974325708972
28.7597438034115,-83.697432547391
28.76,-83.6974325467718
28.7694876068231,-83.6974325242698
28.77,-83.6974325230554
28.7792314102346,-83.697432501406
28.78,-83.6974324996027
28.7889752136461,-83.6974324787324
28.79,-83.6974324763512
28.7987190170576,-83.6974324562593
28.8,-83.6974324533121
28.8097438034115,-83.6974324310394
28.81,-83.6974324304531
28.812666944435,-83.6974324244328
28.8155900854584,-83.6974324178569
28.8185132264819,-83.6974324113122
28.82,-83.697432407997
28.8214363675054,-83.6974324048044
28.8243595085288,-83.6974323983302
28.8272826495523,-83.6974323918897
28.83,-83.6974323859368
28.8302057905757,-83.6974323854857
28.8343402917903,-83.697432376497
28.8384747930049,-83.697432367582
28.84,-83.6974323643111
28.8443679980694,-83.6974323550084
28.85,-83.6974323431021
28.8517679615193,-83.6974323393846
28.8535359230386,-83.6974323356837
28.8577556008113,-83.6974323269093
28.86,-83.6974323222631
28.861975278584,-83.6974323182028
28.8661949563566,-83.6974323095761
28.87,-83.6974323018579
28.8719174372014,-83.6974322979922
28.8776399180462,-83.6974322865398
28.88,-83.6974322818524
28.883362398891,-83.6974322752195
28.89,-83.6974322622398
28.891777481711,-83.6974322587883
28.9,-83.6974322429846
28.90841508282,-83.6974322270908
28.91,-83.6974322241272
28.910939607666,-83.6974322223768
28.913464132512,-83.6974322176901
28.9182095378147,-83.6974322089473
28.92,-83.6974322056709
28.9251024221049,-83.6974321964117
28.927170287392,-83.6974321926702
28.9292381526791,-83.6974321889383
28.93,-83.6974321875672
28.9313060179661,-83.6974321852235
28.9327709343773,-83.6974321825995
28.9342358507884,-83.6974321799824
28.9361786130022,-83.6974321765251
28.9381213752159,-83.6974321730828
28.94,-83.6974321697686
28.9411455444234,-83.6974321677543
28.9441697136308,-83.6974321624581
28.9471938828383,-83.6974321571944
28.95,-83.6974321523429
28.9523796580639,-83.6974321482533
28.9541359164044,-83.6974321452494
28.9564750818038,-83.6974321412684
28.9582197542232,-83.6974321383128
28.96,-83.6974321353099
28.9604432025874,-83.6974321345636
28.9626666509516,-83.6974321308342
28.9648900993157,-83.6974321271227
28.9671135476799,-83.6974321234312
28.9693369960441,-83.6974321197595
28.97,-83.6974321186677
28.9715604444083,-83.6974321161074
28.9737838927724,-83.6974321124701
28.9756141184395,-83.6974321094879
28.9774443441066,-83.6974321065195
28.9792745697736,-83.6974321035648
28.98,-83.6974321023968
28.9815118601174,-83.6974320999712
28.9837491504611,-83.6974320963927
28.9865782495898,-83.6974320918929
28.9894073487186,-83.6974320874257
28.99,-83.697432086493
28.9922364478473,-83.6974320829912
28.995065546976,-83.6974320785795
28.9978946461047,-83.6974320741947
29,-83.697432070953
29.0007212558042,-83.6974320698461
29.0014425116084,-83.6974320687421
29.0021637674126,-83.6974320676403
29.0033811589551,-83.6974320657858
29.0051651652578,-83.6974320630794
29.0069491715604,-83.6974320603862
29.0087331778631,-83.6974320577064
29.01,-83.6974320558114
29.0105171841657,-83.6974320550394
29.0118443329108,-83.6974320530639
29.0131714816558,-83.6974320510948
29.0150739137708,-83.6974320482855
29.0169763458858,-83.6974320454915
29.0188787780008,-83.697432042713
29.02,-83.6974320410823
29.0207812101157,-83.6974320399494
29.0226836422307,-83.6974320372
29.0257371837645,-83.6974320328171
29.0287907252983,-83.697432028474
29.03,-83.6974320267643
29.031844266832,-83.6974320241709
29.0348978083658,-83.6974320198998
29.0387022599841,-83.6974320146284
29.04,-83.6974320128435
29.0441902716774,-83.6974320071364
29.0496782833706,-83.6974319997371
29.05,-83.6974319993036
29.051543664805,-83.6974319972428
29.0530873296099,-83.697431995192
29.0546309944149,-83.6974319931519
29.0561746592198,-83.6974319911224
29.0577183240248,-83.6974319891035
29.0597604811486,-83.6974319864493
29.06,-83.6974319861384
29.0618026382725,-83.6974319838136
29.0638447953963,-83.6974319811902
29.0658869525201,-83.6974319785818
29.067929109644,-83.6974319759923
29.07,-83.6974319733856
29.0705634840742,-83.6974319726789
29.0731978585044,-83.697431969396
29.0766810028677,-83.6974319651008
29.08,-83.6974319610589
29.080164147231,-83.6974319608588
29.0836472915944,-83.6974319566743
29.0888985741334,-83.6974319504678
29.09,-83.6974319491798
29.0941498566725,-83.6974319443862
29.0994011392115,-83.6974319383925
29.1,-83.6974319377122
29.1015395966097,-83.6974319359771
29.1030791932194,-83.6974319342524
29.1046187898291,-83.6974319325387
29.1061583864388,-83.6974319308358
29.1076979830484,-83.6974319291439
29.1097023492392,-83.6974319269577
29.11,-83.6974319266338
29.11170671543,-83.6974319247898
29.1137110816208,-83.6974319226343
29.1157154478116,-83.6974319204937
29.1177198140023,-83.6974319183716
29.12,-83.6974319159802
29.1203557473686,-83.6974319156083
29.1229916807349,-83.6974319128771
29.1262281893624,-83.6974319095652
29.1294646979899,-83.6974319063011
29.13,-83.6974319057645
29.1327012066174,-83.6974319030849
29.138061460045,-83.6974318978388
29.14,-83.6974318959665
29.1445451319514,-83.6974318916491
29.15,-83.6974318865524
29.1517331506287,-83.6974318849489
29.1534663012574,-83.6974318833609
29.1555977073666,-83.6974318814268
29.1577291134758,-83.697431879513
29.159860519585,-83.6974318776199
29.16,-83.6974318774957
29.1619919256942,-83.6974318757471
29.1641233318033,-83.697431873887
29.1662547379125,-83.6974318720428
29.1690350078525,-83.6974318696683
29.17,-83.6974318688512
29.1718152777924,-83.6974318673277
29.175743969722,-83.6974318640674
29.1796726616516,-83.6974318608678
29.18,-83.6974318606025
29.1836013535811,-83.6974318577368
29.19,-83.6974318527479
29.1918766400211,-83.6974318513096
29.2,-83.6974318452441
29.2009,-83.6974318445868
29.2018,-83.6974318439343
29.2035780183736,-83.697431842656
29.2057796696687,-83.6974318410925
29.2079813209639,-83.6974318395506
29.21,-83.6974318381558
29.210182972259,-83.69743183803
29.2123846235542,-83.6974318365308
29.2145862748493,-83.6974318350525
29.2167879261444,-83.6974318335959
29.2198840051381,-83.6974318315843
29.22,-83.6974318315093
29.2229800841318,-83.6974318296154
29.2260761631255,-83.6974318276714
29.2291722421192,-83.6974318257605
29.23,-83.6974318252565
29.2329408790423,-83.6974318234925
29.2395805760245,-83.6974318196139
29.24,-83.6974318193732
29.2476719906091,-83.6974318151289
29.25,-83.6974318138705
29.2514732743286,-83.697431813066
29.2529465486573,-83.6974318122714
29.2544198229859,-83.6974318114865
29.2553832636905,-83.6974318109785
29.2563467043951,-83.6974318104746
29.2573101450998,-83.697431809975
29.2586087382895,-83.6974318093082
29.2599073314792,-83.6974318086489
29.26,-83.6974318086019
29.2612059246689,-83.6974318079972
29.2625045178586,-83.6974318073499
29.2634362353267,-83.6974318068889
29.2643679527948,-83.6974318064318
29.2652996702629,-83.6974318059787
29.2667984952392,-83.6974318052579
29.2678716619581,-83.697431804748
29.268944828677,-83.6974318042433
29.27,-83.697431803752
29.2703415086717,-83.697431803594
29.2724067902402,-83.6974318026491
29.2744720718088,-83.6974318017223
29.278100705429,-83.6974318001408
29.28,-83.6974317993362
29.2808418140314,-83.6974317989848
29.2835829226338,-83.6974317978588
29.2874569297524,-83.6974317963216
29.29,-83.6974317953492
29.291330936871,-83.6974317948519
29.2952049439897,-83.6974317934409
29.3,-83.6974317917821
29.3004400117567,-83.6974317916344
29.3008800235134,-83.6974317914883
29.3013200352701,-83.6974317913432
29.3018853735541,-83.697431791158
29.3025993495109,-83.6974317909262
29.3036361194782,-83.6974317905938
29.3043210727005,-83.6974317903768
29.3050060259228,-83.697431790162
29.3056909791451,-83.6974317899494
29.3066146695053,-83.6974317896662
29.3075383598654,-83.6974317893869
29.3086732973107,-83.6974317890492
29.309808234756,-83.6974317887174
29.31,-83.6974317886618
29.3109431722013,-83.6974317883916
29.3120781096466,-83.6974317880697
29.3132130470919,-83.6974317877525
29.314576125554,-83.6974317873796
29.3159392040161,-83.6974317870153
29.3177065322634,-83.697431786556
29.3194738605107,-83.6974317861112
29.32,-83.6974317859815
29.3219138220281,-83.6974317855214
29.3243537835455,-83.6974317849501
29.3274042603097,-83.6974317842689
29.33,-83.6974317837239
29.3304547370738,-83.6974317836313
29.3346340417022,-83.6974317828271
29.34,-83.6974317819135
29.3405110319472,-83.6974317818329
29.3484982711736,-83.6974317807414
29.35,-83.6974317805684
29.3520982074258,-83.6974317803464
29.3541964148516,-83.6974317801457
29.3562946222774,-83.6974317799663
29.3583928297032,-83.6974317798082
29.36,-83.6974317797015
29.360491037129,-83.6974317796712
29.3625892445548,-83.697431779554
29.3654807721502,-83.6974317794257
29.3683722997457,-83.6974317793378
29.37,-83.6974317793061
29.3712638273411,-83.6974317792904
29.3756640722577,-83.6974317792856
29.38,-83.6974317793661
29.3812886550306,-83.6974317794072
29.3869132378034,-83.6974317796685
29.39,-83.6974317798717
29.3942480879053,-83.6974317802275
29.4,-83.6974317808074
29.4066227756642,-83.697431781626
29.41,-83.6974317821235
29.4132455513284,-83.6974317826532
29.4198683269926,-83.6974317838435
29.42,-83.6974317838677
29.4227293967662,-83.6974317844101
29.4255904665398,-83.697431784999
29.4284515363134,-83.6974317856171
29.43,-83.6974317859675
29.4306952004805,-83.6974317861284
29.4329388646475,-83.6974317866604
29.4351825288146,-83.6974317872139
29.4379210115532,-83.6974317879214
29.44,-83.6974317884818
29.4406594942917,-83.6974317886636
29.4467353711355,-83.6974317904283
29.45,-83.6974317914443
29.450295116013,-83.6974317915381
29.450590232026,-83.6974317916329
29.450885348039,-83.697431791728
29.4512504626653,-83.6974317918464
29.4517637478901,-83.6974317920137
29.4523843702206,-83.6974317922177
29.4530049925511,-83.6974317924235
29.4538750216136,-83.6974317927151
29.4547450506762,-83.6974317930101
29.4556150797387,-83.6974317933088
29.4564851088013,-83.6974317936109
29.4573551378638,-83.6974317939166
29.4585160911373,-83.6974317943302
29.4596770444108,-83.69743179475
29.46,-83.6974317948677
29.4608379976843,-83.6974317951761
29.4619989509577,-83.6974317956065
29.4631599042312,-83.6974317960421
29.4647818516398,-83.6974317966613
29.4664037990485,-83.6974317972928
29.4680257464571,-83.6974317979368
29.47,-83.6974317987375
29.470583366985,-83.6974317989774
29.4731409875128,-83.6974318000461
29.4756986080407,-83.6974318011438
29.4789238270319,-83.6974318025724
29.48,-83.6974318030598
29.482149046023,-83.6974318040503
29.4853742650141,-83.6974318055629
29.4885994840053,-83.6974318071167
29.49,-83.6974318078067
29.4930652504177,-83.6974318093505
29.4993097660708,-83.6974318125931
29.5,-83.6974318129595
29.501588596842,-83.6974318138138
29.5031771936841,-83.69743181468
29.5051549931217,-83.6974318157756
29.5071327925593,-83.6974318168899
29.509110591997,-83.6974318180232
29.51,-83.6974318185389
29.5110883914346,-83.6974318191753
29.5130661908722,-83.6974318203419
29.5150439903098,-83.6974318215246
29.5170217897475,-83.6974318227263
29.5189995891851,-83.697431823947
29.52,-83.6974318245715
29.5216489370162,-83.6974318256118
29.5242982848474,-83.6974318273013
29.5269476326785,-83.6974318290193
29.5295969805096,-83.6974318307716
29.53,-83.6974318310407
29.5322463283408,-83.697431832558
29.5348956761719,-83.6974318343653
29.537545024003,-83.6974318361996
29.54,-83.6974318379298
29.5413701846912,-83.6974318389082
29.5451953453794,-83.6974318416771
29.5490205060676,-83.6974318445109
29.55,-83.6974318452476
29.5518926769159,-83.6974318466855
29.5537853538319,-83.6974318481409
29.5565326458921,-83.6974318502849
29.5592799379523,-83.6974318524659
29.56,-83.6974318530434
29.5620272300125,-83.6974318546839
29.5647745220727,-83.6974318569266
29.5675218141329,-83.6974318591995
29.57,-83.6974318612816
29.5711104343431,-83.6974318622242
29.5759616505051,-83.6974318664028
29.58,-83.6974318699637
29.5826736134366,-83.6974318723654
29.59,-83.697431879089
29.5918476568105,-83.6974318808192
29.6,-83.6974318886207
29.6015126338857,-83.6974318900991
29.6030252677713,-83.6974318915897
29.604537901657,-83.6974318930916
29.6060505355426,-83.6974318946047
29.6075631694283,-83.697431896129
29.6090758033139,-83.6974318976645
29.61,-83.6974318986081
29.6105884371996,-83.6974318992111
29.6121010710853,-83.6974319007671
29.6136137049709,-83.697431902333
29.6151263388566,-83.6974319039101
29.6166389727422,-83.6974319054983
29.6181516066279,-83.6974319070978
29.6196642405135,-83.6974319087084
29.62,-83.6974319090672
29.6211768743992,-83.6974319103301
29.6226895082849,-83.6974319119589
29.6242021421705,-83.6974319135965
29.6257147760562,-83.6974319152452
29.6270628177713,-83.697431916724
29.6284108594863,-83.6974319182115
29.6297589012014,-83.697431919708
29.63,-83.6974319199764
29.6311069429165,-83.6974319212132
29.6324549846316,-83.6974319227239
29.6338874008422,-83.6974319243368
29.6353198170528,-83.6974319259596
29.6370574525403,-83.6974319279418
29.6387950880277,-83.6974319299386
29.64,-83.6974319313318
29.6410189311003,-83.6974319325155
29.6432427741729,-83.6974319351116
29.6464657266742,-83.6974319389126
29.6496886791755,-83.6974319427644
29.65,-83.6974319431387
29.6506460801974,-83.697431943918
29.6512921603948,-83.6974319446993
29.6519382405923,-83.6974319454827
29.6524051361485,-83.69743194605
29.6530819315763,-83.6974319468744
29.6539573982038,-83.6974319479441
29.6545531191239,-83.6974319486741
29.6551488400439,-83.6974319494059
29.655880932524,-83.6974319503076
29.6568958304824,-83.697431951562
29.6579107284409,-83.6974319528215
29.6589256263993,-83.697431954086
29.6599405243577,-83.6974319553557
29.66,-83.6974319554301
29.6609554223162,-83.6974319566305
29.6623175799408,-83.6974319583464
29.6636797375653,-83.6974319600698
29.6650418951899,-83.6974319618024
29.6664040528145,-83.6974319635443
29.6677662104391,-83.6974319652954
29.6691283680637,-83.6974319670557
29.67,-83.6974319681869
29.670817876214,-83.6974319692518
29.6725073843643,-83.6974319714591
29.6741968925146,-83.6974319736788
29.6758864006649,-83.6974319759127
29.6780343316385,-83.6974319787735
29.68,-83.6974319814118
29.6801822626121,-83.6974319816571
29.6823301935856,-83.6974319845635
29.6844781245592,-83.6974319874924
29.6866260555328,-83.6974319904444
29.6887739865063,-83.6974319934197
29.69,-83.6974319951283
29.6914043446042,-83.6974319970949
29.6940347027021,-83.6974320007965
29.6966650608,-83.697432004528
29.7,-83.6974320093096
29.7020198576069,-83.6974320122327
29.7040397152138,-83.6974320151766
29.7060595728208,-83.6974320181411
29.7080794304277,-83.6974320211263
29.71,-83.697432023984
29.7100992880346,-83.6974320241319
29.7121191456415,-83.6974320271583
29.7141390032484,-83.6974320302048
29.7161588608553,-83.6974320332719
29.7181787184623,-83.6974320363597
29.72,-83.6974320391616
29.7201985760692,-83.6974320394679
29.7222184336761,-83.6974320425963
29.724238291283,-83.6974320457446
29.7262581488899,-83.6974320489135
29.7282780064968,-83.6974320521031
29.73,-83.6974320548385
29.7310549251895,-83.6974320565217
29.7344741844031,-83.6974320620077
29.7378934436168,-83.6974320675477
29.74,-83.69743207099
29.7413127028304,-83.6974320731465
29.744731962044,-83.697432078794
29.7481512212576,-83.6974320844942
29.75,-83.6974320876013
29.7566159627988,-83.6974320988612
29.76,-83.6974321047067
29.7666159627988,-83.6974321163002
29.77,-83.6974321222968
29.7766159627988,-83.6974321340969
29.78,-83.6974321401643
29.7866159627988,-83.697432152131
29.79,-83.6974321582833
29.7966159627988,-83.6974321704159
29.8,-83.697432176653
29.803,-83.6974321821849
29.8050791504363,-83.6974321860455
29.8071583008726,-83.6974321899277
29.8092374513089,-83.6974321938317
29.81,-83.6974321952694
29.8113166017452,-83.6974321977577
29.8133957521815,-83.6974322016982
29.8154749026178,-83.6974322056571
29.81797287691,-83.6974322104421
29.82,-83.6974322143486
29.8204708512022,-83.6974322152594
29.8235486927504,-83.697432221233
29.8266265342986,-83.6974322272533
29.8297043758468,-83.6974322333216
29.83,-83.6974322339079
29.832782217395,-83.6974322394378
29.8376317271274,-83.6974322491372
29.84,-83.6974322539094
29.8455014701513,-83.6974322651018
29.85,-83.6974322743254
29.8517806876658,-83.6974322779846
29.8535613753317,-83.697432281659
29.8553420629975,-83.6974322853496
29.8571227506633,-83.6974322890563
29.8589034383292,-83.6974322927791
29.86,-83.6974322950799
29.860684125995,-83.6974322965185
29.8624648136608,-83.6974323002701
29.8642455013267,-83.6974323040367
29.8660261889925,-83.6974323078194
29.8678068766583,-83.6974323116183
29.8695875643242,-83.6974323154333
29.87,-83.6974323163198
29.87136825199,-83.6974323192648
29.8731489396558,-83.6974323231059
29.8749296273216,-83.6974323269601
29.877263121475,-83.697432332035
29.8795966156283,-83.6974323371381
29.88,-83.6974323380238
29.8830121525032,-83.6974323446575
29.886427689378,-83.6974323522106
29.8898432262529,-83.6974323598093
29.89,-83.6974323601607
29.8932587631277,-83.697432367468
29.8966743000026,-83.697432375158
29.9,-83.6974323826884
29.9014377526403,-83.6974323859622
29.9028755052805,-83.697432389246
29.9044128469413,-83.697432392769
29.9059501886021,-83.6974323963042
29.9074875302628,-83.6974323998515
29.9090248719236,-83.6974324034111
29.91,-83.6974324056755
29.9105622135844,-83.6974324069833
29.9120995552452,-83.6974324105647
29.9136368969059,-83.6974324141575
29.9151742385667,-83.6974324177625
29.9167115802275,-83.6974324213797
29.9182489218883,-83.6974324250091
29.92,-83.697432429158
29.9202516945349,-83.6974324297562
29.9222544671816,-83.6974324345216
29.9242572398283,-83.6974324393078
29.9262600124749,-83.6974324441147
29.9282627851216,-83.6974324489424
29.93,-83.697432453147
29.9315392882158,-83.6974324568856
29.9348157913101,-83.6974324648706
29.9372406502866,-83.6974324708117
29.939665509263,-83.6974324767831
29.94,-83.69743247761
29.9433887058582,-83.6974324860112
29.9471119024533,-83.6974324952792
29.95,-83.6974325025051
29.9537231965952,-83.6974325118845
29.9583696652814,-83.6974325236925
29.96,-83.6974325278641
29.9643715726847,-83.6974325391151
29.97,-83.6974325536951
29.9716189453022,-83.6974325579117
29.9788663179197,-83.6974325769095
29.98,-83.697432579907
29.9888663179197,-83.6974326035648
29.99,-83.6974326066101
29.9988663179197,-83.6974326305224
30,-83.6974326335873
30.003,-83.6974326416484
30.006,-83.697432649758
30.0082923286928,-83.6974326559869
30.01,-83.6974326606451
30.0105846573855,-83.6974326622438
30.0128769860783,-83.6974326685229
30.015169314771,-83.697432674828
30.0174616434638,-83.6974326811602
30.0197539721566,-83.6974326875193
30.02,-83.6974326882042
30.0226265839069,-83.6974326955256
30.0254991956571,-83.6974327035535
30.0283718074074,-83.6974327116118
30.03,-83.6974327161981
30.0312444191577,-83.6974327197119
30.0351101454273,-83.6974327306618
30.0399389403017,-83.6974327444347
30.04,-83.6974327446117
30.0460570952304,-83.6974327620475
30.05,-83.6974327734484
30.0511819269528,-83.6974327768654
30.0523638539057,-83.6974327802878
30.0538385310016,-83.6974327845671
30.0550091527415,-83.6974327879716
30.0561797744814,-83.6974327913824
30.0577940988568,-83.6974327960964
30.0594084232323,-83.6974328008227
30.06,-83.6974328025582
30.0610227476078,-83.6974328055615
30.0626370719832,-83.6974328103075
30.0642513963587,-83.6974328150634
30.0658657207342,-83.6974328198314
30.0674800451096,-83.6974328246114
30.0690943694851,-83.6974328294034
30.07,-83.6974328320972
30.0707086938606,-83.6974328342078
30.0727451094158,-83.6974328402804
30.0747815249711,-83.6974328463703
30.0768179405263,-83.6974328524792
30.0788543560816,-83.6974328586068
30.08,-83.6974328620628
30.0808907716368,-83.6974328647538
30.0829271871921,-83.6974328709135
30.0849636027473,-83.6974328770897
30.0870000183026,-83.6974328832846
30.09,-83.697432892444
30.0904064051349,-83.6974328936892
30.0938127919671,-83.6974329041397
30.0972191787994,-83.6974329146412
30.1,-83.6974329232525
30.1034063868323,-83.697432933847
30.1082576168473,-83.6974329490232
30.11,-83.6974329545009
30.1147763091282,-83.6974329695792
30.12,-83.6974329861338
30.1239235706625,-83.6974329986191
30.13,-83.6974330180136
30.1330708321968,-83.6974330278592
30.14,-83.6974330501537
30.1422180937311,-83.6974330573256
30.15,-83.6974330825863
30.1527441784603,-83.697433091546
30.1554883569206,-83.6974331005334
30.1576627024834,-83.697433107676
30.1598370480463,-83.697433114837
30.16,-83.6974331153754
30.1620113936091,-83.6974331220165
30.1641857391719,-83.6974331292025
30.1663600847348,-83.6974331364003
30.1685344302976,-83.6974331436162
30.17,-83.6974331484904
30.1712630134543,-83.6974331526972
30.173991596611,-83.6974331617958
30.1767201797677,-83.6974331709177
30.1794487629243,-83.697433180067
30.18,-83.6974331819197
30.1834485253361,-83.6974331935274
30.1882866821623,-83.6974332098416
30.19,-83.697433215632
30.1941079512703,-83.6974332295527
30.2,-83.6974332495684
30.2010589674333,-83.697433253173
30.2021179348666,-83.697433256779
30.2034075524813,-83.6974332611754
30.2044042715437,-83.6974332645775
30.205400990606,-83.6974332679828
30.2066861051024,-83.6974332723782
30.2079712195987,-83.6974332767793
30.2096379083951,-83.6974332824954
30.21,-83.6974332837391
30.2108476618239,-83.6974332866507
30.2127416458536,-83.6974332931607
30.2141357339604,-83.6974332979591
30.2159868539839,-83.6974333043399
30.2178379740074,-83.6974333107324
30.2196890940309,-83.6974333171362
30.22,-83.6974333182136
30.2215402140543,-83.6974333235514
30.2233913340778,-83.69743332997
30.2258908208868,-83.697433338649
30.2283903076959,-83.6974333473486
30.23,-83.6974333529624
30.2308897945049,-83.6974333560694
30.233389281314,-83.6974333648029
30.2376149350029,-83.6974333796088
30.24,-83.6974333879925
30.2431699818073,-83.6974333991619
30.25,-83.6974334232887
30.2529452993763,-83.6974334337243
30.2558905987526,-83.6974334441858
30.2582298742709,-83.6974334525147
30.26,-83.6974334588289
30.2605691497891,-83.6974334608617
30.2629084253074,-83.697433469221
30.2658737597169,-83.6974334798408
30.2688390941263,-83.697433490489
30.27,-83.6974334946663
30.2724934480595,-83.6974335036501
30.2761478019926,-83.6974335168291
30.2798021559258,-83.6974335300381
30.28,-83.6974335307562
30.2834565098589,-83.6974335432894
30.287110863792,-83.6974335565499
30.29,-83.6974335670499
30.2921981986802,-83.6974335750566
30.2986728125306,-83.6974335986879
30.3,-83.6974336035472
30.3086690338815,-83.6974336354028
30.31,-83.6974336403193
30.317338067763,-83.6974336674992
30.32,-83.6974336773745
30.3260071016445,-83.6974336996678
30.33,-83.697433714479
30.334676135526,-83.6974337318451
30.34,-83.6974337516231
30.3433451694074,-83.6974337640738
30.35,-83.6974337888697
30.3526007101644,-83.6974337985844
30.3552014203289,-83.6974338083155
30.3583972499212,-83.6974338202993
30.36,-83.6974338263217
30.3615930795135,-83.6974338323136
30.3654726250708,-83.6974338469176
30.3693521706282,-83.6974338615561
30.37,-83.697433864007
30.3732317161855,-83.697433876236
30.3771112617428,-83.6974338909233
30.38,-83.6974339018736
30.3809908073001,-83.6974339056357
30.3860712816557,-83.6974339249429
30.39,-83.6974339399166
30.3924811273292,-83.6974339493939
30.4,-83.6974339781579
30.4026343526449,-83.697433988264
30.4052687052898,-83.6974339983834
30.4072693914898,-83.6974340060806
30.4092700776898,-83.6974340137871
30.41,-83.6974340166021
30.4112707638898,-83.6974340215039
30.4132714500898,-83.6974340292228
30.4152721362898,-83.6974340369486
30.4177578038323,-83.69743404656
30.42,-83.6974340552433
30.4202434713748,-83.6974340561885
30.4227291389174,-83.6974340658267
30.4252148064599,-83.6974340754805
30.4283663734797,-83.697434087741
30.43,-83.697434094107
30.4315179404994,-83.6974341000269
30.4346695075192,-83.6974341123217
30.4378210745389,-83.6974341246348
30.44,-83.6974341331622
30.4409726415587,-83.697434136973
30.4459404074042,-83.6974341564514
30.45,-83.6974341724101
30.4523598526417,-83.6974341817057
30.4547197052833,-83.6974341910132
30.457079557925,-83.6974342003335
30.4594394105667,-83.6974342096667
30.46,-83.6974342118871
30.4617992632083,-83.697434219013
30.46415911585,-83.6974342283605
30.4665189684916,-83.6974342377151
30.4688788211333,-83.697434247082
30.47,-83.6974342515376
30.4722439183223,-83.6974342604601
30.4756090155112,-83.6974342738431
30.4789741127002,-83.6974342872409
30.48,-83.6974342913319
30.4823392098891,-83.6974343006631
30.485704307078,-83.6974343140878
30.4898000123353,-83.6974343304458
30.49,-83.6974343312485
30.4951518059055,-83.6974343518708
30.5,-83.6974343712788
30.5087540573962,-83.697434406355
30.51,-83.6974344113655
30.5175081147924,-83.697434441578
30.52,-83.6974344516063
30.5262621721886,-83.6974344767815
30.53,-83.6974344917803
30.5350162295848,-83.6974345119021
30.54,-83.6974345318686
30.5437702869809,-83.6974345469776
30.55,-83.6974345719263
30.5526262172189,-83.69743458245
30.5552524344377,-83.6974345929816
30.5586469355355,-83.6974346066091
30.56,-83.6974346120477
30.5627676165857,-83.6974346231757
30.5681794234568,-83.6974346449313
30.57,-83.697434652256
30.5752573548653,-83.69743467342
30.58,-83.6974346925009
30.5842905133411,-83.6974347097565
30.59,-83.697434732686
30.593323671817,-83.6974347460351
30.6,-83.6974347728225
30.6027099475428,-83.6974347836994
30.6054198950855,-83.6974347945809
30.6081298426283,-83.69743480547
30.61,-83.6974348129897
30.610839790171,-83.6974348163681
30.614124080282,-83.6974348295756
30.6174083703931,-83.6974348427921
30.62,-83.6974348532291
30.6213578839802,-83.6974348587007
30.626427592678,-83.697434879122
30.63,-83.6974348935232
30.6314973013758,-83.6974348995635
30.6382779938783,-83.6974349269071
30.64,-83.6974349338593
30.6465245445767,-83.6974349602017
30.65,-83.6974349742197
30.653,-83.6974349862869
30.656,-83.6974349983603
30.66,-83.6974350144671
30.6615771775476,-83.6974350208233
30.6698906639564,-83.6974350543117
30.67,-83.697435054759
30.6798906639564,-83.6974350946418
30.68,-83.6974350950901
30.6898906639564,-83.697435134829
30.69,-83.6974351352741
30.6998906639564,-83.6974351747568
30.7,-83.6974351751987
30.71,-83.6974352147474
30.7173182005986,-83.6974352437431
30.72,-83.6974352543904
30.7271011086118,-83.6974352825544
30.73,-83.6974352940509
30.736884016625,-83.697435321276
30.74,-83.6974353335789
30.7466669246382,-83.6974353598365
30.75,-83.6974353729416
30.7597829080132,-83.6974354112767
30.76,-83.6974354121552
30.7674778665952,-83.6974354414857
30.77,-83.6974354513835
30.7773484964806,-83.6974354801281
30.78,-83.6974354904861
30.7872191263659,-83.6974355186029
30.79,-83.6974355294196
30.7970897562512,-83.6974355569216
30.8,-83.6974355681969
30.8029611889656,-83.697435579627
30.8059223779312,-83.6974355910657
30.8088835668968,-83.6974356025134
30.81,-83.6974356068368
30.8126180058654,-83.6974356169641
30.8126696264327,-83.6974356171708
30.812721247,-83.6974356173703
30.8128581293943,-83.6974356178989
30.8129950117887,-83.6974356184278
30.813131894183,-83.6974356189567
30.8133578557359,-83.6974356198297
30.8136491810902,-83.6974356209553
30.8139405064445,-83.6974356220813
30.8143393448398,-83.6974356236226
30.8147381832352,-83.6974356251643
30.815038940032,-83.6974356263272
30.8153396968289,-83.69743562749
30.8156404536258,-83.6974356286529
30.8165429198581,-83.6974356321409
30.8184551342077,-83.6974356395341
30.82,-83.6974356455114
30.8218691652195,-83.697435652742
30.8252831962314,-83.697435665934
30.826307405535,-83.6974356698972
30.826614668326,-83.697435671086
30.8269219311171,-83.6974356722729
30.8271141213053,-83.6974356730156
30.8273063114934,-83.6974356737579
30.8281049557712,-83.6974356768409
30.828903600049,-83.6974356799253
30.83,-83.6974356841584
30.8309772897934,-83.6974356879321
30.8345320381413,-83.6974357016397
30.84,-83.6974357227103
30.8402344401787,-83.6974357236278
30.8459368422161,-83.6974357455679
30.85,-83.6974357612013
30.8516392442535,-83.6974357675099
30.857341646291,-83.6974357893808
30.86,-83.6974357995822
30.8630440483284,-83.6974358112465
30.8687464503658,-83.6974358330403
30.87,-83.6974358378268
30.8744488524032,-83.6974358547925
30.88,-83.6974358759015
30.8801512544407,-83.6974358764793
30.8858536564781,-83.6974358981103
30.89,-83.6974359138263
30.8915560585155,-83.6974359197222
30.8996835485784,-83.6974359504539
30.9,-83.6974359516542
30.9096835485784,-83.6974359881869
30.91,-83.6974359893835
30.9196835485784,-83.6974360256904
30.92,-83.697436026877
30.9296835485784,-83.6974360628823
30.93,-83.6974360640592
30.9396835485784,-83.6974360997677
30.94,-83.697436100935
30.9496835485784,-83.6974361363517
30.95,-83.6974361375094
30.9596835485784,-83.697436172639
30.96,-83.6974361737875
30.9696835485784,-83.6974362086349
30.97,-83.6974362097742
30.9796835485784,-83.697436244344
30.98,-83.6974362454744
30.9896835485784,-83.6974362797715
30.99,-83.6974362808929
30.9996835485784,-83.697436314922
31,-83.6974363160348
31.0096835485784,-83.6974363498005
31.01,-83.6974363509048
31.0196835485784,-83.6974363844118
31.02,-83.6974363855077
31.0296835485784,-83.6974364187608
31.03,-83.6974364198484
31.0396835485784,-83.697436452852
31.04,-83.6974364539316
31.0496835485784,-83.6974364866905
31.05,-83.6974364877621
31.0596835485784,-83.6974365202808
31.06,-83.6974365213446
31.0696835485784,-83.6974365536277
31.07,-83.6974365546839
31.0796835485784,-83.6974365867358
31.08,-83.6974365877846
31.0896835485784,-83.69743661961
31.09,-83.6974366206514
31.0996835485784,-83.6974366522547
31.1,-83.697436653289
31.1096835485784,-83.6974366846747
31.11,-83.6974366857019
31.1196835485784,-83.6974367168746
31.12,-83.6974367178948
31.1296835485784,-83.6974367488588
31.13,-83.6974367498723
31.1396835485784,-83.6974367806321
31.14,-83.697436781639
31.1496835485784,-83.6974368121989
31.15,-83.6974368131993
31.1596835485784,-83.6974368435637
31.16,-83.6974368445578
31.1696835485784,-83.6974368747311
31.17,-83.697436875719
31.1796835485784,-83.6974369057055
31.18,-83.6974369066874
31.1896835485784,-83.6974369364913
31.19,-83.6974369374674
31.1996835485784,-83.6974369670931
31.2,-83.6974369680634
31.2096835485784,-83.6974369975152
31.21,-83.6974369984798
31.2196835485784,-83.6974370277619
31.22,-83.6974370287211
31.2296835485784,-83.6974370578377
31.23,-83.6974370587915
31.2396835485784,-83.6974370877468
31.24,-83.6974370886955
31.2496835485784,-83.6974371174937
31.25,-83.6974371184372
31.2596835485784,-83.6974371470824
31.26,-83.6974371480211
31.2696835485784,-83.6974371765174
31.27,-83.6974371774512
31.2796835485784,-83.6974372058028
31.28,-83.697437206732
31.2896835485784,-83.6974372349429
31.29,-83.6974372358675
31.2996835485784,-83.6974372639417
31.3,-83.6974372648619
31.3096835485784,-83.6974372928036
31.31,-83.6974372937195
31.3196835485784,-83.6974373215325
31.32,-83.6974373224443
31.3296835485784,-83.6974373501327
31.33,-83.6974373510405
31.3396835485784,-83.6974373786081
31.34,-83.697437379512
31.3496835485784,-83.6974374069628
31.35,-83.697437407863
31.3596835485784,-83.6974374352009
31.36,-83.6974374360975
31.3696835485784,-83.6974374633263
31.37,-83.6974374642194
31.3796835485784,-83.697437491343
31.38,-83.6974374922327
31.3896835485784,-83.6974375192549
31.39,-83.6974375201414
31.3996835485784,-83.697437547066
31.4,-83.6974375479493
31.4096835485784,-83.6974375747801
31.41,-83.6974375756603
31.4196835485784,-83.697437602401
31.42,-83.6974376032784
31.4296835485784,-83.6974376299326
31.43,-83.6974376308072
31.4396835485784,-83.6974376573786
31.44,-83.6974376582486
31.4496835485784,-83.6974376847408
31.45,-83.6974376856233
31.4596835485784,-83.6974377120409
31.46,-83.6974377129352
31.4696835485784,-83.6974377392809
31.47,-83.6974377401726
31.4796835485784,-83.6974377664501
31.48,-83.6974377673394
31.4896835485785,-83.697437793552
31.49,-83.6974377944391
31.4996835485785,-83.6974378205904
31.5,-83.6974378214753
31.5096835485785,-83.6974378475687
31.51,-83.6974378484517
31.5196835485785,-83.6974378744906
31.52,-83.6974378753716
31.5296835485785,-83.6974379013596
31.53,-83.6974379022388
31.5396835485785,-83.6974379281791
31.54,-83.6974379290566
31.5496835485785,-83.6974379549525
31.55,-83.6974379558285
31.5596835485785,-83.6974379816835
31.56,-83.6974379825579
31.5696835485785,-83.6974380083752
31.57,-83.6974380092483
31.5796835485785,-83.697438035031
31.58,-83.6974380359029
31.5896835485785,-83.6974380616544
31.59,-83.6974380625251
31.5996835485785,-83.6974380882485
31.6,-83.6974380891181
31.6096835485785,-83.6974381148166
31.61,-83.6974381156854
31.6196835485785,-83.6974381413621
31.62,-83.6974381422317
31.6296835485785,-83.6974381678898
31.63,-83.6974381687545
31.6396835485785,-83.6974381943963
31.64,-83.6974381952464
31.6496835485785,-83.6974382208755
31.65,-83.6974382217251
31.6596835485785,-83.6974382473446
31.66,-83.697438248194
31.6696835485785,-83.6974382738068
31.67,-83.6974382746559
31.6796835485785,-83.6974383002649
31.68,-83.6974383011139
31.6896835485785,-83.6974383267221
31.69,-83.6974383275711
31.6996835485785,-83.6974383531813
31.7,-83.6974383540303
31.7096835485785,-83.6974383796453
31.71,-83.6974383804945
31.7196835485785,-83.6974384061172
31.72,-83.6974384069667
31.7296835485785,-83.6974384325997
31.73,-83.6974384334495
31.7396835485785,-83.6974384590957
31.74,-83.6974384599459
31.7496835485785,-83.6974384856079
31.75,-83.6974384864587
31.7596835485785,-83.6974385121392
31.76,-83.6974385129906
31.7696835485785,-83.6974385386922
31.77,-83.6974385395442
31.7796835485785,-83.6974385652695
31.78,-83.6974385661224
31.7896835485785,-83.697438591874
31.79,-83.6974385927276
31.7996835485785,-83.697438618508
31.8,-83.6974386193627
31.8096835485785,-83.6974386451744
31.81,-83.69743864603
31.8196835485785,-83.6974386718755
31.82,-83.6974386727322
31.8296835485785,-83.6974386986139
31.83,-83.6974386994718
31.8396835485785,-83.697438725392
31.84,-83.6974387262512
31.8496835485785,-83.6974387522124
31.85,-83.6974387530729
31.8596835485785,-83.6974387790773
31.86,-83.6974387799393
31.8696835485785,-83.6974388059892
31.87,-83.6974388068527
31.8796835485785,-83.6974388329504
31.88,-83.6974388338154
31.8896835485785,-83.6974388599632
31.89,-83.6974388608298
31.8996835485785,-83.6974388870298
31.9,-83.6974388878981
31.9096835485785,-83.6974389141525
31.91,-83.6974389150226
31.9196835485785,-83.6974389413334
31.92,-83.6974389422053
31.9296835485785,-83.6974389685747
31.93,-83.6974389694485
31.9396835485785,-83.6974389958785
31.94,-83.6974389967543
31.9496835485785,-83.6974390232469
31.95,-83.6974390241247
31.9596835485785,-83.6974390506819
31.96,-83.6974390515619
31.9696835485785,-83.6974390781856
31.97,-83.6974390790677
31.9796835485785,-83.6974391057598
31.98,-83.6974391066442
31.9896835485785,-83.6974391334066
31.99,-83.6974391342933
31.9996835485785,-83.6974391611279
32,-83.6974391620169
32.0096835485785,-83.6974391889254
32.01,-83.6974391898168
32.0196835485785,-83.6974392168011
32.02,-83.697439217695
32.0296835485785,-83.6974392447567
32.03,-83.6974392456531
32.0396835485785,-83.6974392727939
32.04,-83.6974392736929
32.0496835485785,-83.6974393009146
32.05,-83.6974393018162
32.0596835485785,-83.6974393291203
32.06,-83.6974393300246
32.0696835485785,-83.6974393574128
32.07,-83.6974393583198
32.0796835485785,-83.6974393857936
32.08,-83.6974393867034
32.0896835485785,-83.6974394142643
32.09,-83.6974394151769
32.0996835485785,-83.6974394428264
32.1,-83.6974394437419
32.1096835485785,-83.6974394714815
32.11,-83.6974394724005
32.1196835485785,-83.6974395002316
32.12,-83.6974395011538
32.1296835485785,-83.6974395290778
32.13,-83.697439530001
32.1396835485785,-83.6974395580191
32.14,-83.6974395589446
32.1496835485785,-83.6974395870583
32.15,-83.6974395879868
32.1596835485785,-83.6974396161974
32.16,-83.6974396171291
32.1696835485785,-83.6974396454377
32.17,-83.6974396463727
32.1796835485785,-83.6974396747806
32.18,-83.6974396757187
32.1896835485785,-83.6974397042271
32.19,-83.6974397051686
32.1996835485785,-83.6974397337786
32.2,-83.6974397347234
32.2096835485785,-83.6974397634361
32.21,-83.6974397643843
32.2196835485785,-83.6974397932008
32.22,-83.6974397941523
32.2296835485785,-83.6974398230738
32.23,-83.6974398240287
32.2396835485785,-83.697439853056
32.24,-83.6974398540144
32.2496835485785,-83.6974398831486
32.25,-83.6974398841105
32.2596835485785,-83.6974399133524
32.26,-83.6974399143178
32.2696835485785,-83.6974399436685
32.27,-83.6974399446374
32.2796835485785,-83.6974399740977
32.28,-83.6974399750702
32.2896835485785,-83.6974400046409
32.29,-83.697440005617
32.2996835485785,-83.697440035299
32.3,-83.6974400362787
32.3096835485785,-83.6974400660727
32.31,-83.6974400670561
32.3196835485785,-83.6974400969628
32.32,-83.6974400979499
32.3296835485785,-83.6974401279702
32.33,-83.6974401289609
32.3396835485785,-83.6974401590953
32.34,-83.6974401600898
32.3496835485785,-83.6974401903391
32.35,-83.6974401913373
32.3596835485785,-83.697440221702
32.36,-83.6974402227039
32.3696835485785,-83.6974402531847
32.37,-83.6974402541904
32.3796835485785,-83.6974402847877
32.38,-83.6974402857973
32.3896835485785,-83.6974403165117
32.39,-83.697440317525
32.3996835485785,-83.6974403483571
32.4,-83.6974403493742
32.4096835485784,-83.6974403803243
32.41,-83.6974403813453
32.4196835485784,-83.6974404124139
32.42,-83.6974404134388
32.4296835485784,-83.6974404446263
32.43,-83.697440445655
32.4396835485784,-83.6974404769617
32.44,-83.6974404779943
32.4496835485784,-83.6974405094206
32.45,-83.6974405104571
32.4596835485784,-83.6974405420033
32.46,-83.6974405430437
32.4696835485784,-83.6974405747101
32.47,-83.6974405757544
32.4796835485784,-83.6974406075413
32.48,-83.6974406085894
32.4896835485784,-83.6974406404969
32.49,-83.697440641549
32.4996835485784,-83.6974406735773
32.5,-83.6974406746334
32.5096835485784,-83.6974407067827
32.51,-83.6974407078426
32.5196835485784,-83.697440740113
32.52,-83.6974407411769
32.5296835485784,-83.6974407735685
32.53,-83.6974407746364
32.5396835485784,-83.6974408071493
32.54,-83.6974408082211
32.5496835485784,-83.6974408408553
32.55,-83.697440841931
32.5596835485784,-83.6974408746866
32.56,-83.6974408757662
32.5696835485784,-83.6974409086432
32.57,-83.6974409097267
32.5796835485784,-83.697440942725
32.58,-83.6974409438125
32.5896835485784,-83.6974409769319
32.59,-83.6974409780233
32.5996835485784,-83.6974410112639
32.6,-83.6974410123593
32.6096835485784,-83.6974410457208
32.61,-83.6974410468201
32.6196835485784,-83.6974410803026
32.62,-83.6974410814058
32.6296835485784,-83.6974411150089
32.63,-83.697441116116
32.6396835485784,-83.6974411498396
32.64,-83.6974411509506
32.6496835485784,-83.6974411847944
32.65,-83.6974411859093
32.6596835485784,-83.6974412198732
32.66,-83.697441220992
32.6696835485784,-83.6974412550755
32.67,-83.6974412561982
32.6796835485784,-83.6974412904011
32.68,-83.6974412915277
32.6896835485784,-83.6974413258497
32.69,-83.6974413269801
32.6996835485784,-83.6974413614208
32.7,-83.6974413625551
32.7096835485784,-83.6974413971141
32.71,-83.6974413982522
32.7196835485784,-83.6974414329293
32.72,-83.6974414340712
32.7296835485784,-83.6974414688657
32.73,-83.6974414700114
32.7396835485784,-83.6974415049229
32.74,-83.6974415060724
32.7496835485784,-83.6974415411006
32.75,-83.6974415422539
32.7596835485784,-83.6974415773981
32.76,-83.6974415785551
32.7696835485784,-83.6974416138149
32.77,-83.6974416149756
32.7796835485784,-83.6974416503504
32.78,-83.6974416515149
32.7896835485784,-83.6974416870042
32.79,-83.6974416881723
32.7996835485784,-83.6974417237755
32.8,-83.6974417249473
32.8096835485784,-83.6974417606637
32.81,-83.6974417618392
32.8196835485784,-83.6974417976681
32.82,-83.6974417988473
32.8296835485784,-83.6974418347882
32.83,-83.697441835971
32.8396835485784,-83.6974418720232
32.84,-83.6974418732096
32.8496835485784,-83.6974419093724
32.85,-83.6974419105623
32.8596835485784,-83.697441946835
32.86,-83.6974419480285
32.8696835485784,-83.6974419844103
32.87,-83.6974419856073
32.8796835485784,-83.6974420220975
32.88,-83.697442023298
32.8896835485784,-83.6974420598957
32.89,-83.6974420610997
32.8996835485784,-83.6974420978043
32.9,-83.6974420990117
32.9096835485784,-83.6974421358223
32.91,-83.6974421370331
32.9196835485783,-83.6974421739489
32.92,-83.6974421751631
32.9296835485783,-83.6974422121831
32.93,-83.6974422134007
32.9396835485783,-83.6974422505242
32.94,-83.6974422517451
32.9496835485783,-83.6974422889711
32.95,-83.6974422901953
32.9596835485783,-83.697442327523
32.96,-83.6974423287519
32.9696835485783,-83.6974423661803
32.97,-83.6974423674124
32.9796835485783,-83.6974424049405
32.98,-83.6974424061747
32.9896835485783,-83.6974424438016
32.99,-83.6974424450375
32.9996835485783,-83.6974424827622
33,-83.6974424840013
33.0096835485783,-83.6974425218228
33.01,-83.697442523065
33.0196835485783,-83.6974425609824
33.02,-83.6974425622277
33.0296835485783,-83.6974426002399
33.03,-83.6974426014882
33.0396835485783,-83.6974426395942
33.04,-83.6974426408456
33.0496835485783,-83.6974426790442
33.05,-83.6974426802986
33.0596835485783,-83.6974427185889
33.06,-83.6974427198463
33.0696835485783,-83.6974427582271
33.07,-83.6974427594874
33.0796835485783,-83.6974427979576
33.08,-83.6974427992209
33.0896835485783,-83.6974428377794
33.09,-83.6974428390455
33.0996835485783,-83.6974428776913
33.1,-83.6974428789601
33.1096835485783,-83.697442917692
33.11,-83.6974429189637
33.1196835485783,-83.6974429577804
33.12,-83.6974429590548
33.1296835485783,-83.6974429979553
33.13,-83.6974429992324
33.1396835485783,-83.6974430382154
33.14,-83.6974430394952
33.1496835485783,-83.6974430785596
33.15,-83.6974430798419
33.1596835485783,-83.6974431189865
33.16,-83.6974431202714
33.1696835485783,-83.6974431594949
33.17,-83.6974431607824
33.1796835485783,-83.6974432000836
33.18,-83.6974432013736
33.1896835485783,-83.6974432407512
33.19,-83.6974432420436
33.1996835485783,-83.6974432814964
33.2,-83.6974432827913
33.2096835485783,-83.697443322318
33.21,-83.6974433236153
33.2196835485783,-83.6974433632147
33.22,-83.6974433645143
33.2296835485783,-83.697443404185
33.23,-83.6974434054869
33.2396835485783,-83.6974434452277
33.24,-83.6974434465318
33.2496835485783,-83.6974434863413
33.25,-83.6974434876477
33.2596835485783,-83.6974435275246
33.26,-83.6974435288332
33.2696835485783,-83.6974435687762
33.27,-83.6974435700868
33.2796835485783,-83.6974436100946
33.28,-83.6974436114074
33.2896835485783,-83.6974436514785
33.29,-83.6974436527933
33.2996835485783,-83.6974436929265
33.3,-83.6974436942433
33.3096835485783,-83.6974437344372
33.31,-83.6974437357559
33.3196835485783,-83.6974437760091
33.32,-83.6974437773297
33.3296835485783,-83.6974438176408
33.33,-83.6974438189633
33.3396835485783,-83.6974438593309
33.34,-83.6974438606552
33.3496835485783,-83.6974439010779
33.35,-83.697443902404
33.3596835485783,-83.6974439428805
33.36,-83.6974439442082
33.3696835485783,-83.697443984737
33.37,-83.6974439860664
33.3796835485783,-83.6974440266461
33.38,-83.6974440279772
33.3896835485783,-83.6974440686062
33.39,-83.6974440699389
33.3996835485783,-83.697444110616
33.4,-83.6974441119501
33.4096835485783,-83.6974441526738
33.41,-83.6974441540095
33.4196835485782,-83.6974441947783
33.42,-83.6974441961153
33.4296835485782,-83.6974442369278
33.43,-83.6974442382663
33.4396835485782,-83.6974442791209
33.44,-83.6974442804607
33.4496835485782,-83.6974443213561
33.45,-83.6974443226972
33.4596835485782,-83.6974443636318
33.46,-83.6974443649742
33.4696835485782,-83.6974444059466
33.47,-83.6974444072901
33.4796835485782,-83.6974444482988
33.48,-83.6974444496435
33.4896835485782,-83.697444490687
33.49,-83.6974444920328
33.4996835485782,-83.6974445331097
33.5,-83.6974445344565
33.5096835485782,-83.6974445755652
33.51,-83.697444576913
33.5196835485782,-83.6974446180519
33.52,-83.6974446194007
33.5296835485782,-83.6974446605685
33.53,-83.6974446619182
33.5396835485782,-83.6974447031132
33.54,-83.6974447044638
33.5496835485782,-83.6974447456846
33.55,-83.697444747036
33.5596835485782,-83.6974447882811
33.56,-83.6974447896332
33.5696835485782,-83.697444830901
33.57,-83.6974448322538
33.5796835485782,-83.6974448735429
33.58,-83.6974448748963
33.5896835485782,-83.6974449162051
33.59,-83.6974449175591
33.5996835485782,-83.6974449588861
33.6,-83.6974449602407
33.6096835485782,-83.6974450015842
33.61,-83.6974450029393
33.6196835485782,-83.697445044298
33.62,-83.6974450456535
33.6296835485782,-83.6974450870257
33.63,-83.6974450883817
33.6396835485782,-83.6974451297659
33.64,-83.6974451311222
33.6496835485782,-83.6974451725169
33.65,-83.6974451738735
33.6596835485782,-83.6974452152772
33.66,-83.697445216634
33.6696835485782,-83.6974452580451
33.67,-83.6974452594021
33.6796835485782,-83.697445300819
33.68,-83.6974453021762
33.6896835485782,-83.6974453435973
33.69,-83.6974453449546
33.6996835485782,-83.6974453863785
33.7,-83.6974453877359
33.7096835485782,-83.697445429161
33.71,-83.6974454305183
33.7196835485782,-83.6974454719431
33.72,-83.6974454733004
33.7296835485782,-83.6974455147232
33.73,-83.6974455160804
33.7396835485782,-83.6974455574998
33.74,-83.6974455588568
33.7496835485782,-83.6974456002712
33.75,-83.697445601628
33.7596835485782,-83.6974456430358
33.76,-83.6974456443924
33.7696835485782,-83.6974456857921
33.77,-83.6974456871484
33.7796835485782,-83.6974457285385
33.78,-83.6974457298943
33.7896835485782,-83.6974457712732
33.79,-83.6974457726287
33.7996835485782,-83.6974458139947
33.8,-83.6974458153498
33.8096835485782,-83.6974458567015
33.81,-83.697445858056
33.8196835485782,-83.697445899392
33.82,-83.6974459007459
33.8296835485782,-83.6974459420644
33.83,-83.6974459434177
33.8396835485782,-83.6974459847173
33.84,-83.69744598607
33.8496835485782,-83.697446027349
33.85,-83.6974460287009
33.8596835485782,-83.6974460699579
33.86,-83.6974460713091
33.8696835485782,-83.6974461125425
33.87,-83.6974461138929
33.8796835485782,-83.6974461551011
33.88,-83.6974461564507
33.8896835485782,-83.6974461976322
33.89,-83.6974461989808
33.8996835485782,-83.6974462401342
33.9,-83.6974462414819
33.9096835485782,-83.6974462826055
33.91,-83.6974462839521
33.9196835485781,-83.6974463250444
33.92,-83.69744632639
33.9296835485781,-83.6974463674495
33.93,-83.697446368794
33.9396835485781,-83.6974464098192
33.94,-83.6974464111624
33.9496835485781,-83.6974464521518
33.95,-83.6974464534938
33.9596835485781,-83.6974464944457
33.96,-83.6974464957865
33.9696835485781,-83.6974465366995
33.97,-83.697446538039
33.9796835485781,-83.6974465789116
33.98,-83.6974465802497
33.9896835485781,-83.6974466210804
33.99,-83.6974466224171
33.9996835485781,-83.6974466632042
34,-83.6974466645395
34.0096835485781,-83.6974467052817
34.01,-83.6974467066154
34.0196835485781,-83.6974467473111
34.02,-83.6974467486433
34.0296835485781,-83.6974467892911
34.03,-83.6974467906216
34.0396835485781,-83.6974468312199
34.04,-83.6974468325488
34.0496835485781,-83.6974468730961
34.05,-83.6974468744233
34.0596835485781,-83.6974469149182
34.06,-83.6974469162436
34.0696835485781,-83.6974469566845
34.07,-83.6974469580081
34.0796835485781,-83.6974469983936
34.08,-83.6974469997154
34.0896835485781,-83.697447040044
34.09,-83.6974470413638
34.0996835485781,-83.697447081634
34.1,-83.6974470829519
34.1096835485781,-83.6974471231623
34.11,-83.6974471244782
34.1196835485781,-83.6974471646272
34.12,-83.6974471659411
34.1296835485781,-83.6974472060273
34.13,-83.6974472073391
34.1396835485781,-83.6974472473611
34.14,-83.6974472486707
34.1496835485781,-83.697447288627
34.15,-83.6974472899345
34.1596835485781,-83.6974473298236
34.16,-83.6974473311288
34.1696835485781,-83.6974473709493
34.17,-83.6974473722523
34.1796835485781,-83.6974474120027
34.18,-83.6974474133033
34.1896835485781,-83.6974474529823
34.19,-83.6974474542805
34.1996835485781,-83.6974474938865
34.2,-83.6974474951823
34.2096835485781,-83.6974475347139
34.21,-83.6974475360072
34.2196835485781,-83.697447575463
34.22,-83.6974475767538
34.2296835485781,-83.6974476161323
34.23,-83.6974476174205
34.2396835485781,-83.6974476567203
34.24,-83.697447658006
34.2496835485781,-83.6974476972257
34.25,-83.6974476985087
34.2596835485781,-83.6974477376469
34.26,-83.6974477389271
34.2696835485781,-83.6974477779824
34.27,-83.6974477792599
34.2796835485781,-83.6974478182308
34.28,-83.6974478195055
34.2896835485781,-83.6974478583906
34.29,-83.6974478596625
34.2996835485781,-83.6974478984604
34.3,-83.6974478997294
34.3096835485781,-83.6974479384388
34.31,-83.6974479397049
34.3196835485781,-83.6974479783243
34.32,-83.6974479795874
34.3296835485781,-83.6974480181155
34.33,-83.6974480193762
34.3396835485781,-83.6974480578116
34.34,-83.6974480590692
34.3496835485781,-83.6974480974105
34.35,-83.697448098665
34.3596835485781,-83.6974481369108
34.36,-83.6974481381621
34.3696835485781,-83.6974481763111
34.37,-83.6974481775593
34.3796835485781,-83.6974482156101
34.38,-83.6974482168542
34.3896835485781,-83.6974482548054
34.39,-83.6974482560462
34.3996835485781,-83.6974482938965
34.4,-83.6974482951339
34.4096835485781,-83.6974483328821
34.41,-83.6974483341161
34.419683548578,-83.6974483717607
34.42,-83.6974483729913
34.429683548578,-83.6974484105309
34.43,-83.697448411758
34.439683548578,-83.6974484491915
34.44,-83.6974484504151
34.449683548578,-83.697448487741
34.45,-83.6974484889611
34.459683548578,-83.6974485261781
34.46,-83.6974485273945
34.469683548578,-83.6974485645014
34.47,-83.6974485657142
34.479683548578,-83.6974486027096
34.48,-83.6974486039188
34.489683548578,-83.6974486408013
34.49,-83.6974486420068
34.499683548578,-83.6974486787753
34.5,-83.697448679977
34.509683548578,-83.6974487166302
34.51,-83.6974487178281
34.519683548578,-83.6974487543647
34.52,-83.6974487555588
34.529683548578,-83.6974487919775
34.53,-83.6974487931677
34.539683548578,-83.6974488294673
34.54,-83.6974488306535
34.549683548578,-83.6974488668327
34.55,-83.697448868015
34.559683548578,-83.6974489040726
34.56,-83.6974489052509
34.569683548578,-83.6974489411856
34.57,-83.6974489423599
34.579683548578,-83.6974489781705
34.58,-83.6974489793406
34.589683548578,-83.697449015026
34.59,-83.697449016192
34.599683548578,-83.6974490517509
34.6,-83.6974490529127
34.609683548578,-83.6974490883438
34.61,-83.6974490895015
34.619683548578,-83.6974491248037
34.62,-83.6974491259571
34.629683548578,-83.6974491611292
34.63,-83.6974491622783
34.639683548578,-83.6974491973192
34.64,-83.697449198464
34.649683548578,-83.6974492333723
34.65,-83.6974492345128
34.659683548578,-83.6974492692875
34.66,-83.6974492704236
34.669683548578,-83.6974493050636
34.67,-83.6974493061952
34.679683548578,-83.6974493406993
34.68,-83.6974493418264
34.689683548578,-83.6974493761934
34.69,-83.6974493773161
34.699683548578,-83.6974494115449
34.7,-83.697449412663
34.709683548578,-83.6974494467526
34.71,-83.6974494478661
34.719683548578,-83.6974494818152
34.72,-83.6974494829241
34.729683548578,-83.6974495167318
34.73,-83.697449517836
34.739683548578,-83.697449551501
34.74,-83.6974495526006
34.749683548578,-83.6974495861219
34.75,-83.6974495872168
34.759683548578,-83.6974496205934
34.76,-83.6974496216834
34.769683548578,-83.6974496549142
34.77,-83.6974496559995
34.779683548578,-83.6974496890834
34.78,-83.6974496901638
34.789683548578,-83.6974497230998
34.79,-83.6974497241754
34.799683548578,-83.6974497569624
34.8,-83.6974497580331
34.809683548578,-83.6974497906701
34.81,-83.6974497917359
34.819683548578,-83.6974498242219
34.82,-83.6974498252827
34.829683548578,-83.6974498576168
34.83,-83.6974498586725
34.839683548578,-83.6974498908536
34.84,-83.6974498919044
34.849683548578,-83.6974499239314
34.85,-83.6974499249771
34.859683548578,-83.6974499568492
34.86,-83.6974499578898
34.869683548578,-83.697449989606
34.87,-83.6974499906415
34.879683548578,-83.6974500222008
34.88,-83.6974500232311
34.889683548578,-83.6974500546326
34.89,-83.6974500556577
34.899683548578,-83.6974500869004
34.9,-83.6974500879203
34.909683548578,-83.6974501190034
34.91,-83.697450120018
34.919683548578,-83.6974501509405
34.92,-83.6974501519499
34.9296835485779,-83.6974501827108
34.93,-83.6974501837149
34.9396835485779,-83.6974502143134
34.94,-83.6974502153122
34.9496835485779,-83.6974502457475
34.95,-83.6974502467409
34.9596835485779,-83.697450277012
34.96,-83.697450278
34.9696835485779,-83.6974503081062
34.97,-83.6974503090887
34.9796835485779,-83.6974503390291
34.98,-83.6974503400062
34.9896835485779,-83.6974503697799
34.99,-83.6974503707515
34.9996835485779,-83.6974504003577
35,-83.6974504013238
35.0096835485779,-83.6974504307617
35.01,-83.6974504317223
35.0196835485779,-83.6974504609911
35.02,-83.6974504619461
35.0296835485779,-83.697450491045
35.03,-83.6974504919945
35.0396835485779,-83.6974505209227
35.04,-83.6974505218666
35.0496835485779,-83.6974505506233
35.05,-83.6974505515616
35.0596835485779,-83.6974505801462
35.06,-83.6974505810788
35.0696835485779,-83.6974506094905
35.07,-83.6974506104174
35.0796835485779,-83.6974506386554
35.08,-83.6974506395767
35.0896835485779,-83.6974506676403
35.09,-83.6974506685559
35.0996835485779,-83.6974506964445
35.1,-83.6974506973542
35.1096835485779,-83.6974507250671
35.11,-83.6974507259711
35.1196835485779,-83.6974507535075
35.12,-83.6974507544058
35.1296835485779,-83.6974507817651
35.13,-83.6974507826575
35.1396835485779,-83.6974508098392
35.14,-83.6974508107257
35.1496835485779,-83.697450837729
35.15,-83.6974508386097
35.1596835485779,-83.697450865434
35.16,-83.6974508663088
35.1696835485779,-83.6974508929535
35.17,-83.6974508938225
35.1796835485779,-83.697450920287
35.18,-83.69745092115
35.1896835485779,-83.6974509474337
35.19,-83.6974509482908
35.1996835485779,-83.6974509743932
35.2,-83.6974509752444
35.2096835485779,-83.6974510011648
35.21,-83.69745100201
35.2196835485779,-83.6974510277481
35.22,-83.6974510285873
35.2296835485779,-83.6974510541424
35.23,-83.6974510549756
35.2396835485779,-83.6974510803472
35.24,-83.6974510811744
35.2496835485779,-83.697451106362
35.25,-83.6974511071832
35.2596835485779,-83.6974511321863
35.26,-83.6974511330014
35.2696835485779,-83.6974511578197
35.27,-83.6974511586288
35.2796835485779,-83.6974511832616
35.28,-83.6974511840646
35.2896835485779,-83.6974512085117
35.29,-83.6974512093085
35.2996835485779,-83.6974512335693
35.3,-83.6974512343601
35.3096835485779,-83.6974512584343
35.31,-83.6974512592189
35.3196835485779,-83.697451283106
35.32,-83.6974512838845
35.3296835485779,-83.6974513075842
35.33,-83.6974513083566
35.3396835485779,-83.6974513318685
35.34,-83.6974513326347
35.3496835485779,-83.6974513559584
35.35,-83.6974513567185
35.3596835485779,-83.6974513798537
35.36,-83.6974513806076
35.3696835485779,-83.697451403554
35.37,-83.6974514043017
35.3796835485779,-83.697451427059
35.38,-83.6974514278004
35.3896835485779,-83.6974514503683
35.39,-83.6974514511036
35.3996835485779,-83.6974514734818
35.4,-83.6974514742108
35.4096835485779,-83.6974514963991
35.41,-83.6974514971219
35.4196835485779,-83.6974515191199
35.42,-83.6974515198365
35.4296835485778,-83.6974515416441
35.43,-83.6974515423544
35.4396835485778,-83.6974515639713
35.44,-83.6974515646754
35.4496835485778,-83.6974515861014
35.45,-83.6974515867993
35.4596835485778,-83.6974516080342
35.46,-83.6974516087258
35.4696835485778,-83.6974516297694
35.47,-83.6974516304547
35.4796835485778,-83.6974516513069
35.48,-83.697451651986
35.4896835485778,-83.6974516726466
35.49,-83.6974516733194
35.4996835485778,-83.6974516937882
35.5,-83.6974516944547
35.5096835485778,-83.6974517147317
35.51,-83.6974517153919
35.5196835485778,-83.6974517354769
35.52,-83.6974517361308
35.5296835485778,-83.6974517560236
35.53,-83.6974517566713
35.5396835485778,-83.6974517763719
35.54,-83.6974517770132
35.5496835485778,-83.6974517965215
35.55,-83.6974517971566
35.5596835485778,-83.6974518164725
35.56,-83.6974518171012
35.5696835485778,-83.6974518362246
35.57,-83.6974518368471
35.5796835485778,-83.6974518557779
35.58,-83.6974518563941
35.5896835485778,-83.6974518751323
35.59,-83.6974518757421
35.5996835485778,-83.6974518942877
35.6,-83.6974518948913
35.6096835485778,-83.6974519132441
35.61,-83.6974519138413
35.6196835485778,-83.6974519320015
35.62,-83.6974519325924
35.6296835485778,-83.6974519505597
35.63,-83.6974519511443
35.6396835485778,-83.6974519689187
35.64,-83.697451969497
35.6496835485778,-83.6974519870786
35.65,-83.6974519876506
35.6596835485778,-83.6974520050393
35.66,-83.697452005605
35.6696835485778,-83.6974520228008
35.67,-83.6974520233601
35.6796835485778,-83.697452040363
35.68,-83.697452040916
35.6896835485778,-83.6974520577259
35.69,-83.6974520582726
35.6996835485778,-83.6974520748894
35.7,-83.6974520754298
35.7096835485778,-83.6974520918536
35.71,-83.6974520923877
35.7196835485778,-83.6974521086184
35.72,-83.6974521091462
35.7296835485778,-83.6974521251838
35.73,-83.6974521257052
35.7396835485778,-83.6974521415497
35.74,-83.6974521420648
35.7496835485778,-83.6974521577161
35.75,-83.6974521582249
35.7596835485778,-83.6974521736829
35.76,-83.6974521741854
35.7696835485778,-83.6974521894501
35.77,-83.6974521899462
35.7796835485778,-83.6974522050176
35.78,-83.6974522055074
35.7896835485778,-83.6974522203853
35.79,-83.6974522208687
35.7996835485778,-83.6974522355531
35.8,-83.6974522360302
35.8096835485778,-83.697452250521
35.81,-83.6974522509918
35.8196835485778,-83.6974522652888
35.82,-83.6974522657532
35.8296835485778,-83.6974522798563
35.83,-83.6974522803144
35.8396835485778,-83.6974522942236
35.84,-83.6974522946753
35.8496835485778,-83.6974523083903
35.85,-83.6974523088357
35.8596835485778,-83.6974523223564
35.86,-83.6974523227954
35.8696835485778,-83.6974523361216
35.87,-83.6974523365543
35.8796835485778,-83.6974523496858
35.88,-83.697452350112
35.8896835485778,-83.6974523630485
35.89,-83.6974523634684
35.8996835485778,-83.6974523762096
35.9,-83.6974523766231
35.904652648159,-83.6974523826743
35.9096217477403,-83.6974523890888
35.91,-83.6974523895752
35.9132878789149,-83.6974523937895
35.9169540100895,-83.6974523984634
35.92,-83.6974524023265
35.9206201412641,-83.6974524031109
35.93,-83.6974524148826
35.9300237927495,-83.6974524149124
35.9394274442348,-83.6974524265435
35.94,-83.6974524272464
35.9488310957201,-83.6974524380046
35.95,-83.6974524394176
35.9582347472055,-83.6974524492947
35.96,-83.6974524513951
35.9676383986908,-83.6974524604128
35.97,-83.697452463178
35.9770420501762,-83.6974524713584
35.98,-83.6974524747657
35.9864457016615,-83.6974524821309
35.99,-83.6974524861574
35.9958493531468,-83.6974524927296
36,-83.6974524973523
36.0052530046322,-83.6974525031539
36.01,-83.6974525083496
36.0146566561175,-83.697452513403
36.02,-83.6974525191485
36.0240603076028,-83.6974525234765
36.03,-83.6974525297482
36.0334639590882,-83.6974525333734
36.04,-83.697452540148
36.0428676105735,-83.6974525430933
36.05,-83.6974525503468
36.0522712620588,-83.6974525526353
36.06,-83.697452560344
36.0616749135442,-83.6974525619988
36.07,-83.6974525701387
36.0710785650295,-83.6974525711831
36.08,-83.6974525797299
36.0804822165148,-83.6974525801874
36.0898858680002,-83.6974525890109
36.09,-83.697452589117
36.0992895194855,-83.6974525976531
36.1,-83.6974525982988
36.1086931709709,-83.697452606113
36.11,-83.6974526072744
36.1180968224562,-83.6974526143899
36.12,-83.6974526160428
36.1275004739415,-83.6974526224831
36.13,-83.6974526246034
36.1369041254269,-83.6974526303919
36.14,-83.6974526329553
36.1463077769122,-83.6974526381157
36.15,-83.6974526410976
36.1557114283975,-83.6974526456536
36.16,-83.6974526490294
36.1651150798829,-83.6974526530048
36.17,-83.6974526567497
36.1745187313682,-83.6974526601686
36.18,-83.6974526642575
36.1839223828535,-83.697452667144
36.19,-83.6974526715516
36.1933260343389,-83.6974526739302
36.2,-83.6974526786309
36.2027296858242,-83.6974526805259
36.21,-83.697452685494
36.2121333373095,-83.69745268693
36.22,-83.6974526921392
36.2215369887949,-83.6974526931412
36.23,-83.6974526985645
36.2309406402802,-83.6974526991575
36.24,-83.6974527047688
36.2403442917656,-83.6974527049786
36.2455762489317,-83.6974527081344
36.25,-83.6974527107589
36.2508082060978,-83.6974527112342
36.2560401632639,-83.6974527142803
36.26,-83.6974527165515
36.2660401632639,-83.6974527199609
36.27,-83.6974527221602
36.2760401632639,-83.6974527254609
36.28,-83.6974527275896
36.2860401632639,-83.6974527307826
36.29,-83.6974527328404
36.2960401632639,-83.6974527359249
36.3,-83.6974527379114
36.3060401632639,-83.6974527408867
36.31,-83.6974527428014
36.3160401632638,-83.6974527456671
36.32,-83.6974527475097
36.3260401632638,-83.6974527502655
36.33,-83.6974527520361
36.3360401632638,-83.6974527546819
36.34,-83.6974527563804
36.3460401632638,-83.6974527589161
36.35,-83.6974527605423
36.3560401632638,-83.6974527629677
36.36,-83.6974527645216
36.3660401632638,-83.6974527668364
36.37,-83.6974527683177
36.3760401632638,-83.6974527705218
36.38,-83.6974527719305
36.3860401632638,-83.6974527740235
36.39,-83.6974527753593
36.3960401632638,-83.6974527773411
36.4,-83.6974527786038
36.4060401632638,-83.697452780474
36.41,-83.6974527816634
36.4160401632638,-83.6974527834217
36.42,-83.6974527845377
36.4260401632638,-83.6974527861837
36.43,-83.697452787226
36.4360401632638,-83.6974527887595
36.44,-83.6974527897279
36.4460401632638,-83.6974527911485
36.45,-83.6974527920427
36.4560401632638,-83.69745279335
36.46,-83.6974527941698
36.4660401632638,-83.6974527953635
36.47,-83.6974527961087
36.4760401632638,-83.6974527971885
36.48,-83.6974527978589
36.4827000639065,-83.6974527982991
36.4893599645492,-83.6974527993251
36.49,-83.6974527994192
36.4960198651919,-83.6974528002638
36.5,-83.6974528007813
36.5026797658347,-83.6974528011107
36.5093396664774,-83.6974528018616
36.51,-83.6974528019307
36.5145243139522,-83.697452802378
36.5197089614271,-83.697452802834
36.52,-83.6974528028578
36.524893608902,-83.6974528032294
36.53,-83.6974528035597
36.5311362756814,-83.6974528036253
36.5364104643339,-83.6974528038917
36.54,-83.6974528040377
36.5416846529864,-83.6974528040966
36.5469588416389,-83.6974528042414
36.55,-83.6974528042983
36.5522330302914,-83.697452804328
36.5597824926126,-83.6974528043547
36.56,-83.6974528043538
36.565724879268,-83.6974528042993
36.57,-83.6974528042201
36.5737086514322,-83.697452804126
36.58,-83.6974528039144
36.5816924235964,-83.6974528038466
36.59,-83.6974528034506
36.5916924235964,-83.6974528033573
36.6,-83.6974528028398
36.6016924235964,-83.6974528027225
36.61,-83.6974528020903
36.6116924235964,-83.6974528019502
36.62,-83.697452801208
36.6216924235964,-83.6974528010459
36.63,-83.697452800197
36.6316924235964,-83.6974528000134
36.64,-83.69745279906
36.6416924235964,-83.6974527988553
36.65,-83.6974527977987
36.6516924235964,-83.697452797573
36.66,-83.6974527964139
36.6616924235964,-83.6974527961673
36.67,-83.6974527949058
36.6716924235964,-83.6974527946384
36.68,-83.6974527932745
36.6816924235964,-83.6974527929862
36.69,-83.6974527915196
36.6916924235964,-83.6974527912103
36.7,-83.6974527896404
36.7016924235963,-83.69745278931
36.71,-83.6974527876363
36.7116924235963,-83.6974527872847
36.72,-83.6974527855066
36.7216924235963,-83.6974527851336
36.73,-83.6974527832505
36.7316924235963,-83.6974527828561
36.74,-83.6974527808674
36.7416924235963,-83.6974527804514
36.75,-83.6974527783564
36.7516924235963,-83.6974527779187
36.76,-83.6974527757169
36.7616924235963,-83.6974527752574
36.77,-83.6974527729482
36.7716924235963,-83.6974527724668
36.78,-83.6974527700497
36.7816924235963,-83.6974527695462
36.79,-83.6974527670208
36.7916924235963,-83.6974527664952
36.8,-83.6974527638609
36.8016924235963,-83.6974527633131
36.81,-83.6974527605694
36.8116924235963,-83.6974527599993
36.82,-83.6974527571459
36.8216924235963,-83.6974527565534
36.83,-83.6974527535899
36.8316924235963,-83.6974527529749
36.84,-83.6974527499009
36.8416924235963,-83.6974527492633
36.85,-83.6974527460785
36.8516924235963,-83.6974527454184
36.86,-83.6974527421224
36.8616924235963,-83.6974527414396
36.87,-83.6974527380322
36.8716924235963,-83.6974527373266
36.88,-83.6974527338076
36.8816924235963,-83.6974527330793
36.89,-83.6974527294483
36.8916924235963,-83.6974527286971
36.9,-83.6974527249541
36.9016924235963,-83.6974527241801
36.91,-83.6974527203247
36.9116924235963,-83.6974527195278
36.92,-83.69745271556
36.9216924235963,-83.6974527147402
36.93,-83.6974527106599
36.9316924235963,-83.6974527098172
36.94,-83.6974527056243
36.9416924235963,-83.6974527047586
36.95,-83.697452700453
36.9516924235963,-83.6974526995644
36.96,-83.6974526951461
36.9616924235963,-83.6974526942345
36.97,-83.6974526897036
36.9716924235963,-83.697452688769
36.98,-83.6974526841255
36.9816924235963,-83.697452683168
36.99,-83.6974526784118
36.9916924235963,-83.6974526774314
37,-83.6974526725627
37.0016924235963,-83.6974526715594
37.01,-83.6974526665784
37.0116924235963,-83.6974526655522
37.02,-83.697452660459
37.0216924235963,-83.69745265941
37.03,-83.6974526542047
37.0316924235963,-83.6974526531329
37.04,-83.6974526478159
37.0416924235963,-83.6974526467212
37.05,-83.6974526412926
37.0516924235963,-83.6974526401753
37.06,-83.6974526346354
37.0616924235963,-83.6974526334954
37.07,-83.6974526278444
37.0716924235963,-83.6974526266819
37.08,-83.6974526209202
37.0816924235963,-83.6974526197351
37.09,-83.697452613863
37.0916924235963,-83.6974526126555
37.1,-83.6974526066735
37.1016924235963,-83.6974526054436
37.11,-83.6974525993519
37.1116924235963,-83.6974525980997
37.12,-83.6974525918989
37.1216924235963,-83.6974525906245
37.13,-83.6974525843149
37.1316924235963,-83.6974525830184
37.14,-83.6974525766005
37.1416924235963,-83.697452575282
37.15,-83.6974525687563
37.1516924235963,-83.6974525674159
37.16,-83.6974525607829
37.1616924235963,-83.6974525594207
37.17,-83.6974525526809
37.1716924235963,-83.697452551297
37.18,-83.6974525444511
37.1816924235963,-83.6974525430456
37.19,-83.697452536094
37.1916924235963,-83.697452534667
37.2,-83.6974525276104
37.2016924235962,-83.6974525261621
37.21,-83.6974525190011
37.2116924235962,-83.6974525175316
37.22,-83.6974525102668
37.2216924235962,-83.6974525087762
37.23,-83.6974525014082
37.2316924235962,-83.6974524998967
37.24,-83.6974524924263
37.2416924235962,-83.697452490894
37.25,-83.6974524833218
37.2516924235962,-83.6974524817688
37.26,-83.6974524740955
37.2616924235962,-83.697452472522
37.27,-83.6974524647484
37.2716924235962,-83.6974524631545
37.28,-83.6974524552813
37.2816924235962,-83.6974524536673
37.29,-83.6974524456952
37.2916924235962,-83.6974524440611
37.3,-83.697452435991
37.3016924235962,-83.697452434337
37.31,-83.6974524261696
37.3116924235962,-83.6974524244958
37.32,-83.697452416232
37.3216924235962,-83.6974524145387
37.33,-83.6974524061792
37.3316924235962,-83.6974524044665
37.34,-83.6974523960122
37.3416924235962,-83.6974523942802
37.35,-83.697452385732
37.3516924235962,-83.697452383981
37.36,-83.6974523753397
37.3616924235962,-83.6974523735698
37.37,-83.6974523648364
37.3716924235962,-83.6974523630478
37.38,-83.697452354223
37.3816924235962,-83.6974523524159
37.39,-83.6974523435007
37.3916924235962,-83.6974523416753
37.4,-83.6974523326706
37.4016924235962,-83.6974523308271
37.41,-83.6974523217338
37.4116924235962,-83.6974523198724
37.42,-83.6974523106915
37.4216924235962,-83.6974523088123
37.43,-83.6974522995448
37.4316924235962,-83.697452297648
37.44,-83.6974522882949
37.4416924235962,-83.6974522863808
37.45,-83.6974522769429
37.4516924235962,-83.6974522750116
37.46,-83.6974522654901
37.4616924235962,-83.6974522635418
37.47,-83.6974522539376
37.4716924235962,-83.6974522519726
37.48,-83.6974522422867
37.4816924235962,-83.6974522403052
37.49,-83.6974522305386
37.4916924235962,-83.6974522285408
37.5,-83.6974522186946
37.5016924235962,-83.6974522166806
37.51,-83.6974522067559
37.5116924235962,-83.697452204726
37.52,-83.6974521947237
37.5216924235962,-83.6974521926781
37.53,-83.6974521825994
37.5316924235962,-83.6974521805384
37.54,-83.6974521703843
37.5416924235962,-83.697452168308
37.55,-83.6974521580796
37.5516924235962,-83.6974521559883
37.56,-83.6974521456867
37.5616924235962,-83.6974521435806
37.57,-83.6974521332068
37.5716924235962,-83.6974521310862
37.58,-83.6974521206415
37.5816924235962,-83.6974521185064
37.59,-83.6974521079918
37.5916924235962,-83.6974521058427
37.6,-83.6974520952593
37.6016924235962,-83.6974520930963
37.61,-83.6974520824453
37.6116924235962,-83.6974520802686
37.62,-83.6974520695512
37.6216924235962,-83.697452067361
37.63,-83.6974520565782
37.6316924235962,-83.6974520543749
37.64,-83.697452043528
37.6416924235962,-83.6974520413117
37.65,-83.6974520304017
37.6516924235962,-83.6974520281727
37.66,-83.6974520172009
37.6616924235962,-83.6974520149594
37.67,-83.6974520039269
37.6716924235962,-83.6974520016732
37.68,-83.6974519905813
37.6816924235962,-83.6974519883155
37.69,-83.6974519771653
37.6916924235962,-83.6974519748878
37.7,-83.6974519636804
37.7016924235961,-83.6974519613914
37.71,-83.6974519501281
37.7116924235961,-83.6974519478279
37.72,-83.6974519365099
37.7216924235961,-83.6974519341986
37.73,-83.6974519228271
37.7316924235961,-83.697451920505
37.74,-83.6974519090813
37.7416924235961,-83.6974519067487
37.75,-83.6974518952738
37.7516924235961,-83.697451892931
37.76,-83.6974518814063
37.7616924235961,-83.6974518790534
37.77,-83.6974518674801
37.7716924235961,-83.6974518651174
37.78,-83.6974518534968
37.7816924235961,-83.6974518511246
37.79,-83.6974518394577
37.7916924235961,-83.6974518370763
37.8,-83.6974518253645
37.8016924235961,-83.697451822974
37.81,-83.6974518112187
37.8116924235961,-83.6974518088194
37.82,-83.6974517970216
37.8216924235961,-83.6974517946138
37.83,-83.6974517827748
37.8316924235961,-83.6974517803588
37.84,-83.6974517684799
37.8416924235961,-83.6974517660558
37.85,-83.6974517541383
37.8516924235961,-83.6974517517065
37.86,-83.6974517397515
37.8616924235961,-83.6974517373122
37.87,-83.6974517253211
37.8716924235961,-83.6974517228746
37.88,-83.6974517108486
37.8816924235961,-83.6974517083951
37.89,-83.6974516963355
37.8916924235961,-83.6974516938753
37.9,-83.6974516817833
37.9016924235961,-83.6974516793166
37.91,-83.6974516671935
37.9116924235961,-83.6974516647206
37.92,-83.6974516525678
37.9216924235961,-83.6974516500889
37.93,-83.6974516379075
37.9316924235961,-83.697451635423
37.94,-83.6974516232142
37.9416924235961,-83.6974516207243
37.95,-83.6974516084895
37.9516924235961,-83.6974516059944
37.96,-83.6974515937349
37.9616924235961,-83.6974515912349
37.97,-83.6974515789519
37.9716924235961,-83.6974515764473
37.98,-83.6974515641421
37.9816924235961,-83.697451561633
37.99,-83.697451549307
37.9916924235961,-83.6974515467938
38,-83.697451534448
38.0016924235961,-83.697451531931
38.01,-83.6974515195668
38.0116924235961,-83.6974515170461
38.02,-83.6974515046649
38.0216924235961,-83.6974515021409
38.03,-83.6974514897438
38.0316924235961,-83.6974514872167
38.04,-83.6974514748051
38.0416924235961,-83.6974514722751
38.05,-83.6974514598502
38.0516924235961,-83.6974514573176
38.06,-83.6974514448807
38.0616924235961,-83.6974514423458
38.07,-83.6974514298981
38.0716924235961,-83.6974514273611
38.08,-83.697451414904
38.0816924235961,-83.6974514123652
38.09,-83.6974513998998
38.0916924235961,-83.6974513973595
38.1,-83.6974513848871
38.1016924235961,-83.6974513823455
38.11,-83.6974513698675
38.1116924235961,-83.6974513673248
38.12,-83.6974513548423
38.1216924235961,-83.6974513522989
38.13,-83.6974513398133
38.1316924235961,-83.6974513372693
38.14,-83.6974513247817
38.1416924235961,-83.6974513222376
38.15,-83.6974513097493
38.1516924235961,-83.6974513072051
38.16,-83.6974512947174
38.1616924235961,-83.6974512921734
38.17,-83.6974512796876
38.1716924235961,-83.6974512771442
38.18,-83.6974512646614
38.1816924235961,-83.6974512621187
38.19,-83.6974512496403
38.1916924235961,-83.6974512470986
38.2,-83.6974512346257
38.2016924235961,-83.6974512320853
38.21,-83.6974512196193
38.211692423596,-83.6974512170803
38.22,-83.6974512046223
38.221692423596,-83.6974512020852
38.23,-83.6974511896365
38.231692423596,-83.6974511871014
38.24,-83.6974511746631
38.241692423596,-83.6974511721303
38.25,-83.6974511597038
38.251692423596,-83.6974511571734
38.26,-83.6974511447599
38.261692423596,-83.6974511422324
38.27,-83.697451129833
38.271692423596,-83.6974511273085
38.28,-83.6974511149245
38.281692423596,-83.6974511124032
38.29,-83.6974511000359
38.291692423596,-83.6974510975181
38.3,-83.6974510851686
38.301692423596,-83.6974510826545
38.31,-83.6974510703241
38.311692423596,-83.697451067814
38.32,-83.6974510555038
38.321692423596,-83.697451052998
38.33,-83.6974510407091
38.331692423596,-83.6974510382078
38.34,-83.6974510259416
38.341692423596,-83.697451023445
38.35,-83.6974510112026
38.351692423596,-83.697451008711
38.36,-83.6974509964935
38.361692423596,-83.6974509940071
38.37,-83.6974509818159
38.371692423596,-83.6974509793349
38.38,-83.6974509671711
38.381692423596,-83.6974509646958
38.39,-83.6974509525604
38.391692423596,-83.6974509500911
38.4,-83.6974509379854
38.401692423596,-83.6974509355222
38.41,-83.6974509234474
38.411692423596,-83.6974509209906
38.42,-83.6974509089478
38.421692423596,-83.6974509064977
38.43,-83.697450894488
38.431692423596,-83.6974508920448
38.44,-83.6974508800694
38.441692423596,-83.6974508776333
38.45,-83.6974508656934
38.451692423596,-83.6974508632646
38.46,-83.6974508513613
38.461692423596,-83.6974508489401
38.47,-83.6974508370745
38.471692423596,-83.6974508346611
38.48,-83.6974508228344
38.481692423596,-83.697450820429
38.49,-83.6974508086423
38.491692423596,-83.6974508062452
38.5,-83.6974507944996
38.501692423596,-83.697450792111
38.51,-83.6974507804076
38.511692423596,-83.6974507780277
38.52,-83.6974507663677
38.521692423596,-83.6974507639967
38.53,-83.6974507523811
38.531692423596,-83.6974507500193
38.54,-83.6974507384493
38.541692423596,-83.6974507360969
38.55,-83.6974507245735
38.551692423596,-83.6974507222307
38.56,-83.697450710755
38.561692423596,-83.6974507084221
38.57,-83.6974506969953
38.571692423596,-83.6974506946723
38.58,-83.6974506832954
38.581692423596,-83.6974506809828
38.59,-83.6974506696568
38.591692423596,-83.6974506673547
38.6,-83.6974506560808
38.601692423596,-83.6974506537894
38.61,-83.6974506425686
38.611692423596,-83.6974506402881
38.62,-83.6974506291215
38.621692423596,-83.6974506268521
38.63,-83.6974506157408
38.631692423596,-83.6974506134828
38.64,-83.6974506024277
38.641692423596,-83.6974506001812
38.65,-83.6974505891835
38.651692423596,-83.6974505869488
38.66,-83.6974505760094
38.661692423596,-83.6974505737868
38.67,-83.6974505629067
38.671692423596,-83.6974505606963
38.68,-83.6974505498767
38.681692423596,-83.6974505476787
38.69,-83.6974505369205
38.691692423596,-83.6974505347351
38.7,-83.6974505240395
38.701692423596,-83.6974505218669
38.71,-83.6974505112347
38.7116924235959,-83.6974505090751
38.72,-83.6974504985075
38.7216924235959,-83.6974504963611
38.73,-83.6974504858589
38.7316924235959,-83.6974504837261
38.74,-83.6974504732904
38.7416924235959,-83.6974504711712
38.75,-83.6974504608029
38.7516924235959,-83.6974504586976
38.76,-83.6974504483978
38.7616924235959,-83.6974504463065
38.77,-83.6974504360762
38.7716924235959,-83.6974504339992
38.78,-83.6974504238393
38.7816924235959,-83.6974504217767
38.79,-83.6974504116882
38.7916924235959,-83.6974504096403
38.8,-83.6974503996242
38.8016924235959,-83.6974503975911
38.81,-83.6974503876483
38.8116924235959,-83.6974503856302
38.82,-83.6974503757618
38.8216924235959,-83.6974503737589
38.83,-83.6974503639657
38.8316924235959,-83.6974503619783
38.84,-83.6974503522613
38.8416924235959,-83.6974503502895
38.85,-83.6974503406497
38.8516924235959,-83.6974503386937
38.86,-83.6974503291319
38.8616924235959,-83.697450327192
38.87,-83.6974503177092
38.8716924235959,-83.6974503157854
38.88,-83.6974503063827
38.8816924235959,-83.6974503044753
38.89,-83.6974502951534
38.8916924235959,-83.6974502932625
38.9,-83.6974502840224
38.9016924235959,-83.6974502821484
38.91,-83.697450272991
38.9116924235959,-83.6974502711339
38.92,-83.6974502620601
38.9216924235959,-83.6974502602201
38.93,-83.697450251231
38.9316924235959,-83.6974502494083
38.94,-83.6974502405046
38.9416924235959,-83.6974502386994
38.95,-83.697450229882
38.9516924235959,-83.6974502280945
38.96,-83.6974502193644
38.9616924235959,-83.6974502175948
38.97,-83.6974502089528
38.9716924235959,-83.6974502072013
38.98,-83.6974501986483
38.9816924235959,-83.697450196915
38.99,-83.697450188452
38.9916924235959,-83.6974501867371
39,-83.6974501783649
39.0016924235959,-83.6974501766686
39.01,-83.6974501683881
39.0116924235959,-83.6974501667105
39.02,-83.6974501585226
39.0216924235959,-83.6974501568639
39.03,-83.6974501487695
39.0316924235959,-83.69745014713
39.04,-83.6974501391298
39.0416924235959,-83.6974501375096
39.05,-83.6974501296046
39.0516924235959,-83.6974501280039
39.06,-83.697450120195
39.0616924235959,-83.6974501186139
39.07,-83.6974501109019
39.0716924235959,-83.6974501093407
39.08,-83.6974501017265
39.0816924235959,-83.6974501001853
39.09,-83.6974500926697
39.0916924235959,-83.6974500911486
39.1,-83.6974500837325
39.1016924235959,-83.6974500822318
39.11,-83.6974500749161
39.1116924235959,-83.6974500734359
39.12,-83.6974500662214
39.1216924235959,-83.697450064762
39.13,-83.6974500576495
39.1316924235959,-83.6974500562109
39.14,-83.6974500492013
39.1416924235959,-83.6974500477838
39.15,-83.697450040878
39.1516924235959,-83.6974500394817
39.16,-83.6974500326805
39.1616924235959,-83.6974500313057
39.17,-83.6974500246099
39.1716924235959,-83.6974500232566
39.18,-83.6974500166672
39.1816924235959,-83.6974500153357
39.19,-83.6974500088534
39.1916924235959,-83.6974500075438
39.2,-83.6974500011695
39.2016924235959,-83.697449999882
39.21,-83.6974499936166
39.2116924235958,-83.6974499923513
39.22,-83.6974499861957
39.2216924235958,-83.6974499849529
39.23,-83.6974499789078
39.2316924235958,-83.6974499776875
39.24,-83.6974499717539
39.2416924235958,-83.6974499705565
39.25,-83.6974499647351
39.2516924235958,-83.6974499635606
39.26,-83.6974499578524
39.2616924235958,-83.697449956701
39.27,-83.6974499511068
39.2716924235958,-83.6974499499788
39.28,-83.6974499444995
39.2816924235958,-83.6974499433949
39.29,-83.6974499380313
39.2916924235958,-83.6974499369504
39.3,-83.6974499317034
39.3016924235958,-83.6974499306464
39.31,-83.6974499255168
39.3116924235958,-83.6974499244838
39.32,-83.6974499194726
39.3216924235958,-83.6974499184638
39.33,-83.6974499135718
39.3316924235958,-83.6974499125874
39.34,-83.6974499078155
39.3416924235958,-83.6974499068557
39.35,-83.6974499022048
39.3516924235958,-83.6974499012697
39.36,-83.6974498967408
39.3616924235958,-83.6974498958306
39.37,-83.6974498914245
39.3716924235958,-83.6974498905394
39.38,-83.697449886257
39.3816924235958,-83.6974498853972
39.39,-83.6974498812395
39.3916924235958,-83.6974498804052
39.4,-83.697449876373
39.4016924235958,-83.6974498755644
39.41,-83.6974498716587
39.4116924235958,-83.697449870876
39.42,-83.6974498670977
39.4216924235958,-83.6974498663411
39.43,-83.6974498626913
39.4316924235958,-83.6974498619609
39.44,-83.6974498584404
39.4416924235958,-83.6974498577365
39.45,-83.6974498543464
39.4516924235958,-83.6974498536691
39.46,-83.6974498504105
39.4616924235958,-83.69744984976
39.47,-83.6974498466337
39.4716924235958,-83.6974498460104
39.48,-83.6974498430175
39.4816924235958,-83.6974498424214
39.49,-83.6974498395629
39.4916924235958,-83.6974498389944
39.5,-83.6974498362715
39.5016924235958,-83.6974498357306
39.51,-83.6974498331443
39.5116924235958,-83.6974498326314
39.52,-83.6974498301829
39.5216924235958,-83.6974498296981
39.53,-83.6974498273885
39.5316924235958,-83.6974498269322
39.54,-83.6974498247627
39.5416924235958,-83.6974498243351
39.55,-83.6974498223069
39.5516924235958,-83.6974498219082
39.56,-83.6974498200227
39.5616924235958,-83.6974498196532
39.57,-83.6974498179116
39.5716924235958,-83.6974498175716
39.58,-83.6974498159755
39.5816924235958,-83.6974498156652
39.59,-83.6974498142157
39.5916924235958,-83.6974498139354
39.6,-83.6974498126337
39.6016924235958,-83.6974498123836
39.61,-83.6974498112301
39.6116924235958,-83.6974498110102
39.62,-83.6974498100044
39.6216924235958,-83.6974498098144
39.63,-83.6974498089548
39.6316924235958,-83.6974498087945
39.64,-83.6974498080791
39.6416924235958,-83.6974498079479
39.65,-83.6974498073735
39.6516924235958,-83.6974498072706
39.66,-83.6974498068318
39.6616924235958,-83.6974498067557
39.67,-83.697449806445
39.6716924235958,-83.6974498063942
39.68,-83.6974498062029
39.6816924235958,-83.6974498061755
39.69,-83.6974498060947
39.6916924235958,-83.6974498060889
39.7,-83.69744980611
39.7016924235958,-83.6974498061241
39.71,-83.6974498062392
39.7116924235957,-83.6974498062718
39.72,-83.6974498064742
39.7216924235957,-83.6974498065239
39.73,-83.6974498068075
39.7316924235957,-83.6974498068732
39.74,-83.6974498072329
39.7416924235957,-83.6974498073136
39.75,-83.6974498077447
39.7516924235957,-83.6974498078395
39.76,-83.6974498083378
39.7616924235957,-83.6974498084459
39.77,-83.6974498090078
39.7716924235957,-83.6974498091285
39.78,-83.6974498097506
39.7816924235957,-83.6974498098832
39.79,-83.6974498105622
39.7916924235957,-83.6974498107062
39.8,-83.6974498114394
39.8016924235957,-83.6974498115941
39.81,-83.6974498123787
39.8116924235957,-83.6974498125436
39.82,-83.6974498133772
39.8216924235957,-83.6974498135519
39.83,-83.6974498144322
39.8316924235957,-83.6974498146161
39.84,-83.6974498155409
39.8416924235957,-83.6974498157336
39.85,-83.6974498167009
39.8516924235957,-83.6974498169022
39.86,-83.6974498179101
39.8616924235957,-83.6974498181195
39.87,-83.6974498191664
39.8716924235957,-83.6974498193835
39.88,-83.6974498204679
39.8816924235957,-83.6974498206925
39.89,-83.6974498218129
39.8916924235957,-83.6974498220448
39.9,-83.6974498232
39.9016924235957,-83.6974498234388
39.91,-83.6974498246277
39.9116924235957,-83.6974498248733
39.92,-83.697449826095
39.9216924235957,-83.6974498263472
39.93,-83.6974498276007
39.9316924235957,-83.6974498278593
39.94,-83.6974498291441
39.9416924235957,-83.697449829409
39.95,-83.6974498307243
39.9516924235957,-83.6974498309954
39.96,-83.6974498323408
39.9616924235957,-83.6974498326179
39.97,-83.6974498339931
39.9716924235957,-83.6974498342762
39.98,-83.6974498356808
39.9816924235957,-83.6974498359699
39.99,-83.6974498374036
39.9916924235957,-83.6974498376987
40,-83.6974498391614
40.0016924235957,-83.6974498394624
40.01,-83.6974498409541
40.0116924235957,-83.697449841261
40.02,-83.6974498427817
40.0216924235957,-83.6974498430945
40.03,-83.6974498446442
40.0316924235957,-83.6974498449629
40.04,-83.6974498465417
40.0416924235957,-83.6974498468664
40.05,-83.6974498484745
40.0516924235957,-83.6974498488051
40.06,-83.6974498504426
40.0616924235957,-83.6974498507792
40.07,-83.6974498524462
40.0716924235957,-83.6974498527889
40.08,-83.6974498544858
40.0816924235957,-83.6974498548345
40.09,-83.6974498565613
40.0916924235957,-83.6974498569162
40.1,-83.6974498586732
40.1016924235957,-83.6974498590343
40.11,-83.6974498608217
40.1116924235957,-83.6974498611889
40.12,-83.697449863007
40.1216924235957,-83.6974498633805
40.13,-83.6974498652293
40.1316924235957,-83.6974498656091
40.14,-83.697449867489
40.1416924235957,-83.6974498678751
40.15,-83.6974498697861
40.1516924235957,-83.6974498701786
40.16,-83.697449872121
40.1616924235957,-83.6974498725199
40.17,-83.6974498744938
40.1716924235957,-83.6974498748991
40.18,-83.6974498769047
40.1816924235957,-83.6974498773165
40.19,-83.6974498793538
40.1916924235957,-83.6974498797721
40.2,-83.6974498818413
40.2016924235957,-83.6974498822661
40.21,-83.6974498843673
40.2116924235957,-83.6974498847987
40.22,-83.697449886932
40.2216924235956,-83.6974498873699
40.23,-83.6974498895354
40.2316924235956,-83.6974498899799
40.24,-83.6974498921777
40.2416924235956,-83.6974498926287
40.25,-83.6974498948588
40.2516924235956,-83.6974498953165
40.26,-83.6974498975789
40.2616924235956,-83.6974498980432
40.27,-83.697449900338
40.2716924235956,-83.6974499008089
40.28,-83.6974499031361
40.2816924235956,-83.6974499036136
40.29,-83.6974499059732
40.2916924235956,-83.6974499064573
40.3,-83.6974499088494
40.3016924235956,-83.69744990934
40.31,-83.6974499117645
40.3116924235956,-83.6974499122617
40.32,-83.6974499147186
40.3216924235956,-83.6974499152224
40.33,-83.6974499177117
40.3316924235956,-83.697449918222
40.34,-83.6974499207436
40.3416924235956,-83.6974499212605
40.35,-83.6974499238143
40.3516924235956,-83.6974499243378
40.36,-83.6974499269237
40.3616924235956,-83.6974499274538
40.37,-83.6974499300718
40.3716924235956,-83.6974499306084
40.38,-83.6974499332584
40.3816924235956,-83.6974499338015
40.39,-83.6974499364835
40.3916924235956,-83.6974499370331
40.4,-83.6974499397468
40.4016924235956,-83.6974499403029
40.41,-83.6974499430484
40.4116924235956,-83.6974499436109
40.42,-83.697449946388
40.4216924235956,-83.697449946957
40.43,-83.6974499497655
40.4316924235956,-83.6974499503409
40.44,-83.6974499531808
40.4416924235956,-83.6974499537626
40.45,-83.6974499566337
40.4516924235956,-83.6974499572218
40.46,-83.697449960124
40.4616924235956,-83.6974499607184
40.47,-83.6974499636515
40.4716924235956,-83.6974499642522
40.48,-83.6974499672162
40.4816924235956,-83.6974499678231
40.49,-83.6974499708177
40.4916924235956,-83.6974499714309
40.5,-83.6974499744559
40.5016924235956,-83.6974499750753
40.51,-83.6974499781306
40.5116924235956,-83.6974499787562
40.52,-83.6974499818417
40.5216924235956,-83.6974499824733
40.53,-83.6974499855887
40.5316924235956,-83.6974499862265
40.54,-83.6974499893717
40.5416924235956,-83.6974499900155
40.55,-83.6974499931903
40.5516924235956,-83.6974499938401
40.56,-83.6974499970443
40.5616924235956,-83.6974499977001
40.57,-83.6974500009335
40.5716924235956,-83.6974500015952
40.58,-83.6974500048577
40.5816924235956,-83.6974500055253
40.59,-83.6974500088166
40.5916924235956,-83.69745000949
40.6,-83.6974500128099
40.6016924235956,-83.6974500134892
40.61,-83.6974500168375
40.6116924235956,-83.6974500175225
40.62,-83.697450020899
40.6216924235956,-83.6974500215898
40.63,-83.6974500249943
40.6316924235956,-83.6974500256907
40.64,-83.697450029123
40.6416924235956,-83.6974500298251
40.65,-83.6974500332849
40.6516924235956,-83.6974500339925
40.66,-83.6974500374796
40.6616924235956,-83.6974500381928
40.67,-83.6974500417071
40.6716924235956,-83.6974500424258
40.68,-83.6974500459668
40.6816924235956,-83.697450046691
40.69,-83.6974500502587
40.6916924235956,-83.6974500509882
40.7,-83.6974500545823
40.7016924235956,-83.6974500553172
40.71,-83.6974500589374
40.7116924235956,-83.6974500596776
40.72,-83.6974500633237
40.7216924235955,-83.6974500640692
40.73,-83.6974500677409
40.7316924235955,-83.6974500684916
40.74,-83.6974500721887
40.7416924235955,-83.6974500729445
40.75,-83.6974500766667
40.7516924235955,-83.6974500774276
40.76,-83.6974500811747
40.7616924235955,-83.6974500819407
40.77,-83.6974500857124
40.7716924235955,-83.6974500864833
40.78,-83.6974500902793
40.7816924235955,-83.6974500910552
40.79,-83.6974500948753
40.7916924235955,-83.697450095656
40.8,-83.6974500994998
40.8016924235955,-83.6974501002854
40.81,-83.6974501041527
40.8116924235955,-83.697450104943
40.82,-83.6974501088336
40.8216924235955,-83.6974501096286
40.83,-83.6974501135421
40.8316924235955,-83.6974501143417
40.84,-83.6974501182778
40.8416924235955,-83.697450119082
40.85,-83.6974501230405
40.8516924235955,-83.6974501238492
40.86,-83.6974501278297
40.8616924235955,-83.6974501286428
40.87,-83.697450132645
40.8716924235955,-83.6974501334626
40.88,-83.6974501374862
40.8816924235955,-83.6974501383081
40.89,-83.6974501423528
40.8916924235955,-83.697450143179
40.9,-83.6974501472445
40.9016924235955,-83.6974501480749
40.91,-83.6974501521608
40.9116924235955,-83.6974501529953
40.92,-83.6974501571015
40.9216924235955,-83.69745015794
40.93,-83.697450162066
40.9316924235955,-83.6974501629085
40.94,-83.6974501670539
40.9416924235955,-83.6974501679004
40.95,-83.697450172065
40.9516924235955,-83.6974501729154
40.96,-83.6974501770987
40.9616924235955,-83.6974501779529
40.97,-83.6974501821547
40.9716924235955,-83.6974501830126
40.98,-83.6974501872325
40.9816924235955,-83.6974501880941
40.99,-83.6974501923318
40.9916924235955,-83.6974501931969
41,-83.697450197452
41.0016924235955,-83.6974501983206
41.01,-83.6974502025928
41.0116924235955,-83.6974502034649
41.02,-83.6974502077537
41.0216924235955,-83.6974502086292
41.03,-83.6974502129343
41.0316924235955,-83.6974502138131
41.04,-83.6974502181342
41.0416924235955,-83.6974502190161
41.05,-83.6974502233529
41.0516924235955,-83.6974502242379
41.06,-83.6974502285899
41.0616924235955,-83.697450229478
41.07,-83.6974502338448
41.0716924235955,-83.6974502347359
41.08,-83.6974502391171
41.0816924235955,-83.6974502400111
41.09,-83.6974502444064
41.0916924235955,-83.6974502453032
41.1,-83.6974502497122
41.1016924235955,-83.6974502506118
41.11,-83.697450255034
41.1116924235955,-83.6974502559363
41.12,-83.6974502603714
41.1216924235955,-83.6974502612762
41.13,-83.6974502657239
41.1316924235955,-83.6974502666312
41.14,-83.6974502710909
41.1416924235955,-83.6974502720007
41.15,-83.6974502764721
41.1516924235955,-83.6974502773842
41.16,-83.6974502818669
41.1616924235955,-83.6974502827812
41.17,-83.6974502872748
41.1716924235955,-83.6974502881913
41.18,-83.6974502926954
41.1816924235955,-83.697450293614
41.19,-83.697450298128
41.1916924235955,-83.6974502990487
41.2,-83.6974503035724
41.2016924235955,-83.6974503044949
41.21,-83.6974503090278
41.2116924235955,-83.6974503099522
41.22,-83.6974503144939
41.2216924235954,-83.69745031542
41.23,-83.6974503199701
41.2316924235954,-83.6974503208979
41.24,-83.6974503254559
41.2416924235954,-83.6974503263852
41.25,-83.6974503309507
41.2516924235954,-83.6974503318816
41.26,-83.6974503364542
41.2616924235954,-83.6974503373864
41.27,-83.6974503419656
41.2716924235954,-83.6974503428992
41.28,-83.6974503474846
41.2816924235954,-83.6974503484194
41.29,-83.6974503530106
41.2916924235954,-83.6974503539465
41.3,-83.697450358543
41.3016924235954,-83.6974503594799
41.31,-83.6974503640813
41.3116924235954,-83.6974503650192
41.32,-83.697450369625
41.3216924235954,-83.6974503705638
41.33,-83.6974503751736
41.3316924235954,-83.6974503761132
41.34,-83.6974503807265
41.3416924235954,-83.6974503816667
41.35,-83.6974503862832
41.3516924235954,-83.697450387224
41.36,-83.697450391843
41.3616924235954,-83.6974503927843
41.37,-83.6974503974056
41.3716924235954,-83.6974503983473
41.38,-83.6974504029703
41.3816924235954,-83.6974504039122
41.39,-83.6974504085365
41.3916924235954,-83.6974504094787
41.4,-83.6974504141038
41.4016924235954,-83.6974504150461
41.41,-83.6974504196715
41.4116924235954,-83.6974504206138
41.42,-83.6974504252391
41.4216924235954,-83.6974504261814
41.43,-83.6974504308061
41.4316924235954,-83.6974504317482
41.44,-83.6974504363719
41.4416924235954,-83.6974504373137
41.45,-83.6974504419359
41.4516924235954,-83.6974504428774
41.46,-83.6974504474975
41.4616924235954,-83.6974504484386
41.47,-83.6974504530563
41.4716924235954,-83.6974504539967
41.48,-83.6974504586115
41.4816924235954,-83.6974504595513
41.49,-83.6974504641627
41.4916924235954,-83.6974504651018
41.5,-83.6974504697093
41.5016924235954,-83.6974504706476
41.51,-83.6974504752507
41.5116924235954,-83.697450476188
41.52,-83.6974504807863
41.5216924235954,-83.6974504817226
41.53,-83.6974504863156
41.5316924235954,-83.6974504872508
41.54,-83.697450491838
41.5416924235954,-83.6974504927719
41.55,-83.6974504973528
41.5516924235954,-83.6974504982854
41.56,-83.6974505028595
41.5616924235954,-83.6974505037907
41.57,-83.6974505083576
41.5716924235954,-83.6974505092873
41.58,-83.6974505138464
41.5816924235954,-83.6974505147745
41.59,-83.6974505193254
41.5916924235954,-83.6974505202517
41.6,-83.697450524794
41.6016924235954,-83.6974505257184
41.61,-83.6974505302515
41.6116924235954,-83.697450531174
41.62,-83.6974505356974
41.6216924235954,-83.6974505366179
41.63,-83.6974505411312
41.6316924235954,-83.6974505420496
41.64,-83.6974505465521
41.6416924235954,-83.6974505474683
41.65,-83.6974505519597
41.6516924235954,-83.6974505528735
41.66,-83.6974505573532
41.6616924235954,-83.6974505582647
41.67,-83.6974505627322
41.6716924235954,-83.6974505636411
41.68,-83.6974505680961
41.6816924235954,-83.6974505690023
41.69,-83.6974505734441
41.6916924235954,-83.6974505743477
41.7,-83.6974505787758
41.7016924235954,-83.6974505796766
41.71,-83.6974505840906
41.7116924235954,-83.6974505849884
41.72,-83.6974505893878
41.7216924235953,-83.6974505902825
41.73,-83.6974505946668
41.7316924235953,-83.6974505955584
41.74,-83.697450599927
41.7416924235953,-83.6974506008154
41.75,-83.6974506051679
41.7516924235953,-83.6974506060529
41.76,-83.6974506103888
41.7616924235953,-83.6974506112704
41.77,-83.6974506155891
41.7716924235953,-83.6974506164671
41.78,-83.6974506207682
41.7816924235953,-83.6974506216426
41.79,-83.6974506259255
41.7916924235953,-83.6974506267962
41.8,-83.6974506310604
41.8016924235953,-83.6974506319273
41.81,-83.6974506361724
41.8116924235953,-83.6974506370352
41.82,-83.6974506412607
41.8216924235953,-83.6974506421195
41.83,-83.6974506463248
41.8316924235953,-83.6974506471794
41.84,-83.697450651364
41.8416924235953,-83.6974506522144
41.85,-83.6974506563778
41.8516924235953,-83.6974506572239
41.86,-83.6974506613656
41.8616924235953,-83.6974506622071
41.87,-83.6974506663267
41.8716924235953,-83.6974506671637
41.88,-83.6974506712605
41.8816924235953,-83.6974506720928
41.89,-83.6974506761664
41.8916924235953,-83.697450676994
41.9,-83.6974506810439
41.9016924235953,-83.6974506818665
41.91,-83.6974506858922
41.9116924235953,-83.6974506867098
41.92,-83.6974506907108
41.9216924235953,-83.6974506915233
41.93,-83.697450695499
41.9316924235953,-83.6974506963063
41.94,-83.6974507002562
41.9416924235953,-83.6974507010583
41.95,-83.6974507049819
41.9516924235953,-83.6974507057786
41.96,-83.6974507096754
41.9616924235953,-83.6974507104666
41.97,-83.6974507143361
41.9716924235953,-83.6974507151217
41.98,-83.6974507189634
41.9816924235953,-83.6974507197432
41.99,-83.6974507235567
41.9916924235953,-83.6974507243307
42,-83.6974507281153
42.0016924235953,-83.6974507288833
42.01,-83.6974507326386
42.0116924235953,-83.6974507334006
42.02,-83.697450737126
42.0216924235953,-83.6974507378819
42.03,-83.6974507415769
42.0316924235953,-83.6974507423265
42.04,-83.6974507459907
42.0416924235953,-83.697450746734
42.05,-83.6974507503667
42.0516924235953,-83.6974507511035
42.06,-83.6974507547044
42.0616924235953,-83.6974507554347
42.07,-83.697450759003
42.0716924235953,-83.6974507597267
42.08,-83.6974507632621
42.0816924235953,-83.697450763979
42.09,-83.697450767481
42.0916924235953,-83.6974507681909
42.1,-83.6974507716589
42.1016924235953,-83.697450772362
42.11,-83.6974507757955
42.1116924235953,-83.6974507764914
42.12,-83.6974507798899
42.1216924235953,-83.6974507805786
42.13,-83.6974507839416
42.1316924235953,-83.697450784623
42.14,-83.6974507879499
42.1416924235953,-83.697450788624
42.15,-83.6974507919142
42.1516924235953,-83.6974507925808
42.16,-83.697450795834
42.1616924235953,-83.6974507964929
42.17,-83.6974507997085
42.1716924235953,-83.6974508003597
42.18,-83.6974508035372
42.1816924235953,-83.6974508041805
42.19,-83.6974508073193
42.1916924235953,-83.6974508079547
42.2,-83.6974508110543
42.2016924235953,-83.6974508116817
42.21,-83.6974508147415
42.2116924235953,-83.6974508153608
42.22,-83.6974508183803
42.2216924235953,-83.6974508189913
42.23,-83.69745082197
42.2316924235952,-83.6974508225726
42.24,-83.69745082551
42.2416924235952,-83.6974508261042
42.25,-83.6974508289997
42.2516924235952,-83.6974508295853
42.26,-83.6974508324383
42.2616924235952,-83.6974508330152
42.27,-83.6974508358253
42.2716924235952,-83.6974508363934
42.28,-83.69745083916
42.2816924235952,-83.6974508397192
42.29,-83.6974508424417
42.2916924235952,-83.6974508429918
42.3,-83.6974508456698
42.3016924235952,-83.6974508462107
42.31,-83.6974508488435
42.3116924235952,-83.6974508493752
42.32,-83.6974508519623
42.3216924235952,-83.6974508524846
42.33,-83.6974508550254
42.3316924235952,-83.6974508555382
42.34,-83.6974508580321
42.3416924235952,-83.6974508585354
42.35,-83.6974508609819
42.3516924235952,-83.6974508614754
42.36,-83.6974508638739
42.3616924235952,-83.6974508643576
42.37,-83.6974508667074
42.3716924235952,-83.6974508671812
42.38,-83.6974508694819
42.3816924235952,-83.6974508699456
42.39,-83.6974508721965
42.3916924235952,-83.69745087265
42.4,-83.6974508748505
42.4016924235952,-83.6974508752937
42.41,-83.6974508774433
42.4116924235952,-83.697450877876
42.42,-83.697450879974
42.4216924235952,-83.6974508803961
42.43,-83.6974508824419
42.4316924235952,-83.6974508828533
42.44,-83.6974508848463
42.4416924235952,-83.6974508852468
42.45,-83.6974508871863
42.4516924235952,-83.6974508875759
42.46,-83.6974508894613
42.4616924235952,-83.6974508898398
42.47,-83.6974508916703
42.4716924235952,-83.6974508920376
42.48,-83.6974508938127
42.4816924235952,-83.6974508941686
42.49,-83.6974508958876
42.4916924235952,-83.6974508962321
42.5,-83.6974508978943
42.5016924235952,-83.6974508982271
42.51,-83.6974508998319
42.5116924235952,-83.697450900153
42.52,-83.6974509016998
42.5216924235952,-83.697450902009
42.53,-83.6974509034973
42.5316924235952,-83.6974509037945
42.54,-83.6974509052238
42.5416924235952,-83.6974509055089
42.55,-83.6974509068788
42.5516924235952,-83.6974509071519
42.56,-83.6974509084622
42.5616924235952,-83.6974509087231
42.57,-83.6974509099737
42.5716924235952,-83.6974509102223
42.58,-83.6974509114132
42.5816924235952,-83.6974509116497
42.59,-83.6974509127809
42.5916924235952,-83.6974509130052
42.6,-83.6974509140768
42.6016924235952,-83.697450914289
42.61,-83.6974509153011
42.6116924235952,-83.6974509155012
42.62,-83.6974509164542
42.6216924235952,-83.6974509166424
42.63,-83.6974509175367
42.6316924235952,-83.697450917713
42.64,-83.6974509185495
42.6416924235952,-83.6974509187141
42.65,-83.6974509194936
42.6516924235952,-83.6974509196467
42.66,-83.6974509203706
42.6616924235952,-83.6974509205126
42.67,-83.6974509211824
42.6716924235952,-83.6974509213134
42.68,-83.6974509219309
42.6816924235952,-83.6974509220515
42.69,-83.6974509226186
42.6916924235952,-83.6974509227292
42.7,-83.6974509232481
42.7016924235952,-83.6974509233491
42.71,-83.6974509238222
42.7116924235952,-83.6974509239141
42.72,-83.6974509243436
42.7216924235952,-83.6974509244268
42.73,-83.6974509248151
42.7316924235951,-83.6974509248901
42.74,-83.6974509252394
42.7416924235951,-83.6974509253067
42.75,-83.6974509256192
42.7516924235951,-83.6974509256792
42.76,-83.6974509259569
42.7616924235951,-83.6974509260101
42.77,-83.6974509262552
42.7716924235951,-83.6974509263019
42.78,-83.6974509265162
42.7816924235951,-83.6974509265568
42.79,-83.6974509267421
42.7916924235951,-83.697450926777
42.8,-83.697450926935
42.8016924235951,-83.6974509269645
42.81,-83.697450927097
42.8116924235951,-83.6974509271215
42.82,-83.6974509272299
42.8216924235951,-83.6974509272497
42.83,-83.6974509273356
42.8316924235951,-83.6974509273509
42.84,-83.6974509274159
42.8416924235951,-83.6974509274271
42.85,-83.6974509274724
42.8516924235951,-83.6974509274797
42.86,-83.6974509275068
42.8616924235951,-83.6974509275105
42.87,-83.6974509275207
42.8716924235951,-83.6974509275211
42.88,-83.6974509275157
42.8816924235951,-83.6974509275131
42.89,-83.6974509274932
42.8916924235951,-83.6974509274877
42.9,-83.6974509274547
42.9016924235951,-83.6974509274467
42.91,-83.6974509274015
42.9116924235951,-83.6974509273912
42.92,-83.6974509273352
42.9216924235951,-83.6974509273227
42.93,-83.6974509272568
42.9316924235951,-83.6974509272425
42.94,-83.6974509271678
42.9416924235951,-83.6974509271518
42.95,-83.6974509270694
42.9516924235951,-83.6974509270518
42.96,-83.6974509269626
42.9616924235951,-83.6974509269438
42.97,-83.6974509268486
42.9716924235951,-83.6974509268287
42.98,-83.6974509267285
42.9816924235951,-83.6974509267077
42.99,-83.6974509266034
42.9916924235951,-83.6974509265818
43,-83.6974509264741
43.0016924235951,-83.6974509264519
43.01,-83.6974509263417
43.0116924235951,-83.697450926319
43.0195329904488,-83.6974509262133
43.02,-83.6974509262069
43.0295329904488,-83.6974509260772
43.03,-83.6974509260708
43.0395329904488,-83.6974509259405
43.04,-83.6974509259341
43.0495329904488,-83.6974509258037
43.05,-83.6974509257973
43.0595329904488,-83.6974509256674
43.06,-83.6974509256611
43.0695329904488,-83.697450925532
43.07,-83.6974509255257
43.0795329904488,-83.6974509253978
43.08,-83.6974509253916
43.0895329904488,-83.697450925265
43.09,-83.6974509252588
43.0995329904488,-83.6974509251338
43.1,-83.6974509251277
43.1095329904488,-83.6974509250044
43.11,-83.6974509249983
43.1195329904488,-83.6974509248767
43.12,-83.6974509248708
43.1295329904488,-83.6974509247509
43.13,-83.697450924745
43.1395329904488,-83.6974509246269
43.14,-83.6974509246212
43.1495329904488,-83.6974509245049
43.15,-83.6974509244993
43.1595329904488,-83.6974509243848
43.16,-83.6974509243792
43.1695329904488,-83.6974509242665
43.17,-83.697450924261
43.1795329904488,-83.6974509241501
43.18,-83.6974509241447
43.1895329904488,-83.6974509240355
43.19,-83.6974509240302
43.1995329904488,-83.6974509239227
43.2,-83.6974509239174
43.2095329904488,-83.6974509238116
43.21,-83.6974509238064
43.2195329904488,-83.6974509237022
43.22,-83.6974509236971
43.2295329904488,-83.6974509235945
43.23,-83.6974509235895
43.2395329904488,-83.6974509234885
43.24,-83.6974509234835
43.2495329904488,-83.697450923384
43.25,-83.6974509233791
43.2595329904488,-83.697450923281
43.26,-83.6974509232763
43.2695329904488,-83.6974509231796
43.27,-83.6974509231749
43.2795329904488,-83.6974509230796
43.28,-83.697450923075
43.2895329904488,-83.6974509229811
43.29,-83.6974509229765
43.2995329904488,-83.6974509228839
43.3,-83.6974509228794
43.3095329904488,-83.6974509227881
43.31,-83.6974509227836
43.3195329904488,-83.6974509226935
43.32,-83.6974509226892
43.3295329904488,-83.6974509226003
43.33,-83.697450922596
43.3395329904488,-83.6974509225083
43.34,-83.697450922504
43.3495329904488,-83.6974509224175
43.35,-83.6974509224133
43.3595329904488,-83.6974509223278
43.36,-83.6974509223237
43.3695329904488,-83.6974509222393
43.37,-83.6974509222352
43.3795329904488,-83.6974509221519
43.38,-83.6974509221479
43.3895329904488,-83.6974509220656
43.39,-83.6974509220616
43.3995329904488,-83.6974509219804
43.4,-83.6974509219764
43.4095329904488,-83.6974509218962
43.41,-83.6974509218923
43.4195329904488,-83.6974509218129
43.42,-83.6974509218091
43.4295329904488,-83.6974509217306
43.43,-83.6974509217268
43.4395329904488,-83.6974509216493
43.44,-83.6974509216456
43.4495329904488,-83.6974509215689
43.45,-83.6974509215652
43.4595329904487,-83.6974509214894
43.46,-83.6974509214858
43.4695329904487,-83.6974509214108
43.47,-83.6974509214072
43.4795329904487,-83.6974509213331
43.48,-83.6974509213295
43.4895329904487,-83.6974509212561
43.49,-83.6974509212526
43.4995329904487,-83.69745092118
43.5,-83.6974509211765
43.5095329904487,-83.6974509211047
43.51,-83.6974509211012
43.5195329904487,-83.6974509210301
43.52,-83.6974509210267
43.5295329904487,-83.6974509209563
43.53,-83.6974509209529
43.5395329904487,-83.6974509208833
43.54,-83.6974509208799
43.5495329904487,-83.6974509208109
43.55,-83.6974509208076
43.5595329904487,-83.6974509207393
43.56,-83.697450920736
43.5695329904487,-83.6974509206684
43.57,-83.6974509206651
43.5795329904487,-83.6974509205981
43.58,-83.6974509205948
43.5895329904487,-83.6974509205285
43.59,-83.6974509205252
43.5995329904487,-83.6974509204595
43.6,-83.6974509204563
43.6095329904487,-83.6974509203911
43.61,-83.6974509203879
43.6195329904487,-83.6974509203234
43.62,-83.6974509203202
43.6295329904487,-83.6974509202562
43.63,-83.6974509202531
43.6395329904487,-83.6974509201897
43.64,-83.6974509201866
43.6495329904487,-83.6974509201237
43.65,-83.6974509201206
43.6595329904487,-83.6974509200583
43.66,-83.6974509200552
43.6695329904487,-83.6974509199934
43.67,-83.6974509199904
43.6795329904487,-83.6974509199291
43.68,-83.697450919926
43.6895329904487,-83.6974509198652
43.69,-83.6974509198623
43.6995329904487,-83.697450919802
43.7,-83.697450919799
43.7095329904487,-83.6974509197392
43.71,-83.6974509197362
43.7195329904487,-83.6974509196769
43.72,-83.697450919674
43.7295329904487,-83.6974509196151
43.73,-83.6974509196122
43.7395329904487,-83.6974509195538
43.74,-83.6974509195509
43.7495329904487,-83.6974509194929
43.75,-83.6974509194901
43.7595329904487,-83.6974509194326
43.76,-83.6974509194298
43.7695329904487,-83.6974509193726
43.77,-83.6974509193699
43.7795329904487,-83.6974509193132
43.78,-83.6974509193104
43.7895329904487,-83.6974509192541
43.79,-83.6974509192514
43.7995329904487,-83.6974509191955
43.8,-83.6974509191928
43.8095329904487,-83.6974509191374
43.81,-83.6974509191347
43.8195329904487,-83.6974509190796
43.82,-83.6974509190769
43.8295329904487,-83.6974509190223
43.83,-83.6974509190196
43.8395329904487,-83.6974509189653
43.84,-83.6974509189627
43.8495329904487,-83.6974509189088
43.85,-83.6974509189062
43.8595329904487,-83.6974509188527
43.86,-83.6974509188501
43.8695329904487,-83.6974509187969
43.87,-83.6974509187943
43.8795329904487,-83.6974509187416
43.88,-83.697450918739
43.8895329904487,-83.6974509186866
43.89,-83.697450918684
43.8995329904487,-83.697450918632
43.9,-83.6974509186295
43.9095329904487,-83.6974509185778
43.91,-83.6974509185752
43.9195329904487,-83.6974509185239
43.92,-83.6974509185214
43.9295329904487,-83.6974509184704
43.93,-83.6974509184679
43.9395329904487,-83.6974509184173
43.94,-83.6974509184148
43.9495329904487,-83.6974509183645
43.95,-83.697450918362
43.9595329904487,-83.6974509183121
43.96,-83.6974509183096
43.9695329904486,-83.69745091826
43.97,-83.6974509182576
43.9795329904486,-83.6974509182082
43.98,-83.6974509182058
43.9895329904486,-83.6974509181569
43.99,-83.6974509181545
43.9995329904486,-83.6974509181058
44,-83.6974509181034
44.0095329904486,-83.6974509180551
44.01,-83.6974509180527
44.0195329904486,-83.6974509180047
44.02,-83.6974509180023
44.0295329904486,-83.6974509179546
44.03,-83.6974509179523
44.0395329904486,-83.6974509179049
44.04,-83.6974509179026
44.0495329904486,-83.6974509178555
44.05,-83.6974509178532
44.0595329904486,-83.6974509178064
44.06,-83.6974509178041
44.0695329904486,-83.6974509177576
44.07,-83.6974509177553
44.0795329904486,-83.6974509177091
44.08,-83.6974509177069
44.0895329904486,-83.697450917661
44.09,-83.6974509176587
44.0995329904486,-83.6974509176131
44.1,-83.6974509176109
44.1095329904486,-83.6974509175656
44.11,-83.6974509175634
44.1195329904486,-83.6974509175184
44.12,-83.6974509175162
44.1295329904486,-83.6974509174714
44.13,-83.6974509174692
44.1395329904486,-83.6974509174248
44.14,-83.6974509174226
44.1495329904486,-83.6974509173785
44.15,-83.6974509173763
44.1595329904486,-83.6974509173324
44.16,-83.6974509173303
44.1695329904486,-83.6974509172867
44.17,-83.6974509172845
44.1795329904486,-83.6974509172412
44.18,-83.6974509172391
44.1895329904486,-83.697450917196
44.19,-83.6974509171939
44.1995329904486,-83.6974509171511
44.2,-83.6974509171491
44.2095329904486,-83.6974509171066
44.21,-83.6974509171045
44.2195329904486,-83.6974509170622
44.22,-83.6974509170602
44.2295329904486,-83.6974509170182
44.23,-83.6974509170161
44.2395329904486,-83.6974509169744
44.24,-83.6974509169724
44.2495329904486,-83.6974509169309
44.25,-83.6974509169289
44.2595329904486,-83.6974509168877
44.26,-83.6974509168857
44.2695329904486,-83.6974509168447
44.27,-83.6974509168428
44.2795329904486,-83.6974509168021
44.28,-83.6974509168001
44.2895329904486,-83.6974509167597
44.29,-83.6974509167577
44.2995329904486,-83.6974509167175
44.3,-83.6974509167155
44.3095329904486,-83.6974509166756
44.31,-83.6974509166737
44.3195329904486,-83.697450916634
44.32,-83.6974509166321
44.3295329904486,-83.6974509165926
44.33,-83.6974509165907
44.3395329904486,-83.6974509165515
44.34,-83.6974509165496
44.3495329904486,-83.6974509165106
44.35,-83.6974509165088
44.3595329904486,-83.69745091647
44.36,-83.6974509164682
44.3695329904486,-83.6974509164297
44.37,-83.6974509164278
44.3795329904486,-83.6974509163896
44.38,-83.6974509163877
44.3895329904486,-83.6974509163497
44.39,-83.6974509163479
44.3995329904486,-83.6974509163101
44.4,-83.6974509163083
44.4095329904486,-83.6974509162707
44.41,-83.6974509162689
44.4195329904486,-83.6974509162316
44.42,-83.6974509162298
44.4295329904486,-83.6974509161927
44.43,-83.6974509161909
44.4395329904486,-83.6974509161541
44.44,-83.6974509161523
44.4495329904486,-83.6974509161157
44.45,-83.6974509161139
44.4595329904486,-83.6974509160775
44.46,-83.6974509160757
44.4695329904485,-83.6974509160395
44.47,-83.6974509160377
44.4795329904485,-83.6974509160018
44.48,-83.697450916
44.4895329904485,-83.6974509159643
44.49,-83.6974509159625
44.4995329904485,-83.697450915927
44.5,-83.6974509159253
44.5095329904485,-83.69745091589
44.51,-83.6974509158883
44.5195329904485,-83.6974509158532
44.52,-83.6974509158515
44.5295329904485,-83.6974509158166
44.53,-83.6974509158149
44.5395329904485,-83.6974509157802
44.54,-83.6974509157785
44.5495329904485,-83.6974509157441
44.55,-83.6974509157424
44.5595329904485,-83.6974509157082
44.56,-83.6974509157065
44.5695329904485,-83.6974509156724
44.57,-83.6974509156708
44.5795329904485,-83.6974509156369
44.58,-83.6974509156353
44.5895329904485,-83.6974509156017
44.59,-83.6974509156
44.5995329904485,-83.6974509155666
44.6,-83.697450915565
44.6095329904485,-83.6974509155317
44.61,-83.6974509155301
44.6195329904485,-83.6974509154971
44.62,-83.6974509154955
44.6295329904485,-83.6974509154627
44.63,-83.6974509154611
44.6395329904485,-83.6974509154284
44.64,-83.6974509154268
44.6495329904485,-83.6974509153944
44.65,-83.6974509153928
44.6595329904485,-83.6974509153606
44.66,-83.697450915359
44.6695329904485,-83.697450915327
44.67,-83.6974509153254
44.6795329904485,-83.6974509152935
44.68,-83.697450915292
44.6895329904485,-83.6974509152603
44.69,-83.6974509152588
44.6995329904485,-83.6974509152273
44.7,-83.6974509152258
44.7095329904485,-83.6974509151945
44.71,-83.697450915193
44.7195329904485,-83.6974509151619
44.72,-83.6974509151603
44.7295329904485,-83.6974509151294
44.73,-83.6974509151279
44.7395329904485,-83.6974509150972
44.74,-83.6974509150957
44.7495329904485,-83.6974509150652
44.75,-83.6974509150637
44.7595329904485,-83.6974509150333
44.76,-83.6974509150319
44.7695329904485,-83.6974509150017
44.77,-83.6974509150002
44.7795329904485,-83.6974509149702
44.78,-83.6974509149687
44.7895329904485,-83.6974509149389
44.79,-83.6974509149375
44.7995329904485,-83.6974509149078
44.8,-83.6974509149064
44.8095329904485,-83.697450914877
44.81,-83.6974509148755
44.8195329904485,-83.6974509148462
44.82,-83.6974509148448
44.8295329904485,-83.6974509148157
44.83,-83.6974509148143
44.8395329904485,-83.6974509147854
44.84,-83.697450914784
44.8495329904485,-83.6974509147552
44.85,-83.6974509147538
44.8595329904485,-83.6974509147252
44.86,-83.6974509147238
44.8695329904485,-83.6974509146954
44.87,-83.697450914694
44.8795329904485,-83.6974509146658
44.88,-83.6974509146644
44.8895329904485,-83.6974509146364
44.89,-83.697450914635
44.8995329904485,-83.6974509146071
44.9,-83.6974509146057
44.9095329904485,-83.697450914578
44.91,-83.6974509145767
44.9195329904485,-83.6974509145491
44.92,-83.6974509145478
44.9295329904485,-83.6974509145203
44.93,-83.697450914519
44.9395329904485,-83.6974509144918
44.94,-83.6974509144905
44.9495329904485,-83.6974509144634
44.95,-83.6974509144621
44.9595329904485,-83.6974509144352
44.96,-83.6974509144339
44.9695329904484,-83.6974509144071
44.97,-83.6974509144058
44.9795329904484,-83.6974509143792
44.98,-83.6974509143779
44.9895329904484,-83.6974509143515
44.99,-83.6974509143502
44.9995329904484,-83.697450914324
45,-83.6974509143227
45.0095329904484,-83.6974509142966
45.01,-83.6974509142953
45.0195329904484,-83.6974509142694
45.02,-83.6974509142681
45.0295329904484,-83.6974509142423
45.03,-83.6974509142411
45.0395329904484,-83.6974509142155
45.04,-83.6974509142142
45.0495329904484,-83.6974509141887
45.05,-83.6974509141875
45.0595329904484,-83.6974509141622
45.06,-83.6974509141609
45.0695329904484,-83.6974509141358
45.07,-83.6974509141345
45.0795329904484,-83.6974509141095
45.08,-83.6974509141083
45.0895329904484,-83.6974509140834
45.09,-83.6974509140822
45.0995329904484,-83.6974509140575
45.1,-83.6974509140563
45.1095329904484,-83.6974509140317
45.11,-83.6974509140306
45.1195329904484,-83.6974509140061
45.12,-83.6974509140049
45.1295329904484,-83.6974509139807
45.13,-83.6974509139795
45.1395329904484,-83.6974509139554
45.14,-83.6974509139542
45.1495329904484,-83.6974509139302
45.15,-83.6974509139291
45.1595329904484,-83.6974509139052
45.16,-83.6974509139041
45.1695329904484,-83.6974509138804
45.17,-83.6974509138792
45.1795329904484,-83.6974509138557
45.18,-83.6974509138546
45.1895329904484,-83.6974509138312
45.19,-83.69745091383
45.1995329904484,-83.6974509138068
45.2,-83.6974509138056
45.2095329904484,-83.6974509137825
45.21,-83.6974509137814
45.2195329904484,-83.6974509137584
45.22,-83.6974509137573
45.2295329904484,-83.6974509137345
45.23,-83.6974509137333
45.2395329904484,-83.6974509137107
45.24,-83.6974509137095
45.2495329904484,-83.697450913687
45.25,-83.6974509136859
45.2595329904484,-83.6974509136635
45.26,-83.6974509136624
45.2695329904484,-83.6974509136401
45.27,-83.697450913639
45.2795329904484,-83.6974509136169
45.28,-83.6974509136158
45.2895329904484,-83.6974509135938
45.29,-83.6974509135927
45.2995329904484,-83.6974509135708
45.3,-83.6974509135698
45.3095329904484,-83.697450913548
45.31,-83.6974509135469
45.3195329904484,-83.6974509135253
45.32,-83.6974509135243
45.3295329904484,-83.6974509135028
45.33,-83.6974509135018
45.3395329904484,-83.6974509134804
45.34,-83.6974509134794
45.3495329904484,-83.6974509134581
45.35,-83.6974509134571
45.3595329904484,-83.697450913436
45.36,-83.697450913435
45.3695329904484,-83.697450913414
45.37,-83.697450913413
45.3795329904484,-83.6974509133922
45.38,-83.6974509133912
45.3895329904484,-83.6974509133704
45.39,-83.6974509133694
45.3995329904484,-83.6974509133488
45.4,-83.6974509133478
45.4095329904484,-83.6974509133274
45.41,-83.6974509133264
45.4195329904484,-83.6974509133061
45.42,-83.6974509133051
45.4295329904484,-83.6974509132849
45.43,-83.6974509132839
45.4395329904484,-83.6974509132638
45.44,-83.6974509132628
45.4495329904484,-83.6974509132428
45.45,-83.6974509132419
45.4595329904484,-83.697450913222
45.46,-83.697450913221
45.4695329904484,-83.6974509132013
45.47,-83.6974509132004
45.4795329904483,-83.6974509131808
45.48,-83.6974509131798
45.4895329904483,-83.6974509131603
45.49,-83.6974509131594
45.4995329904483,-83.69745091314
45.5,-83.6974509131391
45.5095329904483,-83.6974509131199
45.51,-83.6974509131189
45.5195329904483,-83.6974509130998
45.52,-83.6974509130988
45.5295329904483,-83.6974509130798
45.53,-83.6974509130789
45.5395329904483,-83.69745091306
45.54,-83.6974509130591
45.5495329904483,-83.6974509130403
45.55,-83.6974509130394
45.5595329904483,-83.6974509130208
45.56,-83.6974509130198
45.5695329904483,-83.6974509130013
45.57,-83.6974509130004
45.5795329904483,-83.697450912982
45.58,-83.6974509129811
45.5895329904483,-83.6974509129627
45.59,-83.6974509129619
45.5995329904483,-83.6974509129437
45.6,-83.6974509129428
45.6095329904483,-83.6974509129247
45.61,-83.6974509129238
45.6195329904483,-83.6974509129058
45.62,-83.6974509129049
45.6295329904483,-83.697450912887
45.63,-83.6974509128862
45.6395329904483,-83.6974509128684
45.64,-83.6974509128675
45.6495329904483,-83.6974509128499
45.65,-83.697450912849
45.6595329904483,-83.6974509128315
45.66,-83.6974509128306
45.6695329904483,-83.6974509128132
45.67,-83.6974509128123
45.6795329904483,-83.697450912795
45.68,-83.6974509127942
45.6895329904483,-83.6974509127769
45.69,-83.6974509127761
45.6995329904483,-83.697450912759
45.7,-83.6974509127582
45.7095329904483,-83.6974509127411
45.71,-83.6974509127403
45.7195329904483,-83.6974509127234
45.72,-83.6974509127226
45.7295329904483,-83.6974509127058
45.73,-83.697450912705
45.7395329904483,-83.6974509126883
45.74,-83.6974509126874
45.7495329904483,-83.6974509126709
45.75,-83.69745091267
45.7595329904483,-83.6974509126536
45.76,-83.6974509126527
45.7695329904483,-83.6974509126364
45.77,-83.6974509126355
45.7795329904483,-83.6974509126193
45.78,-83.6974509126185
45.7895329904483,-83.6974509126023
45.79,-83.6974509126015
45.7995329904483,-83.6974509125854
45.8,-83.6974509125846
45.8095329904483,-83.6974509125686
45.81,-83.6974509125678
45.8195329904483,-83.697450912552
45.82,-83.6974509125512
45.8295329904483,-83.6974509125354
45.83,-83.6974509125346
45.8395329904483,-83.6974509125189
45.84,-83.6974509125182
45.8495329904483,-83.6974509125026
45.85,-83.6974509125018
45.8595329904483,-83.6974509124863
45.86,-83.6974509124856
45.8695329904483,-83.6974509124701
45.87,-83.6974509124694
45.8795329904483,-83.6974509124541
45.88,-83.6974509124533
45.8895329904483,-83.6974509124381
45.89,-83.6974509124374
45.8995329904483,-83.6974509124223
45.9,-83.6974509124215
45.9095329904483,-83.6974509124065
45.91,-83.6974509124058
45.9195329904483,-83.6974509123908
45.92,-83.6974509123901
45.9295329904483,-83.6974509123753
45.93,-83.6974509123746
45.9395329904483,-83.6974509123598
45.94,-83.6974509123591
45.9495329904483,-83.6974509123445
45.95,-83.6974509123437
45.9595329904483,-83.6974509123292
45.96,-83.6974509123285
45.9695329904483,-83.697450912314
45.97,-83.6974509123133
45.9795329904482,-83.6974509122989
45.98,-83.6974509122982
45.9895329904482,-83.6974509122839
45.99,-83.6974509122832
45.9995329904482,-83.697450912269
46,-83.6974509122683
46.0095329904482,-83.6974509122542
46.01,-83.6974509122535
46.0195329904482,-83.6974509122395
46.02,-83.6974509122388
46.0295329904482,-83.6974509122249
46.03,-83.6974509122242
46.0395329904482,-83.6974509122104
46.04,-83.6974509122097
46.0495329904482,-83.6974509121959
46.05,-83.6974509121953
46.0595329904482,-83.6974509121816
46.06,-83.6974509121809
46.0695329904482,-83.6974509121673
46.07,-83.6974509121667
46.0795329904482,-83.6974509121532
46.08,-83.6974509121525
46.0895329904482,-83.6974509121391
46.09,-83.6974509121384
46.0995329904482,-83.6974509121251
46.1,-83.6974509121244
46.1095329904482,-83.6974509121112
46.11,-83.6974509121105
46.1195329904482,-83.6974509120974
46.12,-83.6974509120967
46.1295329904482,-83.6974509120837
46.13,-83.697450912083
46.1395329904482,-83.69745091207
46.14,-83.6974509120694
46.1495329904482,-83.6974509120565
46.15,-83.6974509120558
46.1595329904482,-83.697450912043
46.16,-83.6974509120424
46.1695329904482,-83.6974509120296
46.17,-83.697450912029
46.1795329904482,-83.6974509120163
46.18,-83.6974509120157
46.1895329904482,-83.6974509120031
46.19,-83.6974509120025
46.1995329904482,-83.69745091199
46.2,-83.6974509119893
46.2095329904482,-83.6974509119769
46.21,-83.6974509119763
46.2195329904482,-83.6974509119639
46.22,-83.6974509119633
46.2295329904482,-83.6974509119511
46.23,-83.6974509119505
46.2395329904482,-83.6974509119383
46.24,-83.6974509119377
46.2495329904482,-83.6974509119255
46.25,-83.6974509119249
46.2595329904482,-83.6974509119129
46.26,-83.6974509119123
46.2695329904482,-83.6974509119003
46.27,-83.6974509118998
46.2795329904482,-83.6974509118879
46.28,-83.6974509118873
46.2895329904482,-83.6974509118754
46.29,-83.6974509118749
46.2995329904482,-83.6974509118631
46.3,-83.6974509118626
46.3095329904482,-83.6974509118509
46.31,-83.6974509118503
46.3195329904482,-83.6974509118387
46.32,-83.6974509118382
46.3295329904482,-83.6974509118266
46.33,-83.6974509118261
46.3395329904482,-83.6974509118146
46.34,-83.6974509118141
46.3495329904482,-83.6974509118027
46.35,-83.6974509118021
46.3595329904482,-83.6974509117908
46.36,-83.6974509117903
46.3695329904482,-83.697450911779
46.37,-83.6974509117785
46.3795329904482,-83.6974509117673
46.38,-83.6974509117668
46.3895329904482,-83.6974509117557
46.39,-83.6974509117552
46.3995329904482,-83.6974509117441
46.4,-83.6974509117436
46.4095329904482,-83.6974509117327
46.41,-83.6974509117321
46.4195329904482,-83.6974509117212
46.42,-83.6974509117207
46.4295329904482,-83.6974509117099
46.43,-83.6974509117094
46.4395329904482,-83.6974509116987
46.44,-83.6974509116981
46.4495329904482,-83.6974509116875
46.45,-83.6974509116869
46.4595329904482,-83.6974509116763
46.46,-83.6974509116758
46.4695329904482,-83.6974509116653
46.47,-83.6974509116648
46.4795329904481,-83.6974509116543
46.48,-83.6974509116538
46.4895329904481,-83.6974509116434
46.49,-83.6974509116429
46.4995329904481,-83.6974509116326
46.5,-83.6974509116321
46.5095329904481,-83.6974509116218
46.51,-83.6974509116213
46.5195329904481,-83.6974509116111
46.52,-83.6974509116106
46.5295329904481,-83.6974509116005
46.53,-83.6974509116
46.5395329904481,-83.6974509115899
46.54,-83.6974509115894
46.5495329904481,-83.6974509115794
46.55,-83.6974509115789
46.5595329904481,-83.697450911569
46.56,-83.6974509115685
46.5695329904481,-83.6974509115586
46.57,-83.6974509115582
46.5795329904481,-83.6974509115483
46.58,-83.6974509115479
46.5895329904481,-83.6974509115381
46.59,-83.6974509115376
46.5995329904481,-83.697450911528
46.6,-83.6974509115275
46.6095329904481,-83.6974509115179
46.61,-83.6974509115174
46.6195329904481,-83.6974509115079
46.62,-83.6974509115074
46.6295329904481,-83.6974509114979
46.63,-83.6974509114974
46.6395329904481,-83.697450911488
46.64,-83.6974509114876
46.6495329904481,-83.6974509114782
46.65,-83.6974509114777
46.6595329904481,-83.6974509114684
46.66,-83.697450911468
46.6695329904481,-83.6974509114587
46.67,-83.6974509114583
46.6795329904481,-83.6974509114491
46.68,-83.6974509114486
46.6895329904481,-83.6974509114395
46.69,-83.697450911439
46.6995329904481,-83.69745091143
46.7,-83.6974509114295
46.7095329904481,-83.6974509114205
46.71,-83.6974509114201
46.7195329904481,-83.6974509114112
46.72,-83.6974509114107
46.7295329904481,-83.6974509114018
46.73,-83.6974509114014
46.7395329904481,-83.6974509113926
46.74,-83.6974509113921
46.7495329904481,-83.6974509113834
46.75,-83.6974509113829
46.7595329904481,-83.6974509113742
46.76,-83.6974509113738
46.7695329904481,-83.6974509113651
46.77,-83.6974509113647
46.7795329904481,-83.6974509113561
46.78,-83.6974509113557
46.7895329904481,-83.6974509113471
46.79,-83.6974509113467
46.7995329904481,-83.6974509113382
46.8,-83.6974509113378
46.8095329904481,-83.6974509113294
46.81,-83.697450911329
46.8195329904481,-83.6974509113206
46.82,-83.6974509113202
46.8295329904481,-83.6974509113119
46.83,-83.6974509113115
46.8395329904481,-83.6974509113032
46.84,-83.6974509113028
46.8495329904481,-83.6974509112946
46.85,-83.6974509112942
46.8595329904481,-83.697450911286
46.86,-83.6974509112856
46.8695329904481,-83.6974509112775
46.87,-83.6974509112771
46.8795329904481,-83.6974509112691
46.88,-83.6974509112687
46.8895329904481,-83.6974509112607
46.89,-83.6974509112603
46.8995329904481,-83.6974509112524
46.9,-83.697450911252
46.9095329904481,-83.6974509112441
46.91,-83.6974509112437
46.9195329904481,-83.6974509112359
46.92,-83.6974509112355
46.9295329904481,-83.6974509112277
46.93,-83.6974509112273
46.9395329904481,-83.6974509112196
46.94,-83.6974509112192
46.9495329904481,-83.6974509112115
46.95,-83.6974509112112
46.9595329904481,-83.6974509112035
46.96,-83.6974509112032
46.9695329904481,-83.6974509111956
46.97,-83.6974509111952
46.979532990448,-83.6974509111877
46.98,-83.6974509111873
46.989532990448,-83.6974509111799
46.99,-83.6974509111795
46.999532990448,-83.6974509111721
47,-83.6974509111717
47.009532990448,-83.6974509111643
47.01,-83.697450911164
47.019532990448,-83.6974509111566
47.02,-83.6974509111563
47.029532990448,-83.697450911149
47.03,-83.6974509111486
47.039532990448,-83.6974509111414
47.04,-83.6974509111411
47.049532990448,-83.6974509111339
47.05,-83.6974509111335
47.059532990448,-83.6974509111264
47.06,-83.6974509111261
47.069532990448,-83.697450911119
47.07,-83.6974509111186
47.079532990448,-83.6974509111116
47.08,-83.6974509111113
47.089532990448,-83.6974509111043
47.09,-83.6974509111039
47.099532990448,-83.697450911097
47.1,-83.6974509110967
47.109532990448,-83.6974509110898
47.11,-83.6974509110894
47.119532990448,-83.6974509110826
47.12,-83.6974509110823
47.129532990448,-83.6974509110755
47.13,-83.6974509110751
47.139532990448,-83.6974509110684
47.14,-83.6974509110681
47.149532990448,-83.6974509110614
47.15,-83.697450911061
47.159532990448,-83.6974509110544
47.16,-83.697450911054
47.169532990448,-83.6974509110474
47.17,-83.6974509110471
47.179532990448,-83.6974509110405
47.18,-83.6974509110402
47.189532990448,-83.6974509110337
47.19,-83.6974509110334
47.199532990448,-83.6974509110269
47.2,-83.6974509110266
47.209532990448,-83.6974509110202
47.21,-83.6974509110198
47.219532990448,-83.6974509110135
47.22,-83.6974509110131
47.229532990448,-83.6974509110068
47.23,-83.6974509110065
47.239532990448,-83.6974509110002
47.24,-83.6974509109999
47.249532990448,-83.6974509109936
47.25,-83.6974509109933
47.259532990448,-83.6974509109871
47.26,-83.6974509109868
47.269532990448,-83.6974509109806
47.27,-83.6974509109803
47.279532990448,-83.6974509109742
47.28,-83.6974509109739
47.289532990448,-83.6974509109678
47.29,-83.6974509109675
47.299532990448,-83.6974509109615
47.3,-83.6974509109612
47.309532990448,-83.6974509109552
47.31,-83.6974509109549
47.319532990448,-83.6974509109489
47.32,-83.6974509109486
47.329532990448,-83.6974509109427
47.33,-83.6974509109425
47.339532990448,-83.6974509109366
47.34,-83.6974509109363
47.349532990448,-83.6974509109305
47.35,-83.6974509109302
47.359532990448,-83.6974509109244
47.36,-83.6974509109241
47.369532990448,-83.6974509109183
47.37,-83.6974509109181
47.379532990448,-83.6974509109124
47.38,-83.6974509109121
47.389532990448,-83.6974509109064
47.39,-83.6974509109061
47.399532990448,-83.6974509109005
47.4,-83.6974509109002
47.409532990448,-83.6974509108946
47.41,-83.6974509108944
47.419532990448,-83.6974509108888
47.42,-83.6974509108885
47.429532990448,-83.697450910883
47.43,-83.6974509108828
47.439532990448,-83.6974509108773
47.44,-83.697450910877
47.449532990448,-83.6974509108716
47.45,-83.6974509108713
47.459532990448,-83.6974509108659
47.46,-83.6974509108657
47.469532990448,-83.6974509108603
47.47,-83.69745091086
47.479532990448,-83.6974509108547
47.48,-83.6974509108545
47.4895329904479,-83.6974509108492
47.49,-83.6974509108489
47.4995329904479,-83.6974509108437
47.5,-83.6974509108434
47.5095329904479,-83.6974509108382
47.51,-83.697450910838
47.5195329904479,-83.6974509108328
47.52,-83.6974509108325
47.5295329904479,-83.6974509108274
47.53,-83.6974509108272
47.5395329904479,-83.6974509108221
47.54,-83.6974509108218
47.5495329904479,-83.6974509108168
47.55,-83.6974509108165
47.5595329904479,-83.6974509108115
47.56,-83.6974509108113
47.5695329904479,-83.6974509108063
47.57,-83.697450910806
47.5795329904479,-83.6974509108011
47.58,-83.6974509108008
47.5895329904479,-83.6974509107959
47.59,-83.6974509107957
47.5995329904479,-83.6974509107908
47.6,-83.6974509107906
47.6095329904479,-83.6974509107857
47.61,-83.6974509107855
47.6195329904479,-83.6974509107807
47.62,-83.6974509107805
47.6295329904479,-83.6974509107757
47.63,-83.6974509107755
47.6395329904479,-83.6974509107707
47.64,-83.6974509107705
47.6495329904479,-83.6974509107658
47.65,-83.6974509107656
47.6595329904479,-83.6974509107609
47.66,-83.6974509107607
47.6695329904479,-83.697450910756
47.67,-83.6974509107558
47.6795329904479,-83.6974509107512
47.68,-83.697450910751
47.6895329904479,-83.6974509107464
47.69,-83.6974509107462
47.6995329904479,-83.6974509107417
47.7,-83.6974509107415
47.7095329904479,-83.697450910737
47.71,-83.6974509107367
47.7195329904479,-83.6974509107323
47.72,-83.6974509107321
47.7295329904479,-83.6974509107276
47.73,-83.6974509107274
47.7395329904479,-83.697450910723
47.74,-83.6974509107228
47.7495329904479,-83.6974509107184
47.75,-83.6974509107182
47.7595329904479,-83.6974509107139
47.76,-83.6974509107137
47.7695329904479,-83.6974509107094
47.77,-83.6974509107092
47.7795329904479,-83.6974509107049
47.78,-83.6974509107047
47.7895329904479,-83.6974509107005
47.79,-83.6974509107003
47.7995329904479,-83.6974509106961
47.8,-83.6974509106959
47.8095329904479,-83.6974509106917
47.81,-83.6974509106915
47.8195329904479,-83.6974509106874
47.82,-83.6974509106871
47.8295329904479,-83.697450910683
47.83,-83.6974509106828
47.8395329904479,-83.6974509106788
47.84,-83.6974509106786
47.8495329904479,-83.6974509106745
47.85,-83.6974509106743
47.8595329904479,-83.6974509106703
47.86,-83.6974509106701
47.8695329904479,-83.6974509106661
47.87,-83.6974509106659
47.8795329904479,-83.697450910662
47.88,-83.6974509106618
47.8895329904479,-83.6974509106579
47.89,-83.6974509106577
47.8995329904479,-83.6974509106538
47.9,-83.6974509106536
47.9095329904479,-83.6974509106497
47.91,-83.6974509106495
47.9195329904479,-83.6974509106457
47.92,-83.6974509106455
47.9295329904479,-83.6974509106417
47.93,-83.6974509106415
47.9395329904479,-83.6974509106377
47.94,-83.6974509106376
47.9495329904479,-83.6974509106338
47.95,-83.6974509106336
47.9595329904479,-83.6974509106299
47.96,-83.6974509106297
47.9695329904479,-83.697450910626
47.97,-83.6974509106259
47.9795329904479,-83.6974509106222
47.98,-83.697450910622
47.9895329904478,-83.6974509106184
47.99,-83.6974509106182
47.9995329904478,-83.6974509106146
48,-83.6974509106144
48.0095329904478,-83.6974509106109
48.01,-83.6974509106107
48.0195329904478,-83.6974509106072
48.02,-83.697450910607
48.0295329904478,-83.6974509106035
48.03,-83.6974509106033
48.0395329904478,-83.6974509105998
48.04,-83.6974509105996
48.0495329904478,-83.6974509105962
48.05,-83.697450910596
48.0595329904478,-83.6974509105926
48.06,-83.6974509105924
48.0695329904478,-83.697450910589
48.07,-83.6974509105888
48.0795329904478,-83.6974509105855
48.08,-83.6974509105853
48.0895329904478,-83.6974509105819
48.09,-83.6974509105818
48.0995329904478,-83.6974509105785
48.1,-83.6974509105783
48.1095329904478,-83.697450910575
48.11,-83.6974509105748
48.1195329904478,-83.6974509105716
48.12,-83.6974509105714
48.1295329904478,-83.6974509105682
48.13,-83.697450910568
48.1395329904478,-83.6974509105648
48.14,-83.6974509105646
48.1495329904478,-83.6974509105614
48.15,-83.6974509105613
48.1595329904478,-83.6974509105581
48.16,-83.6974509105579
48.1695329904478,-83.6974509105548
48.17,-83.6974509105547
48.1795329904478,-83.6974509105516
48.18,-83.6974509105514
48.1895329904478,-83.6974509105483
48.19,-83.6974509105482
48.1995329904478,-83.6974509105451
48.2,-83.6974509105449
48.2095329904478,-83.6974509105419
48.21,-83.6974509105418
48.2195329904478,-83.6974509105387
48.22,-83.6974509105386
48.2295329904478,-83.6974509105356
48.23,-83.6974509105355
48.2395329904478,-83.6974509105325
48.24,-83.6974509105324
48.2495329904478,-83.6974509105294
48.25,-83.6974509105293
48.2595329904478,-83.6974509105264
48.26,-83.6974509105262
48.2695329904478,-83.6974509105233
48.27,-83.6974509105232
48.2795329904478,-83.6974509105203
48.28,-83.6974509105202
48.2895329904478,-83.6974509105173
48.29,-83.6974509105172
48.2995329904478,-83.6974509105144
48.3,-83.6974509105142
48.3095329904478,-83.6974509105114
48.31,-83.6974509105113
48.3195329904478,-83.6974509105085
48.32,-83.6974509105084
48.3295329904478,-83.6974509105057
48.33,-83.6974509105055
48.3395329904478,-83.6974509105028
48.34,-83.6974509105027
48.3495329904478,-83.6974509105
48.35,-83.6974509104998
48.3595329904478,-83.6974509104972
48.36,-83.697450910497
48.3695329904478,-83.6974509104944
48.37,-83.6974509104943
48.3795329904478,-83.6974509104916
48.38,-83.6974509104915
48.3895329904478,-83.6974509104889
48.39,-83.6974509104888
48.3995329904478,-83.6974509104862
48.4,-83.697450910486
48.4095329904478,-83.6974509104835
48.41,-83.6974509104834
48.4195329904478,-83.6974509104808
48.42,-83.6974509104807
48.4295329904478,-83.6974509104782
48.43,-83.6974509104781
48.4395329904478,-83.6974509104756
48.44,-83.6974509104754
48.4495329904478,-83.697450910473
48.45,-83.6974509104729
48.4595329904478,-83.6974509104704
48.46,-83.6974509104703
48.4695329904478,-83.6974509104679
48.47,-83.6974509104677
48.4795329904478,-83.6974509104653
48.48,-83.6974509104652
48.4895329904477,-83.6974509104628
48.49,-83.6974509104627
48.4995329904477,-83.6974509104603
48.5,-83.6974509104602
48.5095329904477,-83.6974509104579
48.51,-83.6974509104578
48.5195329904477,-83.6974509104554
48.52,-83.6974509104553
48.5295329904477,-83.697450910453
48.53,-83.6974509104529
48.5395329904477,-83.6974509104506
48.54,-83.6974509104505
48.5495329904477,-83.6974509104483
48.55,-83.6974509104482
48.5595329904477,-83.6974509104459
48.56,-83.6974509104458
48.5695329904477,-83.6974509104436
48.57,-83.6974509104435
48.5795329904477,-83.6974509104413
48.58,-83.6974509104412
48.5895329904477,-83.697450910439
48.59,-83.6974509104389
48.5995329904477,-83.6974509104367
48.6,-83.6974509104366
48.6095329904477,-83.6974509104345
48.61,-83.6974509104344
48.6195329904477,-83.6974509104323
48.62,-83.6974509104322
48.6295329904477,-83.6974509104301
48.63,-83.69745091043
48.6395329904477,-83.6974509104279
48.64,-83.6974509104278
48.6495329904477,-83.6974509104257
48.65,-83.6974509104256
48.6595329904477,-83.6974509104236
48.66,-83.6974509104235
48.6695329904477,-83.6974509104215
48.67,-83.6974509104214
48.6795329904477,-83.6974509104194
48.68,-83.6974509104193
48.6895329904477,-83.6974509104173
48.69,-83.6974509104172
48.6995329904477,-83.6974509104153
48.7,-83.6974509104152
48.7095329904477,-83.6974509104132
48.71,-83.6974509104131
48.7195329904477,-83.6974509104112
48.72,-83.6974509104111
48.7295329904477,-83.6974509104092
48.73,-83.6974509104091
48.7395329904477,-83.6974509104072
48.74,-83.6974509104072
48.7495329904477,-83.6974509104053
48.75,-83.6974509104052
48.7595329904477,-83.6974509104033
48.76,-83.6974509104033
48.7695329904477,-83.6974509104014
48.77,-83.6974509104013
48.7795329904477,-83.6974509103995
48.78,-83.6974509103994
48.7895329904477,-83.6974509103976
48.79,-83.6974509103976
48.7995329904477,-83.6974509103958
48.8,-83.6974509103957
48.8095329904477,-83.697450910394
48.81,-83.6974509103939
48.8195329904477,-83.6974509103921
48.82,-83.697450910392
48.8295329904477,-83.6974509103903
48.83,-83.6974509103902
48.8395329904477,-83.6974509103885
48.84,-83.6974509103885
48.8495329904477,-83.6974509103868
48.85,-83.6974509103867
48.8595329904477,-83.697450910385
48.86,-83.6974509103849
48.8695329904477,-83.6974509103833
48.87,-83.6974509103832
48.8795329904477,-83.6974509103816
48.88,-83.6974509103815
48.8895329904477,-83.6974509103799
48.89,-83.6974509103798
48.8995329904477,-83.6974509103782
48.9,-83.6974509103781
48.9095329904477,-83.6974509103765
48.91,-83.6974509103765
48.9195329904477,-83.6974509103749
48.92,-83.6974509103748
48.9295329904477,-83.6974509103733
48.93,-83.6974509103732
48.9395329904477,-83.6974509103717
48.94,-83.6974509103716
48.9495329904477,-83.6974509103701
48.95,-83.69745091037
48.9595329904477,-83.6974509103685
48.96,-83.6974509103684
48.9695329904477,-83.697450910367
48.97,-83.6974509103669
48.9795329904477,-83.6974509103654
48.98,-83.6974509103654
48.9895329904476,-83.6974509103639
48.99,-83.6974509103638
48.9995329904476,-83.6974509103624
49,-83.6974509103623
49.0095329904476,-83.6974509103609
49.01,-83.6974509103609
49.0195329904476,-83.6974509103595
49.02,-83.6974509103594
49.0295329904476,-83.697450910358
49.03,-83.6974509103579
49.0395329904476,-83.6974509103566
49.04,-83.6974509103565
49.0495329904476,-83.6974509103552
49.05,-83.6974509103551
49.0595329904476,-83.6974509103538
49.06,-83.6974509103537
49.0695329904476,-83.6974509103524
49.07,-83.6974509103523
49.0795329904476,-83.697450910351
49.08,-83.697450910351
49.0895329904476,-83.6974509103496
49.09,-83.6974509103496
49.0995329904476,-83.6974509103483
49.1,-83.6974509103483
49.1095329904476,-83.697450910347
49.11,-83.6974509103469
49.1195329904476,-83.6974509103457
49.12,-83.6974509103456
49.1295329904476,-83.6974509103444
49.13,-83.6974509103443
49.1395329904476,-83.6974509103431
49.14,-83.6974509103431
49.1495329904476,-83.6974509103419
49.15,-83.6974509103418
49.1595329904476,-83.6974509103406
49.16,-83.6974509103406
49.1695329904476,-83.6974509103394
49.17,-83.6974509103393
49.1795329904476,-83.6974509103382
49.18,-83.6974509103381
49.1895329904476,-83.697450910337
49.19,-83.6974509103369
49.1995329904476,-83.6974509103358
49.2,-83.6974509103358
49.2095329904476,-83.6974509103347
49.21,-83.6974509103346
49.2195329904476,-83.6974509103335
49.22,-83.6974509103335
49.2295329904476,-83.6974509103324
49.23,-83.6974509103323
49.2395329904476,-83.6974509103313
49.24,-83.6974509103312
49.2495329904476,-83.6974509103301
49.25,-83.6974509103301
49.2595329904476,-83.6974509103291
49.26,-83.697450910329
49.2695329904476,-83.697450910328
49.27,-83.6974509103279
49.2795329904476,-83.6974509103269
49.28,-83.6974509103269
49.2895329904476,-83.6974509103259
49.29,-83.6974509103258
49.2995329904476,-83.6974509103248
49.3,-83.6974509103248
49.3095329904476,-83.6974509103238
49.31,-83.6974509103238
49.3195329904476,-83.6974509103228
49.32,-83.6974509103228
49.3295329904476,-83.6974509103218
49.33,-83.6974509103218
49.3395329904476,-83.6974509103208
49.34,-83.6974509103208
49.3495329904476,-83.6974509103199
49.35,-83.6974509103198
49.3595329904476,-83.6974509103189
49.36,-83.6974509103189
49.3695329904476,-83.697450910318
49.37,-83.697450910318
49.3795329904476,-83.6974509103171
49.38,-83.697450910317
49.3895329904476,-83.6974509103162
49.39,-83.6974509103161
49.3995329904476,-83.6974509103153
49.4,-83.6974509103153
49.4095329904476,-83.6974509103144
49.41,-83.6974509103144
49.4195329904476,-83.6974509103135
49.42,-83.6974509103135
49.4295329904476,-83.6974509103127
49.43,-83.6974509103127
49.4395329904476,-83.6974509103119
49.44,-83.6974509103118
49.4495329904476,-83.697450910311
49.45,-83.697450910311
49.4595329904476,-83.6974509103102
49.46,-83.6974509103102
49.4695329904476,-83.6974509103094
49.47,-83.6974509103094
49.4795329904476,-83.6974509103086
49.48,-83.6974509103086
49.4895329904476,-83.6974509103079
49.49,-83.6974509103078
49.4995329904475,-83.6974509103071
49.5,-83.6974509103071
49.5095329904475,-83.6974509103064
49.51,-83.6974509103063
49.5195329904475,-83.6974509103056
49.52,-83.6974509103056
49.5295329904475,-83.6974509103049
49.53,-83.6974509103049
49.5395329904475,-83.6974509103042
49.54,-83.6974509103042
49.5495329904475,-83.6974509103035
49.55,-83.6974509103035
49.5595329904475,-83.6974509103028
49.56,-83.6974509103028
49.5695329904475,-83.6974509103021
49.57,-83.6974509103021
49.5795329904475,-83.6974509103015
49.58,-83.6974509103014
49.5895329904475,-83.6974509103008
49.59,-83.6974509103008
49.5995329904475,-83.6974509103002
49.6,-83.6974509103002
49.6095329904475,-83.6974509102996
49.61,-83.6974509102995
49.6195329904475,-83.697450910299
49.62,-83.6974509102989
49.6295329904475,-83.6974509102984
49.63,-83.6974509102983
49.6395329904475,-83.6974509102978
49.64,-83.6974509102977
49.6495329904475,-83.6974509102972
49.65,-83.6974509102972
49.6595329904475,-83.6974509102966
49.66,-83.6974509102966
49.6695329904475,-83.6974509102961
49.67,-83.6974509102961
49.6795329904475,-83.6974509102955
49.68,-83.6974509102955
49.6895329904475,-83.697450910295
49.69,-83.697450910295
49.6995329904475,-83.6974509102945
49.7,-83.6974509102945
49.7095329904475,-83.697450910294
49.71,-83.697450910294
49.7195329904475,-83.6974509102935
49.72,-83.6974509102935
49.7295329904475,-83.697450910293
49.73,-83.697450910293
49.7395329904475,-83.6974509102925
49.74,-83.6974509102925
49.7495329904475,-83.6974509102921
49.75,-83.6974509102921
49.7595329904475,-83.6974509102916
49.76,-83.6974509102916
49.7695329904475,-83.6974509102912
49.77,-83.6974509102912
49.7795329904475,-83.6974509102908
49.78,-83.6974509102908
49.7895329904475,-83.6974509102904
49.79,-83.6974509102903
49.7995329904475,-83.69745091029
49.8,-83.6974509102899
49.8095329904475,-83.6974509102896
49.81,-83.6974509102895
49.8195329904475,-83.6974509102892
49.82,-83.6974509102891
49.8295329904475,-83.6974509102888
49.83,-83.6974509102888
49.8395329904475,-83.6974509102884
49.84,-83.6974509102884
49.8495329904475,-83.6974509102881
49.85,-83.6974509102881
49.8595329904475,-83.6974509102878
49.86,-83.6974509102877
49.8695329904475,-83.6974509102874
49.87,-83.6974509102874
49.8795329904475,-83.6974509102871
49.88,-83.6974509102871
49.8895329904475,-83.6974509102868
49.89,-83.6974509102868
49.8995329904475,-83.6974509102865
49.9,-83.6974509102865
49.9095329904475,-83.6974509102862
49.91,-83.6974509102862
49.9195329904475,-83.6974509102859
49.92,-83.6974509102859
49.9295329904475,-83.6974509102857
49.93,-83.6974509102857
49.9395329904475,-83.6974509102854
49.94,-83.6974509102854
49.9495329904475,-83.6974509102852
49.95,-83.6974509102851
49.9595329904475,-83.6974509102849
49.96,-83.6974509102849
49.9695329904475,-83.6974509102847
49.97,-83.6974509102847
49.9795329904475,-83.6974509102845
49.98,-83.6974509102845
49.9895329904475,-83.6974509102843
49.99,-83.6974509102843
49.9995329904474,-83.6974509102841
50,-83.6974509102841
50.0095329904474,-83.6974509102839
50.01,-83.6974509102839
50.0195329904474,-83.6974509102837
50.02,-83.6974509102837
50.0295329904474,-83.6974509102835
50.03,-83.6974509102835
50.0395329904474,-83.6974509102834
50.04,-83.6974509102834
50.0495329904474,-83.6974509102832
50.05,-83.6974509102832
50.0595329904474,-83.6974509102831
50.06,-83.6974509102831
50.0695329904474,-83.697450910283
50.07,-83.697450910283
50.0795329904474,-83.6974509102828
50.08,-83.6974509102828
50.0895329904474,-83.6974509102827
50.09,-83.6974509102827
50.0995329904474,-83.6974509102826
50.1,-83.6974509102826
50.1095329904474,-83.6974509102825
50.11,-83.6974509102825
50.1195329904474,-83.6974509102825
50.12,-83.6974509102825
50.1295329904474,-83.6974509102824
50.13,-83.6974509102824
50.1395329904474,-83.6974509102823
50.14,-83.6974509102823
50.1495329904474,-83.6974509102823
50.15,-83.6974509102823
50.1595329904474,-83.6974509102822
50.16,-83.6974509102822
50.1695329904474,-83.6974509102822
50.17,-83.6974509102822
50.1795329904474,-83.6974509102821
50.18,-83.6974509102821
50.1895329904474,-83.6974509102821
50.19,-83.6974509102821
50.1995329904474,-83.6974509102821
50.2,-83.6974509102821
50.2095329904474,-83.6974509102821
50.21,-83.6974509102821
50.2195329904474,-83.6974509102821
50.22,-83.6974509102821
50.2295329904474,-83.6974509102821
50.23,-83.6974509102821
50.2395329904474,-83.6974509102821
50.24,-83.6974509102821
50.2495329904474,-83.6974509102822
50.25,-83.6974509102822
50.2595329904474,-83.6974509102822
50.26,-83.6974509102822
50.2695329904474,-83.6974509102823
50.27,-83.6974509102823
50.2795329904474,-83.6974509102823
50.28,-83.6974509102823
50.2895329904474,-83.6974509102824
50.29,-83.6974509102824
50.2995329904474,-83.6974509102825
50.3,-83.6974509102825
50.3095329904474,-83.6974509102825
50.31,-83.6974509102826
50.3195329904474,-83.6974509102826
50.32,-83.6974509102826
50.3295329904474,-83.6974509102827
50.33,-83.6974509102827
50.3395329904474,-83.6974509102828
50.34,-83.6974509102828
50.3495329904474,-83.697450910283
50.35,-83.697450910283
50.3595329904474,-83.6974509102831
50.36,-83.6974509102831
50.3695329904474,-83.6974509102832
50.37,-83.6974509102832
50.3795329904474,-83.6974509102834
50.38,-83.6974509102834
50.3895329904474,-83.6974509102835
50.39,-83.6974509102835
50.3995329904474,-83.6974509102836
50.4,-83.6974509102837
50.4095329904474,-83.6974509102838
50.41,-83.6974509102838
50.4195329904474,-83.697450910284
50.42,-83.697450910284
50.4295329904474,-83.6974509102842
50.43,-83.6974509102842
50.4395329904474,-83.6974509102843
50.44,-83.6974509102844
50.4495329904474,-83.6974509102845
50.45,-83.6974509102845
50.4595329904474,-83.6974509102847
50.46,-83.6974509102848
50.4695329904474,-83.697450910285
50.47,-83.697450910285
50.4795329904474,-83.6974509102852
50.48,-83.6974509102852
50.4895329904474,-83.6974509102854
50.49,-83.6974509102854
50.4995329904473,-83.6974509102856
50.5,-83.6974509102856
50.5095329904473,-83.6974509102859
50.51,-83.6974509102859
50.5195329904473,-83.6974509102861
50.52,-83.6974509102861
50.5295329904473,-83.6974509102864
50.53,-83.6974509102864
50.5395329904473,-83.6974509102866
50.54,-83.6974509102866
50.5495329904473,-83.6974509102869
50.55,-83.6974509102869
50.5595329904473,-83.6974509102872
50.56,-83.6974509102872
50.5695329904473,-83.6974509102874
50.57,-83.6974509102875
50.5795329904473,-83.6974509102877
50.58,-83.6974509102878
50.5895329904473,-83.697450910288
50.59,-83.6974509102881
50.5995329904473,-83.6974509102883
50.6,-83.6974509102884
50.6095329904473,-83.6974509102887
50.61,-83.6974509102887
50.6195329904473,-83.697450910289
50.62,-83.697450910289
50.6295329904473,-83.6974509102893
50.63,-83.6974509102893
50.6395329904473,-83.6974509102896
50.64,-83.6974509102896
50.6495329904473,-83.69745091029
50.65,-83.69745091029
50.6595329904473,-83.6974509102903
50.66,-83.6974509102903
50.6695329904473,-83.6974509102907
50.67,-83.6974509102907
50.6795329904473,-83.697450910291
50.68,-83.6974509102911
50.6895329904473,-83.6974509102914
50.69,-83.6974509102914
50.6995329904473,-83.6974509102918
50.7,-83.6974509102918
50.7095329904473,-83.6974509102922
50.71,-83.6974509102922
50.7195329904473,-83.6974509102925
50.72,-83.6974509102926
50.7295329904473,-83.6974509102929
50.73,-83.697450910293
50.7395329904473,-83.6974509102933
50.74,-83.6974509102934
50.7495329904473,-83.6974509102938
50.75,-83.6974509102938
50.7595329904473,-83.6974509102942
50.76,-83.6974509102942
50.7695329904473,-83.6974509102946
50.77,-83.6974509102946
50.7795329904473,-83.697450910295
50.78,-83.697450910295
50.7895329904473,-83.6974509102954
50.79,-83.6974509102955
50.7995329904473,-83.6974509102959
50.8,-83.6974509102959
50.8095329904473,-83.6974509102963
50.81,-83.6974509102963
50.8195329904473,-83.6974509102968
50.82,-83.6974509102968
50.8295329904473,-83.6974509102972
50.83,-83.6974509102973
50.8395329904473,-83.6974509102977
50.84,-83.6974509102977
50.8495329904473,-83.6974509102982
50.85,-83.6974509102982
50.8595329904473,-83.6974509102986
50.86,-83.6974509102987
50.8695329904473,-83.6974509102991
50.87,-83.6974509102992
50.8795329904473,-83.6974509102996
50.88,-83.6974509102996
50.8895329904473,-83.6974509103001
50.89,-83.6974509103001
50.8995329904473,-83.6974509103006
50.9,-83.6974509103006
50.9095329904473,-83.6974509103011
50.91,-83.6974509103012
50.9195329904473,-83.6974509103016
50.92,-83.6974509103017
50.9295329904473,-83.6974509103022
50.93,-83.6974509103022
50.9395329904473,-83.6974509103027
50.94,-83.6974509103027
50.9495329904473,-83.6974509103032
50.95,-83.6974509103032
50.9595329904473,-83.6974509103038
50.96,-83.6974509103038
50.9695329904473,-83.6974509103043
50.97,-83.6974509103043
50.9795329904473,-83.6974509103049
50.98,-83.6974509103049
50.9895329904473,-83.6974509103054
50.99,-83.6974509103054
50.9995329904472,-83.697450910306
51,-83.697450910306
51.0095329904472,-83.6974509103065
51.01,-83.6974509103066
51.0195329904472,-83.6974509103071
51.02,-83.6974509103071
51.0295329904472,-83.6974509103077
51.03,-83.6974509103077
51.0395329904472,-83.6974509103083
51.04,-83.6974509103083
51.0495329904472,-83.6974509103088
51.05,-83.6974509103089
51.0595329904472,-83.6974509103094
51.06,-83.6974509103095
51.0695329904472,-83.69745091031
51.07,-83.6974509103101
51.0795329904472,-83.6974509103106
51.08,-83.6974509103107
51.0895329904472,-83.6974509103113
51.09,-83.6974509103113
51.0995329904472,-83.6974509103119
51.1,-83.6974509103119
51.1095329904472,-83.6974509103125
51.11,-83.6974509103125
51.1195329904472,-83.6974509103131
51.12,-83.6974509103132
51.1295329904472,-83.6974509103138
51.13,-83.6974509103138
51.1395329904472,-83.6974509103144
51.14,-83.6974509103144
51.1495329904472,-83.6974509103151
51.15,-83.6974509103151
51.1595329904472,-83.6974509103157
51.16,-83.6974509103157
51.1695329904472,-83.6974509103163
51.17,-83.6974509103164
51.1795329904472,-83.697450910317
51.18,-83.697450910317
51.1895329904472,-83.6974509103177
51.19,-83.6974509103177
51.1995329904472,-83.6974509103184
51.2,-83.6974509103184
51.2095329904472,-83.697450910319
51.21,-83.697450910319
51.2195329904472,-83.6974509103197
51.22,-83.6974509103197
51.2295329904472,-83.6974509103204
51.23,-83.6974509103204
51.2395329904472,-83.6974509103211
51.24,-83.6974509103211
51.2495329904472,-83.6974509103218
51.25,-83.6974509103218
51.2595329904472,-83.6974509103225
51.26,-83.6974509103225
51.2695329904472,-83.6974509103232
51.27,-83.6974509103232
51.2795329904472,-83.6974509103239
51.28,-83.6974509103239
51.2895329904472,-83.6974509103246
51.29,-83.6974509103246
51.2995329904472,-83.6974509103253
51.3,-83.6974509103254
51.3095329904472,-83.6974509103261
51.31,-83.6974509103261
51.3195329904472,-83.6974509103268
51.32,-83.6974509103268
51.3295329904472,-83.6974509103275
51.33,-83.6974509103276
51.3395329904472,-83.6974509103283
51.34,-83.6974509103283
51.3495329904472,-83.697450910329
51.35,-83.6974509103291
51.3595329904472,-83.6974509103298
51.36,-83.6974509103298
51.3695329904472,-83.6974509103305
51.37,-83.6974509103306
51.3795329904472,-83.6974509103313
51.38,-83.6974509103313
51.3895329904472,-83.697450910332
51.39,-83.6974509103321
51.3995329904472,-83.6974509103328
51.4,-83.6974509103328
51.4095329904472,-83.6974509103336
51.41,-83.6974509103336
51.4195329904472,-83.6974509103344
51.42,-83.6974509103344
51.4295329904472,-83.6974509103351
51.43,-83.6974509103352
51.4395329904472,-83.6974509103359
51.44,-83.697450910336
51.4495329904472,-83.6974509103367
51.45,-83.6974509103368
51.4595329904472,-83.6974509103375
51.46,-83.6974509103376
51.4695329904472,-83.6974509103383
51.47,-83.6974509103384
51.4795329904472,-83.6974509103391
51.48,-83.6974509103392
51.4895329904472,-83.6974509103399
51.49,-83.69745091034
51.4995329904472,-83.6974509103408
51.5,-83.6974509103408
51.5095329904471,-83.6974509103416
51.51,-83.6974509103416
51.5195329904471,-83.6974509103424
51.52,-83.6974509103424
51.5295329904471,-83.6974509103432
51.53,-83.6974509103433
51.5395329904471,-83.6974509103441
51.54,-83.6974509103441
51.5495329904471,-83.6974509103449
51.55,-83.6974509103449
51.5595329904471,-83.6974509103457
51.56,-83.6974509103458
51.5695329904471,-83.6974509103466
51.57,-83.6974509103466
51.5795329904471,-83.6974509103474
51.58,-83.6974509103475
51.5895329904471,-83.6974509103483
51.59,-83.6974509103483
51.5995329904471,-83.6974509103491
51.6,-83.6974509103492
51.6095329904471,-83.69745091035
51.61,-83.6974509103501
51.6195329904471,-83.6974509103509
51.62,-83.6974509103509
51.6295329904471,-83.6974509103517
51.63,-83.6974509103518
51.6395329904471,-83.6974509103526
51.64,-83.6974509103527
51.6495329904471,-83.6974509103535
51.65,-83.6974509103535
51.6595329904471,-83.6974509103544
51.66,-83.6974509103544
51.6695329904471,-83.6974509103553
51.67,-83.6974509103553
51.6795329904471,-83.6974509103562
51.68,-83.6974509103562
51.6895329904471,-83.6974509103571
51.69,-83.6974509103571
51.6995329904471,-83.697450910358
51.7,-83.697450910358
51.7095329904471,-83.6974509103589
51.71,-83.6974509103589
51.7195329904471,-83.6974509103598
51.72,-83.6974509103598
51.7295329904471,-83.6974509103607
51.73,-83.6974509103607
51.7395329904471,-83.6974509103616
51.74,-83.6974509103617
51.7495329904471,-83.6974509103625
51.75,-83.6974509103626
51.7595329904471,-83.6974509103635
51.76,-83.6974509103635
51.7695329904471,-83.6974509103644
51.77,-83.6974509103644
51.7795329904471,-83.6974509103653
51.78,-83.6974509103653
51.7895329904471,-83.6974509103662
51.79,-83.6974509103663
51.7995329904471,-83.6974509103672
51.8,-83.6974509103672
51.8095329904471,-83.6974509103681
51.81,-83.6974509103682
51.8195329904471,-83.6974509103691
51.82,-83.6974509103691
51.8295329904471,-83.69745091037
51.83,-83.6974509103701
51.8395329904471,-83.697450910371
51.84,-83.697450910371
51.8495329904471,-83.6974509103719
51.85,-83.697450910372
51.8595329904471,-83.6974509103729
51.86,-83.6974509103729
51.8695329904471,-83.6974509103739
51.87,-83.6974509103739
51.8795329904471,-83.6974509103748
51.88,-83.6974509103749
51.8895329904471,-83.6974509103758
51.89,-83.6974509103759
51.8995329904471,-83.6974509103768
51.9,-83.6974509103768
51.9095329904471,-83.6974509103778
51.91,-83.6974509103778
51.9195329904471,-83.6974509103787
51.92,-83.6974509103788
51.9295329904471,-83.6974509103797
51.93,-83.6974509103798
51.9395329904471,-83.6974509103807
51.94,-83.6974509103808
51.9495329904471,-83.6974509103817
51.95,-83.6974509103818
51.9595329904471,-83.6974509103827
51.96,-83.6974509103828
51.9695329904471,-83.6974509103837
51.97,-83.6974509103838
51.9795329904471,-83.6974509103847
51.98,-83.6974509103848
51.9895329904471,-83.6974509103857
51.99,-83.6974509103858
51.9995329904471,-83.6974509103868
52,-83.6974509103868
52.009532990447,-83.6974509103878
52.01,-83.6974509103878
52.019532990447,-83.6974509103888
52.02,-83.6974509103888
52.029532990447,-83.6974509103898
52.03,-83.6974509103899
52.039532990447,-83.6974509103908
52.04,-83.6974509103909
52.049532990447,-83.6974509103919
52.05,-83.6974509103919
52.059532990447,-83.6974509103929
52.06,-83.697450910393
52.069532990447,-83.6974509103939
52.07,-83.697450910394
52.079532990447,-83.697450910395
52.08,-83.697450910395
52.089532990447,-83.697450910396
52.09,-83.6974509103961
52.099532990447,-83.6974509103971
52.1,-83.6974509103971
52.109532990447,-83.6974509103981
52.11,-83.6974509103982
52.119532990447,-83.6974509103992
52.12,-83.6974509103992
52.129532990447,-83.6974509104002
52.13,-83.6974509104003
52.139532990447,-83.6974509104013
52.14,-83.6974509104013
52.149532990447,-83.6974509104024
52.15,-83.6974509104024
52.159532990447,-83.6974509104034
52.16,-83.6974509104035
52.169532990447,-83.6974509104045
52.17,-83.6974509104045
52.179532990447,-83.6974509104056
52.18,-83.6974509104056
52.189532990447,-83.6974509104066
52.19,-83.6974509104067
52.199532990447,-83.6974509104077
52.2,-83.6974509104078
52.209532990447,-83.6974509104088
52.21,-83.6974509104089
52.219532990447,-83.6974509104099
52.22,-83.6974509104099
52.229532990447,-83.697450910411
52.23,-83.697450910411
52.239532990447,-83.6974509104121
52.24,-83.6974509104121
52.249532990447,-83.6974509104132
52.25,-83.6974509104132
52.259532990447,-83.6974509104143
52.26,-83.6974509104143
52.269532990447,-83.6974509104154
52.27,-83.6974509104154
52.279532990447,-83.6974509104165
52.28,-83.6974509104165
52.289532990447,-83.6974509104176
52.29,-83.6974509104176
52.299532990447,-83.6974509104187
52.3,-83.6974509104187
52.309532990447,-83.6974509104198
52.31,-83.6974509104199
52.319532990447,-83.6974509104209
52.32,-83.697450910421
52.329532990447,-83.697450910422
52.33,-83.6974509104221
52.339532990447,-83.6974509104232
52.34,-83.6974509104232
52.349532990447,-83.6974509104243
52.35,-83.6974509104243
52.359532990447,-83.6974509104254
52.36,-83.6974509104255
52.369532990447,-83.6974509104266
52.37,-83.6974509104266
52.379532990447,-83.6974509104277
52.38,-83.6974509104277
52.389532990447,-83.6974509104288
52.39,-83.6974509104289
52.399532990447,-83.69745091043
52.4,-83.69745091043
52.409532990447,-83.6974509104311
52.41,-83.6974509104312
52.419532990447,-83.6974509104323
52.42,-83.6974509104323
52.429532990447,-83.6974509104334
52.43,-83.6974509104334
52.439532990447,-83.6974509104346
52.44,-83.6974509104346
52.449532990447,-83.6974509104357
52.45,-83.6974509104358
52.459532990447,-83.6974509104369
52.46,-83.6974509104369
52.469532990447,-83.697450910438
52.47,-83.6974509104381
52.479532990447,-83.6974509104392
52.48,-83.6974509104392
52.489532990447,-83.6974509104404
52.49,-83.6974509104404
52.499532990447,-83.6974509104415
52.5,-83.6974509104416
52.5095329904469,-83.6974509104427
52.51,-83.6974509104428
52.5195329904469,-83.6974509104439
52.52,-83.6974509104439
52.5295329904469,-83.697450910445
52.53,-83.6974509104451
52.5395329904469,-83.6974509104462
52.54,-83.6974509104463
52.5495329904469,-83.6974509104474
52.55,-83.6974509104475
52.5595329904469,-83.6974509104486
52.56,-83.6974509104486
52.5695329904469,-83.6974509104498
52.57,-83.6974509104498
52.5795329904469,-83.697450910451
52.58,-83.697450910451
52.5895329904469,-83.6974509104522
52.59,-83.6974509104522
52.5995329904469,-83.6974509104534
52.6,-83.6974509104534
52.6095329904469,-83.6974509104545
52.61,-83.6974509104546
52.6195329904469,-83.6974509104558
52.62,-83.6974509104558
52.6295329904469,-83.697450910457
52.63,-83.697450910457
52.6395329904469,-83.6974509104582
52.64,-83.6974509104582
52.6495329904469,-83.6974509104594
52.65,-83.6974509104594
52.6595329904469,-83.6974509104606
52.66,-83.6974509104606
52.6695329904469,-83.6974509104618
52.67,-83.6974509104619
52.6795329904469,-83.697450910463
52.68,-83.6974509104631
52.6895329904469,-83.6974509104642
52.69,-83.6974509104643
52.6995329904469,-83.6974509104655
52.7,-83.6974509104655
52.7095329904469,-83.6974509104667
52.71,-83.6974509104667
52.7195329904469,-83.6974509104679
52.72,-83.697450910468
52.7295329904469,-83.6974509104691
52.73,-83.6974509104692
52.7395329904469,-83.6974509104704
52.74,-83.6974509104704
52.7495329904469,-83.6974509104716
52.75,-83.6974509104717
52.7595329904469,-83.6974509104728
52.76,-83.6974509104729
52.7695329904469,-83.6974509104741
52.77,-83.6974509104741
52.7795329904469,-83.6974509104753
52.78,-83.6974509104754
52.7895329904469,-83.6974509104766
52.79,-83.6974509104766
52.7995329904469,-83.6974509104778
52.8,-83.6974509104779
52.8095329904469,-83.6974509104791
52.81,-83.6974509104791
52.8195329904469,-83.6974509104803
52.82,-83.6974509104804
52.8295329904469,-83.6974509104816
52.83,-83.6974509104816
52.8395329904469,-83.6974509104828
52.84,-83.6974509104829
52.8495329904469,-83.6974509104841
52.85,-83.6974509104841
52.8595329904469,-83.6974509104853
52.86,-83.6974509104854
52.8695329904469,-83.6974509104866
52.87,-83.6974509104867
52.8795329904469,-83.6974509104879
52.88,-83.6974509104879
52.8895329904469,-83.6974509104891
52.89,-83.6974509104892
52.8995329904469,-83.6974509104904
52.9,-83.6974509104905
52.9095329904469,-83.6974509104917
52.91,-83.6974509104917
52.9195329904469,-83.6974509104929
52.92,-83.697450910493
52.9295329904469,-83.6974509104942
52.93,-83.6974509104943
52.9395329904469,-83.6974509104955
52.94,-83.6974509104956
52.9495329904469,-83.6974509104968
52.95,-83.6974509104968
52.9595329904469,-83.6974509104981
52.96,-83.6974509104981
52.9695329904469,-83.6974509104994
52.97,-83.6974509104994
52.9795329904469,-83.6974509105006
52.98,-83.6974509105007
52.9895329904469,-83.6974509105019
52.99,-83.697450910502
52.9995329904469,-83.6974509105032
53,-83.6974509105033
53.0095329904468,-83.6974509105045
53.01,-83.6974509105046
53.0195329904468,-83.6974509105058
53.02,-83.6974509105059
53.0295329904468,-83.6974509105071
53.03,-83.6974509105072
53.0395329904468,-83.6974509105084
53.04,-83.6974509105085
53.0495329904468,-83.6974509105097
53.05,-83.6974509105098
53.0595329904468,-83.697450910511
53.06,-83.6974509105111
53.0695329904468,-83.6974509105123
53.07,-83.6974509105124
53.0795329904468,-83.6974509105137
53.08,-83.6974509105137
53.0895329904468,-83.697450910515
53.09,-83.697450910515
53.0995329904468,-83.6974509105163
53.1,-83.6974509105163
53.1095329904468,-83.6974509105176
53.11,-83.6974509105176
53.1195329904468,-83.6974509105189
53.12,-83.697450910519
53.1295329904468,-83.6974509105202
53.13,-83.6974509105203
53.1395329904468,-83.6974509105216
53.14,-83.6974509105216
53.1495329904468,-83.6974509105229
53.15,-83.6974509105229
53.1595329904468,-83.6974509105242
53.16,-83.6974509105243
53.1695329904468,-83.6974509105255
53.17,-83.6974509105256
53.1795329904468,-83.6974509105269
53.18,-83.6974509105269
53.1895329904468,-83.6974509105282
53.19,-83.6974509105283
53.1995329904468,-83.6974509105295
53.2,-83.6974509105296
53.2095329904468,-83.6974509105309
53.21,-83.6974509105309
53.2195329904468,-83.6974509105322
53.22,-83.6974509105323
53.2295329904468,-83.6974509105335
53.23,-83.6974509105336
53.2395329904468,-83.6974509105349
53.24,-83.697450910535
53.2495329904468,-83.6974509105362
53.25,-83.6974509105363
53.2595329904468,-83.6974509105376
53.26,-83.6974509105376
53.2695329904468,-83.6974509105389
53.27,-83.697450910539
53.2795329904468,-83.6974509105403
53.28,-83.6974509105404
53.2895329904468,-83.6974509105416
53.29,-83.6974509105417
53.2995329904468,-83.697450910543
53.3,-83.6974509105431
53.3095329904468,-83.6974509105443
53.31,-83.6974509105444
53.3195329904468,-83.6974509105457
53.32,-83.6974509105458
53.3295329904468,-83.6974509105471
53.33,-83.6974509105471
53.3395329904468,-83.6974509105484
53.34,-83.6974509105485
53.3495329904468,-83.6974509105498
53.35,-83.6974509105499
53.3595329904468,-83.6974509105512
53.36,-83.6974509105512
53.3695329904468,-83.6974509105525
53.37,-83.6974509105526
53.3795329904468,-83.6974509105539
53.38,-83.697450910554
53.3895329904468,-83.6974509105553
53.39,-83.6974509105553
53.3995329904468,-83.6974509105567
53.4,-83.6974509105567
53.4095329904468,-83.697450910558
53.41,-83.6974509105581
53.4195329904468,-83.6974509105594
53.42,-83.6974509105595
53.4295329904468,-83.6974509105608
53.43,-83.6974509105608
53.4395329904468,-83.6974509105622
53.44,-83.6974509105622
53.4495329904468,-83.6974509105635
53.45,-83.6974509105636
53.4595329904468,-83.6974509105649
53.46,-83.697450910565
53.4695329904468,-83.6974509105663
53.47,-83.6974509105664
53.4795329904468,-83.6974509105677
53.48,-83.6974509105678
53.4895329904468,-83.6974509105691
53.49,-83.6974509105692
53.4995329904468,-83.6974509105705
53.5,-83.6974509105706
53.5095329904468,-83.6974509105719
53.51,-83.697450910572
53.5195329904467,-83.6974509105733
53.52,-83.6974509105734
53.5295329904467,-83.6974509105747
53.53,-83.6974509105748
53.5395329904467,-83.6974509105761
53.54,-83.6974509105762
53.5495329904467,-83.6974509105775
53.55,-83.6974509105776
53.5595329904467,-83.6974509105789
53.56,-83.697450910579
53.5695329904467,-83.6974509105803
53.57,-83.6974509105804
53.5795329904467,-83.6974509105817
53.58,-83.6974509105818
53.5895329904467,-83.6974509105831
53.59,-83.6974509105832
53.5995329904467,-83.6974509105845
53.6,-83.6974509105846
53.6095329904467,-83.6974509105859
53.61,-83.697450910586
53.6195329904467,-83.6974509105873
53.62,-83.6974509105874
53.6295329904467,-83.6974509105888
53.63,-83.6974509105888
53.6395329904467,-83.6974509105902
53.64,-83.6974509105902
53.6495329904467,-83.6974509105916
53.65,-83.6974509105917
53.6595329904467,-83.697450910593
53.66,-83.6974509105931
53.6695329904467,-83.6974509105945
53.67,-83.6974509105945
53.6795329904467,-83.6974509105959
53.68,-83.6974509105959
53.6895329904467,-83.6974509105973
53.69,-83.6974509105974
53.6995329904467,-83.6974509105987
53.7,-83.6974509105988
53.7095329904467,-83.6974509106002
53.71,-83.6974509106002
53.7195329904467,-83.6974509106016
53.72,-83.6974509106016
53.7295329904467,-83.697450910603
53.73,-83.6974509106031
53.7395329904467,-83.6974509106044
53.74,-83.6974509106045
53.7495329904467,-83.6974509106059
53.75,-83.697450910606
53.7595329904467,-83.6974509106073
53.76,-83.6974509106074
53.7695329904467,-83.6974509106088
53.77,-83.6974509106088
53.7795329904467,-83.6974509106102
53.78,-83.6974509106103
53.7895329904467,-83.6974509106116
53.79,-83.6974509106117
53.7995329904467,-83.6974509106131
53.8,-83.6974509106132
53.8095329904467,-83.6974509106145
53.81,-83.6974509106146
53.8195329904467,-83.697450910616
53.82,-83.6974509106161
53.8295329904467,-83.6974509106174
53.83,-83.6974509106175
53.8395329904467,-83.6974509106189
53.84,-83.697450910619
53.8495329904467,-83.6974509106203
53.85,-83.6974509106204
53.8595329904467,-83.6974509106218
53.86,-83.6974509106219
53.8695329904467,-83.6974509106232
53.87,-83.6974509106233
53.8795329904467,-83.6974509106247
53.88,-83.6974509106248
53.8895329904467,-83.6974509106262
53.89,-83.6974509106262
53.8995329904467,-83.6974509106276
53.9,-83.6974509106277
53.9095329904467,-83.6974509106291
53.91,-83.6974509106292
53.9195329904467,-83.6974509106305
53.92,-83.6974509106306
53.9295329904467,-83.697450910632
53.93,-83.6974509106321
53.9395329904467,-83.6974509106335
53.94,-83.6974509106335
53.9495329904467,-83.6974509106349
53.95,-83.697450910635
53.9595329904467,-83.6974509106364
53.96,-83.6974509106365
53.9695329904467,-83.6974509106379
53.97,-83.6974509106379
53.9795329904467,-83.6974509106394
53.98,-83.6974509106394
53.9895329904467,-83.6974509106408
53.99,-83.6974509106409
53.9995329904467,-83.6974509106423
54,-83.6974509106424
54.0095329904467,-83.6974509106438
54.01,-83.6974509106439
54.0195329904466,-83.6974509106453
54.02,-83.6974509106453
54.0295329904466,-83.6974509106467
54.03,-83.6974509106468
54.0395329904466,-83.6974509106482
54.04,-83.6974509106483
54.0495329904466,-83.6974509106497
54.05,-83.6974509106498
54.0595329904466,-83.6974509106512
54.06,-83.6974509106513
54.0695329904466,-83.6974509106527
54.07,-83.6974509106527
54.0795329904466,-83.6974509106542
54.08,-83.6974509106542
54.0895329904466,-83.6974509106556
54.09,-83.6974509106557
54.0995329904466,-83.6974509106571
54.1,-83.6974509106572
54.1095329904466,-83.6974509106586
54.11,-83.6974509106587
54.1195329904466,-83.6974509106601
54.12,-83.6974509106602
54.1295329904466,-83.6974509106616
54.13,-83.6974509106617
54.1395329904466,-83.6974509106631
54.14,-83.6974509106632
54.1495329904466,-83.6974509106646
54.15,-83.6974509106647
54.1595329904466,-83.6974509106661
54.16,-83.6974509106662
54.1695329904466,-83.6974509106676
54.17,-83.6974509106677
54.1795329904466,-83.6974509106691
54.18,-83.6974509106692
54.1895329904466,-83.6974509106706
54.19,-83.6974509106707
54.1995329904466,-83.6974509106721
54.2,-83.6974509106722
54.2095329904466,-83.6974509106736
54.21,-83.6974509106737
54.2195329904466,-83.6974509106751
54.22,-83.6974509106752
54.2295329904466,-83.6974509106766
54.23,-83.6974509106767
54.2395329904466,-83.6974509106781
54.24,-83.6974509106782
54.2495329904466,-83.6974509106796
54.25,-83.6974509106797
54.2595329904466,-83.6974509106812
54.26,-83.6974509106812
54.2695329904466,-83.6974509106827
54.27,-83.6974509106828
54.2795329904466,-83.6974509106842
54.28,-83.6974509106843
54.2895329904466,-83.6974509106857
54.29,-83.6974509106858
54.2995329904466,-83.6974509106872
54.3,-83.6974509106873
54.3095329904466,-83.6974509106887
54.31,-83.6974509106888
54.3195329904466,-83.6974509106903
54.32,-83.6974509106903
54.3295329904466,-83.6974509106918
54.33,-83.6974509106919
54.3395329904466,-83.6974509106933
54.34,-83.6974509106934
54.3495329904466,-83.6974509106948
54.35,-83.6974509106949
54.3595329904466,-83.6974509106964
54.36,-83.6974509106964
54.3695329904466,-83.6974509106979
54.37,-83.697450910698
54.3795329904466,-83.6974509106994
54.38,-83.6974509106995
54.3895329904466,-83.697450910701
54.39,-83.697450910701
54.3995329904466,-83.6974509107025
54.4,-83.6974509107026
54.4095329904466,-83.697450910704
54.41,-83.6974509107041
54.4195329904466,-83.6974509107056
54.42,-83.6974509107056
54.4295329904466,-83.6974509107071
54.43,-83.6974509107072
54.4395329904466,-83.6974509107086
54.44,-83.6974509107087
54.4495329904466,-83.6974509107102
54.45,-83.6974509107102
54.4595329904466,-83.6974509107117
54.46,-83.6974509107118
54.4695329904466,-83.6974509107132
54.47,-83.6974509107133
54.4795329904466,-83.6974509107148
54.48,-83.6974509107148
54.4895329904466,-83.6974509107163
54.49,-83.6974509107164
54.4995329904466,-83.6974509107179
54.5,-83.6974509107179
54.5095329904466,-83.6974509107194
54.51,-83.6974509107195
54.5195329904465,-83.697450910721
54.52,-83.697450910721
54.5295329904465,-83.6974509107225
54.53,-83.6974509107226
54.5395329904465,-83.6974509107241
54.54,-83.6974509107241
54.5495329904465,-83.6974509107256
54.55,-83.6974509107257
54.5595329904465,-83.6974509107272
54.56,-83.6974509107272
54.5695329904465,-83.6974509107287
54.57,-83.6974509107288
54.5795329904465,-83.6974509107303
54.58,-83.6974509107303
54.5895329904465,-83.6974509107318
54.59,-83.6974509107319
54.5995329904465,-83.6974509107334
54.6,-83.6974509107334
54.6095329904465,-83.6974509107349
54.61,-83.697450910735
54.6195329904465,-83.6974509107365
54.62,-83.6974509107366
54.6295329904465,-83.697450910738
54.63,-83.6974509107381
54.6395329904465,-83.6974509107396
54.64,-83.6974509107397
54.6495329904465,-83.6974509107412
54.65,-83.6974509107412
54.6595329904465,-83.6974509107427
54.66,-83.6974509107428
54.6695329904465,-83.6974509107443
54.67,-83.6974509107444
54.6795329904465,-83.6974509107459
54.68,-83.6974509107459
54.6895329904465,-83.6974509107474
54.69,-83.6974509107475
54.6995329904465,-83.697450910749
54.7,-83.6974509107491
54.7095329904465,-83.6974509107506
54.71,-83.6974509107506
54.7195329904465,-83.6974509107521
54.72,-83.6974509107522
54.7295329904465,-83.6974509107537
54.73,-83.6974509107538
54.7395329904465,-83.6974509107553
54.74,-83.6974509107554
54.7495329904465,-83.6974509107569
54.75,-83.6974509107569
54.7595329904465,-83.6974509107584
54.76,-83.6974509107585
54.7695329904465,-83.69745091076
54.77,-83.6974509107601
54.7795329904465,-83.6974509107616
54.78,-83.6974509107617
54.7895329904465,-83.6974509107632
54.79,-83.6974509107633
54.7995329904465,-83.6974509107647
54.8,-83.6974509107648
54.8095329904465,-83.6974509107663
54.81,-83.6974509107664
54.8195329904465,-83.6974509107679
54.82,-83.697450910768
54.8295329904465,-83.6974509107695
54.83,-83.6974509107696
54.8395329904465,-83.6974509107711
54.84,-83.6974509107712
54.8495329904465,-83.6974509107727
54.85,-83.6974509107727
54.8595329904465,-83.6974509107743
54.86,-83.6974509107743
54.8695329904465,-83.6974509107758
54.87,-83.6974509107759
54.8795329904465,-83.6974509107774
54.88,-83.6974509107775
54.8895329904465,-83.697450910779
54.89,-83.6974509107791
54.8995329904465,-83.6974509107806
54.9,-83.6974509107807
54.9095329904465,-83.6974509107822
54.91,-83.6974509107823
54.9195329904465,-83.6974509107838
54.92,-83.6974509107839
54.9295329904465,-83.6974509107854
54.93,-83.6974509107855
54.9395329904465,-83.697450910787
54.94,-83.6974509107871
54.9495329904465,-83.6974509107886
54.95,-83.6974509107887
54.9595329904465,-83.6974509107902
54.96,-83.6974509107903
54.9695329904465,-83.6974509107918
54.97,-83.6974509107919
54.9795329904465,-83.6974509107934
54.98,-83.6974509107935
54.9895329904465,-83.697450910795
54.99,-83.6974509107951
54.9995329904465,-83.6974509107966
55,-83.6974509107967
55.0095329904465,-83.6974509107982
55.01,-83.6974509107983
55.0195329904465,-83.6974509107998
55.02,-83.6974509107999
55.0295329904464,-83.6974509108014
55.03,-83.6974509108015
55.0395329904464,-83.697450910803
55.04,-83.6974509108031
55.0495329904464,-83.6974509108046
55.05,-83.6974509108047
55.0595329904464,-83.6974509108062
55.06,-83.6974509108063
55.0695329904464,-83.6974509108078
55.07,-83.6974509108079
55.0795329904464,-83.6974509108095
55.08,-83.6974509108095
55.0895329904464,-83.6974509108111
55.09,-83.6974509108111
55.0995329904464,-83.6974509108127
55.1,-83.6974509108127
55.1095329904464,-83.6974509108143
55.11,-83.6974509108144
55.1195329904464,-83.6974509108159
55.12,-83.697450910816
55.1295329904464,-83.6974509108175
55.13,-83.6974509108176
55.1395329904464,-83.6974509108191
55.14,-83.6974509108192
55.1495329904464,-83.6974509108207
55.15,-83.6974509108208
55.1595329904464,-83.6974509108224
55.16,-83.6974509108224
55.1695329904464,-83.697450910824
55.17,-83.6974509108241
55.1795329904464,-83.6974509108256
55.18,-83.6974509108257
55.1895329904464,-83.6974509108272
55.19,-83.6974509108273
55.1995329904464,-83.6974509108289
55.2,-83.6974509108289
55.2095329904464,-83.6974509108305
55.21,-83.6974509108306
55.2195329904464,-83.6974509108321
55.22,-83.6974509108322
55.2295329904464,-83.6974509108337
55.23,-83.6974509108338
55.2395329904464,-83.6974509108354
55.24,-83.6974509108354
55.2495329904464,-83.697450910837
55.25,-83.6974509108371
55.2595329904464,-83.6974509108386
55.26,-83.6974509108387
55.2695329904464,-83.6974509108403
55.27,-83.6974509108403
55.2795329904464,-83.6974509108419
55.28,-83.697450910842
55.2895329904464,-83.6974509108435
55.29,-83.6974509108436
55.2995329904464,-83.6974509108451
55.3,-83.6974509108452
55.3095329904464,-83.6974509108468
55.31,-83.6974509108469
55.3195329904464,-83.6974509108484
55.32,-83.6974509108485
55.3295329904464,-83.6974509108501
55.33,-83.6974509108501
55.3395329904464,-83.6974509108517
55.34,-83.6974509108518
55.3495329904464,-83.6974509108533
55.35,-83.6974509108534
55.3595329904464,-83.697450910855
55.36,-83.6974509108551
55.3695329904464,-83.6974509108566
55.37,-83.6974509108567
55.3795329904464,-83.6974509108583
55.38,-83.6974509108583
55.3895329904464,-83.6974509108599
55.39,-83.69745091086
55.3995329904464,-83.6974509108615
55.4,-83.6974509108616
55.4095329904464,-83.6974509108632
55.41,-83.6974509108633
55.4195329904464,-83.6974509108648
55.42,-83.6974509108649
55.4295329904464,-83.6974509108665
55.43,-83.6974509108666
55.4395329904464,-83.6974509108681
55.44,-83.6974509108682
55.4495329904464,-83.6974509108698
55.45,-83.6974509108699
55.4595329904464,-83.6974509108714
55.46,-83.6974509108715
55.4695329904464,-83.6974509108731
55.47,-83.6974509108732
55.4795329904464,-83.6974509108747
55.48,-83.6974509108748
55.4895329904464,-83.6974509108764
55.49,-83.6974509108765
55.4995329904464,-83.697450910878
55.5,-83.6974509108781
55.5095329904464,-83.6974509108797
55.51,-83.6974509108798
55.5195329904464,-83.6974509108813
55.52,-83.6974509108814
55.5295329904463,-83.697450910883
55.53,-83.6974509108831
55.5395329904463,-83.6974509108847
55.54,-83.6974509108847
55.5495329904463,-83.6974509108863
55.55,-83.6974509108864
55.5595329904463,-83.697450910888
55.56,-83.6974509108881
55.5695329904463,-83.6974509108896
55.57,-83.6974509108897
55.5795329904463,-83.6974509108913
55.58,-83.6974509108914
55.5895329904463,-83.697450910893
55.59,-83.697450910893
55.5995329904463,-83.6974509108946
55.6,-83.6974509108947
55.6095329904463,-83.6974509108963
55.61,-83.6974509108964
55.6195329904463,-83.697450910898
55.62,-83.697450910898
55.6295329904463,-83.6974509108996
55.63,-83.6974509108997
55.6395329904463,-83.6974509109013
55.64,-83.6974509109014
55.6495329904463,-83.6974509109029
55.65,-83.697450910903
55.6595329904463,-83.6974509109046
55.66,-83.6974509109047
55.6695329904463,-83.6974509109063
55.67,-83.6974509109064
55.6795329904463,-83.697450910908
55.68,-83.697450910908
55.6895329904463,-83.6974509109096
55.69,-83.6974509109097
55.6995329904463,-83.6974509109113
55.7,-83.6974509109114
55.7095329904463,-83.697450910913
55.71,-83.697450910913
55.7195329904463,-83.6974509109147
55.72,-83.6974509109147
55.7295329904463,-83.6974509109163
55.73,-83.6974509109164
55.7395329904463,-83.697450910918
55.74,-83.6974509109181
55.7495329904463,-83.6974509109197
55.75,-83.6974509109198
55.7595329904463,-83.6974509109214
55.76,-83.6974509109214
55.7695329904463,-83.697450910923
55.77,-83.6974509109231
55.7795329904463,-83.6974509109247
55.78,-83.6974509109248
55.7895329904463,-83.6974509109264
55.79,-83.6974509109265
55.7995329904463,-83.6974509109281
55.8,-83.6974509109282
55.8095329904463,-83.6974509109298
55.81,-83.6974509109298
55.8195329904463,-83.6974509109314
55.82,-83.6974509109315
55.8295329904463,-83.6974509109331
55.83,-83.6974509109332
55.8395329904463,-83.6974509109348
55.84,-83.6974509109349
55.8495329904463,-83.6974509109365
55.85,-83.6974509109366
55.8595329904463,-83.6974509109382
55.86,-83.6974509109383
55.8695329904463,-83.6974509109399
55.87,-83.6974509109399
55.8795329904463,-83.6974509109416
55.88,-83.6974509109416
55.8895329904463,-83.6974509109432
55.89,-83.6974509109433
55.8995329904463,-83.6974509109449
55.9,-83.697450910945
55.9095329904463,-83.6974509109466
55.91,-83.6974509109467
55.9195329904463,-83.6974509109483
55.92,-83.6974509109484
55.9295329904463,-83.69745091095
55.93,-83.6974509109501
55.9395329904463,-83.6974509109517
55.94,-83.6974509109518
55.9495329904463,-83.6974509109534
55.95,-83.6974509109535
55.9595329904463,-83.6974509109551
55.96,-83.6974509109552
55.9695329904463,-83.6974509109568
55.97,-83.6974509109569
55.9795329904463,-83.6974509109585
55.98,-83.6974509109586
55.9895329904463,-83.6974509109602
55.99,-83.6974509109603
55.9995329904463,-83.6974509109619
56,-83.697450910962
56.0095329904463,-83.6974509109636
56.01,-83.6974509109637
56.0195329904463,-83.6974509109653
56.02,-83.6974509109654
56.0295329904462,-83.697450910967
56.03,-83.6974509109671
56.0395329904462,-83.6974509109687
56.04,-83.6974509109688
56.0495329904462,-83.6974509109704
56.05,-83.6974509109705
56.0595329904462,-83.6974509109721
56.06,-83.6974509109722
56.0695329904462,-83.6974509109738
56.07,-83.6974509109739
56.0795329904462,-83.6974509109755
56.08,-83.6974509109756
56.0895329904462,-83.6974509109772
56.09,-83.6974509109773
56.0995329904462,-83.6974509109789
56.1,-83.697450910979
56.1095329904462,-83.6974509109806
56.11,-83.6974509109807
56.1195329904462,-83.6974509109823
56.12,-83.6974509109824
56.1295329904462,-83.697450910984
56.13,-83.6974509109841
56.1395329904462,-83.6974509109858
56.14,-83.6974509109858
56.1495329904462,-83.6974509109875
56.15,-83.6974509109875
56.1595329904462,-83.6974509109892
56.16,-83.6974509109892
56.1695329904462,-83.6974509109909
56.17,-83.697450910991
56.1795329904462,-83.6974509109926
56.18,-83.6974509109927
56.1895329904462,-83.6974509109943
56.19,-83.6974509109944
56.1995329904462,-83.697450910996
56.2,-83.6974509109961
56.2095329904462,-83.6974509109977
56.21,-83.6974509109978
56.2195329904462,-83.6974509109995
56.22,-83.6974509109995
56.2295329904462,-83.6974509110012
56.23,-83.6974509110012
56.2395329904462,-83.6974509110029
56.24,-83.697450911003
56.2495329904462,-83.6974509110046
56.25,-83.6974509110047
56.2595329904462,-83.6974509110063
56.26,-83.6974509110064
56.2695329904462,-83.697450911008
56.27,-83.6974509110081
56.2795329904462,-83.6974509110098
56.28,-83.6974509110098
56.2895329904462,-83.6974509110115
56.29,-83.6974509110116
56.2995329904462,-83.6974509110132
56.3,-83.6974509110133
56.3095329904462,-83.6974509110149
56.31,-83.697450911015
56.3195329904462,-83.6974509110167
56.32,-83.6974509110167
56.3295329904462,-83.6974509110184
56.33,-83.6974509110185
56.3395329904462,-83.6974509110201
56.34,-83.6974509110202
56.3495329904462,-83.6974509110218
56.35,-83.6974509110219
56.3595329904462,-83.6974509110236
56.36,-83.6974509110237
56.3695329904462,-83.6974509110253
56.37,-83.6974509110254
56.3795329904462,-83.697450911027
56.38,-83.6974509110271
56.3895329904462,-83.6974509110288
56.39,-83.6974509110288
56.3995329904462,-83.6974509110305
56.4,-83.6974509110306
56.4095329904462,-83.6974509110322
56.41,-83.6974509110323
56.4195329904462,-83.697450911034
56.42,-83.697450911034
56.4295329904462,-83.6974509110357
56.43,-83.6974509110358
56.4395329904462,-83.6974509110374
56.44,-83.6974509110375
56.4495329904462,-83.6974509110392
56.45,-83.6974509110392
56.4595329904462,-83.6974509110409
56.46,-83.697450911041
56.4695329904462,-83.6974509110426
56.47,-83.6974509110427
56.4795329904462,-83.6974509110444
56.48,-83.6974509110444
56.4895329904462,-83.6974509110461
56.49,-83.6974509110462
56.4995329904462,-83.6974509110478
56.5,-83.6974509110479
56.5095329904462,-83.6974509110496
56.51,-83.6974509110497
56.5195329904462,-83.6974509110513
56.52,-83.6974509110514
56.5295329904461,-83.6974509110531
56.53,-83.6974509110532
56.5395329904461,-83.6974509110548
56.54,-83.6974509110549
56.5495329904461,-83.6974509110565
56.55,-83.6974509110566
56.5595329904461,-83.6974509110583
56.56,-83.6974509110584
56.5695329904461,-83.69745091106
56.57,-83.6974509110601
56.5795329904461,-83.6974509110618
56.58,-83.6974509110619
56.5895329904461,-83.6974509110635
56.59,-83.6974509110636
56.5995329904461,-83.6974509110653
56.6,-83.6974509110653
56.6095329904461,-83.697450911067
56.61,-83.6974509110671
56.6195329904461,-83.6974509110688
56.62,-83.6974509110688
56.6295329904461,-83.6974509110705
56.63,-83.6974509110706
56.6395329904461,-83.6974509110723
56.64,-83.6974509110724
56.6495329904461,-83.697450911074
56.65,-83.6974509110741
56.6595329904461,-83.6974509110758
56.66,-83.6974509110758
56.6695329904461,-83.6974509110775
56.67,-83.6974509110776
56.6795329904461,-83.6974509110793
56.68,-83.6974509110794
56.6895329904461,-83.697450911081
56.69,-83.6974509110811
56.6995329904461,-83.6974509110828
56.7,-83.6974509110829
56.7095329904461,-83.6974509110845
56.71,-83.6974509110846
56.7195329904461,-83.6974509110863
56.72,-83.6974509110864
56.7295329904461,-83.697450911088
56.73,-83.6974509110881
56.7395329904461,-83.6974509110898
56.74,-83.6974509110899
56.7495329904461,-83.6974509110916
56.75,-83.6974509110917
56.7595329904461,-83.6974509110933
56.76,-83.6974509110934
56.7695329904461,-83.6974509110951
56.77,-83.6974509110952
56.7795329904461,-83.6974509110968
56.78,-83.6974509110969
56.7895329904461,-83.6974509110986
56.79,-83.6974509110987
56.7995329904461,-83.6974509111004
56.8,-83.6974509111004
56.8095329904461,-83.6974509111021
56.81,-83.6974509111022
56.8195329904461,-83.6974509111039
56.82,-83.697450911104
56.8295329904461,-83.6974509111056
56.83,-83.6974509111057
56.8395329904461,-83.6974509111074
56.84,-83.6974509111075
56.8495329904461,-83.6974509111092
56.85,-83.6974509111093
56.8595329904461,-83.6974509111109
56.86,-83.697450911111
56.8695329904461,-83.6974509111127
56.87,-83.6974509111128
56.8795329904461,-83.6974509111145
56.88,-83.6974509111146
56.8895329904461,-83.6974509111162
56.89,-83.6974509111163
56.8995329904461,-83.697450911118
56.9,-83.6974509111181
56.9095329904461,-83.6974509111198
56.91,-83.6974509111199
56.9195329904461,-83.6974509111215
56.92,-83.6974509111216
56.9295329904461,-83.6974509111233
56.93,-83.6974509111234
56.9395329904461,-83.6974509111251
56.94,-83.6974509111252
56.9495329904461,-83.6974509111269
56.95,-83.6974509111269
56.9595329904461,-83.6974509111286
56.96,-83.6974509111287
56.9695329904461,-83.6974509111304
56.97,-83.6974509111305
56.9795329904461,-83.6974509111322
56.98,-83.6974509111323
56.9895329904461,-83.697450911134
56.99,-83.6974509111341
56.9995329904461,-83.6974509111357
57,-83.6974509111358
57.0095329904461,-83.6974509111375
57.01,-83.6974509111376
57.0195329904461,-83.6974509111393
57.02,-83.6974509111394
57.0295329904461,-83.6974509111411
57.03,-83.6974509111411
57.039532990446,-83.6974509111429
57.04,-83.6974509111429
57.049532990446,-83.6974509111446
57.05,-83.6974509111447
57.059532990446,-83.6974509111464
57.06,-83.6974509111465
57.069532990446,-83.6974509111482
57.07,-83.6974509111483
57.079532990446,-83.69745091115
57.08,-83.6974509111501
57.089532990446,-83.6974509111518
57.09,-83.6974509111518
57.099532990446,-83.6974509111535
57.1,-83.6974509111536
57.109532990446,-83.6974509111553
57.11,-83.6974509111554
57.119532990446,-83.6974509111571
57.12,-83.6974509111572
57.129532990446,-83.6974509111589
57.13,-83.697450911159
57.139532990446,-83.6974509111607
57.14,-83.6974509111608
57.149532990446,-83.6974509111625
57.15,-83.6974509111625
57.159532990446,-83.6974509111643
57.16,-83.6974509111643
57.169532990446,-83.697450911166
57.17,-83.6974509111661
57.179532990446,-83.6974509111678
57.18,-83.6974509111679
57.189532990446,-83.6974509111696
57.19,-83.6974509111697
57.199532990446,-83.6974509111714
57.2,-83.6974509111715
57.209532990446,-83.6974509111732
57.21,-83.6974509111733
57.219532990446,-83.697450911175
57.22,-83.6974509111751
57.229532990446,-83.6974509111768
57.23,-83.6974509111769
57.239532990446,-83.6974509111786
57.24,-83.6974509111786
57.249532990446,-83.6974509111804
57.25,-83.6974509111805
57.259532990446,-83.6974509111822
57.26,-83.6974509111822
57.269532990446,-83.697450911184
57.27,-83.697450911184
57.279532990446,-83.6974509111858
57.28,-83.6974509111858
57.289532990446,-83.6974509111875
57.29,-83.6974509111876
57.299532990446,-83.6974509111893
57.3,-83.6974509111894
57.309532990446,-83.6974509111911
57.31,-83.6974509111912
57.319532990446,-83.6974509111929
57.32,-83.697450911193
57.329532990446,-83.6974509111947
57.33,-83.6974509111948
57.339532990446,-83.6974509111965
57.34,-83.6974509111966
57.349532990446,-83.6974509111983
57.35,-83.6974509111984
57.359532990446,-83.6974509112001
57.36,-83.6974509112002
57.369532990446,-83.6974509112019
57.37,-83.697450911202
57.379532990446,-83.6974509112037
57.38,-83.6974509112038
57.389532990446,-83.6974509112056
57.39,-83.6974509112056
57.399532990446,-83.6974509112073
57.4,-83.6974509112074
57.409532990446,-83.6974509112091
57.41,-83.6974509112092
57.419532990446,-83.697450911211
57.42,-83.697450911211
57.429532990446,-83.6974509112128
57.43,-83.6974509112128
57.439532990446,-83.6974509112146
57.44,-83.6974509112147
57.449532990446,-83.6974509112164
57.45,-83.6974509112165
57.459532990446,-83.6974509112182
57.46,-83.6974509112183
57.469532990446,-83.69745091122
57.47,-83.6974509112201
57.479532990446,-83.6974509112218
57.48,-83.6974509112219
57.489532990446,-83.6974509112236
57.49,-83.6974509112237
57.499532990446,-83.6974509112254
57.5,-83.6974509112255
57.509532990446,-83.6974509112272
57.51,-83.6974509112273
57.519532990446,-83.697450911229
57.52,-83.6974509112291
57.529532990446,-83.6974509112309
57.53,-83.6974509112309
57.5395329904459,-83.6974509112327
57.54,-83.6974509112327
57.5495329904459,-83.6974509112345
57.55,-83.6974509112346
57.5595329904459,-83.6974509112363
57.56,-83.6974509112364
57.5695329904459,-83.6974509112381
57.57,-83.6974509112382
57.5795329904459,-83.6974509112399
57.58,-83.69745091124
57.5895329904459,-83.6974509112417
57.59,-83.6974509112418
57.5995329904459,-83.6974509112435
57.6,-83.6974509112436
57.6095329904459,-83.6974509112454
57.61,-83.6974509112455
57.6195329904459,-83.6974509112472
57.62,-83.6974509112473
57.6295329904459,-83.697450911249
57.63,-83.6974509112491
57.6395329904459,-83.6974509112508
57.64,-83.6974509112509
57.6495329904459,-83.6974509112526
57.65,-83.6974509112527
57.6595329904459,-83.6974509112545
57.66,-83.6974509112545
57.6695329904459,-83.6974509112563
57.67,-83.6974509112564
57.6795329904459,-83.6974509112581
57.68,-83.6974509112582
57.6895329904459,-83.6974509112599
57.69,-83.69745091126
57.6995329904459,-83.6974509112618
57.7,-83.6974509112618
57.7095329904459,-83.6974509112636
57.71,-83.6974509112637
57.7195329904459,-83.6974509112654
57.72,-83.6974509112655
57.7295329904459,-83.6974509112672
57.73,-83.6974509112673
57.7395329904459,-83.6974509112691
57.74,-83.6974509112691
57.7495329904459,-83.6974509112709
57.75,-83.697450911271
57.7595329904459,-83.6974509112727
57.76,-83.6974509112728
57.7695329904459,-83.6974509112745
57.77,-83.6974509112746
57.7795329904459,-83.6974509112764
57.78,-83.6974509112765
57.7895329904459,-83.6974509112782
57.79,-83.6974509112783
57.7995329904459,-83.69745091128
57.8,-83.6974509112801
57.8095329904459,-83.6974509112819
57.81,-83.6974509112819
57.8195329904459,-83.6974509112837
57.82,-83.6974509112838
57.8295329904459,-83.6974509112855
57.83,-83.6974509112856
57.8395329904459,-83.6974509112873
57.84,-83.6974509112874
57.8495329904459,-83.6974509112892
57.85,-83.6974509112893
57.8595329904459,-83.697450911291
57.86,-83.6974509112911
57.8695329904459,-83.6974509112929
57.87,-83.6974509112929
57.8795329904459,-83.6974509112947
57.88,-83.6974509112948
57.8895329904459,-83.6974509112965
57.89,-83.6974509112966
57.8995329904459,-83.6974509112984
57.9,-83.6974509112984
57.9095329904459,-83.6974509113002
57.91,-83.6974509113003
57.9195329904459,-83.697450911302
57.92,-83.6974509113021
57.9295329904459,-83.6974509113039
57.93,-83.697450911304
57.9395329904459,-83.6974509113057
57.94,-83.6974509113058
57.9495329904459,-83.6974509113076
57.95,-83.6974509113076
57.9595329904459,-83.6974509113094
57.96,-83.6974509113095
57.9695329904459,-83.6974509113112
57.97,-83.6974509113113
57.9795329904459,-83.6974509113131
57.98,-83.6974509113132
57.9895329904459,-83.6974509113149
57.99,-83.697450911315
57.9995329904459,-83.6974509113167
58,-83.6974509113168
58.0095329904459,-83.6974509113186
58.01,-83.6974509113187
58.0195329904459,-83.6974509113204
58.02,-83.6974509113205
58.0295329904459,-83.6974509113223
58.03,-83.6974509113224
58.0395329904458,-83.6974509113241
58.04,-83.6974509113242
58.0495329904458,-83.697450911326
58.05,-83.6974509113261
58.0595329904458,-83.6974509113278
58.06,-83.6974509113279
58.0695329904458,-83.6974509113297
58.07,-83.6974509113298
58.0795329904458,-83.6974509113315
58.08,-83.6974509113316
58.0895329904458,-83.6974509113334
58.09,-83.6974509113335
58.0995329904458,-83.6974509113352
58.1,-83.6974509113353
58.1095329904458,-83.6974509113371
58.11,-83.6974509113372
58.1195329904458,-83.6974509113389
58.12,-83.697450911339
58.1295329904458,-83.6974509113408
58.13,-83.6974509113409
58.1395329904458,-83.6974509113426
58.14,-83.6974509113427
58.1495329904458,-83.6974509113445
58.15,-83.6974509113446
58.1595329904458,-83.6974509113463
58.16,-83.6974509113464
58.1695329904458,-83.6974509113482
58.17,-83.6974509113483
58.1795329904458,-83.69745091135
58.18,-83.6974509113501
58.1895329904458,-83.6974509113519
58.19,-83.697450911352
58.1995329904458,-83.6974509113537
58.2,-83.6974509113538
58.2095329904458,-83.6974509113556
58.21,-83.6974509113557
58.2195329904458,-83.6974509113574
58.22,-83.6974509113575
58.2295329904458,-83.6974509113593
58.23,-83.6974509113594
58.2395329904458,-83.6974509113612
58.24,-83.6974509113613
58.2495329904458,-83.697450911363
58.25,-83.6974509113631
58.2595329904458,-83.6974509113649
58.26,-83.697450911365
58.2695329904458,-83.6974509113667
58.27,-83.6974509113668
58.2795329904458,-83.6974509113686
58.28,-83.6974509113687
58.2895329904458,-83.6974509113705
58.29,-83.6974509113705
58.2995329904458,-83.6974509113723
58.3,-83.6974509113724
58.3095329904458,-83.6974509113742
58.31,-83.6974509113743
58.3195329904458,-83.6974509113761
58.32,-83.6974509113761
58.3295329904458,-83.6974509113779
58.33,-83.697450911378
58.3395329904458,-83.6974509113798
58.34,-83.6974509113799
58.3495329904458,-83.6974509113816
58.35,-83.6974509113817
58.3595329904458,-83.6974509113835
58.36,-83.6974509113836
58.3695329904458,-83.6974509113854
58.37,-83.6974509113855
58.3795329904458,-83.6974509113872
58.38,-83.6974509113873
58.3895329904458,-83.6974509113891
58.39,-83.6974509113892
58.3995329904458,-83.697450911391
58.4,-83.697450911391
58.4095329904458,-83.6974509113928
58.41,-83.6974509113929
58.4195329904458,-83.6974509113947
58.42,-83.6974509113948
58.4295329904458,-83.6974509113966
58.43,-83.6974509113967
58.4395329904458,-83.6974509113984
58.44,-83.6974509113985
58.4495329904458,-83.6974509114003
58.45,-83.6974509114004
58.4595329904458,-83.6974509114022
58.46,-83.6974509114023
58.4695329904458,-83.697450911404
58.47,-83.6974509114041
58.4795329904458,-83.6974509114059
58.48,-83.697450911406
58.4895329904458,-83.6974509114078
58.49,-83.6974509114079
58.4995329904458,-83.6974509114097
58.5,-83.6974509114098
58.5095329904458,-83.6974509114116
58.51,-83.6974509114116
58.5195329904458,-83.6974509114134
58.52,-83.6974509114135
58.5295329904458,-83.6974509114153
58.53,-83.6974509114154
58.5395329904457,-83.6974509114172
58.54,-83.6974509114173
58.5495329904457,-83.697450911419
58.55,-83.6974509114191
58.5595329904457,-83.6974509114209
58.56,-83.697450911421
58.5695329904457,-83.6974509114228
58.57,-83.6974509114229
58.5795329904457,-83.6974509114247
58.58,-83.6974509114248
58.5895329904457,-83.6974509114266
58.59,-83.6974509114266
58.5995329904457,-83.6974509114284
58.6,-83.6974509114285
58.6095329904457,-83.6974509114303
58.61,-83.6974509114304
58.6195329904457,-83.6974509114322
58.62,-83.6974509114323
58.6295329904457,-83.6974509114341
58.63,-83.6974509114342
58.6395329904457,-83.697450911436
58.64,-83.697450911436
58.6495329904457,-83.6974509114378
58.65,-83.6974509114379
58.6595329904457,-83.6974509114397
58.66,-83.6974509114398
58.6695329904457,-83.6974509114416
58.67,-83.6974509114417
58.6795329904457,-83.6974509114435
58.68,-83.6974509114436
58.6895329904457,-83.6974509114454
58.69,-83.6974509114455
58.6995329904457,-83.6974509114473
58.7,-83.6974509114473
58.7095329904457,-83.6974509114491
58.71,-83.6974509114492
58.7195329904457,-83.697450911451
58.72,-83.6974509114511
58.7295329904457,-83.6974509114529
58.73,-83.697450911453
58.7395329904457,-83.6974509114548
58.74,-83.6974509114549
58.7495329904457,-83.6974509114567
58.75,-83.6974509114568
58.7595329904457,-83.6974509114586
58.76,-83.6974509114587
58.7695329904457,-83.6974509114605
58.77,-83.6974509114605
58.7795329904457,-83.6974509114624
58.78,-83.6974509114625
58.7895329904457,-83.6974509114643
58.79,-83.6974509114643
58.7995329904457,-83.6974509114661
58.8,-83.6974509114662
58.8095329904457,-83.697450911468
58.81,-83.6974509114681
58.8195329904457,-83.6974509114699
58.82,-83.69745091147
58.8295329904457,-83.6974509114718
58.83,-83.6974509114719
58.8395329904457,-83.6974509114737
58.84,-83.6974509114738
58.8495329904457,-83.6974509114756
58.85,-83.6974509114757
58.8595329904457,-83.6974509114775
58.86,-83.6974509114776
58.8695329904457,-83.6974509114794
58.87,-83.6974509114795
58.8795329904457,-83.6974509114813
58.88,-83.6974509114814
58.8895329904457,-83.6974509114832
58.89,-83.6974509114833
58.8995329904457,-83.6974509114851
58.9,-83.6974509114852
58.9095329904457,-83.697450911487
58.91,-83.6974509114871
58.9195329904457,-83.6974509114889
58.92,-83.697450911489
58.9295329904457,-83.6974509114908
58.93,-83.6974509114909
58.9395329904457,-83.6974509114927
58.94,-83.6974509114928
58.9495329904457,-83.6974509114946
58.95,-83.6974509114947
58.9595329904457,-83.6974509114965
58.96,-83.6974509114966
58.9695329904457,-83.6974509114984
58.97,-83.6974509114985
58.9795329904457,-83.6974509115003
58.98,-83.6974509115004
58.9895329904457,-83.6974509115022
58.99,-83.6974509115023
58.9995329904457,-83.6974509115041
59,-83.6974509115042
59.0095329904457,-83.697450911506
59.01,-83.6974509115061
59.0195329904457,-83.6974509115079
59.02,-83.697450911508
59.0295329904457,-83.6974509115098
59.03,-83.6974509115099
59.0395329904457,-83.6974509115117
59.04,-83.6974509115118
59.0495329904456,-83.6974509115136
59.05,-83.6974509115137
59.0595329904456,-83.6974509115155
59.06,-83.6974509115156
59.0695329904456,-83.6974509115174
59.07,-83.6974509115175
59.0795329904456,-83.6974509115193
59.08,-83.6974509115194
59.0895329904456,-83.6974509115212
59.09,-83.6974509115213
59.0995329904456,-83.6974509115231
59.1,-83.6974509115232
59.1095329904456,-83.697450911525
59.11,-83.6974509115251
59.1195329904456,-83.697450911527
59.12,-83.697450911527
59.1295329904456,-83.6974509115289
59.13,-83.6974509115289
59.1395329904456,-83.6974509115308
59.14,-83.6974509115309
59.1495329904456,-83.6974509115327
59.15,-83.6974509115328
59.1595329904456,-83.6974509115346
59.16,-83.6974509115347
59.1695329904456,-83.6974509115365
59.17,-83.6974509115366
59.1795329904456,-83.6974509115384
59.18,-83.6974509115385
59.1895329904456,-83.6974509115403
59.19,-83.6974509115404
59.1995329904456,-83.6974509115422
59.2,-83.6974509115423
59.2095329904456,-83.6974509115442
59.21,-83.6974509115443
59.2195329904456,-83.6974509115461
59.22,-83.6974509115462
59.2295329904456,-83.697450911548
59.23,-83.6974509115481
59.2395329904456,-83.6974509115499
59.24,-83.69745091155
59.2495329904456,-83.6974509115518
59.25,-83.6974509115519
59.2595329904456,-83.6974509115537
59.26,-83.6974509115538
59.2695329904456,-83.6974509115556
59.27,-83.6974509115557
59.2795329904456,-83.6974509115576
59.28,-83.6974509115577
59.2895329904456,-83.6974509115595
59.29,-83.6974509115596
59.2995329904456,-83.6974509115614
59.3,-83.6974509115615
59.3095329904456,-83.6974509115633
59.31,-83.6974509115634
59.3195329904456,-83.6974509115653
59.32,-83.6974509115653
59.3295329904456,-83.6974509115672
59.33,-83.6974509115673
59.3395329904456,-83.6974509115691
59.34,-83.6974509115692
59.3495329904456,-83.697450911571
59.35,-83.6974509115711
59.3595329904456,-83.6974509115729
59.36,-83.697450911573
59.3695329904456,-83.6974509115749
59.37,-83.6974509115749
59.3795329904456,-83.6974509115768
59.38,-83.6974509115769
59.3895329904456,-83.6974509115787
59.39,-83.6974509115788
59.3995329904456,-83.6974509115806
59.4,-83.6974509115807
59.4095329904456,-83.6974509115826
59.41,-83.6974509115827
59.4195329904456,-83.6974509115845
59.42,-83.6974509115846
59.4295329904456,-83.6974509115864
59.43,-83.6974509115865
59.4395329904456,-83.6974509115883
59.44,-83.6974509115884
59.4495329904456,-83.6974509115903
59.45,-83.6974509115904
59.4595329904456,-83.6974509115922
59.46,-83.6974509115923
59.4695329904456,-83.6974509115941
59.47,-83.6974509115942
59.4795329904456,-83.6974509115961
59.48,-83.6974509115961
59.4895329904456,-83.697450911598
59.49,-83.6974509115981
59.4995329904456,-83.6974509115999
59.5,-83.6974509116
59.5095329904456,-83.6974509116019
59.51,-83.6974509116019
59.5195329904456,-83.6974509116038
59.52,-83.6974509116039
59.5295329904456,-83.6974509116057
59.53,-83.6974509116058
59.5395329904456,-83.6974509116076
59.54,-83.6974509116077
59.5495329904455,-83.6974509116096
59.55,-83.6974509116097
59.5595329904455,-83.6974509116115
59.56,-83.6974509116116
59.5695329904455,-83.6974509116134
59.57,-83.6974509116135
59.5795329904455,-83.6974509116154
59.58,-83.6974509116155
59.5895329904455,-83.6974509116173
59.59,-83.6974509116174
59.5995329904455,-83.6974509116193
59.6,-83.6974509116194
59.6095329904455,-83.6974509116212
59.61,-83.6974509116213
59.6195329904455,-83.6974509116231
59.62,-83.6974509116232
59.6295329904455,-83.6974509116251
59.63,-83.6974509116252
59.6395329904455,-83.697450911627
59.64,-83.6974509116271
59.6495329904455,-83.6974509116289
59.65,-83.697450911629
59.6595329904455,-83.6974509116309
59.66,-83.697450911631
59.6695329904455,-83.6974509116328
59.67,-83.6974509116329
59.6795329904455,-83.6974509116348
59.68,-83.6974509116349
59.6895329904455,-83.6974509116367
59.69,-83.6974509116368
59.6995329904455,-83.6974509116387
59.7,-83.6974509116387
59.7095329904455,-83.6974509116406
59.71,-83.6974509116407
59.7195329904455,-83.6974509116425
59.72,-83.6974509116426
59.7295329904455,-83.6974509116445
59.73,-83.6974509116446
59.7395329904455,-83.6974509116464
59.74,-83.6974509116465
59.7495329904455,-83.6974509116484
59.75,-83.6974509116485
59.7595329904455,-83.6974509116503
59.76,-83.6974509116504
59.7695329904455,-83.6974509116523
59.77,-83.6974509116524
59.7795329904455,-83.6974509116542
59.78,-83.6974509116543
59.7895329904455,-83.6974509116561
59.79,-83.6974509116562
59.7995329904455,-83.6974509116581
59.8,-83.6974509116582
59.8095329904455,-83.6974509116601
59.81,-83.6974509116601
59.8195329904455,-83.697450911662
59.82,-83.6974509116621
59.8295329904455,-83.6974509116639
59.83,-83.697450911664
59.8395329904455,-83.6974509116659
59.84,-83.697450911666
59.8495329904455,-83.6974509116678
59.85,-83.6974509116679
59.8595329904455,-83.6974509116698
59.86,-83.6974509116699
59.8695329904455,-83.6974509116717
59.87,-83.6974509116718
59.8795329904455,-83.6974509116737
59.88,-83.6974509116738
59.8895329904455,-83.6974509116756
59.89,-83.6974509116757
59.8995329904455,-83.6974509116776
59.9,-83.6974509116777
59.9095329904455,-83.6974509116796
59.91,-83.6974509116796
59.9195329904455,-83.6974509116815
59.92,-83.6974509116816
59.9295329904455,-83.6974509116835
59.93,-83.6974509116835
59.9395329904455,-83.6974509116854
59.94,-83.6974509116855
59.9495329904455,-83.6974509116874
59.95,-83.6974509116875
59.9595329904455,-83.6974509116893
59.96,-83.6974509116894
59.9695329904455,-83.6974509116913
59.97,-83.6974509116914
59.9795329904455,-83.6974509116932
59.98,-83.6974509116933
59.9895329904455,-83.6974509116952
59.99,-83.6974509116953
59.9995329904455,-83.6974509116971
60,-83.6974509116972
60.0095329904455,-83.6974509116991
60.01,-83.6974509116992
60.0195329904455,-83.6974509117011
60.02,-83.6974509117012
60.0295329904455,-83.697450911703
60.03,-83.6974509117031
60.0395329904455,-83.697450911705
60.04,-83.6974509117051
60.0495329904454,-83.6974509117069
60.05,-83.6974509117071
60.0595329904454,-83.6974509117089
60.06,-83.697450911709
60.0695329904454,-83.6974509117109
60.07,-83.697450911711
60.0795329904454,-83.6974509117128
60.08,-83.6974509117129
60.0895329904454,-83.6974509117148
60.09,-83.6974509117149
60.0995329904454,-83.6974509117168
60.1,-83.6974509117169
60.1095329904454,-83.6974509117187
60.11,-83.6974509117188
60.1195329904454,-83.6974509117207
60.12,-83.6974509117208
60.1295329904454,-83.6974509117227
60.13,-83.6974509117227
60.1395329904454,-83.6974509117246
60.14,-83.6974509117247
60.1495329904454,-83.6974509117266
60.15,-83.6974509117267
60.1595329904454,-83.6974509117286
60.16,-83.6974509117287
60.1695329904454,-83.6974509117305
60.17,-83.6974509117306
60.1795329904454,-83.6974509117325
60.18,-83.6974509117326
60.1895329904454,-83.6974509117345
60.19,-83.6974509117345
60.1995329904454,-83.6974509117364
60.2,-83.6974509117365
60.2095329904454,-83.6974509117384
60.21,-83.6974509117385
60.2195329904454,-83.6974509117404
60.22,-83.6974509117405
60.2295329904454,-83.6974509117423
60.23,-83.6974509117424
60.2395329904454,-83.6974509117443
60.24,-83.6974509117444
60.2495329904454,-83.6974509117463
60.25,-83.6974509117464
60.2595329904454,-83.6974509117482
60.26,-83.6974509117483
60.2695329904454,-83.6974509117502
60.27,-83.6974509117503
60.2795329904454,-83.6974509117522
60.28,-83.6974509117523
60.2895329904454,-83.6974509117542
60.29,-83.6974509117543
60.2995329904454,-83.6974509117561
60.3,-83.6974509117562
60.3095329904454,-83.6974509117581
60.31,-83.6974509117582
60.3195329904454,-83.6974509117601
60.32,-83.6974509117602
60.3295329904454,-83.6974509117621
60.33,-83.6974509117622
60.3395329904454,-83.697450911764
60.34,-83.6974509117641
60.3495329904454,-83.697450911766
60.35,-83.6974509117661
60.3595329904454,-83.697450911768
60.36,-83.6974509117681
60.3695329904454,-83.69745091177
60.37,-83.6974509117701
60.3795329904454,-83.697450911772
60.38,-83.697450911772
60.3895329904454,-83.6974509117739
60.39,-83.697450911774
60.3995329904454,-83.6974509117759
60.4,-83.697450911776
60.4095329904454,-83.6974509117779
60.41,-83.697450911778
60.4195329904454,-83.6974509117799
60.42,-83.69745091178
60.4295329904454,-83.6974509117819
60.43,-83.6974509117819
60.4395329904454,-83.6974509117838
60.44,-83.6974509117839
60.4495329904454,-83.6974509117858
60.45,-83.6974509117859
60.4595329904454,-83.6974509117878
60.46,-83.6974509117879
60.4695329904454,-83.6974509117898
60.47,-83.6974509117899
60.4795329904454,-83.6974509117918
60.48,-83.6974509117918
60.4895329904454,-83.6974509117938
60.49,-83.6974509117938
60.4995329904454,-83.6974509117957
60.5,-83.6974509117958
60.5095329904454,-83.6974509117977
60.51,-83.6974509117978
60.5195329904454,-83.6974509117997
60.52,-83.6974509117998
60.5295329904454,-83.6974509118017
60.53,-83.6974509118018
60.5395329904454,-83.6974509118037
60.54,-83.6974509118038
60.5495329904453,-83.6974509118057
60.55,-83.6974509118058
60.5595329904453,-83.6974509118076
60.56,-83.6974509118077
60.5695329904453,-83.6974509118096
60.57,-83.6974509118097
60.5795329904453,-83.6974509118116
60.58,-83.6974509118117
60.5895329904453,-83.6974509118136
60.59,-83.6974509118137
60.5995329904453,-83.6974509118156
60.6,-83.6974509118157
60.6095329904453,-83.6974509118176
60.61,-83.6974509118177
60.6195329904453,-83.6974509118196
60.62,-83.6974509118197
60.6295329904453,-83.6974509118216
60.63,-83.6974509118217
60.6395329904453,-83.6974509118236
60.64,-83.6974509118237
60.6495329904453,-83.6974509118256
60.65,-83.6974509118257
60.6595329904453,-83.6974509118275
60.66,-83.6974509118277
60.6695329904453,-83.6974509118295
60.67,-83.6974509118296
60.6795329904453,-83.6974509118316
60.68,-83.6974509118316
60.6895329904453,-83.6974509118335
60.69,-83.6974509118336
60.6995329904453,-83.6974509118355
60.7,-83.6974509118356
60.7095329904453,-83.6974509118375
60.71,-83.6974509118376
60.7195329904453,-83.6974509118395
60.72,-83.6974509118396
60.7295329904453,-83.6974509118415
60.73,-83.6974509118416
60.7395329904453,-83.6974509118435
60.74,-83.6974509118436
60.7495329904453,-83.6974509118455
60.75,-83.6974509118456
60.7595329904453,-83.6974509118475
60.76,-83.6974509118476
60.7695329904453,-83.6974509118495
60.77,-83.6974509118496
60.7795329904453,-83.6974509118515
60.78,-83.6974509118516
60.7895329904453,-83.6974509118535
60.79,-83.6974509118536
60.7995329904453,-83.6974509118555
60.8,-83.6974509118556
60.8095329904453,-83.6974509118575
60.81,-83.6974509118576
60.8195329904453,-83.6974509118595
60.82,-83.6974509118596
60.8295329904453,-83.6974509118615
60.83,-83.6974509118616
60.8395329904453,-83.6974509118635
60.84,-83.6974509118636
60.8495329904453,-83.6974509118655
60.85,-83.6974509118656
60.8595329904453,-83.6974509118675
60.86,-83.6974509118676
60.8695329904453,-83.6974509118695
60.87,-83.6974509118696
60.8795329904453,-83.6974509118715
60.88,-83.6974509118716
60.8895329904453,-83.6974509118735
60.89,-83.6974509118736
60.8995329904453,-83.6974509118755
60.9,-83.6974509118756
60.9095329904453,-83.6974509118776
60.91,-83.6974509118776
60.9195329904453,-83.6974509118796
60.92,-83.6974509118796
60.9295329904453,-83.6974509118816
60.93,-83.6974509118817
60.9395329904453,-83.6974509118836
60.94,-83.6974509118836
60.9495329904453,-83.6974509118856
60.95,-83.6974509118857
60.9595329904453,-83.6974509118876
60.96,-83.6974509118877
60.9695329904453,-83.6974509118896
60.97,-83.6974509118897
60.9795329904453,-83.6974509118916
60.98,-83.6974509118917
60.9895329904453,-83.6974509118936
60.99,-83.6974509118937
60.9995329904453,-83.6974509118956
61,-83.6974509118957
61.0095329904453,-83.6974509118976
61.01,-83.6974509118977
61.0195329904453,-83.6974509118997
61.02,-83.6974509118997
61.0295329904453,-83.6974509119017
61.03,-83.6974509119017
61.0395329904453,-83.6974509119037
61.04,-83.6974509119038
61.0495329904453,-83.6974509119057
61.05,-83.6974509119058
61.0595329904452,-83.6974509119077
61.06,-83.6974509119078
61.0695329904452,-83.6974509119097
61.07,-83.6974509119098
61.0795329904452,-83.6974509119117
61.08,-83.6974509119118
61.0895329904452,-83.6974509119137
61.09,-83.6974509119138
61.0995329904452,-83.6974509119158
61.1,-83.6974509119159
61.1095329904452,-83.6974509119178
61.11,-83.6974509119179
61.1195329904452,-83.6974509119198
61.12,-83.6974509119199
61.1295329904452,-83.6974509119218
61.13,-83.6974509119219
61.1395329904452,-83.6974509119238
61.14,-83.6974509119239
61.1495329904452,-83.6974509119258
61.15,-83.6974509119259
61.1595329904452,-83.6974509119279
61.16,-83.697450911928
61.1695329904452,-83.6974509119299
61.17,-83.69745091193
61.1795329904452,-83.6974509119319
61.18,-83.697450911932
61.1895329904452,-83.6974509119339
61.19,-83.697450911934
61.1995329904452,-83.6974509119359
61.2,-83.697450911936
61.2095329904452,-83.697450911938
61.21,-83.6974509119381
61.2195329904452,-83.69745091194
61.22,-83.6974509119401
61.2295329904452,-83.697450911942
61.23,-83.6974509119421
61.2395329904452,-83.697450911944
61.24,-83.6974509119441
61.2495329904452,-83.6974509119461
61.25,-83.6974509119461
61.2595329904452,-83.6974509119481
61.26,-83.6974509119482
61.2695329904452,-83.6974509119501
61.27,-83.6974509119502
61.2795329904452,-83.6974509119521
61.28,-83.6974509119522
61.2895329904452,-83.6974509119541
61.29,-83.6974509119542
61.2995329904452,-83.6974509119562
61.3,-83.6974509119563
61.3095329904452,-83.6974509119582
61.31,-83.6974509119583
61.3195329904452,-83.6974509119602
61.32,-83.6974509119603
61.3295329904452,-83.6974509119622
61.33,-83.6974509119623
61.3395329904452,-83.6974509119643
61.34,-83.6974509119644
61.3495329904452,-83.6974509119663
61.35,-83.6974509119664
61.3595329904452,-83.6974509119683
61.36,-83.6974509119684
61.3695329904452,-83.6974509119704
61.37,-83.6974509119705
61.3795329904452,-83.6974509119724
61.38,-83.6974509119725
61.3895329904452,-83.6974509119744
61.39,-83.6974509119745
61.3995329904452,-83.6974509119765
61.4,-83.6974509119766
61.4095329904452,-83.6974509119785
61.41,-83.6974509119786
61.4195329904452,-83.6974509119805
61.42,-83.6974509119806
61.4295329904452,-83.6974509119826
61.43,-83.6974509119826
61.4395329904452,-83.6974509119846
61.44,-83.6974509119847
61.4495329904452,-83.6974509119866
61.45,-83.6974509119867
61.4595329904452,-83.6974509119887
61.46,-83.6974509119888
61.4695329904452,-83.6974509119907
61.47,-83.6974509119908
61.4795329904452,-83.6974509119927
61.48,-83.6974509119928
61.4895329904452,-83.6974509119948
61.49,-83.6974509119949
61.4995329904452,-83.6974509119968
61.5,-83.6974509119969
61.5095329904452,-83.6974509119988
61.51,-83.6974509119989
61.5195329904452,-83.6974509120009
61.52,-83.697450912001
61.5295329904452,-83.6974509120029
61.53,-83.697450912003
61.5395329904452,-83.697450912005
61.54,-83.697450912005
61.5495329904452,-83.697450912007
61.55,-83.6974509120071
61.5595329904451,-83.697450912009
61.56,-83.6974509120091
61.5695329904451,-83.6974509120111
61.57,-83.6974509120112
61.5795329904451,-83.6974509120131
61.58,-83.6974509120132
61.5895329904451,-83.6974509120151
61.59,-83.6974509120152
61.5995329904451,-83.6974509120172
61.6,-83.6974509120173
61.6095329904451,-83.6974509120192
61.61,-83.6974509120193
61.6195329904451,-83.6974509120213
61.62,-83.6974509120214
61.6295329904451,-83.6974509120233
61.63,-83.6974509120234
61.6395329904451,-83.6974509120254
61.64,-83.6974509120254
61.6495329904451,-83.6974509120274
61.65,-83.6974509120275
61.6595329904451,-83.6974509120294
61.66,-83.6974509120295
61.6695329904451,-83.6974509120315
61.67,-83.6974509120316
61.6795329904451,-83.6974509120335
61.68,-83.6974509120336
61.6895329904451,-83.6974509120356
61.69,-83.6974509120357
61.6995329904451,-83.6974509120376
61.7,-83.6974509120377
61.7095329904451,-83.6974509120397
61.71,-83.6974509120398
61.7195329904451,-83.6974509120417
61.72,-83.6974509120418
61.7295329904451,-83.6974509120438
61.73,-83.6974509120438
61.7395329904451,-83.6974509120458
61.74,-83.6974509120459
61.7495329904451,-83.6974509120479
61.75,-83.697450912048
61.7595329904451,-83.6974509120499
61.76,-83.69745091205
61.7695329904451,-83.697450912052
61.77,-83.697450912052
61.7795329904451,-83.697450912054
61.78,-83.6974509120541
61.7895329904451,-83.6974509120561
61.79,-83.6974509120562
61.7995329904451,-83.6974509120581
61.8,-83.6974509120582
61.8095329904451,-83.6974509120602
61.81,-83.6974509120602
61.8195329904451,-83.6974509120622
61.82,-83.6974509120623
61.8295329904451,-83.6974509120643
61.83,-83.6974509120644
61.8395329904451,-83.6974509120663
61.84,-83.6974509120664
61.8495329904451,-83.6974509120684
61.85,-83.6974509120685
61.8595329904451,-83.6974509120704
61.86,-83.6974509120705
61.8695329904451,-83.6974509120725
61.87,-83.6974509120726
61.8795329904451,-83.6974509120745
61.88,-83.6974509120746
61.8895329904451,-83.6974509120766
61.89,-83.6974509120767
61.8995329904451,-83.6974509120787
61.9,-83.6974509120787
61.9095329904451,-83.6974509120807
61.91,-83.6974509120808
61.9195329904451,-83.6974509120828
61.92,-83.6974509120829
61.9295329904451,-83.6974509120848
61.93,-83.6974509120849
61.9395329904451,-83.6974509120869
61.94,-83.697450912087
61.9495329904451,-83.6974509120889
61.95,-83.697450912089
61.9595329904451,-83.697450912091
61.96,-83.6974509120911
61.9695329904451,-83.697450912093
61.97,-83.6974509120931
61.9795329904451,-83.6974509120951
61.98,-83.6974509120952
61.9895329904451,-83.6974509120972
61.99,-83.6974509120973
61.9995329904451,-83.6974509120992
62,-83.6974509120993
62.0095329904451,-83.6974509121013
62.01,-83.6974509121014
62.0195329904451,-83.6974509121033
62.02,-83.6974509121034
62.0295329904451,-83.6974509121054
62.03,-83.6974509121055
62.0395329904451,-83.6974509121075
62.04,-83.6974509121076
62.0495329904451,-83.6974509121095
62.05,-83.6974509121096
62.059532990445,-83.6974509121116
62.06,-83.6974509121117
62.069532990445,-83.6974509121137
62.07,-83.6974509121138
62.079532990445,-83.6974509121157
62.08,-83.6974509121158
62.089532990445,-83.6974509121178
62.09,-83.6974509121179
62.099532990445,-83.6974509121199
62.1,-83.69745091212
62.109532990445,-83.6974509121219
62.11,-83.697450912122
62.119532990445,-83.697450912124
62.12,-83.6974509121241
62.129532990445,-83.6974509121261
62.13,-83.6974509121262
62.139532990445,-83.6974509121281
62.14,-83.6974509121282
62.149532990445,-83.6974509121302
62.15,-83.6974509121303
62.159532990445,-83.6974509121323
62.16,-83.6974509121324
62.169532990445,-83.6974509121343
62.17,-83.6974509121344
62.179532990445,-83.6974509121364
62.18,-83.6974509121365
62.189532990445,-83.6974509121385
62.19,-83.6974509121386
62.199532990445,-83.6974509121405
62.2,-83.6974509121406
62.209532990445,-83.6974509121426
62.21,-83.6974509121427
62.219532990445,-83.6974509121447
62.22,-83.6974509121448
62.229532990445,-83.6974509121468
62.23,-83.6974509121469
62.239532990445,-83.6974509121488
62.24,-83.6974509121489
62.249532990445,-83.6974509121509
62.25,-83.697450912151
62.259532990445,-83.697450912153
62.26,-83.6974509121531
62.269532990445,-83.6974509121551
62.27,-83.6974509121551
62.279532990445,-83.6974509121571
62.28,-83.6974509121572
62.289532990445,-83.6974509121592
62.29,-83.6974509121593
62.299532990445,-83.6974509121613
62.3,-83.6974509121614
62.309532990445,-83.6974509121633
62.31,-83.6974509121635
62.319532990445,-83.6974509121654
62.32,-83.6974509121655
62.329532990445,-83.6974509121675
62.33,-83.6974509121676
62.339532990445,-83.6974509121696
62.34,-83.6974509121697
62.349532990445,-83.6974509121717
62.35,-83.6974509121718
62.359532990445,-83.6974509121737
62.36,-83.6974509121738
62.369532990445,-83.6974509121758
62.37,-83.6974509121759
62.379532990445,-83.6974509121779
62.38,-83.697450912178
62.389532990445,-83.69745091218
62.39,-83.6974509121801
62.399532990445,-83.6974509121821
62.4,-83.6974509121822
62.409532990445,-83.6974509121841
62.41,-83.6974509121842
62.419532990445,-83.6974509121862
62.42,-83.6974509121863
62.429532990445,-83.6974509121883
62.43,-83.6974509121884
62.439532990445,-83.6974509121904
62.44,-83.6974509121905
62.449532990445,-83.6974509121925
62.45,-83.6974509121926
62.459532990445,-83.6974509121946
62.46,-83.6974509121947
62.469532990445,-83.6974509121966
62.47,-83.6974509121967
62.479532990445,-83.6974509121987
62.48,-83.6974509121988
62.489532990445,-83.6974509122008
62.49,-83.6974509122009
62.499532990445,-83.6974509122029
62.5,-83.697450912203
62.509532990445,-83.697450912205
62.51,-83.6974509122051
62.519532990445,-83.6974509122071
62.52,-83.6974509122072
62.529532990445,-83.6974509122091
62.53,-83.6974509122092
62.539532990445,-83.6974509122112
62.54,-83.6974509122113
62.549532990445,-83.6974509122133
62.55,-83.6974509122134
62.5595329904449,-83.6974509122154
62.56,-83.6974509122155
62.5695329904449,-83.6974509122175
62.57,-83.6974509122176
62.5795329904449,-83.6974509122196
62.58,-83.6974509122197
62.5895329904449,-83.6974509122217
62.59,-83.6974509122218
62.5995329904449,-83.6974509122238
62.6,-83.6974509122239
62.6095329904449,-83.6974509122259
62.61,-83.697450912226
62.6195329904449,-83.6974509122279
62.62,-83.6974509122281
62.6295329904449,-83.69745091223
62.63,-83.6974509122301
62.6395329904449,-83.6974509122321
62.64,-83.6974509122322
62.6495329904449,-83.6974509122342
62.65,-83.6974509122343
62.6595329904449,-83.6974509122363
62.66,-83.6974509122364
62.6695329904449,-83.6974509122384
62.67,-83.6974509122385
62.6795329904449,-83.6974509122405
62.68,-83.6974509122406
62.6895329904449,-83.6974509122426
62.69,-83.6974509122427
62.6995329904449,-83.6974509122447
62.7,-83.6974509122448
62.7095329904449,-83.6974509122468
62.71,-83.6974509122469
62.7195329904449,-83.6974509122489
62.72,-83.697450912249
62.7295329904449,-83.697450912251
62.73,-83.6974509122511
62.7395329904449,-83.6974509122531
62.74,-83.6974509122532
62.7495329904449,-83.6974509122552
62.75,-83.6974509122553
62.7595329904449,-83.6974509122573
62.76,-83.6974509122574
62.7695329904449,-83.6974509122594
62.77,-83.6974509122595
62.7795329904449,-83.6974509122615
62.78,-83.6974509122616
62.7895329904449,-83.6974509122636
62.79,-83.6974509122637
62.7995329904449,-83.6974509122657
62.8,-83.6974509122658
62.8095329904449,-83.6974509122678
62.81,-83.6974509122679
62.8195329904449,-83.6974509122699
62.82,-83.69745091227
62.8295329904449,-83.697450912272
62.83,-83.6974509122721
62.8395329904449,-83.6974509122741
62.84,-83.6974509122742
62.8495329904449,-83.6974509122762
62.85,-83.6974509122763
62.8595329904449,-83.6974509122783
62.86,-83.6974509122784
62.8695329904449,-83.6974509122804
62.87,-83.6974509122805
62.8795329904449,-83.6974509122825
62.88,-83.6974509122826
62.8895329904449,-83.6974509122846
62.89,-83.6974509122847
62.8995329904449,-83.6974509122867
62.9,-83.6974509122868
62.9095329904449,-83.6974509122888
62.91,-83.6974509122889
62.9195329904449,-83.6974509122909
62.92,-83.697450912291
62.9295329904449,-83.697450912293
62.93,-83.6974509122931
62.9395329904449,-83.6974509122951
62.94,-83.6974509122952
62.9495329904449,-83.6974509122972
62.95,-83.6974509122973
62.9595329904449,-83.6974509122993
62.96,-83.6974509122994
62.9695329904449,-83.6974509123014
62.97,-83.6974509123015
62.9795329904449,-83.6974509123036
62.98,-83.6974509123037
62.9895329904449,-83.6974509123057
62.99,-83.6974509123058
62.9995329904449,-83.6974509123078
63,-83.6974509123079
63.0095329904449,-83.6974509123099
63.01,-83.69745091231
63.0195329904449,-83.697450912312
63.02,-83.6974509123121
63.0295329904449,-83.6974509123141
63.03,-83.6974509123142
63.0395329904449,-83.6974509123162
63.04,-83.6974509123163
63.0495329904449,-83.6974509123183
63.05,-83.6974509123184
63.0595329904449,-83.6974509123204
63.06,-83.6974509123205
63.0695329904448,-83.6974509123226
63.07,-83.6974509123227
63.0795329904448,-83.6974509123247
63.08,-83.6974509123248
63.0895329904448,-83.6974509123268
63.09,-83.6974509123269
63.0995329904448,-83.6974509123289
63.1,-83.697450912329
63.1095329904448,-83.697450912331
63.11,-83.6974509123311
63.1195329904448,-83.6974509123331
63.12,-83.6974509123332
63.1295329904448,-83.6974509123352
63.13,-83.6974509123353
63.1395329904448,-83.6974509123374
63.14,-83.6974509123374
63.1495329904448,-83.6974509123395
63.15,-83.6974509123396
63.1595329904448,-83.6974509123416
63.16,-83.6974509123417
63.1695329904448,-83.6974509123437
63.17,-83.6974509123438
63.1795329904448,-83.6974509123458
63.18,-83.6974509123459
63.1895329904448,-83.6974509123479
63.19,-83.697450912348
63.1995329904448,-83.69745091235
63.2,-83.6974509123501
63.2095329904448,-83.6974509123522
63.21,-83.6974509123523
63.2195329904448,-83.6974509123543
63.22,-83.6974509123544
63.2295329904448,-83.6974509123564
63.23,-83.6974509123565
63.2395329904448,-83.6974509123585
63.24,-83.6974509123586
63.2495329904448,-83.6974509123607
63.25,-83.6974509123608
63.2595329904448,-83.6974509123628
63.26,-83.6974509123629
63.2695329904448,-83.6974509123649
63.27,-83.697450912365
63.2795329904448,-83.697450912367
63.28,-83.6974509123671
63.2895329904448,-83.6974509123691
63.29,-83.6974509123692
63.2995329904448,-83.6974509123713
63.3,-83.6974509123714
63.3095329904448,-83.6974509123734
63.31,-83.6974509123735
63.3195329904448,-83.6974509123755
63.32,-83.6974509123756
63.3295329904448,-83.6974509123776
63.33,-83.6974509123777
63.3395329904448,-83.6974509123798
63.34,-83.6974509123799
63.3495329904448,-83.6974509123819
63.35,-83.697450912382
63.3595329904448,-83.697450912384
63.36,-83.6974509123841
63.3695329904448,-83.6974509123861
63.37,-83.6974509123862
63.3795329904448,-83.6974509123883
63.38,-83.6974509123884
63.3895329904448,-83.6974509123904
63.39,-83.6974509123905
63.3995329904448,-83.6974509123925
63.4,-83.6974509123926
63.4095329904448,-83.6974509123947
63.41,-83.6974509123948
63.4195329904448,-83.6974509123968
63.42,-83.6974509123969
63.4295329904448,-83.6974509123989
63.43,-83.697450912399
63.4395329904448,-83.697450912401
63.44,-83.6974509124011
63.4495329904448,-83.6974509124032
63.45,-83.6974509124033
63.4595329904448,-83.6974509124053
63.46,-83.6974509124054
63.4695329904448,-83.6974509124074
63.47,-83.6974509124075
63.4795329904448,-83.6974509124096
63.48,-83.6974509124097
63.4895329904448,-83.6974509124117
63.49,-83.6974509124118
63.4995329904448,-83.6974509124138
63.5,-83.6974509124139
63.5095329904448,-83.697450912416
63.51,-83.6974509124161
63.5195329904448,-83.6974509124181
63.52,-83.6974509124182
63.5295329904448,-83.6974509124202
63.53,-83.6974509124203
63.5395329904448,-83.6974509124224
63.54,-83.6974509124225
63.5495329904448,-83.6974509124245
63.55,-83.6974509124246
63.5595329904448,-83.6974509124266
63.56,-83.6974509124267
63.5695329904447,-83.6974509124288
63.57,-83.6974509124289
63.5795329904447,-83.6974509124309
63.58,-83.697450912431
63.5895329904447,-83.6974509124331
63.59,-83.6974509124332
63.5995329904447,-83.6974509124352
63.6,-83.6974509124353
63.6095329904447,-83.6974509124373
63.61,-83.6974509124374
63.6195329904447,-83.6974509124395
63.62,-83.6974509124396
63.6295329904447,-83.6974509124416
63.63,-83.6974509124417
63.6395329904447,-83.6974509124438
63.64,-83.6974509124438
63.6495329904447,-83.6974509124459
63.65,-83.697450912446
63.6595329904447,-83.697450912448
63.66,-83.6974509124481
63.6695329904447,-83.6974509124502
63.67,-83.6974509124503
63.6795329904447,-83.6974509124523
63.68,-83.6974509124524
63.6895329904447,-83.6974509124545
63.69,-83.6974509124546
63.6995329904447,-83.6974509124566
63.7,-83.6974509124567
63.7095329904447,-83.6974509124587
63.71,-83.6974509124588
63.7195329904447,-83.6974509124609
63.72,-83.697450912461
63.7295329904447,-83.697450912463
63.73,-83.6974509124631
63.7395329904447,-83.6974509124652
63.74,-83.6974509124653
63.7495329904447,-83.6974509124673
63.75,-83.6974509124674
63.7595329904447,-83.6974509124695
63.76,-83.6974509124695
63.7695329904447,-83.6974509124716
63.77,-83.6974509124717
63.7795329904447,-83.6974509124738
63.78,-83.6974509124739
63.7895329904447,-83.6974509124759
63.79,-83.697450912476
63.7995329904447,-83.697450912478
63.8,-83.6974509124781
63.8095329904447,-83.6974509124802
63.81,-83.6974509124803
63.8195329904447,-83.6974509124823
63.82,-83.6974509124824
63.8295329904447,-83.6974509124845
63.83,-83.6974509124846
63.8395329904447,-83.6974509124866
63.84,-83.6974509124867
63.8495329904447,-83.6974509124888
63.85,-83.6974509124889
63.8595329904447,-83.6974509124909
63.86,-83.697450912491
63.8695329904447,-83.6974509124931
63.87,-83.6974509124932
63.8795329904447,-83.6974509124952
63.88,-83.6974509124953
63.8895329904447,-83.6974509124974
63.89,-83.6974509124975
63.8995329904447,-83.6974509124995
63.9,-83.6974509124996
63.9095329904447,-83.6974509125017
63.91,-83.6974509125018
63.9195329904447,-83.6974509125038
63.92,-83.6974509125039
63.9295329904447,-83.697450912506
63.93,-83.6974509125061
63.9395329904447,-83.6974509125081
63.94,-83.6974509125082
63.9495329904447,-83.6974509125103
63.95,-83.6974509125104
63.9595329904447,-83.6974509125125
63.96,-83.6974509125126
63.9695329904447,-83.6974509125146
63.97,-83.6974509125147
63.9795329904447,-83.6974509125168
63.98,-83.6974509125169
63.9895329904447,-83.6974509125189
63.99,-83.697450912519
63.9995329904447,-83.6974509125211
64,-83.6974509125212
64.0095329904447,-83.6974509125232
64.01,-83.6974509125233
64.0195329904447,-83.6974509125254
64.02,-83.6974509125255
64.0295329904447,-83.6974509125276
64.03,-83.6974509125277
64.0395329904447,-83.6974509125297
64.04,-83.6974509125298
64.0495329904447,-83.6974509125319
64.05,-83.697450912532
64.0595329904447,-83.697450912534
64.06,-83.6974509125341
64.0695329904447,-83.6974509125362
64.07,-83.6974509125363
64.0795329904447,-83.6974509125383
64.08,-83.6974509125384
64.0895329904447,-83.6974509125405
64.09,-83.6974509125406
64.0995329904447,-83.6974509125427
64.1,-83.6974509125428
64.1095329904447,-83.6974509125448
64.11,-83.6974509125449
64.1195329904447,-83.697450912547
64.12,-83.6974509125471
64.1295329904447,-83.6974509125492
64.13,-83.6974509125493
64.1395329904447,-83.6974509125513
64.14,-83.6974509125514
64.1495329904447,-83.6974509125535
64.15,-83.6974509125536
64.1595329904447,-83.6974509125556
64.16,-83.6974509125558
64.1695329904448,-83.6974509125578
64.17,-83.6974509125579
64.1795329904448,-83.69745091256
64.18,-83.6974509125601
64.1895329904448,-83.6974509125621
64.19,-83.6974509125622
64.1995329904448,-83.6974509125643
64.2,-83.6974509125644
64.2095329904448,-83.6974509125665
64.21,-83.6974509125666
64.2195329904448,-83.6974509125686
64.22,-83.6974509125687
64.2295329904448,-83.6974509125708
64.23,-83.6974509125709
64.2395329904448,-83.697450912573
64.24,-83.6974509125731
64.2495329904448,-83.6974509125751
64.25,-83.6974509125752
64.2595329904448,-83.6974509125773
64.26,-83.6974509125774
64.2695329904448,-83.6974509125795
64.27,-83.6974509125796
64.2795329904448,-83.6974509125816
64.28,-83.6974509125817
64.2895329904448,-83.6974509125838
64.29,-83.6974509125839
64.2995329904448,-83.697450912586
64.3,-83.6974509125861
64.3095329904448,-83.6974509125882
64.31,-83.6974509125883
64.3195329904448,-83.6974509125903
64.32,-83.6974509125904
64.3295329904448,-83.6974509125925
64.33,-83.6974509125926
64.3395329904448,-83.6974509125947
64.34,-83.6974509125948
64.3495329904448,-83.6974509125968
64.35,-83.6974509125969
64.3595329904448,-83.697450912599
64.36,-83.6974509125991
64.3695329904449,-83.6974509126012
64.37,-83.6974509126013
64.3795329904449,-83.6974509126034
64.38,-83.6974509126035
64.3895329904449,-83.6974509126055
64.39,-83.6974509126056
64.3995329904449,-83.6974509126077
64.4,-83.6974509126078
64.4095329904449,-83.6974509126099
64.41,-83.69745091261
64.4195329904449,-83.6974509126121
64.42,-83.6974509126122
64.4295329904449,-83.6974509126142
64.43,-83.6974509126143
64.4395329904449,-83.6974509126164
64.44,-83.6974509126165
64.4495329904449,-83.6974509126186
64.45,-83.6974509126187
64.4595329904449,-83.6974509126208
64.46,-83.6974509126209
64.4695329904449,-83.6974509126229
64.47,-83.697450912623
64.4795329904449,-83.6974509126251
64.48,-83.6974509126252
64.4895329904449,-83.6974509126273
64.49,-83.6974509126274
64.4995329904449,-83.6974509126295
64.5,-83.6974509126296
64.5095329904449,-83.6974509126317
64.51,-83.6974509126318
64.5195329904449,-83.6974509126338
64.52,-83.6974509126339
64.5295329904449,-83.697450912636
64.53,-83.6974509126361
64.5395329904449,-83.6974509126382
64.54,-83.6974509126383
64.5495329904449,-83.6974509126404
64.55,-83.6974509126405
64.5595329904449,-83.6974509126426
64.56,-83.6974509126427
64.569532990445,-83.6974509126447
64.57,-83.6974509126448
64.579532990445,-83.6974509126469
64.58,-83.697450912647
64.589532990445,-83.6974509126491
64.59,-83.6974509126492
64.599532990445,-83.6974509126513
64.6,-83.6974509126514
64.609532990445,-83.6974509126535
64.61,-83.6974509126536
64.619532990445,-83.6974509126557
64.62,-83.6974509126558
64.629532990445,-83.6974509126578
64.63,-83.6974509126579
64.639532990445,-83.69745091266
64.64,-83.6974509126601
64.649532990445,-83.6974509126622
64.65,-83.6974509126623
64.659532990445,-83.6974509126644
64.66,-83.6974509126645
64.669532990445,-83.6974509126666
64.67,-83.6974509126667
64.679532990445,-83.6974509126688
64.68,-83.6974509126689
64.689532990445,-83.697450912671
64.69,-83.6974509126711
64.699532990445,-83.6974509126731
64.7,-83.6974509126732
64.709532990445,-83.6974509126753
64.71,-83.6974509126754
64.719532990445,-83.6974509126775
64.72,-83.6974509126776
64.729532990445,-83.6974509126797
64.73,-83.6974509126798
64.739532990445,-83.6974509126819
64.74,-83.697450912682
64.749532990445,-83.6974509126841
64.75,-83.6974509126842
64.7595329904451,-83.6974509126863
64.76,-83.6974509126864
64.7695329904451,-83.6974509126885
64.77,-83.6974509126886
64.7795329904451,-83.6974509126907
64.78,-83.6974509126908
64.7895329904451,-83.6974509126929
64.79,-83.697450912693
64.7995329904451,-83.697450912695
64.8,-83.6974509126952
64.8095329904451,-83.6974509126972
64.81,-83.6974509126974
64.8195329904451,-83.6974509126994
64.82,-83.6974509126995
64.8295329904451,-83.6974509127016
64.83,-83.6974509127017
64.8395329904451,-83.6974509127038
64.84,-83.6974509127039
64.8495329904451,-83.697450912706
64.85,-83.6974509127061
64.8595329904451,-83.6974509127082
64.86,-83.6974509127083
64.8695329904451,-83.6974509127104
64.87,-83.6974509127105
64.8795329904451,-83.6974509127126
64.88,-83.6974509127127
64.8895329904451,-83.6974509127148
64.89,-83.6974509127149
64.8995329904451,-83.697450912717
64.9,-83.6974509127171
64.9095329904451,-83.6974509127192
64.91,-83.6974509127193
64.9195329904451,-83.6974509127214
64.92,-83.6974509127215
64.9295329904451,-83.6974509127236
64.93,-83.6974509127237
64.9395329904451,-83.6974509127258
64.94,-83.6974509127259
64.9495329904451,-83.697450912728
64.95,-83.6974509127281
64.9595329904452,-83.6974509127302
64.96,-83.6974509127303
64.9695329904452,-83.6974509127324
64.97,-83.6974509127325
64.9795329904452,-83.6974509127346
64.98,-83.6974509127347
64.9895329904452,-83.6974509127368
64.99,-83.6974509127369
64.9995329904452,-83.697450912739
65,-83.6974509127391
65.0095329904452,-83.6974509127412
65.01,-83.6974509127413
65.0195329904452,-83.6974509127434
65.02,-83.6974509127435
65.0295329904452,-83.6974509127456
65.03,-83.6974509127457
65.0395329904452,-83.6974509127478
65.04,-83.6974509127479
65.0495329904452,-83.69745091275
65.05,-83.6974509127501
65.0595329904452,-83.6974509127522
65.06,-83.6974509127523
65.0695329904452,-83.6974509127544
65.07,-83.6974509127545
65.0795329904452,-83.6974509127566
65.08,-83.6974509127568
65.0895329904452,-83.6974509127588
65.09,-83.6974509127589
65.0995329904452,-83.697450912761
65.1,-83.6974509127611
65.1095329904452,-83.6974509127633
65.11,-83.6974509127634
65.1195329904452,-83.6974509127655
65.12,-83.6974509127656
65.1295329904452,-83.6974509127677
65.13,-83.6974509127678
65.1395329904452,-83.6974509127699
65.14,-83.69745091277
65.1495329904453,-83.6974509127721
65.15,-83.6974509127722
65.1595329904453,-83.6974509127743
65.16,-83.6974509127744
65.1695329904453,-83.6974509127765
65.17,-83.6974509127766
65.1795329904453,-83.6974509127787
65.18,-83.6974509127788
65.1895329904453,-83.6974509127809
65.19,-83.697450912781
65.1995329904453,-83.6974509127831
65.2,-83.6974509127832
65.2095329904453,-83.6974509127853
65.21,-83.6974509127854
65.2195329904453,-83.6974509127876
65.22,-83.6974509127877
65.2295329904453,-83.6974509127898
65.23,-83.6974509127899
65.2395329904453,-83.697450912792
65.24,-83.6974509127921
65.2495329904453,-83.6974509127942
65.25,-83.6974509127943
65.2595329904453,-83.6974509127964
65.26,-83.6974509127965
65.2695329904453,-83.6974509127986
65.27,-83.6974509127987
65.2795329904453,-83.6974509128008
65.28,-83.6974509128009
65.2895329904453,-83.697450912803
65.29,-83.6974509128031
65.2995329904453,-83.6974509128053
65.3,-83.6974509128054
65.3095329904453,-83.6974509128075
65.31,-83.6974509128076
65.3195329904453,-83.6974509128097
65.32,-83.6974509128098
65.3295329904453,-83.6974509128119
65.33,-83.697450912812
65.3395329904453,-83.6974509128141
65.34,-83.6974509128142
65.3495329904454,-83.6974509128164
65.35,-83.6974509128164
65.3595329904454,-83.6974509128186
65.36,-83.6974509128187
65.3695329904454,-83.6974509128208
65.37,-83.6974509128209
65.3795329904454,-83.697450912823
65.38,-83.6974509128231
65.3895329904454,-83.6974509128252
65.39,-83.6974509128253
65.3995329904454,-83.6974509128274
65.4,-83.6974509128275
65.4095329904454,-83.6974509128297
65.41,-83.6974509128298
65.4195329904454,-83.6974509128319
65.42,-83.697450912832
65.4295329904454,-83.6974509128341
65.43,-83.6974509128342
65.4395329904454,-83.6974509128363
65.44,-83.6974509128364
65.4495329904454,-83.6974509128385
65.45,-83.6974509128386
65.4595329904454,-83.6974509128408
65.46,-83.6974509128409
65.4695329904454,-83.697450912843
65.47,-83.6974509128431
65.4795329904454,-83.6974509128452
65.48,-83.6974509128453
65.4895329904454,-83.6974509128474
65.49,-83.6974509128475
65.4995329904454,-83.6974509128497
65.5,-83.6974509128498
65.5095329904454,-83.6974509128519
65.51,-83.697450912852
65.5195329904454,-83.6974509128541
65.52,-83.6974509128542
65.5295329904454,-83.6974509128563
65.53,-83.6974509128564
65.5395329904455,-83.6974509128586
65.54,-83.6974509128587
65.5495329904455,-83.6974509128608
65.55,-83.6974509128609
65.5595329904455,-83.697450912863
65.56,-83.6974509128631
65.5695329904455,-83.6974509128652
65.57,-83.6974509128653
65.5795329904455,-83.6974509128675
65.58,-83.6974509128676
65.5895329904455,-83.6974509128697
65.59,-83.6974509128698
65.5995329904455,-83.6974509128719
65.6,-83.697450912872
65.6095329904455,-83.6974509128742
65.61,-83.6974509128743
65.6195329904455,-83.6974509128764
65.62,-83.6974509128765
65.6295329904455,-83.6974509128786
65.63,-83.6974509128787
65.6395329904455,-83.6974509128808
65.64,-83.697450912881
65.6495329904455,-83.6974509128831
65.65,-83.6974509128832
65.6595329904455,-83.6974509128853
65.66,-83.6974509128854
65.6695329904455,-83.6974509128875
65.67,-83.6974509128876
65.6795329904455,-83.6974509128898
65.68,-83.6974509128899
65.6895329904455,-83.697450912892
65.69,-83.6974509128921
65.6995329904455,-83.6974509128942
65.7,-83.6974509128943
65.7095329904455,-83.6974509128965
65.71,-83.6974509128966
65.7195329904455,-83.6974509128987
65.72,-83.6974509128988
65.7295329904455,-83.6974509129009
65.73,-83.697450912901
65.7395329904456,-83.6974509129032
65.74,-83.6974509129033
65.7495329904456,-83.6974509129054
65.75,-83.6974509129055
65.7595329904456,-83.6974509129076
65.76,-83.6974509129077
65.7695329904456,-83.6974509129099
65.77,-83.69745091291
65.7795329904456,-83.6974509129121
65.78,-83.6974509129122
65.7895329904456,-83.6974509129143
65.79,-83.6974509129144
65.7995329904456,-83.6974509129166
65.8,-83.6974509129167
65.8095329904456,-83.6974509129188
65.81,-83.6974509129189
65.8195329904456,-83.6974509129211
65.82,-83.6974509129212
65.8295329904456,-83.6974509129233
65.83,-83.6974509129234
65.8395329904456,-83.6974509129255
65.84,-83.6974509129256
65.8495329904456,-83.6974509129278
65.85,-83.6974509129279
65.8595329904456,-83.69745091293
65.86,-83.6974509129301
65.8695329904456,-83.6974509129323
65.87,-83.6974509129324
65.8795329904456,-83.6974509129345
65.88,-83.6974509129346
65.8895329904456,-83.6974509129367
65.89,-83.6974509129368
65.8995329904456,-83.697450912939
65.9,-83.6974509129391
65.9095329904456,-83.6974509129412
65.91,-83.6974509129413
65.9195329904456,-83.6974509129435
65.92,-83.6974509129436
65.9295329904457,-83.6974509129457
65.93,-83.6974509129458
65.9395329904457,-83.6974509129479
65.94,-83.6974509129481
65.9495329904457,-83.6974509129502
65.95,-83.6974509129503
65.9595329904457,-83.6974509129524
65.96,-83.6974509129525
65.9695329904457,-83.6974509129547
65.97,-83.6974509129548
65.9795329904457,-83.6974509129569
65.98,-83.697450912957
65.9895329904457,-83.6974509129592
65.99,-83.6974509129593
65.9995329904457,-83.6974509129614
66,-83.6974509129615
66.0095329904457,-83.6974509129637
66.01,-83.6974509129638
66.0195329904457,-83.6974509129659
66.02,-83.697450912966
66.0295329904457,-83.6974509129682
66.03,-83.6974509129683
66.0395329904457,-83.6974509129704
66.04,-83.6974509129705
66.0495329904457,-83.6974509129727
66.05,-83.6974509129728
66.0595329904457,-83.6974509129749
66.06,-83.697450912975
66.0695329904457,-83.6974509129772
66.07,-83.6974509129773
66.0795329904457,-83.6974509129794
66.08,-83.6974509129795
66.0895329904457,-83.6974509129817
66.09,-83.6974509129818
66.0995329904457,-83.6974509129839
66.1,-83.697450912984
66.1095329904457,-83.6974509129862
66.11,-83.6974509129863
66.1195329904457,-83.6974509129884
66.12,-83.6974509129885
66.1295329904458,-83.6974509129907
66.13,-83.6974509129908
66.1395329904458,-83.6974509129929
66.14,-83.697450912993
66.1495329904458,-83.6974509129952
66.15,-83.6974509129953
66.1595329904458,-83.6974509129974
66.16,-83.6974509129975
66.1695329904458,-83.6974509129997
66.17,-83.6974509129998
66.1795329904458,-83.6974509130019
66.18,-83.697450913002
66.1895329904458,-83.6974509130042
66.19,-83.6974509130043
66.1995329904458,-83.6974509130064
66.2,-83.6974509130065
66.2095329904458,-83.6974509130087
66.21,-83.6974509130088
66.2195329904458,-83.6974509130109
66.22,-83.6974509130111
66.2295329904458,-83.6974509130132
66.23,-83.6974509130133
66.2395329904458,-83.6974509130154
66.24,-83.6974509130156
66.2495329904458,-83.6974509130177
66.25,-83.6974509130178
66.2595329904458,-83.69745091302
66.26,-83.6974509130201
66.2695329904458,-83.6974509130222
66.27,-83.6974509130223
66.2795329904458,-83.6974509130245
66.28,-83.6974509130246
66.2895329904458,-83.6974509130267
66.29,-83.6974509130269
66.2995329904458,-83.697450913029
66.3,-83.6974509130291
66.3095329904458,-83.6974509130313
66.31,-83.6974509130314
66.3195329904459,-83.6974509130335
66.32,-83.6974509130336
66.3295329904459,-83.6974509130358
66.33,-83.6974509130359
66.3395329904459,-83.697450913038
66.34,-83.6974509130381
66.3495329904459,-83.6974509130403
66.35,-83.6974509130404
66.3595329904459,-83.6974509130426
66.36,-83.6974509130427
66.3695329904459,-83.6974509130448
66.37,-83.6974509130449
66.3795329904459,-83.6974509130471
66.38,-83.6974509130472
66.3895329904459,-83.6974509130494
66.39,-83.6974509130495
66.3995329904459,-83.6974509130516
66.4,-83.6974509130517
66.4095329904459,-83.6974509130539
66.41,-83.697450913054
66.4195329904459,-83.6974509130561
66.42,-83.6974509130562
66.4295329904459,-83.6974509130584
66.43,-83.6974509130585
66.4395329904459,-83.6974509130607
66.44,-83.6974509130608
66.4495329904459,-83.6974509130629
66.45,-83.697450913063
66.4595329904459,-83.6974509130652
66.46,-83.6974509130653
66.4695329904459,-83.6974509130675
66.47,-83.6974509130676
66.4795329904459,-83.6974509130697
66.48,-83.6974509130698
66.4895329904459,-83.697450913072
66.49,-83.6974509130721
66.4995329904459,-83.6974509130743
66.5,-83.6974509130744
66.5095329904459,-83.6974509130765
66.51,-83.6974509130766
66.519532990446,-83.6974509130788
66.52,-83.6974509130789
66.529532990446,-83.6974509130811
66.53,-83.6974509130812
66.539532990446,-83.6974509130833
66.54,-83.6974509130834
66.549532990446,-83.6974509130856
66.55,-83.6974509130857
66.559532990446,-83.6974509130879
66.56,-83.697450913088
66.569532990446,-83.6974509130902
66.57,-83.6974509130903
66.579532990446,-83.6974509130924
66.58,-83.6974509130925
66.589532990446,-83.6974509130947
66.59,-83.6974509130948
66.599532990446,-83.697450913097
66.6,-83.6974509130971
66.609532990446,-83.6974509130992
66.61,-83.6974509130994
66.619532990446,-83.6974509131015
66.62,-83.6974509131016
66.629532990446,-83.6974509131038
66.63,-83.6974509131039
66.639532990446,-83.6974509131061
66.64,-83.6974509131062
66.649532990446,-83.6974509131083
66.65,-83.6974509131084
66.659532990446,-83.6974509131106
66.66,-83.6974509131107
66.669532990446,-83.6974509131129
66.67,-83.697450913113
66.679532990446,-83.6974509131152
66.68,-83.6974509131153
66.689532990446,-83.6974509131174
66.69,-83.6974509131175
66.699532990446,-83.6974509131197
66.7,-83.6974509131198
66.709532990446,-83.697450913122
66.71,-83.6974509131221
66.7195329904461,-83.6974509131243
66.72,-83.6974509131244
66.7295329904461,-83.6974509131265
66.73,-83.6974509131267
66.7395329904461,-83.6974509131288
66.74,-83.6974509131289
66.7495329904461,-83.6974509131311
66.75,-83.6974509131312
66.7595329904461,-83.6974509131334
66.76,-83.6974509131335
66.7695329904461,-83.6974509131357
66.77,-83.6974509131358
66.7795329904461,-83.6974509131379
66.78,-83.697450913138
66.7895329904461,-83.6974509131402
66.79,-83.6974509131403
66.7995329904461,-83.6974509131425
66.8,-83.6974509131426
66.8095329904461,-83.6974509131448
66.81,-83.6974509131449
66.8195329904461,-83.6974509131471
66.82,-83.6974509131472
66.8295329904461,-83.6974509131493
66.83,-83.6974509131495
66.8395329904461,-83.6974509131516
66.84,-83.6974509131517
66.8495329904461,-83.6974509131539
66.85,-83.697450913154
66.8595329904461,-83.6974509131562
66.86,-83.6974509131563
66.8695329904461,-83.6974509131585
66.87,-83.6974509131586
66.8795329904461,-83.6974509131608
66.88,-83.6974509131609
66.8895329904461,-83.697450913163
66.89,-83.6974509131632
66.8995329904461,-83.6974509131653
66.9,-83.6974509131654
66.9095329904462,-83.6974509131676
66.91,-83.6974509131677
66.9195329904462,-83.6974509131699
66.92,-83.69745091317
66.9295329904462,-83.6974509131722
66.93,-83.6974509131723
66.9395329904462,-83.6974509131745
66.94,-83.6974509131746
66.9495329904462,-83.6974509131768
66.95,-83.6974509131769
66.9595329904462,-83.697450913179
66.96,-83.6974509131791
66.9695329904462,-83.6974509131813
66.97,-83.6974509131814
66.9795329904462,-83.6974509131836
66.98,-83.6974509131837
66.9895329904462,-83.6974509131859
66.99,-83.697450913186
66.9995329904462,-83.6974509131882
67,-83.6974509131883
67.0095329904462,-83.6974509131905
67.01,-83.6974509131906
67.0195329904462,-83.6974509131928
67.02,-83.6974509131929
67.0295329904462,-83.6974509131951
67.03,-83.6974509131952
67.0395329904462,-83.6974509131974
67.04,-83.6974509131975
67.0495329904462,-83.6974509131996
67.05,-83.6974509131998
67.0595329904462,-83.6974509132019
67.06,-83.697450913202
67.0695329904462,-83.6974509132042
67.07,-83.6974509132043
67.0795329904462,-83.6974509132065
67.08,-83.6974509132066
67.0895329904462,-83.6974509132088
67.09,-83.6974509132089
67.0995329904462,-83.6974509132111
67.1,-83.6974509132112
67.1095329904463,-83.6974509132134
67.11,-83.6974509132135
67.1195329904463,-83.6974509132157
67.12,-83.6974509132158
67.1295329904463,-83.697450913218
67.13,-83.6974509132181
67.1395329904463,-83.6974509132203
67.14,-83.6974509132204
67.1495329904463,-83.6974509132226
67.15,-83.6974509132227
67.1595329904463,-83.6974509132249
67.16,-83.697450913225
67.1695329904463,-83.6974509132272
67.17,-83.6974509132273
67.1795329904463,-83.6974509132295
67.18,-83.6974509132296
67.1895329904463,-83.6974509132318
67.19,-83.6974509132319
67.1995329904463,-83.6974509132341
67.2,-83.6974509132342
67.2095329904463,-83.6974509132364
67.21,-83.6974509132365
67.2195329904463,-83.6974509132387
67.22,-83.6974509132388
67.2295329904463,-83.697450913241
67.23,-83.6974509132411
67.2395329904463,-83.6974509132433
67.24,-83.6974509132434
67.2495329904463,-83.6974509132456
67.25,-83.6974509132457
67.2595329904463,-83.6974509132479
67.26,-83.697450913248
67.2695329904463,-83.6974509132502
67.27,-83.6974509132503
67.2795329904463,-83.6974509132525
67.28,-83.6974509132526
67.2895329904463,-83.6974509132548
67.29,-83.6974509132549
67.2995329904464,-83.6974509132571
67.3,-83.6974509132572
67.3095329904464,-83.6974509132594
67.31,-83.6974509132595
67.3195329904464,-83.6974509132617
67.32,-83.6974509132618
67.3295329904464,-83.697450913264
67.33,-83.6974509132641
67.3395329904464,-83.6974509132663
67.34,-83.6974509132664
67.3495329904464,-83.6974509132686
67.35,-83.6974509132687
67.3595329904464,-83.6974509132709
67.36,-83.697450913271
67.3695329904464,-83.6974509132732
67.37,-83.6974509132733
67.3795329904464,-83.6974509132755
67.38,-83.6974509132756
67.3895329904464,-83.6974509132778
67.39,-83.6974509132779
67.3995329904464,-83.6974509132801
67.4,-83.6974509132802
67.4095329904464,-83.6974509132824
67.41,-83.6974509132825
67.4195329904464,-83.6974509132847
67.42,-83.6974509132848
67.4295329904464,-83.697450913287
67.43,-83.6974509132871
67.4395329904464,-83.6974509132893
67.44,-83.6974509132894
67.4495329904464,-83.6974509132916
67.45,-83.6974509132917
67.4595329904464,-83.6974509132939
67.46,-83.697450913294
67.4695329904464,-83.6974509132963
67.47,-83.6974509132964
67.4795329904464,-83.6974509132986
67.48,-83.6974509132987
67.4895329904464,-83.6974509133009
67.49,-83.697450913301
67.4995329904465,-83.6974509133032
67.5,-83.6974509133033
67.5095329904465,-83.6974509133055
67.51,-83.6974509133056
67.5195329904465,-83.6974509133078
67.52,-83.6974509133079
67.5295329904465,-83.6974509133101
67.53,-83.6974509133102
67.5395329904465,-83.6974509133124
67.54,-83.6974509133125
67.5495329904465,-83.6974509133147
67.55,-83.6974509133148
67.5595329904465,-83.6974509133171
67.56,-83.6974509133172
67.5695329904465,-83.6974509133194
67.57,-83.6974509133195
67.5795329904465,-83.6974509133217
67.58,-83.6974509133218
67.5895329904465,-83.697450913324
67.59,-83.6974509133241
67.5995329904465,-83.6974509133263
67.6,-83.6974509133264
67.6095329904465,-83.6974509133286
67.61,-83.6974509133287
67.6195329904465,-83.6974509133309
67.62,-83.697450913331
67.6295329904465,-83.6974509133333
67.63,-83.6974509133334
67.6395329904465,-83.6974509133356
67.64,-83.6974509133357
67.6495329904465,-83.6974509133379
67.65,-83.697450913338
67.6595329904465,-83.6974509133402
67.66,-83.6974509133403
67.6695329904465,-83.6974509133425
67.67,-83.6974509133426
67.6795329904465,-83.6974509133448
67.68,-83.6974509133449
67.6895329904466,-83.6974509133472
67.69,-83.6974509133473
67.6995329904466,-83.6974509133495
67.7,-83.6974509133496
67.7095329904466,-83.6974509133518
67.71,-83.6974509133519
67.7195329904466,-83.6974509133541
67.72,-83.6974509133542
67.7295329904466,-83.6974509133564
67.73,-83.6974509133565
67.7395329904466,-83.6974509133588
67.74,-83.6974509133588
67.7495329904466,-83.6974509133611
67.75,-83.6974509133612
67.7595329904466,-83.6974509133634
67.76,-83.6974509133635
67.7695329904466,-83.6974509133657
67.77,-83.6974509133658
67.7795329904466,-83.697450913368
67.78,-83.6974509133681
67.7895329904466,-83.6974509133703
67.79,-83.6974509133705
67.7995329904466,-83.6974509133727
67.8,-83.6974509133728
67.8095329904466,-83.697450913375
67.81,-83.6974509133751
67.8195329904466,-83.6974509133773
67.82,-83.6974509133774
67.8295329904466,-83.6974509133797
67.83,-83.6974509133798
67.8395329904466,-83.697450913382
67.84,-83.6974509133821
67.8495329904466,-83.6974509133843
67.85,-83.6974509133844
67.8595329904466,-83.6974509133866
67.86,-83.6974509133867
67.8695329904466,-83.6974509133889
67.87,-83.697450913389
67.8795329904466,-83.6974509133913
67.88,-83.6974509133914
67.8895329904467,-83.6974509133936
67.89,-83.6974509133937
67.8995329904467,-83.6974509133959
67.9,-83.697450913396
67.9095329904467,-83.6974509133982
67.91,-83.6974509133984
67.9195329904467,-83.6974509134006
67.92,-83.6974509134007
67.9295329904467,-83.6974509134029
67.93,-83.697450913403
67.9395329904467,-83.6974509134052
67.94,-83.6974509134053
67.9495329904467,-83.6974509134076
67.95,-83.6974509134077
67.9595329904467,-83.6974509134099
67.96,-83.69745091341
67.9695329904467,-83.6974509134122
67.97,-83.6974509134123
67.9795329904467,-83.6974509134146
67.98,-83.6974509134147
67.9895329904467,-83.6974509134169
67.99,-83.697450913417
67.9995329904467,-83.6974509134192
68,-83.6974509134193
68.0095329904467,-83.6974509134215
68.01,-83.6974509134217
68.0195329904467,-83.6974509134239
68.02,-83.697450913424
68.0295329904467,-83.6974509134262
68.03,-83.6974509134263
68.0395329904467,-83.6974509134285
68.04,-83.6974509134287
68.0495329904467,-83.6974509134309
68.05,-83.697450913431
68.0595329904467,-83.6974509134332
68.06,-83.6974509134333
68.0695329904467,-83.6974509134355
68.07,-83.6974509134356
68.0795329904468,-83.6974509134379
68.08,-83.697450913438
68.0895329904468,-83.6974509134402
68.09,-83.6974509134403
68.0995329904468,-83.6974509134426
68.1,-83.6974509134427
68.1095329904468,-83.6974509134449
68.11,-83.697450913445
68.1195329904468,-83.6974509134472
68.12,-83.6974509134473
68.1295329904468,-83.6974509134496
68.13,-83.6974509134497
68.1395329904468,-83.6974509134519
68.14,-83.697450913452
68.1495329904468,-83.6974509134542
68.15,-83.6974509134543
68.1595329904468,-83.6974509134566
68.16,-83.6974509134567
68.1695329904468,-83.6974509134589
68.17,-83.697450913459
68.1795329904468,-83.6974509134612
68.18,-83.6974509134614
68.1895329904468,-83.6974509134636
68.19,-83.6974509134637
68.1995329904468,-83.6974509134659
68.2,-83.697450913466
68.2095329904468,-83.6974509134683
68.21,-83.6974509134684
68.2195329904468,-83.6974509134706
68.22,-83.6974509134707
68.2295329904468,-83.6974509134729
68.23,-83.697450913473
68.2395329904468,-83.6974509134753
68.24,-83.6974509134754
68.2495329904468,-83.6974509134776
68.25,-83.6974509134777
68.2595329904468,-83.69745091348
68.26,-83.6974509134801
68.2695329904468,-83.6974509134823
68.27,-83.6974509134824
68.2795329904469,-83.6974509134846
68.28,-83.6974509134847
68.2895329904469,-83.697450913487
68.29,-83.6974509134871
68.2995329904469,-83.6974509134893
68.3,-83.6974509134894
68.3095329904469,-83.6974509134917
68.31,-83.6974509134918
68.3195329904469,-83.697450913494
68.32,-83.6974509134941
68.3295329904469,-83.6974509134964
68.33,-83.6974509134965
68.3395329904469,-83.6974509134987
68.34,-83.6974509134988
68.3495329904469,-83.6974509135011
68.35,-83.6974509135012
68.3595329904469,-83.6974509135034
68.36,-83.6974509135035
68.3695329904469,-83.6974509135057
68.37,-83.6974509135058
68.3795329904469,-83.6974509135081
68.38,-83.6974509135082
68.3895329904469,-83.6974509135104
68.39,-83.6974509135106
68.3995329904469,-83.6974509135128
68.4,-83.6974509135129
68.4095329904469,-83.6974509135151
68.41,-83.6974509135152
68.4195329904469,-83.6974509135175
68.42,-83.6974509135176
68.4295329904469,-83.6974509135198
68.43,-83.6974509135199
68.4395329904469,-83.6974509135222
68.44,-83.6974509135223
68.4495329904469,-83.6974509135245
68.45,-83.6974509135246
68.4595329904469,-83.6974509135269
68.46,-83.697450913527
68.469532990447,-83.6974509135292
68.47,-83.6974509135293
68.479532990447,-83.6974509135316
68.48,-83.6974509135317
68.489532990447,-83.6974509135339
68.49,-83.697450913534
68.499532990447,-83.6974509135363
68.5,-83.6974509135364
68.509532990447,-83.6974509135386
68.51,-83.6974509135387
68.519532990447,-83.697450913541
68.52,-83.6974509135411
68.529532990447,-83.6974509135433
68.53,-83.6974509135434
68.539532990447,-83.6974509135457
68.54,-83.6974509135458
68.549532990447,-83.697450913548
68.55,-83.6974509135482
68.559532990447,-83.6974509135504
68.56,-83.6974509135505
68.569532990447,-83.6974509135527
68.57,-83.6974509135529
68.579532990447,-83.6974509135551
68.58,-83.6974509135552
68.589532990447,-83.6974509135575
68.59,-83.6974509135576
68.599532990447,-83.6974509135598
68.6,-83.6974509135599
68.609532990447,-83.6974509135622
68.61,-83.6974509135623
68.619532990447,-83.6974509135645
68.62,-83.6974509135646
68.629532990447,-83.6974509135669
68.63,-83.697450913567
68.639532990447,-83.6974509135692
68.64,-83.6974509135694
68.649532990447,-83.6974509135716
68.65,-83.6974509135717
68.659532990447,-83.697450913574
68.66,-83.6974509135741
68.6695329904471,-83.6974509135763
68.67,-83.6974509135764
68.6795329904471,-83.6974509135787
68.68,-83.6974509135788
68.6895329904471,-83.697450913581
68.69,-83.6974509135812
68.6995329904471,-83.6974509135834
68.7,-83.6974509135835
68.7095329904471,-83.6974509135858
68.71,-83.6974509135859
68.7195329904471,-83.6974509135881
68.72,-83.6974509135882
68.7295329904471,-83.6974509135905
68.73,-83.6974509135906
68.7395329904471,-83.6974509135928
68.74,-83.6974509135929
68.7495329904471,-83.6974509135952
68.75,-83.6974509135953
68.7595329904471,-83.6974509135975
68.76,-83.6974509135977
68.7695329904471,-83.6974509135999
68.77,-83.6974509136
68.7795329904471,-83.6974509136023
68.78,-83.6974509136024
68.7895329904471,-83.6974509136046
68.79,-83.6974509136048
68.7995329904471,-83.697450913607
68.8,-83.6974509136071
68.8095329904471,-83.6974509136094
68.81,-83.6974509136095
68.8195329904471,-83.6974509136117
68.82,-83.6974509136118
68.8295329904471,-83.6974509136141
68.83,-83.6974509136142
68.8395329904471,-83.6974509136165
68.84,-83.6974509136166
68.8495329904471,-83.6974509136188
68.85,-83.6974509136189
68.8595329904471,-83.6974509136212
68.86,-83.6974509136213
68.8695329904472,-83.6974509136236
68.87,-83.6974509136237
68.8795329904472,-83.6974509136259
68.88,-83.697450913626
68.8895329904472,-83.6974509136283
68.89,-83.6974509136284
68.8995329904472,-83.6974509136307
68.9,-83.6974509136308
68.9095329904472,-83.697450913633
68.91,-83.6974509136331
68.9195329904472,-83.6974509136354
68.92,-83.6974509136355
68.9295329904472,-83.6974509136378
68.93,-83.6974509136379
68.9395329904472,-83.6974509136401
68.94,-83.6974509136403
68.9495329904472,-83.6974509136425
68.95,-83.6974509136426
68.9595329904472,-83.6974509136449
68.96,-83.697450913645
68.9695329904472,-83.6974509136472
68.97,-83.6974509136474
68.9795329904472,-83.6974509136496
68.98,-83.6974509136497
68.9895329904472,-83.697450913652
68.99,-83.6974509136521
68.9995329904472,-83.6974509136544
69,-83.6974509136545
69.0095329904472,-83.6974509136567
69.01,-83.6974509136568
69.0195329904472,-83.6974509136591
69.02,-83.6974509136592
69.0295329904472,-83.6974509136615
69.03,-83.6974509136616
69.0395329904472,-83.6974509136638
69.04,-83.697450913664
69.0495329904472,-83.6974509136662
69.05,-83.6974509136663
69.0595329904473,-83.6974509136686
69.06,-83.6974509136687
69.0695329904473,-83.697450913671
69.07,-83.6974509136711
69.0795329904473,-83.6974509136734
69.08,-83.6974509136734
69.0895329904473,-83.6974509136757
69.09,-83.6974509136758
69.0995329904473,-83.6974509136781
69.1,-83.6974509136782
69.1095329904473,-83.6974509136805
69.11,-83.6974509136806
69.1195329904473,-83.6974509136829
69.12,-83.697450913683
69.1295329904473,-83.6974509136852
69.13,-83.6974509136853
69.1395329904473,-83.6974509136876
69.14,-83.6974509136877
69.1495329904473,-83.69745091369
69.15,-83.6974509136901
69.1595329904473,-83.6974509136924
69.16,-83.6974509136925
69.1695329904473,-83.6974509136947
69.17,-83.6974509136949
69.1795329904473,-83.6974509136971
69.18,-83.6974509136972
69.1895329904473,-83.6974509136995
69.19,-83.6974509136996
69.1995329904473,-83.6974509137019
69.2,-83.697450913702
69.2095329904473,-83.6974509137043
69.21,-83.6974509137044
69.2195329904473,-83.6974509137066
69.22,-83.6974509137067
69.2295329904473,-83.697450913709
69.23,-83.6974509137091
69.2395329904473,-83.6974509137114
69.24,-83.6974509137115
69.2495329904473,-83.6974509137138
69.25,-83.6974509137139
69.2595329904474,-83.6974509137162
69.26,-83.6974509137163
69.2695329904474,-83.6974509137185
69.27,-83.6974509137187
69.2795329904474,-83.6974509137209
69.28,-83.697450913721
69.2895329904474,-83.6974509137233
69.29,-83.6974509137234
69.2995329904474,-83.6974509137257
69.3,-83.6974509137258
69.3095329904474,-83.6974509137281
69.31,-83.6974509137282
69.3195329904474,-83.6974509137305
69.32,-83.6974509137306
69.3295329904474,-83.6974509137328
69.33,-83.697450913733
69.3395329904474,-83.6974509137352
69.34,-83.6974509137354
69.3495329904474,-83.6974509137376
69.35,-83.6974509137377
69.3595329904474,-83.69745091374
69.36,-83.6974509137401
69.3695329904474,-83.6974509137424
69.37,-83.6974509137425
69.3795329904474,-83.6974509137448
69.38,-83.6974509137449
69.3895329904474,-83.6974509137472
69.39,-83.6974509137473
69.3995329904474,-83.6974509137495
69.4,-83.6974509137497
69.4095329904474,-83.6974509137519
69.41,-83.697450913752
69.4195329904474,-83.6974509137543
69.42,-83.6974509137544
69.4295329904474,-83.6974509137567
69.43,-83.6974509137568
69.4395329904474,-83.6974509137591
69.44,-83.6974509137592
69.4495329904475,-83.6974509137615
69.45,-83.6974509137616
69.4595329904475,-83.6974509137639
69.46,-83.697450913764
69.4695329904475,-83.6974509137663
69.47,-83.6974509137664
69.4795329904475,-83.6974509137687
69.48,-83.6974509137688
69.4895329904475,-83.6974509137711
69.49,-83.6974509137712
69.4995329904475,-83.6974509137735
69.5,-83.6974509137736
69.5095329904475,-83.6974509137758
69.51,-83.697450913776
69.5195329904475,-83.6974509137782
69.52,-83.6974509137784
69.5295329904475,-83.6974509137806
69.53,-83.6974509137807
69.5395329904475,-83.697450913783
69.54,-83.6974509137831
69.5495329904475,-83.6974509137854
69.55,-83.6974509137855
69.5595329904475,-83.6974509137878
69.56,-83.6974509137879
69.5695329904475,-83.6974509137902
69.57,-83.6974509137903
69.5795329904475,-83.6974509137926
69.58,-83.6974509137927
69.5895329904475,-83.697450913795
69.59,-83.6974509137951
69.5995329904475,-83.6974509137974
69.6,-83.6974509137975
69.6095329904475,-83.6974509137998
69.61,-83.6974509137999
69.6195329904475,-83.6974509138022
69.62,-83.6974509138023
69.6295329904475,-83.6974509138046
69.63,-83.6974509138047
69.6395329904475,-83.697450913807
69.64,-83.6974509138071
69.6495329904476,-83.6974509138094
69.65,-83.6974509138095
69.6595329904476,-83.6974509138118
69.66,-83.6974509138119
69.6695329904476,-83.6974509138142
69.67,-83.6974509138143
69.6795329904476,-83.6974509138166
69.68,-83.6974509138167
69.6895329904476,-83.697450913819
69.69,-83.6974509138191
69.6995329904476,-83.6974509138214
69.7,-83.6974509138215
69.7095329904476,-83.6974509138238
69.71,-83.6974509138239
69.7195329904476,-83.6974509138262
69.72,-83.6974509138263
69.7295329904476,-83.6974509138286
69.73,-83.6974509138287
69.7395329904476,-83.697450913831
69.74,-83.6974509138311
69.7495329904476,-83.6974509138334
69.75,-83.6974509138335
69.7595329904476,-83.6974509138358
69.76,-83.6974509138359
69.7695329904476,-83.6974509138382
69.77,-83.6974509138383
69.7795329904476,-83.6974509138406
69.78,-83.6974509138407
69.7895329904476,-83.697450913843
69.79,-83.6974509138431
69.7995329904476,-83.6974509138454
69.8,-83.6974509138455
69.8095329904476,-83.6974509138478
69.81,-83.6974509138479
69.8195329904476,-83.6974509138502
69.82,-83.6974509138503
69.8295329904476,-83.6974509138526
69.83,-83.6974509138527
69.8395329904477,-83.697450913855
69.84,-83.6974509138551
69.8495329904477,-83.6974509138574
69.85,-83.6974509138575
69.8595329904477,-83.6974509138598
69.86,-83.6974509138599
69.8695329904477,-83.6974509138622
69.87,-83.6974509138623
69.8795329904477,-83.6974509138646
69.88,-83.6974509138647
69.8895329904477,-83.697450913867
69.89,-83.6974509138671
69.8995329904477,-83.6974509138694
69.9,-83.6974509138695
69.9095329904477,-83.6974509138718
69.91,-83.697450913872
69.9195329904477,-83.6974509138742
69.92,-83.6974509138744
69.9295329904477,-83.6974509138767
69.93,-83.6974509138768
69.9395329904477,-83.6974509138791
69.94,-83.6974509138792
69.9495329904477,-83.6974509138815
69.95,-83.6974509138816
69.9595329904477,-83.6974509138839
69.96,-83.697450913884
69.9695329904477,-83.6974509138863
69.97,-83.6974509138864
69.9795329904477,-83.6974509138887
69.98,-83.6974509138888
69.9895329904477,-83.6974509138911
69.99,-83.6974509138912
69.9995329904477,-83.6974509138935
70,-83.6974509138936
70.0095329904477,-83.6974509138959
70.01,-83.6974509138961
70.0195329904477,-83.6974509138984
70.02,-83.6974509138985
70.0295329904477,-83.6974509139008
70.03,-83.6974509139009
70.0395329904478,-83.6974509139032
70.04,-83.6974509139033
70.0495329904478,-83.6974509139056
70.05,-83.6974509139057
70.0595329904478,-83.697450913908
70.06,-83.6974509139081
70.0695329904478,-83.6974509139104
70.07,-83.6974509139105
70.0795329904478,-83.6974509139128
70.08,-83.6974509139129
70.0895329904478,-83.6974509139152
70.09,-83.6974509139154
70.0995329904478,-83.6974509139177
70.1,-83.6974509139178
70.1095329904478,-83.6974509139201
70.11,-83.6974509139202
70.1195329904478,-83.6974509139225
70.12,-83.6974509139226
70.1295329904478,-83.6974509139249
70.13,-83.697450913925
70.1395329904478,-83.6974509139273
70.14,-83.6974509139274
70.1495329904478,-83.6974509139297
70.15,-83.6974509139299
70.1595329904478,-83.6974509139322
70.16,-83.6974509139323
70.1695329904478,-83.6974509139346
70.17,-83.6974509139347
70.1795329904478,-83.697450913937
70.18,-83.6974509139371
70.1895329904478,-83.6974509139394
70.19,-83.6974509139395
70.1995329904478,-83.6974509139418
70.2,-83.6974509139419
70.2095329904478,-83.6974509139443
70.21,-83.6974509139444
70.2195329904478,-83.6974509139467
70.22,-83.6974509139468
70.2295329904479,-83.6974509139491
70.23,-83.6974509139492
70.2395329904479,-83.6974509139515
70.24,-83.6974509139516
70.2495329904479,-83.6974509139539
70.25,-83.697450913954
70.2595329904479,-83.6974509139564
70.26,-83.6974509139565
70.2695329904479,-83.6974509139588
70.27,-83.6974509139589
70.2795329904479,-83.6974509139612
70.28,-83.6974509139613
70.2895329904479,-83.6974509139636
70.29,-83.6974509139637
70.2995329904479,-83.697450913966
70.3,-83.6974509139662
70.3095329904479,-83.6974509139685
70.31,-83.6974509139686
70.3195329904479,-83.6974509139709
70.32,-83.697450913971
70.3295329904479,-83.6974509139733
70.33,-83.6974509139734
70.3395329904479,-83.6974509139757
70.34,-83.6974509139759
70.3495329904479,-83.6974509139782
70.35,-83.6974509139783
70.3595329904479,-83.6974509139806
70.36,-83.6974509139807
70.3695329904479,-83.697450913983
70.37,-83.6974509139831
70.3795329904479,-83.6974509139854
70.38,-83.6974509139856
70.3895329904479,-83.6974509139879
70.39,-83.697450913988
70.3995329904479,-83.6974509139903
70.4,-83.6974509139904
70.4095329904479,-83.6974509139927
70.41,-83.6974509139928
70.4195329904479,-83.6974509139952
70.42,-83.6974509139953
70.429532990448,-83.6974509139976
70.43,-83.6974509139977
70.439532990448,-83.697450914
70.44,-83.6974509140001
70.449532990448,-83.6974509140024
70.45,-83.6974509140026
70.459532990448,-83.6974509140049
70.46,-83.697450914005
70.469532990448,-83.6974509140073
70.47,-83.6974509140074
70.479532990448,-83.6974509140097
70.48,-83.6974509140098
70.489532990448,-83.6974509140122
70.49,-83.6974509140123
70.499532990448,-83.6974509140146
70.5,-83.6974509140147
70.509532990448,-83.697450914017
70.51,-83.6974509140171
70.519532990448,-83.6974509140195
70.52,-83.6974509140196
70.529532990448,-83.6974509140219
70.53,-83.697450914022
70.539532990448,-83.6974509140243
70.54,-83.6974509140244
70.549532990448,-83.6974509140267
70.55,-83.6974509140269
70.559532990448,-83.6974509140292
70.56,-83.6974509140293
70.569532990448,-83.6974509140316
70.57,-83.6974509140317
70.579532990448,-83.697450914034
70.58,-83.6974509140341
70.589532990448,-83.6974509140365
70.59,-83.6974509140366
70.599532990448,-83.6974509140389
70.6,-83.697450914039
70.609532990448,-83.6974509140413
70.61,-83.6974509140415
70.6195329904481,-83.6974509140438
70.62,-83.6974509140439
70.6295329904481,-83.6974509140462
70.63,-83.6974509140463
70.6395329904481,-83.6974509140486
70.64,-83.6974509140488
70.6495329904481,-83.6974509140511
70.65,-83.6974509140512
70.6595329904481,-83.6974509140535
70.66,-83.6974509140536
70.6695329904481,-83.697450914056
70.67,-83.6974509140561
70.6795329904481,-83.6974509140584
70.68,-83.6974509140585
70.6895329904481,-83.6974509140608
70.69,-83.697450914061
70.6995329904481,-83.6974509140633
70.7,-83.6974509140634
70.7095329904481,-83.6974509140657
70.71,-83.6974509140658
70.7195329904481,-83.6974509140682
70.72,-83.6974509140683
70.7295329904481,-83.6974509140706
70.73,-83.6974509140707
70.7395329904481,-83.697450914073
70.74,-83.6974509140731
70.7495329904481,-83.6974509140755
70.75,-83.6974509140756
70.7595329904481,-83.6974509140779
70.76,-83.697450914078
70.7695329904481,-83.6974509140804
70.77,-83.6974509140805
70.7795329904481,-83.6974509140828
70.78,-83.6974509140829
70.7895329904481,-83.6974509140852
70.79,-83.6974509140854
70.7995329904481,-83.6974509140877
70.8,-83.6974509140878
70.8095329904481,-83.6974509140901
70.81,-83.6974509140902
70.8195329904482,-83.6974509140926
70.82,-83.6974509140927
70.8295329904482,-83.697450914095
70.83,-83.6974509140951
70.8395329904482,-83.6974509140974
70.84,-83.6974509140976
70.8495329904482,-83.6974509140999
70.85,-83.6974509141
70.8595329904482,-83.6974509141023
70.86,-83.6974509141025
70.8695329904482,-83.6974509141048
70.87,-83.6974509141049
70.8795329904482,-83.6974509141072
70.88,-83.6974509141073
70.8895329904482,-83.6974509141097
70.89,-83.6974509141098
70.8995329904482,-83.6974509141121
70.9,-83.6974509141122
70.9095329904482,-83.6974509141146
70.91,-83.6974509141147
70.9195329904482,-83.697450914117
70.92,-83.6974509141171
70.9295329904482,-83.6974509141195
70.93,-83.6974509141196
70.9395329904482,-83.6974509141219
70.94,-83.697450914122
70.9495329904482,-83.6974509141244
70.95,-83.6974509141245
70.9595329904482,-83.6974509141268
70.96,-83.6974509141269
70.9695329904482,-83.6974509141292
70.97,-83.6974509141294
70.9795329904482,-83.6974509141317
70.98,-83.6974509141318
70.9895329904482,-83.6974509141342
70.99,-83.6974509141343
70.9995329904482,-83.6974509141366
71,-83.6974509141367
71.0095329904482,-83.6974509141391
71.01,-83.6974509141392
71.0195329904483,-83.6974509141415
71.02,-83.6974509141416
71.0295329904483,-83.697450914144
71.03,-83.6974509141441
71.0395329904483,-83.6974509141464
71.04,-83.6974509141465
71.0495329904483,-83.6974509141489
71.05,-83.697450914149
71.0595329904483,-83.6974509141513
71.06,-83.6974509141514
71.0695329904483,-83.6974509141538
71.07,-83.6974509141539
71.0795329904483,-83.6974509141562
71.08,-83.6974509141563
71.0895329904483,-83.6974509141587
71.09,-83.6974509141588
71.0995329904483,-83.6974509141611
71.1,-83.6974509141612
71.1095329904483,-83.6974509141636
71.11,-83.6974509141637
71.1195329904483,-83.697450914166
71.12,-83.6974509141662
71.1295329904483,-83.6974509141685
71.13,-83.6974509141686
71.1395329904483,-83.6974509141709
71.14,-83.6974509141711
71.1495329904483,-83.6974509141734
71.15,-83.6974509141735
71.1595329904483,-83.6974509141759
71.16,-83.697450914176
71.1695329904483,-83.6974509141783
71.17,-83.6974509141784
71.1795329904483,-83.6974509141808
71.18,-83.6974509141809
71.1895329904483,-83.6974509141832
71.19,-83.6974509141833
71.1995329904483,-83.6974509141857
71.2,-83.6974509141858
71.2095329904484,-83.6974509141881
71.21,-83.6974509141883
71.2195329904484,-83.6974509141906
71.22,-83.6974509141907
71.2295329904484,-83.6974509141931
71.23,-83.6974509141932
71.2395329904484,-83.6974509141955
71.24,-83.6974509141956
71.2495329904484,-83.697450914198
71.25,-83.6974509141981
71.2595329904484,-83.6974509142004
71.26,-83.6974509142005
71.2695329904484,-83.6974509142029
71.27,-83.697450914203
71.2795329904484,-83.6974509142054
71.28,-83.6974509142055
71.2895329904484,-83.6974509142078
71.29,-83.6974509142079
71.2995329904484,-83.6974509142103
71.3,-83.6974509142104
71.3095329904484,-83.6974509142127
71.31,-83.6974509142129
71.3195329904484,-83.6974509142152
71.32,-83.6974509142153
71.3295329904484,-83.6974509142177
71.33,-83.6974509142178
71.3395329904484,-83.6974509142201
71.34,-83.6974509142202
71.3495329904484,-83.6974509142226
71.35,-83.6974509142227
71.3595329904484,-83.6974509142251
71.36,-83.6974509142252
71.3695329904484,-83.6974509142275
71.37,-83.6974509142276
71.3795329904484,-83.69745091423
71.38,-83.6974509142301
71.3895329904484,-83.6974509142324
71.39,-83.6974509142326
71.3995329904484,-83.6974509142349
71.4,-83.697450914235
71.4095329904485,-83.6974509142374
71.41,-83.6974509142375
71.4195329904485,-83.6974509142398
71.42,-83.69745091424
71.4295329904485,-83.6974509142423
71.43,-83.6974509142424
71.4395329904485,-83.6974509142448
71.44,-83.6974509142449
71.4495329904485,-83.6974509142472
71.45,-83.6974509142474
71.4595329904485,-83.6974509142497
71.46,-83.6974509142498
71.4695329904485,-83.6974509142522
71.47,-83.6974509142523
71.4795329904485,-83.6974509142546
71.48,-83.6974509142548
71.4895329904485,-83.6974509142571
71.49,-83.6974509142572
71.4995329904485,-83.6974509142596
71.5,-83.6974509142597
71.5095329904485,-83.697450914262
71.51,-83.6974509142622
71.5195329904485,-83.6974509142645
71.52,-83.6974509142646
71.5295329904485,-83.697450914267
71.53,-83.6974509142671
71.5395329904485,-83.6974509142695
71.54,-83.6974509142696
71.5495329904485,-83.6974509142719
71.55,-83.6974509142721
71.5595329904485,-83.6974509142744
71.56,-83.6974509142745
71.5695329904485,-83.6974509142769
71.57,-83.697450914277
71.5795329904485,-83.6974509142793
71.58,-83.6974509142795
71.5895329904485,-83.6974509142818
71.59,-83.6974509142819
71.5995329904486,-83.6974509142843
71.6,-83.6974509142844
71.6095329904486,-83.6974509142868
71.61,-83.6974509142869
71.6195329904486,-83.6974509142892
71.62,-83.6974509142893
71.6295329904486,-83.6974509142917
71.63,-83.6974509142918
71.6395329904486,-83.6974509142942
71.64,-83.6974509142943
71.6495329904486,-83.6974509142967
71.65,-83.6974509142968
71.6595329904486,-83.6974509142991
71.66,-83.6974509142993
71.6695329904486,-83.6974509143016
71.67,-83.6974509143017
71.6795329904486,-83.6974509143041
71.68,-83.6974509143042
71.6895329904486,-83.6974509143066
71.69,-83.6974509143067
71.6995329904486,-83.697450914309
71.7,-83.6974509143091
71.7095329904486,-83.6974509143115
71.71,-83.6974509143116
71.7195329904486,-83.697450914314
71.72,-83.6974509143141
71.7295329904486,-83.6974509143165
71.73,-83.6974509143166
71.7395329904486,-83.6974509143189
71.74,-83.6974509143191
71.7495329904486,-83.6974509143214
71.75,-83.6974509143215
71.7595329904486,-83.6974509143239
71.76,-83.697450914324
71.7695329904486,-83.6974509143264
71.77,-83.6974509143265
71.7795329904486,-83.6974509143289
71.78,-83.697450914329
71.7895329904486,-83.6974509143313
71.79,-83.6974509143315
71.7995329904487,-83.6974509143338
71.8,-83.6974509143339
71.8095329904487,-83.6974509143363
71.81,-83.6974509143364
71.8195329904487,-83.6974509143388
71.82,-83.6974509143389
71.8295329904487,-83.6974509143413
71.83,-83.6974509143414
71.8395329904487,-83.6974509143437
71.84,-83.6974509143438
71.8495329904487,-83.6974509143462
71.85,-83.6974509143463
71.8595329904487,-83.6974509143487
71.86,-83.6974509143488
71.8695329904487,-83.6974509143512
71.87,-83.6974509143513
71.8795329904487,-83.6974509143537
71.88,-83.6974509143538
71.8895329904487,-83.6974509143562
71.89,-83.6974509143563
71.8995329904487,-83.6974509143586
71.9,-83.6974509143588
71.9095329904487,-83.6974509143611
71.91,-83.6974509143612
71.9195329904487,-83.6974509143636
71.92,-83.6974509143637
71.9295329904487,-83.6974509143661
71.93,-83.6974509143662
71.9395329904487,-83.6974509143686
71.94,-83.6974509143687
71.9495329904487,-83.6974509143711
71.95,-83.6974509143712
71.9595329904487,-83.6974509143735
71.96,-83.6974509143737
71.9695329904487,-83.697450914376
71.97,-83.6974509143761
71.9795329904487,-83.6974509143785
71.98,-83.6974509143786
71.9895329904488,-83.697450914381
71.99,-83.6974509143811
71.9995329904488,-83.6974509143835
72,-83.6974509143836
72.0095329904488,-83.697450914386
72.01,-83.6974509143861
72.0195329904488,-83.6974509143885
72.02,-83.6974509143886
72.0295329904488,-83.697450914391
72.03,-83.6974509143911
72.0395329904488,-83.6974509143934
72.04,-83.6974509143936
72.0495329904488,-83.6974509143959
72.05,-83.6974509143961
72.0595329904488,-83.6974509143984
72.06,-83.6974509143985
72.0695329904488,-83.6974509144009
72.07,-83.697450914401
72.0795329904488,-83.6974509144034
72.08,-83.6974509144035
72.0895329904488,-83.6974509144059
72.09,-83.697450914406
72.0995329904488,-83.6974509144084
72.1,-83.6974509144085
72.1095329904488,-83.6974509144109
72.11,-83.697450914411
72.1195329904488,-83.6974509144134
72.12,-83.6974509144135
72.1295329904488,-83.6974509144159
72.13,-83.697450914416
72.1395329904488,-83.6974509144184
72.14,-83.6974509144185
72.1495329904488,-83.6974509144208
72.15,-83.697450914421
72.1595329904488,-83.6974509144233
72.16,-83.6974509144235
72.1695329904488,-83.6974509144258
72.17,-83.6974509144259
72.1795329904488,-83.6974509144283
72.18,-83.6974509144284
72.1895329904489,-83.6974509144308
72.19,-83.6974509144309
72.1995329904489,-83.6974509144333
72.2,-83.6974509144334
72.2095329904489,-83.6974509144358
72.21,-83.6974509144359
72.2195329904489,-83.6974509144383
72.22,-83.6974509144384
72.2295329904489,-83.6974509144408
72.23,-83.6974509144409
72.2395329904489,-83.6974509144433
72.24,-83.6974509144434
72.2495329904489,-83.6974509144458
72.25,-83.6974509144459
72.2595329904489,-83.6974509144483
72.26,-83.6974509144484
72.2695329904489,-83.6974509144508
72.27,-83.6974509144509
72.2795329904489,-83.6974509144533
72.28,-83.6974509144534
72.2895329904489,-83.6974509144558
72.29,-83.6974509144559
72.2995329904489,-83.6974509144583
72.3,-83.6974509144584
72.3095329904489,-83.6974509144608
72.31,-83.6974509144609
72.3195329904489,-83.6974509144633
72.32,-83.6974509144634
72.3295329904489,-83.6974509144658
72.33,-83.6974509144659
72.3395329904489,-83.6974509144683
72.34,-83.6974509144684
72.3495329904489,-83.6974509144708
72.35,-83.6974509144709
72.3595329904489,-83.6974509144733
72.36,-83.6974509144734
72.3695329904489,-83.6974509144758
72.37,-83.6974509144759
72.379532990449,-83.6974509144783
72.38,-83.6974509144784
72.389532990449,-83.6974509144808
72.39,-83.6974509144809
72.399532990449,-83.6974509144833
72.4,-83.6974509144834
72.409532990449,-83.6974509144858
72.41,-83.6974509144859
72.419532990449,-83.6974509144883
72.42,-83.6974509144884
72.429532990449,-83.6974509144908
72.43,-83.6974509144909
72.439532990449,-83.6974509144933
72.44,-83.6974509144934
72.449532990449,-83.6974509144958
72.45,-83.6974509144959
72.459532990449,-83.6974509144983
72.46,-83.6974509144984
72.469532990449,-83.6974509145008
72.47,-83.6974509145009
72.479532990449,-83.6974509145033
72.48,-83.6974509145034
72.489532990449,-83.6974509145058
72.49,-83.6974509145059
72.499532990449,-83.6974509145083
72.5,-83.6974509145085
72.509532990449,-83.6974509145108
72.51,-83.697450914511
72.519532990449,-83.6974509145134
72.52,-83.6974509145135
72.529532990449,-83.6974509145159
72.53,-83.697450914516
72.539532990449,-83.6974509145184
72.54,-83.6974509145185
72.549532990449,-83.6974509145209
72.55,-83.697450914521
72.559532990449,-83.6974509145234
72.56,-83.6974509145235
72.569532990449,-83.6974509145259
72.57,-83.697450914526
72.5795329904491,-83.6974509145284
72.58,-83.6974509145285
72.5895329904491,-83.6974509145309
72.59,-83.697450914531
72.5995329904491,-83.6974509145334
72.6,-83.6974509145335
72.6095329904491,-83.6974509145359
72.61,-83.697450914536
72.6195329904491,-83.6974509145384
72.62,-83.6974509145385
72.6295329904491,-83.697450914541
72.63,-83.6974509145411
72.6395329904491,-83.6974509145435
72.64,-83.6974509145436
72.6495329904491,-83.697450914546
72.65,-83.6974509145461
72.6595329904491,-83.6974509145485
72.66,-83.6974509145486
72.6695329904491,-83.697450914551
72.67,-83.6974509145511
72.6795329904491,-83.6974509145535
72.68,-83.6974509145536
72.6895329904491,-83.697450914556
72.69,-83.6974509145561
72.6995329904491,-83.6974509145585
72.7,-83.6974509145586
72.7095329904491,-83.697450914561
72.71,-83.6974509145612
72.7195329904491,-83.6974509145635
72.72,-83.6974509145637
72.7295329904491,-83.6974509145661
72.73,-83.6974509145662
72.7395329904491,-83.6974509145686
72.74,-83.6974509145687
72.7495329904491,-83.6974509145711
72.75,-83.6974509145712
72.7595329904491,-83.6974509145736
72.76,-83.6974509145737
72.7695329904492,-83.6974509145761
72.77,-83.6974509145763
72.7795329904492,-83.6974509145786
72.78,-83.6974509145788
72.7895329904492,-83.6974509145812
72.79,-83.6974509145813
72.7995329904492,-83.6974509145837
72.8,-83.6974509145838
72.8095329904492,-83.6974509145862
72.81,-83.6974509145863
72.8195329904492,-83.6974509145887
72.82,-83.6974509145888
72.8295329904492,-83.6974509145912
72.83,-83.6974509145914
72.8395329904492,-83.6974509145937
72.84,-83.6974509145939
72.8495329904492,-83.6974509145963
72.85,-83.6974509145964
72.8595329904492,-83.6974509145988
72.86,-83.6974509145989
72.8695329904492,-83.6974509146013
72.87,-83.6974509146014
72.8795329904492,-83.6974509146038
72.88,-83.6974509146039
72.8895329904492,-83.6974509146063
72.89,-83.6974509146065
72.8995329904492,-83.6974509146089
72.9,-83.697450914609
72.9095329904492,-83.6974509146114
72.91,-83.6974509146115
72.9195329904492,-83.6974509146139
72.92,-83.697450914614
72.9295329904492,-83.6974509146164
72.93,-83.6974509146165
72.9395329904492,-83.6974509146189
72.94,-83.6974509146191
72.9495329904492,-83.6974509146215
72.95,-83.6974509146216
72.9595329904492,-83.697450914624
72.96,-83.6974509146241
72.9695329904493,-83.6974509146265
72.97,-83.6974509146266
72.9795329904493,-83.697450914629
72.98,-83.6974509146292
72.9895329904493,-83.6974509146316
72.99,-83.6974509146317
72.9995329904493,-83.6974509146341
73,-83.6974509146342
73.0095329904493,-83.6974509146366
73.01,-83.6974509146367
73.0195329904493,-83.6974509146391
73.02,-83.6974509146392
73.0295329904493,-83.6974509146416
73.03,-83.6974509146418
73.0395329904493,-83.6974509146442
73.04,-83.6974509146443
73.0495329904493,-83.6974509146467
73.05,-83.6974509146468
73.0595329904493,-83.6974509146492
73.06,-83.6974509146494
73.0695329904493,-83.6974509146518
73.07,-83.6974509146519
73.0795329904493,-83.6974509146543
73.08,-83.6974509146544
73.0895329904493,-83.6974509146568
73.09,-83.6974509146569
73.0995329904493,-83.6974509146594
73.1,-83.6974509146595
73.1095329904493,-83.6974509146619
73.11,-83.697450914662
73.1195329904493,-83.6974509146644
73.12,-83.6974509146645
73.1295329904493,-83.6974509146669
73.13,-83.697450914667
73.1395329904493,-83.6974509146695
73.14,-83.6974509146696
73.1495329904493,-83.697450914672
73.15,-83.6974509146721
73.1595329904493,-83.6974509146745
73.16,-83.6974509146746
73.1695329904494,-83.697450914677
73.17,-83.6974509146772
73.1795329904494,-83.6974509146796
73.18,-83.6974509146797
73.1895329904494,-83.6974509146821
73.19,-83.6974509146822
73.1995329904494,-83.6974509146846
73.2,-83.6974509146848
73.2095329904494,-83.6974509146872
73.21,-83.6974509146873
73.2195329904494,-83.6974509146897
73.22,-83.6974509146898
73.2295329904494,-83.6974509146922
73.23,-83.6974509146924
73.2395329904494,-83.6974509146948
73.24,-83.6974509146949
73.2495329904494,-83.6974509146973
73.25,-83.6974509146974
73.2595329904494,-83.6974509146998
73.26,-83.6974509147
73.2695329904494,-83.6974509147024
73.27,-83.6974509147025
73.2795329904494,-83.6974509147049
73.28,-83.697450914705
73.2895329904494,-83.6974509147074
73.29,-83.6974509147076
73.2995329904494,-83.69745091471
73.3,-83.6974509147101
73.3095329904494,-83.6974509147125
73.31,-83.6974509147126
73.3195329904494,-83.697450914715
73.32,-83.6974509147152
73.3295329904494,-83.6974509147176
73.33,-83.6974509147177
73.3395329904494,-83.6974509147201
73.34,-83.6974509147202
73.3495329904494,-83.6974509147227
73.35,-83.6974509147228
73.3595329904495,-83.6974509147252
73.36,-83.6974509147253
73.3695329904495,-83.6974509147277
73.37,-83.6974509147279
73.3795329904495,-83.6974509147303
73.38,-83.6974509147304
73.3895329904495,-83.6974509147328
73.39,-83.6974509147329
73.3995329904495,-83.6974509147353
73.4,-83.6974509147355
73.4095329904495,-83.6974509147379
73.41,-83.697450914738
73.4195329904495,-83.6974509147404
73.42,-83.6974509147405
73.4295329904495,-83.697450914743
73.43,-83.6974509147431
73.4395329904495,-83.6974509147455
73.44,-83.6974509147456
73.4495329904495,-83.697450914748
73.45,-83.6974509147481
73.4595329904495,-83.6974509147506
73.46,-83.6974509147507
73.4695329904495,-83.6974509147531
73.47,-83.6974509147532
73.4795329904495,-83.6974509147557
73.48,-83.6974509147558
73.4895329904495,-83.6974509147582
73.49,-83.6974509147583
73.4995329904495,-83.6974509147608
73.5,-83.6974509147609
73.5095329904495,-83.6974509147633
73.51,-83.6974509147634
73.5195329904495,-83.6974509147658
73.52,-83.697450914766
73.5295329904495,-83.6974509147684
73.53,-83.6974509147685
73.5395329904495,-83.6974509147709
73.54,-83.697450914771
73.5495329904495,-83.6974509147735
73.55,-83.6974509147736
73.5595329904496,-83.697450914776
73.56,-83.6974509147761
73.5695329904496,-83.6974509147785
73.57,-83.6974509147787
73.5795329904496,-83.6974509147811
73.58,-83.6974509147812
73.5895329904496,-83.6974509147836
73.59,-83.6974509147838
73.5995329904496,-83.6974509147862
73.6,-83.6974509147863
73.6095329904496,-83.6974509147887
73.61,-83.6974509147888
73.6195329904496,-83.6974509147913
73.62,-83.6974509147914
73.6295329904496,-83.6974509147938
73.63,-83.6974509147939
73.6395329904496,-83.6974509147964
73.64,-83.6974509147965
73.6495329904496,-83.6974509147989
73.65,-83.697450914799
73.6595329904496,-83.6974509148015
73.66,-83.6974509148016
73.6695329904496,-83.697450914804
73.67,-83.6974509148041
73.6795329904496,-83.6974509148066
73.68,-83.6974509148067
73.6895329904496,-83.6974509148091
73.69,-83.6974509148092
73.6995329904496,-83.6974509148117
73.7,-83.6974509148118
73.7095329904496,-83.6974509148142
73.71,-83.6974509148143
73.7195329904496,-83.6974509148168
73.72,-83.6974509148169
73.7295329904496,-83.6974509148193
73.73,-83.6974509148194
73.7395329904496,-83.6974509148219
73.74,-83.697450914822
73.7495329904497,-83.6974509148244
73.75,-83.6974509148245
73.7595329904497,-83.697450914827
73.76,-83.6974509148271
73.7695329904497,-83.6974509148295
73.77,-83.6974509148296
73.7795329904497,-83.6974509148321
73.78,-83.6974509148322
73.7895329904497,-83.6974509148346
73.79,-83.6974509148347
73.7995329904497,-83.6974509148372
73.8,-83.6974509148373
73.8095329904497,-83.6974509148397
73.81,-83.6974509148398
73.8195329904497,-83.6974509148423
73.82,-83.6974509148424
73.8295329904497,-83.6974509148448
73.83,-83.6974509148449
73.8395329904497,-83.6974509148474
73.84,-83.6974509148475
73.8495329904497,-83.6974509148499
73.85,-83.6974509148501
73.8595329904497,-83.6974509148525
73.86,-83.6974509148526
73.8695329904497,-83.697450914855
73.87,-83.6974509148552
73.8795329904497,-83.6974509148576
73.88,-83.6974509148577
73.8895329904497,-83.6974509148602
73.89,-83.6974509148603
73.8995329904497,-83.6974509148627
73.9,-83.6974509148628
73.9095329904497,-83.6974509148653
73.91,-83.6974509148654
73.9195329904497,-83.6974509148678
73.92,-83.6974509148679
73.9295329904497,-83.6974509148704
73.93,-83.6974509148705
73.9395329904497,-83.6974509148729
73.94,-83.6974509148731
73.9495329904498,-83.6974509148755
73.95,-83.6974509148756
73.9595329904498,-83.6974509148781
73.96,-83.6974509148782
73.9695329904498,-83.6974509148806
73.97,-83.6974509148807
73.9795329904498,-83.6974509148832
73.98,-83.6974509148833
73.9895329904498,-83.6974509148857
73.99,-83.6974509148858
73.9995329904498,-83.6974509148883
74,-83.6974509148884
74.0095329904498,-83.6974509148909
74.01,-83.697450914891
74.0195329904498,-83.6974509148934
74.02,-83.6974509148935
74.0295329904498,-83.697450914896
74.03,-83.6974509148961
74.0395329904498,-83.6974509148985
74.04,-83.6974509148987
74.0495329904498,-83.6974509149011
74.05,-83.6974509149012
74.0595329904498,-83.6974509149037
74.06,-83.6974509149038
74.0695329904498,-83.6974509149062
74.07,-83.6974509149063
74.0795329904498,-83.6974509149088
74.08,-83.6974509149089
74.0895329904498,-83.6974509149113
74.09,-83.6974509149115
74.0995329904498,-83.6974509149139
74.1,-83.697450914914
74.1095329904498,-83.6974509149165
74.11,-83.6974509149166
74.1195329904498,-83.697450914919
74.12,-83.6974509149191
74.1295329904498,-83.6974509149216
74.13,-83.6974509149217
74.1395329904499,-83.6974509149242
74.14,-83.6974509149243
74.1495329904499,-83.6974509149267
74.15,-83.6974509149268
74.1595329904499,-83.6974509149293
74.16,-83.6974509149294
74.1695329904499,-83.6974509149319
74.17,-83.697450914932
74.1795329904499,-83.6974509149344
74.18,-83.6974509149345
74.1895329904499,-83.697450914937
74.19,-83.6974509149371
74.1995329904499,-83.6974509149396
74.2,-83.6974509149397
74.2095329904499,-83.6974509149421
74.21,-83.6974509149422
74.2195329904499,-83.6974509149447
74.22,-83.6974509149448
74.2295329904499,-83.6974509149473
74.23,-83.6974509149474
74.2395329904499,-83.6974509149498
74.24,-83.6974509149499
74.2495329904499,-83.6974509149524
74.25,-83.6974509149525
74.2595329904499,-83.697450914955
74.26,-83.6974509149551
74.2695329904499,-83.6974509149575
74.27,-83.6974509149576
74.2795329904499,-83.6974509149601
74.28,-83.6974509149602
74.2895329904499,-83.6974509149627
74.29,-83.6974509149628
74.2995329904499,-83.6974509149652
74.3,-83.6974509149654
74.3095329904499,-83.6974509149678
74.31,-83.6974509149679
74.3195329904499,-83.6974509149704
74.32,-83.6974509149705
74.3295329904499,-83.6974509149729
74.33,-83.6974509149731
74.33953299045,-83.6974509149755
74.34,-83.6974509149756
74.34953299045,-83.6974509149781
74.35,-83.6974509149782
74.35953299045,-83.6974509149807
74.36,-83.6974509149808
74.36953299045,-83.6974509149832
74.37,-83.6974509149834
74.37953299045,-83.6974509149858
74.38,-83.6974509149859
74.38953299045,-83.6974509149884
74.39,-83.6974509149885
74.39953299045,-83.697450914991
74.4,-83.6974509149911
74.40953299045,-83.6974509149935
74.41,-83.6974509149937
74.41953299045,-83.6974509149961
74.42,-83.6974509149962
74.42953299045,-83.6974509149987
74.43,-83.6974509149988
74.43953299045,-83.6974509150013
74.44,-83.6974509150014
74.44953299045,-83.6974509150038
74.45,-83.697450915004
74.45953299045,-83.6974509150064
74.46,-83.6974509150065
74.46953299045,-83.697450915009
74.47,-83.6974509150091
74.47953299045,-83.6974509150116
74.48,-83.6974509150117
74.48953299045,-83.6974509150141
74.49,-83.6974509150143
74.49953299045,-83.6974509150167
74.5,-83.6974509150168
74.50953299045,-83.6974509150193
74.51,-83.6974509150194
74.51953299045,-83.6974509150219
74.52,-83.697450915022
74.5295329904501,-83.6974509150244
74.53,-83.6974509150246
74.5395329904501,-83.697450915027
74.54,-83.6974509150271
74.5495329904501,-83.6974509150296
74.55,-83.6974509150297
74.5595329904501,-83.6974509150322
74.56,-83.6974509150323
74.5695329904501,-83.6974509150348
74.57,-83.6974509150349
74.5795329904501,-83.6974509150373
74.58,-83.6974509150375
74.5895329904501,-83.6974509150399
74.59,-83.6974509150401
74.5995329904501,-83.6974509150425
74.6,-83.6974509150426
74.6095329904501,-83.6974509150451
74.61,-83.6974509150452
74.6195329904501,-83.6974509150477
74.62,-83.6974509150478
74.6295329904501,-83.6974509150503
74.63,-83.6974509150504
74.6395329904501,-83.6974509150528
74.64,-83.697450915053
74.6495329904501,-83.6974509150554
74.65,-83.6974509150555
74.6595329904501,-83.697450915058
74.66,-83.6974509150581
74.6695329904501,-83.6974509150606
74.67,-83.6974509150607
74.6795329904501,-83.6974509150632
74.68,-83.6974509150633
74.6895329904501,-83.6974509150657
74.69,-83.6974509150659
74.6995329904501,-83.6974509150683
74.7,-83.6974509150684
74.7095329904501,-83.6974509150709
74.71,-83.697450915071
74.7195329904501,-83.6974509150735
74.72,-83.6974509150736
74.7295329904502,-83.6974509150761
74.73,-83.6974509150762
74.7395329904502,-83.6974509150787
74.74,-83.6974509150788
74.7495329904502,-83.6974509150813
74.75,-83.6974509150814
74.7595329904502,-83.6974509150838
74.76,-83.6974509150839
74.7695329904502,-83.6974509150864
74.77,-83.6974509150865
74.7795329904502,-83.697450915089
74.78,-83.6974509150891
74.7895329904502,-83.6974509150916
74.79,-83.6974509150917
74.7995329904502,-83.6974509150942
74.8,-83.6974509150943
74.8095329904502,-83.6974509150968
74.81,-83.6974509150969
74.8195329904502,-83.6974509150994
74.82,-83.6974509150995
74.8295329904502,-83.697450915102
74.83,-83.6974509151021
74.8395329904502,-83.6974509151045
74.84,-83.6974509151047
74.8495329904502,-83.6974509151071
74.85,-83.6974509151073
74.8595329904502,-83.6974509151097
74.86,-83.6974509151098
74.8695329904502,-83.6974509151123
74.87,-83.6974509151124
74.8795329904502,-83.6974509151149
74.88,-83.697450915115
74.8895329904502,-83.6974509151175
74.89,-83.6974509151176
74.8995329904502,-83.6974509151201
74.9,-83.6974509151202
74.9095329904502,-83.6974509151227
74.91,-83.6974509151228
74.9195329904503,-83.6974509151253
74.92,-83.6974509151254
74.9295329904503,-83.6974509151279
74.93,-83.697450915128
74.9395329904503,-83.6974509151304
74.94,-83.6974509151306
74.9495329904503,-83.697450915133
74.95,-83.6974509151332
74.9595329904503,-83.6974509151356
74.96,-83.6974509151358
74.9695329904503,-83.6974509151382
74.97,-83.6974509151383
74.9795329904503,-83.6974509151408
74.98,-83.6974509151409
74.9895329904503,-83.6974509151434
74.99,-83.6974509151435
74.9995329904503,-83.697450915146
75,-83.6974509151461
75.0095329904503,-83.6974509151486
75.01,-83.6974509151487
75.0195329904503,-83.6974509151512
75.02,-83.6974509151513
75.0295329904503,-83.6974509151538
75.03,-83.6974509151539
75.0395329904503,-83.6974509151564
75.04,-83.6974509151565
75.0495329904503,-83.697450915159
75.05,-83.6974509151591
75.0595329904503,-83.6974509151616
75.06,-83.6974509151617
75.0695329904503,-83.6974509151642
75.07,-83.6974509151643
75.0795329904503,-83.6974509151668
75.08,-83.6974509151669
75.0895329904503,-83.6974509151694
75.09,-83.6974509151695
75.0995329904503,-83.697450915172
75.1,-83.6974509151721
75.1095329904503,-83.6974509151746
75.11,-83.6974509151747
75.1195329904504,-83.6974509151772
75.12,-83.6974509151773
75.1295329904504,-83.6974509151798
75.13,-83.6974509151799
75.1395329904504,-83.6974509151824
75.14,-83.6974509151825
75.1495329904504,-83.697450915185
75.15,-83.6974509151851
75.1595329904504,-83.6974509151876
75.16,-83.6974509151877
75.1695329904504,-83.6974509151902
75.17,-83.6974509151903
75.1795329904504,-83.6974509151928
75.18,-83.6974509151929
75.1895329904504,-83.6974509151954
75.19,-83.6974509151955
75.1995329904504,-83.697450915198
75.2,-83.6974509151981
75.2095329904504,-83.6974509152006
75.21,-83.6974509152007
75.2195329904504,-83.6974509152032
75.22,-83.6974509152033
75.2295329904504,-83.6974509152058
75.23,-83.6974509152059
75.2395329904504,-83.6974509152084
75.24,-83.6974509152085
75.2495329904504,-83.697450915211
75.25,-83.6974509152111
75.2595329904504,-83.6974509152136
75.26,-83.6974509152137
75.2695329904504,-83.6974509152162
75.27,-83.6974509152163
75.2795329904504,-83.6974509152188
75.28,-83.6974509152189
75.2895329904504,-83.6974509152214
75.29,-83.6974509152215
75.2995329904504,-83.697450915224
75.3,-83.6974509152241
75.3095329904504,-83.6974509152266
75.31,-83.6974509152267
75.3195329904505,-83.6974509152292
75.32,-83.6974509152293
75.3295329904505,-83.6974509152318
75.33,-83.6974509152319
75.3395329904505,-83.6974509152344
75.34,-83.6974509152345
75.3495329904505,-83.697450915237
75.35,-83.6974509152371
75.3595329904505,-83.6974509152396
75.36,-83.6974509152398
75.3695329904505,-83.6974509152422
75.37,-83.6974509152424
75.3795329904505,-83.6974509152448
75.38,-83.697450915245
75.3895329904505,-83.6974509152474
75.39,-83.6974509152476
75.3995329904505,-83.6974509152501
75.4,-83.6974509152502
75.4095329904505,-83.6974509152527
75.41,-83.6974509152528
75.4195329904505,-83.6974509152553
75.42,-83.6974509152554
75.4295329904505,-83.6974509152579
75.43,-83.697450915258
75.4395329904505,-83.6974509152605
75.44,-83.6974509152606
75.4495329904505,-83.6974509152631
75.45,-83.6974509152632
75.4595329904505,-83.6974509152657
75.46,-83.6974509152658
75.4695329904505,-83.6974509152683
75.47,-83.6974509152684
75.4795329904505,-83.6974509152709
75.48,-83.697450915271
75.4895329904505,-83.6974509152735
75.49,-83.6974509152737
75.4995329904505,-83.6974509152761
75.5,-83.6974509152763
75.5095329904506,-83.6974509152788
75.51,-83.6974509152789
75.5195329904506,-83.6974509152814
75.52,-83.6974509152815
75.5295329904506,-83.697450915284
75.53,-83.6974509152841
75.5395329904506,-83.6974509152866
75.54,-83.6974509152867
75.5495329904506,-83.6974509152892
75.55,-83.6974509152893
75.5595329904506,-83.6974509152918
75.56,-83.697450915292
75.5695329904506,-83.6974509152944
75.57,-83.6974509152946
75.5795329904506,-83.6974509152971
75.58,-83.6974509152972
75.5895329904506,-83.6974509152997
75.59,-83.6974509152998
75.5995329904506,-83.6974509153023
75.6,-83.6974509153024
75.6095329904506,-83.6974509153049
75.61,-83.697450915305
75.6195329904506,-83.6974509153075
75.62,-83.6974509153076
75.6295329904506,-83.6974509153101
75.63,-83.6974509153103
75.6395329904506,-83.6974509153128
75.64,-83.6974509153129
75.6495329904506,-83.6974509153154
75.65,-83.6974509153155
75.6595329904506,-83.697450915318
75.66,-83.6974509153181
75.6695329904506,-83.6974509153206
75.67,-83.6974509153207
75.6795329904506,-83.6974509153232
75.68,-83.6974509153233
75.6895329904506,-83.6974509153258
75.69,-83.697450915326
75.6995329904506,-83.6974509153284
75.7,-83.6974509153286
75.7095329904507,-83.6974509153311
75.71,-83.6974509153312
75.7195329904507,-83.6974509153337
75.72,-83.6974509153338
75.7295329904507,-83.6974509153363
75.73,-83.6974509153364
75.7395329904507,-83.6974509153389
75.74,-83.697450915339
75.7495329904507,-83.6974509153415
75.75,-83.6974509153417
75.7595329904507,-83.6974509153442
75.76,-83.6974509153443
75.7695329904507,-83.6974509153468
75.77,-83.6974509153469
75.7795329904507,-83.6974509153494
75.78,-83.6974509153495
75.7895329904507,-83.697450915352
75.79,-83.6974509153521
75.7995329904507,-83.6974509153547
75.8,-83.6974509153548
75.8095329904507,-83.6974509153573
75.81,-83.6974509153574
75.8195329904507,-83.6974509153599
75.82,-83.69745091536
75.8295329904507,-83.6974509153625
75.83,-83.6974509153626
75.8395329904507,-83.6974509153651
75.84,-83.6974509153653
75.8495329904507,-83.6974509153678
75.85,-83.6974509153679
75.8595329904507,-83.6974509153704
75.86,-83.6974509153705
75.8695329904507,-83.697450915373
75.87,-83.6974509153731
75.8795329904507,-83.6974509153756
75.88,-83.6974509153758
75.8895329904507,-83.6974509153783
75.89,-83.6974509153784
75.8995329904508,-83.6974509153809
75.9,-83.697450915381
75.9095329904508,-83.6974509153835
75.91,-83.6974509153836
75.9195329904508,-83.6974509153861
75.92,-83.6974509153863
75.9295329904508,-83.6974509153888
75.93,-83.6974509153889
75.9395329904508,-83.6974509153914
75.94,-83.6974509153915
75.9495329904508,-83.697450915394
75.95,-83.6974509153941
75.9595329904508,-83.6974509153966
75.96,-83.6974509153968
75.9695329904508,-83.6974509153993
75.97,-83.6974509153994
75.9795329904508,-83.6974509154019
75.98,-83.697450915402
75.9895329904508,-83.6974509154045
75.99,-83.6974509154046
75.9995329904508,-83.6974509154071
76,-83.6974509154073
76.0095329904508,-83.6974509154098
76.01,-83.6974509154099
76.0195329904508,-83.6974509154124
76.02,-83.6974509154125
76.0295329904508,-83.697450915415
76.03,-83.6974509154151
76.0395329904508,-83.6974509154177
76.04,-83.6974509154178
76.0495329904508,-83.6974509154203
76.05,-83.6974509154204
76.0595329904508,-83.6974509154229
76.06,-83.697450915423
76.0695329904508,-83.6974509154255
76.07,-83.6974509154257
76.0795329904508,-83.6974509154282
76.08,-83.6974509154283
76.0895329904508,-83.6974509154308
76.09,-83.6974509154309
76.0995329904509,-83.6974509154334
76.1,-83.6974509154336
76.1095329904509,-83.6974509154361
76.11,-83.6974509154362
76.1195329904509,-83.6974509154387
76.12,-83.6974509154388
76.1295329904509,-83.6974509154413
76.13,-83.6974509154415
76.1395329904509,-83.697450915444
76.14,-83.6974509154441
76.1495329904509,-83.6974509154466
76.15,-83.6974509154467
76.1595329904509,-83.6974509154492
76.16,-83.6974509154494
76.1695329904509,-83.6974509154519
76.17,-83.697450915452
76.1795329904509,-83.6974509154545
76.18,-83.6974509154546
76.1895329904509,-83.6974509154571
76.19,-83.6974509154573
76.1995329904509,-83.6974509154598
76.2,-83.6974509154599
76.2095329904509,-83.6974509154624
76.21,-83.6974509154625
76.2195329904509,-83.6974509154651
76.22,-83.6974509154652
76.2295329904509,-83.6974509154677
76.23,-83.6974509154678
76.2395329904509,-83.6974509154703
76.24,-83.6974509154704
76.2495329904509,-83.697450915473
76.25,-83.6974509154731
76.2595329904509,-83.6974509154756
76.26,-83.6974509154757
76.2695329904509,-83.6974509154782
76.27,-83.6974509154784
76.2795329904509,-83.6974509154809
76.28,-83.697450915481
76.289532990451,-83.6974509154835
76.29,-83.6974509154836
76.299532990451,-83.6974509154861
76.3,-83.6974509154863
76.309532990451,-83.6974509154888
76.31,-83.6974509154889
76.319532990451,-83.6974509154914
76.32,-83.6974509154915
76.329532990451,-83.6974509154941
76.33,-83.6974509154942
76.339532990451,-83.6974509154967
76.34,-83.6974509154968
76.349532990451,-83.6974509154993
76.35,-83.6974509154995
76.359532990451,-83.697450915502
76.36,-83.6974509155021
76.369532990451,-83.6974509155046
76.37,-83.6974509155047
76.379532990451,-83.6974509155073
76.38,-83.6974509155074
76.389532990451,-83.6974509155099
76.39,-83.69745091551
76.399532990451,-83.6974509155125
76.4,-83.6974509155127
76.409532990451,-83.6974509155152
76.41,-83.6974509155153
76.419532990451,-83.6974509155178
76.42,-83.6974509155179
76.429532990451,-83.6974509155205
76.43,-83.6974509155206
76.439532990451,-83.6974509155231
76.44,-83.6974509155232
76.449532990451,-83.6974509155257
76.45,-83.6974509155259
76.459532990451,-83.6974509155284
76.46,-83.6974509155285
76.469532990451,-83.697450915531
76.47,-83.6974509155312
76.479532990451,-83.6974509155337
76.48,-83.6974509155338
76.4895329904511,-83.6974509155363
76.49,-83.6974509155365
76.4995329904511,-83.697450915539
76.5,-83.6974509155391
76.5095329904511,-83.6974509155416
76.51,-83.6974509155417
76.5195329904511,-83.6974509155443
76.52,-83.6974509155444
76.5295329904511,-83.6974509155469
76.53,-83.697450915547
76.5395329904511,-83.6974509155496
76.54,-83.6974509155497
76.5495329904511,-83.6974509155522
76.55,-83.6974509155523
76.5595329904511,-83.6974509155548
76.56,-83.697450915555
76.5695329904511,-83.6974509155575
76.57,-83.6974509155576
76.5795329904511,-83.6974509155601
76.58,-83.6974509155603
76.5895329904511,-83.6974509155628
76.59,-83.6974509155629
76.5995329904511,-83.6974509155654
76.6,-83.6974509155656
76.6095329904511,-83.6974509155681
76.61,-83.6974509155682
76.6195329904511,-83.6974509155707
76.62,-83.6974509155709
76.6295329904511,-83.6974509155734
76.63,-83.6974509155735
76.6395329904511,-83.697450915576
76.64,-83.6974509155762
76.6495329904511,-83.6974509155787
76.65,-83.6974509155788
76.6595329904511,-83.6974509155813
76.66,-83.6974509155814
76.6695329904511,-83.697450915584
76.67,-83.6974509155841
76.6795329904512,-83.6974509155866
76.68,-83.6974509155868
76.6895329904512,-83.6974509155893
76.69,-83.6974509155894
76.6995329904512,-83.6974509155919
76.7,-83.6974509155921
76.7095329904512,-83.6974509155946
76.71,-83.6974509155947
76.7195329904512,-83.6974509155972
76.72,-83.6974509155974
76.7295329904512,-83.6974509155999
76.73,-83.6974509156
76.7395329904512,-83.6974509156025
76.74,-83.6974509156027
76.7495329904512,-83.6974509156052
76.75,-83.6974509156053
76.7595329904512,-83.6974509156078
76.76,-83.697450915608
76.7695329904512,-83.6974509156105
76.77,-83.6974509156106
76.7795329904512,-83.6974509156131
76.78,-83.6974509156133
76.7895329904512,-83.6974509156158
76.79,-83.6974509156159
76.7995329904512,-83.6974509156184
76.8,-83.6974509156186
76.8095329904512,-83.6974509156211
76.81,-83.6974509156212
76.8195329904512,-83.6974509156238
76.82,-83.6974509156239
76.8295329904512,-83.6974509156264
76.83,-83.6974509156265
76.8395329904512,-83.6974509156291
76.84,-83.6974509156292
76.8495329904512,-83.6974509156317
76.85,-83.6974509156319
76.8595329904512,-83.6974509156344
76.86,-83.6974509156345
76.8695329904512,-83.697450915637
76.87,-83.6974509156372
76.8795329904513,-83.6974509156397
76.88,-83.6974509156398
76.8895329904513,-83.6974509156424
76.89,-83.6974509156425
76.8995329904513,-83.697450915645
76.9,-83.6974509156451
76.9095329904513,-83.6974509156477
76.91,-83.6974509156478
76.9195329904513,-83.6974509156503
76.92,-83.6974509156505
76.9295329904513,-83.697450915653
76.93,-83.6974509156531
76.9395329904513,-83.6974509156557
76.94,-83.6974509156558
76.9495329904513,-83.6974509156583
76.95,-83.6974509156584
76.9595329904513,-83.697450915661
76.96,-83.6974509156611
76.9695329904513,-83.6974509156636
76.97,-83.6974509156638
76.9795329904513,-83.6974509156663
76.98,-83.6974509156664
76.9895329904513,-83.697450915669
76.99,-83.6974509156691
76.9995329904513,-83.6974509156716
77,-83.6974509156717
77.0095329904513,-83.6974509156743
77.01,-83.6974509156744
77.0195329904513,-83.6974509156769
77.02,-83.6974509156771
77.0295329904513,-83.6974509156796
77.03,-83.6974509156797
77.0395329904513,-83.6974509156823
77.04,-83.6974509156824
77.0495329904513,-83.6974509156849
77.05,-83.6974509156851
77.0595329904513,-83.6974509156876
77.06,-83.6974509156877
77.0695329904513,-83.6974509156902
77.07,-83.6974509156904
77.0795329904514,-83.6974509156929
77.08,-83.697450915693
77.0895329904514,-83.6974509156956
77.09,-83.6974509156957
77.0995329904514,-83.6974509156982
77.1,-83.6974509156984
77.1095329904514,-83.6974509157009
77.11,-83.697450915701
77.1195329904514,-83.6974509157036
77.12,-83.6974509157037
77.1295329904514,-83.6974509157062
77.13,-83.6974509157064
77.1395329904514,-83.6974509157089
77.14,-83.697450915709
77.1495329904514,-83.6974509157116
77.15,-83.6974509157117
77.1595329904514,-83.6974509157142
77.16,-83.6974509157144
77.1695329904514,-83.6974509157169
77.17,-83.697450915717
77.1795329904514,-83.6974509157196
77.18,-83.6974509157197
77.1895329904514,-83.6974509157222
77.19,-83.6974509157224
77.1995329904514,-83.6974509157249
77.2,-83.697450915725
77.2095329904514,-83.6974509157276
77.21,-83.6974509157277
77.2195329904514,-83.6974509157302
77.22,-83.6974509157304
77.2295329904514,-83.6974509157329
77.23,-83.697450915733
77.2395329904514,-83.6974509157356
77.24,-83.6974509157357
77.2495329904514,-83.6974509157382
77.25,-83.6974509157384
77.2595329904514,-83.6974509157409
77.26,-83.697450915741
77.2695329904515,-83.6974509157436
77.27,-83.6974509157437
77.2795329904515,-83.6974509157462
77.28,-83.6974509157464
77.2895329904515,-83.6974509157489
77.29,-83.697450915749
77.2995329904515,-83.6974509157516
77.3,-83.6974509157517
77.3095329904515,-83.6974509157543
77.31,-83.6974509157544
77.3195329904515,-83.6974509157569
77.32,-83.6974509157571
77.3295329904515,-83.6974509157596
77.33,-83.6974509157597
77.3395329904515,-83.6974509157623
77.34,-83.6974509157624
77.3495329904515,-83.6974509157649
77.35,-83.6974509157651
77.3595329904515,-83.6974509157676
77.36,-83.6974509157677
77.3695329904515,-83.6974509157703
77.37,-83.6974509157704
77.3795329904515,-83.697450915773
77.38,-83.6974509157731
77.3895329904515,-83.6974509157756
77.39,-83.6974509157758
77.3995329904515,-83.6974509157783
77.4,-83.6974509157784
77.4095329904515,-83.697450915781
77.41,-83.6974509157811
77.4195329904515,-83.6974509157837
77.42,-83.6974509157838
77.4295329904515,-83.6974509157863
77.43,-83.6974509157865
77.4395329904515,-83.697450915789
77.44,-83.6974509157891
77.4495329904515,-83.6974509157917
77.45,-83.6974509157918
77.4595329904515,-83.6974509157944
77.46,-83.6974509157945
77.4695329904516,-83.697450915797
77.47,-83.6974509157972
77.4795329904516,-83.6974509157997
77.48,-83.6974509157998
77.4895329904516,-83.6974509158024
77.49,-83.6974509158025
77.4995329904516,-83.6974509158051
77.5,-83.6974509158052
77.5095329904516,-83.6974509158077
77.51,-83.6974509158079
77.5195329904516,-83.6974509158104
77.52,-83.6974509158105
77.5295329904516,-83.6974509158131
77.53,-83.6974509158132
77.5395329904516,-83.6974509158158
77.54,-83.6974509158159
77.5495329904516,-83.6974509158185
77.55,-83.6974509158186
77.5595329904516,-83.6974509158211
77.56,-83.6974509158213
77.5695329904516,-83.6974509158238
77.57,-83.6974509158239
77.5795329904516,-83.6974509158265
77.58,-83.6974509158266
77.5895329904516,-83.6974509158292
77.59,-83.6974509158293
77.5995329904516,-83.6974509158319
77.6,-83.697450915832
77.6095329904516,-83.6974509158345
77.61,-83.6974509158347
77.6195329904516,-83.6974509158372
77.62,-83.6974509158373
77.6295329904516,-83.6974509158399
77.63,-83.69745091584
77.6395329904516,-83.6974509158426
77.64,-83.6974509158427
77.6495329904516,-83.6974509158453
77.65,-83.6974509158454
77.6595329904517,-83.697450915848
77.66,-83.6974509158481
77.6695329904517,-83.6974509158506
77.67,-83.6974509158508
77.6795329904517,-83.6974509158533
77.68,-83.6974509158534
77.6895329904517,-83.697450915856
77.69,-83.6974509158561
77.6995329904517,-83.6974509158587
77.7,-83.6974509158588
77.7095329904517,-83.6974509158614
77.71,-83.6974509158615
77.7195329904517,-83.697450915864
77.72,-83.6974509158642
77.7295329904517,-83.6974509158667
77.73,-83.6974509158669
77.7395329904517,-83.6974509158694
77.74,-83.6974509158695
77.7495329904517,-83.6974509158721
77.75,-83.6974509158722
77.7595329904517,-83.6974509158748
77.76,-83.6974509158749
77.7695329904517,-83.6974509158775
77.77,-83.6974509158776
77.7795329904517,-83.6974509158802
77.78,-83.6974509158803
77.7895329904517,-83.6974509158828
77.79,-83.697450915883
77.7995329904517,-83.6974509158855
77.8,-83.6974509158856
77.8095329904517,-83.6974509158882
77.81,-83.6974509158883
77.8195329904517,-83.6974509158909
77.82,-83.697450915891
77.8295329904517,-83.6974509158936
77.83,-83.6974509158937
77.8395329904517,-83.6974509158963
77.84,-83.6974509158964
77.8495329904517,-83.697450915899
77.85,-83.6974509158991
77.8595329904518,-83.6974509159017
77.86,-83.6974509159018
77.8695329904518,-83.6974509159043
77.87,-83.6974509159045
77.8795329904518,-83.697450915907
77.88,-83.6974509159072
77.8895329904518,-83.6974509159097
77.89,-83.6974509159098
77.8995329904518,-83.6974509159124
77.9,-83.6974509159125
77.9095329904518,-83.6974509159151
77.91,-83.6974509159152
77.9195329904518,-83.6974509159178
77.92,-83.6974509159179
77.9295329904518,-83.6974509159205
77.93,-83.6974509159206
77.9395329904518,-83.6974509159232
77.94,-83.6974509159233
77.9495329904518,-83.6974509159259
77.95,-83.697450915926
77.9595329904518,-83.6974509159286
77.96,-83.6974509159287
77.9695329904518,-83.6974509159312
77.97,-83.6974509159314
77.9795329904518,-83.6974509159339
77.98,-83.6974509159341
77.9895329904518,-83.6974509159366
77.99,-83.6974509159368
77.9995329904518,-83.6974509159393
78,-83.6974509159394
78.0095329904518,-83.697450915942
78.01,-83.6974509159421
78.0195329904518,-83.6974509159447
78.02,-83.6974509159448
78.0295329904518,-83.6974509159474
78.03,-83.6974509159475
78.0395329904518,-83.6974509159501
78.04,-83.6974509159502
78.0495329904519,-83.6974509159528
78.05,-83.6974509159529
78.0595329904519,-83.6974509159555
78.06,-83.6974509159556
78.0695329904519,-83.6974509159582
78.07,-83.6974509159583
78.0795329904519,-83.6974509159609
78.08,-83.697450915961
78.0895329904519,-83.6974509159636
78.09,-83.6974509159637
78.0995329904519,-83.6974509159663
78.1,-83.6974509159664
78.1095329904519,-83.697450915969
78.11,-83.6974509159691
78.1195329904519,-83.6974509159717
78.12,-83.6974509159718
78.1295329904519,-83.6974509159744
78.13,-83.6974509159745
78.1395329904519,-83.6974509159771
78.14,-83.6974509159772
78.1495329904519,-83.6974509159798
78.15,-83.6974509159799
78.1595329904519,-83.6974509159824
78.16,-83.6974509159826
78.1695329904519,-83.6974509159851
78.17,-83.6974509159853
78.1795329904519,-83.6974509159878
78.18,-83.697450915988
78.1895329904519,-83.6974509159905
78.19,-83.6974509159907
78.1995329904519,-83.6974509159932
78.2,-83.6974509159934
78.2095329904519,-83.6974509159959
78.21,-83.6974509159961
78.2195329904519,-83.6974509159986
78.22,-83.6974509159988
78.2295329904519,-83.6974509160013
78.23,-83.6974509160015
78.2395329904519,-83.6974509160041
78.24,-83.6974509160042
78.249532990452,-83.6974509160067
78.25,-83.6974509160069
78.259532990452,-83.6974509160094
78.26,-83.6974509160096
78.269532990452,-83.6974509160122
78.27,-83.6974509160123
78.279532990452,-83.6974509160149
78.28,-83.697450916015
78.289532990452,-83.6974509160175
78.29,-83.6974509160177
78.299532990452,-83.6974509160203
78.3,-83.6974509160204
78.309532990452,-83.697450916023
78.31,-83.6974509160231
78.319532990452,-83.6974509160257
78.32,-83.6974509160258
78.329532990452,-83.6974509160284
78.33,-83.6974509160285
78.339532990452,-83.6974509160311
78.34,-83.6974509160312
78.349532990452,-83.6974509160338
78.35,-83.6974509160339
78.359532990452,-83.6974509160365
78.36,-83.6974509160366
78.369532990452,-83.6974509160392
78.37,-83.6974509160393
78.379532990452,-83.6974509160419
78.38,-83.697450916042
78.389532990452,-83.6974509160446
78.39,-83.6974509160447
78.399532990452,-83.6974509160473
78.4,-83.6974509160474
78.409532990452,-83.69745091605
78.41,-83.6974509160501
78.419532990452,-83.6974509160527
78.42,-83.6974509160528
78.429532990452,-83.6974509160554
78.43,-83.6974509160555
78.4395329904521,-83.6974509160581
78.44,-83.6974509160582
78.4495329904521,-83.6974509160608
78.45,-83.697450916061
78.4595329904521,-83.6974509160635
78.46,-83.6974509160637
78.4695329904521,-83.6974509160662
78.47,-83.6974509160664
78.4795329904521,-83.6974509160689
78.48,-83.6974509160691
78.4895329904521,-83.6974509160717
78.49,-83.6974509160718
78.4995329904521,-83.6974509160744
78.5,-83.6974509160745
78.5095329904521,-83.6974509160771
78.51,-83.6974509160772
78.5195329904521,-83.6974509160798
78.52,-83.6974509160799
78.5295329904521,-83.6974509160825
78.53,-83.6974509160826
78.5395329904521,-83.6974509160852
78.54,-83.6974509160853
78.5495329904521,-83.6974509160879
78.55,-83.697450916088
78.5595329904521,-83.6974509160906
78.56,-83.6974509160908
78.5695329904521,-83.6974509160933
78.57,-83.6974509160935
78.5795329904521,-83.697450916096
78.58,-83.6974509160962
78.5895329904521,-83.6974509160988
78.59,-83.6974509160989
78.5995329904521,-83.6974509161015
78.6,-83.6974509161016
78.6095329904521,-83.6974509161042
78.61,-83.6974509161043
78.6195329904521,-83.6974509161069
78.62,-83.697450916107
78.6295329904521,-83.6974509161096
78.63,-83.6974509161097
78.6395329904522,-83.6974509161123
78.64,-83.6974509161124
78.6495329904522,-83.697450916115
78.65,-83.6974509161152
78.6595329904522,-83.6974509161177
78.66,-83.6974509161179
78.6695329904522,-83.6974509161205
78.67,-83.6974509161206
78.6795329904522,-83.6974509161232
78.68,-83.6974509161233
78.6895329904522,-83.6974509161259
78.69,-83.697450916126
78.6995329904522,-83.6974509161286
78.7,-83.6974509161287
78.7095329904522,-83.6974509161313
78.71,-83.6974509161314
78.7195329904522,-83.697450916134
78.72,-83.6974509161342
78.7295329904522,-83.6974509161367
78.73,-83.6974509161369
78.7395329904522,-83.6974509161395
78.74,-83.6974509161396
78.7495329904522,-83.6974509161422
78.75,-83.6974509161423
78.7595329904522,-83.6974509161449
78.76,-83.697450916145
78.7695329904522,-83.6974509161476
78.77,-83.6974509161477
78.7795329904522,-83.6974509161503
78.78,-83.6974509161505
78.7895329904522,-83.6974509161531
78.79,-83.6974509161532
78.7995329904522,-83.6974509161558
78.8,-83.6974509161559
78.8095329904522,-83.6974509161585
78.81,-83.6974509161586
78.8195329904522,-83.6974509161612
78.82,-83.6974509161613
78.8295329904523,-83.6974509161639
78.83,-83.697450916164
78.8395329904523,-83.6974509161666
78.84,-83.6974509161668
78.8495329904523,-83.6974509161694
78.85,-83.6974509161695
78.8595329904523,-83.6974509161721
78.86,-83.6974509161722
78.8695329904523,-83.6974509161748
78.87,-83.6974509161749
78.8795329904523,-83.6974509161775
78.88,-83.6974509161776
78.8895329904523,-83.6974509161802
78.89,-83.6974509161804
78.8995329904523,-83.697450916183
78.9,-83.6974509161831
78.9095329904523,-83.6974509161857
78.91,-83.6974509161858
78.9195329904523,-83.6974509161884
78.92,-83.6974509161885
78.9295329904523,-83.6974509161911
78.93,-83.6974509161913
78.9395329904523,-83.6974509161939
78.94,-83.697450916194
78.9495329904523,-83.6974509161966
78.95,-83.6974509161967
78.9595329904523,-83.6974509161993
78.96,-83.6974509161994
78.9695329904523,-83.697450916202
78.97,-83.6974509162021
78.9795329904523,-83.6974509162047
78.98,-83.6974509162049
78.9895329904523,-83.6974509162075
78.99,-83.6974509162076
78.9995329904523,-83.6974509162102
79,-83.6974509162103
79.0095329904523,-83.6974509162129
79.01,-83.697450916213
79.0195329904523,-83.6974509162156
79.02,-83.6974509162158
79.0295329904524,-83.6974509162184
79.03,-83.6974509162185
79.0395329904524,-83.6974509162211
79.04,-83.6974509162212
79.0495329904524,-83.6974509162238
79.05,-83.6974509162239
79.0595329904524,-83.6974509162265
79.06,-83.6974509162267
79.0695329904524,-83.6974509162293
79.07,-83.6974509162294
79.0795329904524,-83.697450916232
79.08,-83.6974509162321
79.0895329904524,-83.6974509162347
79.09,-83.6974509162348
79.0995329904524,-83.6974509162374
79.1,-83.6974509162376
79.1095329904524,-83.6974509162402
79.11,-83.6974509162403
79.1195329904524,-83.6974509162429
79.12,-83.697450916243
79.1295329904524,-83.6974509162456
79.13,-83.6974509162458
79.1395329904524,-83.6974509162484
79.14,-83.6974509162485
79.1495329904524,-83.6974509162511
79.15,-83.6974509162512
79.1595329904524,-83.6974509162538
79.16,-83.6974509162539
79.1695329904524,-83.6974509162565
79.17,-83.6974509162567
79.1795329904524,-83.6974509162593
79.18,-83.6974509162594
79.1895329904524,-83.697450916262
79.19,-83.6974509162621
79.1995329904524,-83.6974509162647
79.2,-83.6974509162649
79.2095329904524,-83.6974509162675
79.21,-83.6974509162676
79.2195329904524,-83.6974509162702
79.22,-83.6974509162703
79.2295329904525,-83.6974509162729
79.23,-83.6974509162731
79.2395329904525,-83.6974509162757
79.24,-83.6974509162758
79.2495329904525,-83.6974509162784
79.25,-83.6974509162785
79.2595329904525,-83.6974509162811
79.26,-83.6974509162812
79.2695329904525,-83.6974509162839
79.27,-83.697450916284
79.2795329904525,-83.6974509162866
79.28,-83.6974509162867
79.2895329904525,-83.6974509162893
79.29,-83.6974509162895
79.2995329904525,-83.6974509162921
79.3,-83.6974509162922
79.3095329904525,-83.6974509162948
79.31,-83.6974509162949
79.3195329904525,-83.6974509162975
79.32,-83.6974509162976
79.3295329904525,-83.6974509163003
79.33,-83.6974509163004
79.3395329904525,-83.697450916303
79.34,-83.6974509163031
79.3495329904525,-83.6974509163057
79.35,-83.6974509163059
79.3595329904525,-83.6974509163085
79.36,-83.6974509163086
79.3695329904525,-83.6974509163112
79.37,-83.6974509163113
79.3795329904525,-83.6974509163139
79.38,-83.6974509163141
79.3895329904525,-83.6974509163167
79.39,-83.6974509163168
79.3995329904525,-83.6974509163194
79.4,-83.6974509163195
79.4095329904525,-83.6974509163221
79.41,-83.6974509163223
79.4195329904526,-83.6974509163249
79.42,-83.697450916325
79.4295329904526,-83.6974509163276
79.43,-83.6974509163277
79.4395329904526,-83.6974509163304
79.44,-83.6974509163305
79.4495329904526,-83.6974509163331
79.45,-83.6974509163332
79.4595329904526,-83.6974509163358
79.46,-83.697450916336
79.4695329904526,-83.6974509163386
79.47,-83.6974509163387
79.4795329904526,-83.6974509163413
79.48,-83.6974509163414
79.4895329904526,-83.697450916344
79.49,-83.6974509163442
79.4995329904526,-83.6974509163468
79.5,-83.6974509163469
79.5095329904526,-83.6974509163495
79.51,-83.6974509163497
79.5195329904526,-83.6974509163523
79.52,-83.6974509163524
79.5295329904526,-83.697450916355
79.53,-83.6974509163551
79.5395329904526,-83.6974509163577
79.54,-83.6974509163579
79.5495329904526,-83.6974509163605
79.55,-83.6974509163606
79.5595329904526,-83.6974509163632
79.56,-83.6974509163634
79.5695329904526,-83.697450916366
79.57,-83.6974509163661
79.5795329904526,-83.6974509163687
79.58,-83.6974509163688
79.5895329904526,-83.6974509163714
79.59,-83.6974509163716
79.5995329904526,-83.6974509163742
79.6,-83.6974509163743
79.6095329904526,-83.6974509163769
79.61,-83.6974509163771
79.6195329904527,-83.6974509163797
79.62,-83.6974509163798
79.6295329904527,-83.6974509163824
79.63,-83.6974509163826
79.6395329904527,-83.6974509163852
79.64,-83.6974509163853
79.6495329904527,-83.6974509163879
79.65,-83.697450916388
79.6595329904527,-83.6974509163907
79.66,-83.6974509163908
79.6695329904527,-83.6974509163934
79.67,-83.6974509163935
79.6795329904527,-83.6974509163961
79.68,-83.6974509163963
79.6895329904527,-83.6974509163989
79.69,-83.697450916399
79.6995329904527,-83.6974509164016
79.7,-83.6974509164018
79.7095329904527,-83.6974509164044
79.71,-83.6974509164045
79.7195329904527,-83.6974509164071
79.72,-83.6974509164072
79.7295329904527,-83.6974509164099
79.73,-83.69745091641
79.7395329904527,-83.6974509164126
79.74,-83.6974509164127
79.7495329904527,-83.6974509164154
79.75,-83.6974509164155
79.7595329904527,-83.6974509164181
79.76,-83.6974509164182
79.7695329904527,-83.6974509164209
79.77,-83.697450916421
79.7795329904527,-83.6974509164236
79.78,-83.6974509164237
79.7895329904527,-83.6974509164263
79.79,-83.6974509164265
79.7995329904527,-83.6974509164291
79.8,-83.6974509164292
79.8095329904528,-83.6974509164318
79.81,-83.697450916432
79.8195329904528,-83.6974509164346
79.82,-83.6974509164347
79.8295329904528,-83.6974509164373
79.83,-83.6974509164375
79.8395329904528,-83.6974509164401
79.84,-83.6974509164402
79.8495329904528,-83.6974509164428
79.85,-83.697450916443
79.8595329904528,-83.6974509164456
79.86,-83.6974509164457
79.8695329904528,-83.6974509164483
79.87,-83.6974509164485
79.8795329904528,-83.6974509164511
79.88,-83.6974509164512
79.8895329904528,-83.6974509164538
79.89,-83.697450916454
79.8995329904528,-83.6974509164566
79.9,-83.6974509164567
79.9095329904528,-83.6974509164594
79.91,-83.6974509164595
79.9195329904528,-83.6974509164621
79.92,-83.6974509164622
79.9295329904528,-83.6974509164648
79.93,-83.697450916465
79.9395329904528,-83.6974509164676
79.94,-83.6974509164677
79.9495329904528,-83.6974509164704
79.95,-83.6974509164705
79.9595329904528,-83.6974509164731
79.96,-83.6974509164732
79.9695329904528,-83.6974509164759
79.97,-83.697450916476
79.9795329904528,-83.6974509164786
79.98,-83.6974509164787
79.9895329904528,-83.6974509164814
79.99,-83.6974509164815
79.9995329904528,-83.6974509164841
80,-83.6974509164843
80.0095329904529,-83.6974509164869
80.01,-83.697450916487
80.0195329904529,-83.6974509164896
80.02,-83.6974509164898
80.0295329904529,-83.6974509164924
80.03,-83.6974509164925
80.0395329904529,-83.6974509164952
80.04,-83.6974509164953
80.0495329904529,-83.6974509164979
80.05,-83.697450916498
80.0595329904529,-83.6974509165007
80.06,-83.6974509165008
80.0695329904529,-83.6974509165034
80.07,-83.6974509165036
80.0795329904529,-83.6974509165062
80.08,-83.6974509165063
80.0895329904529,-83.6974509165089
80.09,-83.6974509165091
80.0995329904529,-83.6974509165117
80.1,-83.6974509165118
80.1095329904529,-83.6974509165144
80.11,-83.6974509165146
80.1195329904529,-83.6974509165172
80.12,-83.6974509165173
80.1295329904529,-83.69745091652
80.13,-83.6974509165201
80.1395329904529,-83.6974509165227
80.14,-83.6974509165229
80.1495329904529,-83.6974509165255
80.15,-83.6974509165256
80.1595329904529,-83.6974509165282
80.16,-83.6974509165284
80.1695329904529,-83.697450916531
80.17,-83.6974509165311
80.1795329904529,-83.6974509165338
80.18,-83.6974509165339
80.1895329904529,-83.6974509165365
80.19,-83.6974509165366
80.199532990453,-83.6974509165393
80.2,-83.6974509165394
80.209532990453,-83.697450916542
80.21,-83.6974509165422
80.219532990453,-83.6974509165448
80.22,-83.6974509165449
80.229532990453,-83.6974509165476
80.23,-83.6974509165477
80.239532990453,-83.6974509165503
80.24,-83.6974509165505
80.249532990453,-83.6974509165531
80.25,-83.6974509165532
80.259532990453,-83.6974509165558
80.26,-83.697450916556
80.269532990453,-83.6974509165586
80.27,-83.6974509165587
80.279532990453,-83.6974509165614
80.28,-83.6974509165615
80.289532990453,-83.6974509165641
80.29,-83.6974509165643
80.299532990453,-83.6974509165669
80.3,-83.697450916567
80.309532990453,-83.6974509165697
80.31,-83.6974509165698
80.319532990453,-83.6974509165724
80.32,-83.6974509165726
80.329532990453,-83.6974509165752
80.33,-83.6974509165753
80.339532990453,-83.6974509165779
80.34,-83.6974509165781
80.349532990453,-83.6974509165807
80.35,-83.6974509165808
80.359532990453,-83.6974509165835
80.36,-83.6974509165836
80.369532990453,-83.6974509165862
80.37,-83.6974509165864
80.379532990453,-83.697450916589
80.38,-83.6974509165891
80.389532990453,-83.6974509165918
80.39,-83.6974509165919
80.3995329904531,-83.6974509165945
80.4,-83.6974509165947
80.4095329904531,-83.6974509165973
80.41,-83.6974509165974
80.4195329904531,-83.6974509166001
80.42,-83.6974509166002
80.4295329904531,-83.6974509166028
80.43,-83.697450916603
80.4395329904531,-83.6974509166056
80.44,-83.6974509166057
80.4495329904531,-83.6974509166084
80.45,-83.6974509166085
80.4595329904531,-83.6974509166111
80.46,-83.6974509166113
80.4695329904531,-83.6974509166139
80.47,-83.697450916614
80.4795329904531,-83.6974509166167
80.48,-83.6974509166168
80.4895329904531,-83.6974509166194
80.49,-83.6974509166196
80.4995329904531,-83.6974509166222
80.5,-83.6974509166224
80.5095329904531,-83.697450916625
80.51,-83.6974509166251
80.5195329904531,-83.6974509166278
80.52,-83.6974509166279
80.5295329904531,-83.6974509166305
80.53,-83.6974509166307
80.5395329904531,-83.6974509166333
80.54,-83.6974509166334
80.5495329904531,-83.6974509166361
80.55,-83.6974509166362
80.5595329904531,-83.6974509166388
80.56,-83.697450916639
80.5695329904531,-83.6974509166416
80.57,-83.6974509166417
80.5795329904531,-83.6974509166444
80.58,-83.6974509166445
80.5895329904532,-83.6974509166472
80.59,-83.6974509166473
80.5995329904532,-83.6974509166499
80.6,-83.6974509166501
80.6095329904532,-83.6974509166527
80.61,-83.6974509166528
80.6195329904532,-83.6974509166555
80.62,-83.6974509166556
80.6295329904532,-83.6974509166583
80.63,-83.6974509166584
80.6395329904532,-83.697450916661
80.64,-83.6974509166612
80.6495329904532,-83.6974509166638
80.65,-83.6974509166639
80.6595329904532,-83.6974509166666
80.66,-83.6974509166667
80.6695329904532,-83.6974509166694
80.67,-83.6974509166695
80.6795329904532,-83.6974509166721
80.68,-83.6974509166723
80.6895329904532,-83.6974509166749
80.69,-83.697450916675
80.6995329904532,-83.6974509166777
80.7,-83.6974509166778
80.7095329904532,-83.6974509166804
80.71,-83.6974509166806
80.7195329904532,-83.6974509166832
80.72,-83.6974509166834
80.7295329904532,-83.697450916686
80.73,-83.6974509166861
80.7395329904532,-83.6974509166888
80.74,-83.6974509166889
80.7495329904532,-83.6974509166916
80.75,-83.6974509166917
80.7595329904532,-83.6974509166943
80.76,-83.6974509166945
80.7695329904532,-83.6974509166971
80.77,-83.6974509166972
80.7795329904532,-83.6974509166999
80.78,-83.6974509167
80.7895329904533,-83.6974509167026
80.79,-83.6974509167028
80.7995329904533,-83.6974509167054
80.8,-83.6974509167056
80.8095329904533,-83.6974509167082
80.81,-83.6974509167083
80.8195329904533,-83.697450916711
80.82,-83.6974509167111
80.8295329904533,-83.6974509167138
80.83,-83.6974509167139
80.8395329904533,-83.6974509167165
80.84,-83.6974509167167
80.8495329904533,-83.6974509167193
80.85,-83.6974509167195
80.8595329904533,-83.6974509167221
80.86,-83.6974509167222
80.8695329904533,-83.6974509167249
80.87,-83.697450916725
80.8795329904533,-83.6974509167277
80.88,-83.6974509167278
80.8895329904533,-83.6974509167304
80.89,-83.6974509167306
80.8995329904533,-83.6974509167332
80.9,-83.6974509167334
80.9095329904533,-83.697450916736
80.91,-83.6974509167361
80.9195329904533,-83.6974509167388
80.92,-83.6974509167389
80.9295329904533,-83.6974509167416
80.93,-83.6974509167417
80.9395329904533,-83.6974509167444
80.94,-83.6974509167445
80.9495329904533,-83.6974509167471
80.95,-83.6974509167473
80.9595329904533,-83.6974509167499
80.96,-83.6974509167501
80.9695329904533,-83.6974509167527
80.97,-83.6974509167528
80.9795329904534,-83.6974509167555
80.98,-83.6974509167556
80.9895329904534,-83.6974509167583
80.99,-83.6974509167584
80.9995329904534,-83.6974509167611
81,-83.6974509167612
81.0095329904534,-83.6974509167638
81.01,-83.697450916764
81.0195329904534,-83.6974509167666
81.02,-83.6974509167668
81.0295329904534,-83.6974509167694
81.03,-83.6974509167696
81.0395329904534,-83.6974509167722
81.04,-83.6974509167723
81.0495329904534,-83.697450916775
81.05,-83.6974509167751
81.0595329904534,-83.6974509167778
81.06,-83.6974509167779
81.0695329904534,-83.6974509167806
81.07,-83.6974509167807
81.0795329904534,-83.6974509167833
81.08,-83.6974509167835
81.0895329904534,-83.6974509167861
81.09,-83.6974509167863
81.0995329904534,-83.6974509167889
81.1,-83.697450916789
81.1095329904534,-83.6974509167917
81.11,-83.6974509167918
81.1195329904534,-83.6974509167945
81.12,-83.6974509167946
81.1295329904534,-83.6974509167973
81.13,-83.6974509167974
81.1395329904534,-83.6974509168001
81.14,-83.6974509168002
81.1495329904534,-83.6974509168029
81.15,-83.697450916803
81.1595329904534,-83.6974509168056
81.16,-83.6974509168058
81.1695329904534,-83.6974509168084
81.17,-83.6974509168085
81.1795329904535,-83.6974509168112
81.18,-83.6974509168113
81.1895329904535,-83.697450916814
81.19,-83.6974509168141
81.1995329904535,-83.6974509168168
81.2,-83.6974509168169
81.2095329904535,-83.6974509168196
81.21,-83.6974509168197
81.2195329904535,-83.6974509168224
81.22,-83.6974509168225
81.2295329904535,-83.6974509168252
81.23,-83.6974509168253
81.2395329904535,-83.697450916828
81.24,-83.6974509168281
81.2495329904535,-83.6974509168307
81.25,-83.6974509168309
81.2595329904535,-83.6974509168335
81.26,-83.6974509168337
81.2695329904535,-83.6974509168363
81.27,-83.6974509168365
81.2795329904535,-83.6974509168391
81.28,-83.6974509168393
81.2895329904535,-83.6974509168419
81.29,-83.697450916842
81.2995329904535,-83.6974509168447
81.3,-83.6974509168448
81.3095329904535,-83.6974509168475
81.31,-83.6974509168476
81.3195329904535,-83.6974509168503
81.32,-83.6974509168504
81.3295329904535,-83.6974509168531
81.33,-83.6974509168532
81.3395329904535,-83.6974509168559
81.34,-83.697450916856
81.3495329904535,-83.6974509168587
81.35,-83.6974509168588
81.3595329904535,-83.6974509168615
81.36,-83.6974509168616
81.3695329904535,-83.6974509168643
81.37,-83.6974509168644
81.3795329904536,-83.6974509168671
81.38,-83.6974509168672
81.3895329904536,-83.6974509168699
81.39,-83.69745091687
81.3995329904536,-83.6974509168727
81.4,-83.6974509168728
81.4095329904536,-83.6974509168755
81.41,-83.6974509168756
81.4195329904536,-83.6974509168782
81.42,-83.6974509168784
81.4295329904536,-83.697450916881
81.43,-83.6974509168812
81.4395329904536,-83.6974509168838
81.44,-83.697450916884
81.4495329904536,-83.6974509168866
81.45,-83.6974509168868
81.4595329904536,-83.6974509168894
81.46,-83.6974509168896
81.4695329904536,-83.6974509168922
81.47,-83.6974509168924
81.4795329904536,-83.697450916895
81.48,-83.6974509168951
81.4895329904536,-83.6974509168978
81.49,-83.6974509168979
81.4995329904536,-83.6974509169006
81.5,-83.6974509169007
81.5095329904536,-83.6974509169034
81.51,-83.6974509169035
81.5195329904536,-83.6974509169062
81.52,-83.6974509169063
81.5295329904536,-83.697450916909
81.53,-83.6974509169091
81.5395329904536,-83.6974509169118
81.54,-83.6974509169119
81.5495329904536,-83.6974509169146
81.55,-83.6974509169147
81.5595329904536,-83.6974509169174
81.56,-83.6974509169175
81.5695329904537,-83.6974509169202
81.57,-83.6974509169203
81.5795329904537,-83.697450916923
81.58,-83.6974509169231
81.5895329904537,-83.6974509169258
81.59,-83.6974509169259
81.5995329904537,-83.6974509169286
81.6,-83.6974509169288
81.6095329904537,-83.6974509169314
81.61,-83.6974509169316
81.6195329904537,-83.6974509169342
81.62,-83.6974509169344
81.6295329904537,-83.697450916937
81.63,-83.6974509169371
81.6395329904537,-83.6974509169398
81.64,-83.6974509169399
81.6495329904537,-83.6974509169426
81.65,-83.6974509169428
81.6595329904537,-83.6974509169454
81.66,-83.6974509169456
81.6695329904537,-83.6974509169482
81.67,-83.6974509169484
81.6795329904537,-83.697450916951
81.68,-83.6974509169512
81.6895329904537,-83.6974509169538
81.69,-83.697450916954
81.6995329904537,-83.6974509169566
81.7,-83.6974509169568
81.7095329904537,-83.6974509169595
81.71,-83.6974509169596
81.7195329904537,-83.6974509169623
81.72,-83.6974509169624
81.7295329904537,-83.6974509169651
81.73,-83.6974509169652
81.7395329904537,-83.6974509169679
81.74,-83.697450916968
81.7495329904537,-83.6974509169707
81.75,-83.6974509169708
81.7595329904537,-83.6974509169735
81.76,-83.6974509169736
81.7695329904538,-83.6974509169763
81.77,-83.6974509169764
81.7795329904538,-83.6974509169791
81.78,-83.6974509169792
81.7895329904538,-83.6974509169819
81.79,-83.697450916982
81.7995329904538,-83.6974509169847
81.8,-83.6974509169848
81.8095329904538,-83.6974509169875
81.81,-83.6974509169876
81.8195329904538,-83.6974509169903
81.82,-83.6974509169904
81.8295329904538,-83.6974509169931
81.83,-83.6974509169933
81.8395329904538,-83.6974509169959
81.84,-83.6974509169961
81.8495329904538,-83.6974509169987
81.85,-83.6974509169989
81.8595329904538,-83.6974509170015
81.86,-83.6974509170017
81.8695329904538,-83.6974509170044
81.87,-83.6974509170045
81.8795329904538,-83.6974509170072
81.88,-83.6974509170073
81.8895329904538,-83.69745091701
81.89,-83.6974509170101
81.8995329904538,-83.6974509170128
81.9,-83.6974509170129
81.9095329904538,-83.6974509170156
81.91,-83.6974509170157
81.9195329904538,-83.6974509170184
81.92,-83.6974509170185
81.9295329904538,-83.6974509170212
81.93,-83.6974509170213
81.9395329904538,-83.697450917024
81.94,-83.6974509170242
81.9495329904538,-83.6974509170268
81.95,-83.697450917027
81.9595329904539,-83.6974509170297
81.96,-83.6974509170298
81.9695329904539,-83.6974509170325
81.97,-83.6974509170326
81.9795329904539,-83.6974509170353
81.98,-83.6974509170354
81.9895329904539,-83.6974509170381
81.99,-83.6974509170382
81.9995329904539,-83.6974509170409
82,-83.697450917041
82.0095329904539,-83.6974509170437
82.01,-83.6974509170438
82.0195329904539,-83.6974509170465
82.02,-83.6974509170467
82.0295329904539,-83.6974509170493
82.03,-83.6974509170495
82.0395329904539,-83.6974509170522
82.04,-83.6974509170523
82.0495329904539,-83.697450917055
82.05,-83.6974509170551
82.0595329904539,-83.6974509170578
82.06,-83.6974509170579
82.0695329904539,-83.6974509170606
82.07,-83.6974509170607
82.0795329904539,-83.6974509170634
82.08,-83.6974509170635
82.0895329904539,-83.6974509170662
82.09,-83.6974509170664
82.0995329904539,-83.697450917069
82.1,-83.6974509170692
82.1095329904539,-83.6974509170718
82.11,-83.697450917072
82.1195329904539,-83.6974509170747
82.12,-83.6974509170748
82.1295329904539,-83.6974509170775
82.13,-83.6974509170776
82.1395329904539,-83.6974509170803
82.14,-83.6974509170804
82.1495329904539,-83.6974509170831
82.15,-83.6974509170832
82.159532990454,-83.6974509170859
82.16,-83.6974509170861
82.169532990454,-83.6974509170887
82.17,-83.6974509170889
82.179532990454,-83.6974509170916
82.18,-83.6974509170917
82.189532990454,-83.6974509170944
82.19,-83.6974509170945
82.199532990454,-83.6974509170972
82.2,-83.6974509170973
82.209532990454,-83.6974509171
82.21,-83.6974509171002
82.219532990454,-83.6974509171028
82.22,-83.697450917103
82.229532990454,-83.6974509171057
82.23,-83.6974509171058
82.239532990454,-83.6974509171085
82.24,-83.6974509171086
82.249532990454,-83.6974509171113
82.25,-83.6974509171114
82.259532990454,-83.6974509171141
82.26,-83.6974509171143
82.269532990454,-83.6974509171169
82.27,-83.6974509171171
82.279532990454,-83.6974509171198
82.28,-83.6974509171199
82.289532990454,-83.6974509171226
82.29,-83.6974509171227
82.299532990454,-83.6974509171254
82.3,-83.6974509171255
82.309532990454,-83.6974509171282
82.31,-83.6974509171284
82.319532990454,-83.6974509171311
82.32,-83.6974509171312
82.329532990454,-83.6974509171339
82.33,-83.697450917134
82.339532990454,-83.6974509171367
82.34,-83.6974509171368
82.3495329904541,-83.6974509171395
82.35,-83.6974509171396
82.3595329904541,-83.6974509171423
82.36,-83.6974509171425
82.3695329904541,-83.6974509171452
82.37,-83.6974509171453
82.3795329904541,-83.697450917148
82.38,-83.6974509171481
82.3895329904541,-83.6974509171508
82.39,-83.6974509171509
82.3995329904541,-83.6974509171536
82.4,-83.6974509171538
82.4095329904541,-83.6974509171565
82.41,-83.6974509171566
82.4195329904541,-83.6974509171593
82.42,-83.6974509171594
82.4295329904541,-83.6974509171621
82.43,-83.6974509171622
82.4395329904541,-83.6974509171649
82.44,-83.6974509171651
82.4495329904541,-83.6974509171678
82.45,-83.6974509171679
82.4595329904541,-83.6974509171706
82.46,-83.6974509171707
82.4695329904541,-83.6974509171734
82.47,-83.6974509171735
82.4795329904541,-83.6974509171762
82.48,-83.6974509171764
82.4895329904541,-83.6974509171791
82.49,-83.6974509171792
82.4995329904541,-83.6974509171819
82.5,-83.697450917182
82.5095329904541,-83.6974509171847
82.51,-83.6974509171848
82.5195329904541,-83.6974509171875
82.52,-83.6974509171877
82.5295329904541,-83.6974509171904
82.53,-83.6974509171905
82.5395329904541,-83.6974509171932
82.54,-83.6974509171933
82.5495329904542,-83.697450917196
82.55,-83.6974509171962
82.5595329904542,-83.6974509171989
82.56,-83.697450917199
82.5695329904542,-83.6974509172017
82.57,-83.6974509172018
82.5795329904542,-83.6974509172045
82.58,-83.6974509172046
82.5895329904542,-83.6974509172073
82.59,-83.6974509172075
82.5995329904542,-83.6974509172102
82.6,-83.6974509172103
82.6095329904542,-83.697450917213
82.61,-83.6974509172131
82.6195329904542,-83.6974509172158
82.62,-83.697450917216
82.6295329904542,-83.6974509172187
82.63,-83.6974509172188
82.6395329904542,-83.6974509172215
82.64,-83.6974509172216
82.6495329904542,-83.6974509172243
82.65,-83.6974509172245
82.6595329904542,-83.6974509172272
82.66,-83.6974509172273
82.6695329904542,-83.69745091723
82.67,-83.6974509172301
82.6795329904542,-83.6974509172328
82.68,-83.6974509172329
82.6895329904542,-83.6974509172356
82.69,-83.6974509172358
82.6995329904542,-83.6974509172385
82.7,-83.6974509172386
82.7095329904542,-83.6974509172413
82.71,-83.6974509172414
82.7195329904542,-83.6974509172441
82.72,-83.6974509172443
82.7295329904542,-83.697450917247
82.73,-83.6974509172471
82.7395329904543,-83.6974509172498
82.74,-83.6974509172499
82.7495329904543,-83.6974509172527
82.75,-83.6974509172528
82.7595329904543,-83.6974509172555
82.76,-83.6974509172556
82.7695329904543,-83.6974509172583
82.77,-83.6974509172584
82.7795329904543,-83.6974509172612
82.78,-83.6974509172613
82.7895329904543,-83.697450917264
82.79,-83.6974509172641
82.7995329904543,-83.6974509172668
82.8,-83.6974509172669
82.8095329904543,-83.6974509172696
82.81,-83.6974509172698
82.8195329904543,-83.6974509172725
82.82,-83.6974509172726
82.8295329904543,-83.6974509172753
82.83,-83.6974509172754
82.8395329904543,-83.6974509172782
82.84,-83.6974509172783
82.8495329904543,-83.697450917281
82.85,-83.6974509172811
82.8595329904543,-83.6974509172838
82.86,-83.697450917284
82.8695329904543,-83.6974509172867
82.87,-83.6974509172868
82.8795329904543,-83.6974509172895
82.88,-83.6974509172896
82.8895329904543,-83.6974509172923
82.89,-83.6974509172925
82.8995329904543,-83.6974509172952
82.9,-83.6974509172953
82.9095329904543,-83.697450917298
82.91,-83.6974509172982
82.9195329904543,-83.6974509173009
82.92,-83.697450917301
82.9295329904543,-83.6974509173037
82.93,-83.6974509173038
82.9395329904544,-83.6974509173065
82.94,-83.6974509173067
82.9495329904544,-83.6974509173094
82.95,-83.6974509173095
82.9595329904544,-83.6974509173122
82.96,-83.6974509173123
82.9695329904544,-83.6974509173151
82.97,-83.6974509173152
82.9795329904544,-83.6974509173179
82.98,-83.697450917318
82.9895329904544,-83.6974509173207
82.99,-83.6974509173209
82.9995329904544,-83.6974509173236
83,-83.6974509173237
83.0095329904544,-83.6974509173264
83.01,-83.6974509173265
83.0195329904544,-83.6974509173292
83.02,-83.6974509173294
83.0295329904544,-83.6974509173321
83.03,-83.6974509173322
83.0395329904544,-83.6974509173349
83.04,-83.6974509173351
83.0495329904544,-83.6974509173378
83.05,-83.6974509173379
83.0595329904544,-83.6974509173406
83.06,-83.6974509173407
83.0695329904544,-83.6974509173435
83.07,-83.6974509173436
83.0795329904544,-83.6974509173463
83.08,-83.6974509173464
83.0895329904544,-83.6974509173491
83.09,-83.6974509173493
83.0995329904544,-83.697450917352
83.1,-83.6974509173521
83.1095329904544,-83.6974509173548
83.11,-83.697450917355
83.1195329904544,-83.6974509173577
83.12,-83.6974509173578
83.1295329904545,-83.6974509173605
83.13,-83.6974509173607
83.1395329904545,-83.6974509173634
83.14,-83.6974509173635
83.1495329904545,-83.6974509173662
83.15,-83.6974509173664
83.1595329904545,-83.6974509173691
83.16,-83.6974509173692
83.1695329904545,-83.6974509173719
83.17,-83.697450917372
83.1795329904545,-83.6974509173747
83.18,-83.6974509173749
83.1895329904545,-83.6974509173776
83.19,-83.6974509173777
83.1995329904545,-83.6974509173804
83.2,-83.6974509173806
83.2095329904545,-83.6974509173833
83.21,-83.6974509173834
83.2195329904545,-83.6974509173861
83.22,-83.6974509173863
83.2295329904545,-83.697450917389
83.23,-83.6974509173891
83.2395329904545,-83.6974509173918
83.24,-83.697450917392
83.2495329904545,-83.6974509173947
83.25,-83.6974509173948
83.2595329904545,-83.6974509173975
83.26,-83.6974509173977
83.2695329904545,-83.6974509174004
83.27,-83.6974509174005
83.2795329904545,-83.6974509174032
83.28,-83.6974509174034
83.2895329904545,-83.6974509174061
83.29,-83.6974509174062
83.2995329904545,-83.6974509174089
83.3,-83.697450917409
83.3095329904545,-83.6974509174118
83.31,-83.6974509174119
83.3195329904545,-83.6974509174146
83.32,-83.6974509174147
83.3295329904546,-83.6974509174175
83.33,-83.6974509174176
83.3395329904546,-83.6974509174203
83.34,-83.6974509174204
83.3495329904546,-83.6974509174232
83.35,-83.6974509174233
83.3595329904546,-83.697450917426
83.36,-83.6974509174261
83.3695329904546,-83.6974509174289
83.37,-83.697450917429
83.3795329904546,-83.6974509174317
83.38,-83.6974509174319
83.3895329904546,-83.6974509174346
83.39,-83.6974509174347
83.3995329904546,-83.6974509174374
83.4,-83.6974509174375
83.4095329904546,-83.6974509174403
83.41,-83.6974509174404
83.4195329904546,-83.6974509174431
83.42,-83.6974509174432
83.4295329904546,-83.697450917446
83.43,-83.6974509174461
83.4395329904546,-83.6974509174488
83.44,-83.697450917449
83.4495329904546,-83.6974509174517
83.45,-83.6974509174518
83.4595329904546,-83.6974509174545
83.46,-83.6974509174547
83.4695329904546,-83.6974509174574
83.47,-83.6974509174575
83.4795329904546,-83.6974509174602
83.48,-83.6974509174604
83.4895329904546,-83.6974509174631
83.49,-83.6974509174632
83.4995329904546,-83.6974509174659
83.5,-83.6974509174661
83.5095329904546,-83.6974509174688
83.51,-83.6974509174689
83.5195329904546,-83.6974509174717
83.52,-83.6974509174718
83.5295329904547,-83.6974509174745
83.53,-83.6974509174747
83.5395329904547,-83.6974509174774
83.54,-83.6974509174775
83.5495329904547,-83.6974509174802
83.55,-83.6974509174804
83.5595329904547,-83.6974509174831
83.56,-83.6974509174832
83.5695329904547,-83.6974509174859
83.57,-83.6974509174861
83.5795329904547,-83.6974509174888
83.58,-83.6974509174889
83.5895329904547,-83.6974509174917
83.59,-83.6974509174918
83.5995329904547,-83.6974509174945
83.6,-83.6974509174946
83.6095329904547,-83.6974509174974
83.61,-83.6974509174975
83.6195329904547,-83.6974509175002
83.62,-83.6974509175003
83.6295329904547,-83.6974509175031
83.63,-83.6974509175032
83.6395329904547,-83.6974509175059
83.64,-83.6974509175061
83.6495329904547,-83.6974509175088
83.65,-83.6974509175089
83.6595329904547,-83.6974509175117
83.66,-83.6974509175118
83.6695329904547,-83.6974509175145
83.67,-83.6974509175146
83.6795329904547,-83.6974509175174
83.68,-83.6974509175175
83.6895329904547,-83.6974509175202
83.69,-83.6974509175204
83.6995329904547,-83.6974509175231
83.7,-83.6974509175232
83.7095329904547,-83.6974509175259
83.71,-83.6974509175261
83.7195329904548,-83.6974509175288
83.72,-83.697450917529
83.7295329904548,-83.6974509175317
83.73,-83.6974509175318
83.7395329904548,-83.6974509175345
83.74,-83.6974509175347
83.7495329904548,-83.6974509175374
83.75,-83.6974509175375
83.7595329904548,-83.6974509175403
83.76,-83.6974509175404
83.7695329904548,-83.6974509175431
83.77,-83.6974509175433
83.7795329904548,-83.697450917546
83.78,-83.6974509175461
83.7895329904548,-83.6974509175488
83.79,-83.697450917549
83.7995329904548,-83.6974509175517
83.8,-83.6974509175518
83.8095329904548,-83.6974509175546
83.81,-83.6974509175547
83.8195329904548,-83.6974509175574
83.82,-83.6974509175576
83.8295329904548,-83.6974509175603
83.83,-83.6974509175604
83.8395329904548,-83.6974509175631
83.84,-83.6974509175633
83.8495329904548,-83.697450917566
83.85,-83.6974509175661
83.8595329904548,-83.6974509175689
83.86,-83.697450917569
83.8695329904548,-83.6974509175717
83.87,-83.6974509175719
83.8795329904548,-83.6974509175746
83.88,-83.6974509175747
83.8895329904548,-83.6974509175775
83.89,-83.6974509175776
83.8995329904548,-83.6974509175803
83.9,-83.6974509175805
83.9095329904548,-83.6974509175832
83.91,-83.6974509175833
83.9195329904549,-83.6974509175861
83.92,-83.6974509175862
83.9295329904549,-83.6974509175889
83.93,-83.6974509175891
83.9395329904549,-83.6974509175918
83.94,-83.6974509175919
83.9495329904549,-83.6974509175947
83.95,-83.6974509175948
83.9595329904549,-83.6974509175975
83.96,-83.6974509175977
83.9695329904549,-83.6974509176004
83.97,-83.6974509176005
83.9795329904549,-83.6974509176033
83.98,-83.6974509176034
83.9895329904549,-83.6974509176061
83.99,-83.6974509176063
83.9995329904549,-83.697450917609
84,-83.6974509176091
84.0095329904549,-83.6974509176119
84.01,-83.697450917612
84.0195329904549,-83.6974509176147
84.02,-83.6974509176149
84.0295329904549,-83.6974509176176
84.03,-83.6974509176177
84.0395329904549,-83.6974509176205
84.04,-83.6974509176206
84.0495329904549,-83.6974509176233
84.05,-83.6974509176235
84.0595329904549,-83.6974509176262
84.06,-83.6974509176264
84.0695329904549,-83.6974509176291
84.07,-83.6974509176292
84.0795329904549,-83.697450917632
84.08,-83.6974509176321
84.0895329904549,-83.6974509176348
84.09,-83.697450917635
84.0995329904549,-83.6974509176377
84.1,-83.6974509176378
84.109532990455,-83.6974509176406
84.11,-83.6974509176407
84.119532990455,-83.6974509176434
84.12,-83.6974509176436
84.129532990455,-83.6974509176463
84.13,-83.6974509176464
84.139532990455,-83.6974509176492
84.14,-83.6974509176493
84.149532990455,-83.697450917652
84.15,-83.6974509176522
84.159532990455,-83.6974509176549
84.16,-83.6974509176551
84.169532990455,-83.6974509176578
84.17,-83.6974509176579
84.179532990455,-83.6974509176607
84.18,-83.6974509176608
84.189532990455,-83.6974509176635
84.19,-83.6974509176637
84.199532990455,-83.6974509176664
84.2,-83.6974509176666
84.209532990455,-83.6974509176693
84.21,-83.6974509176694
84.219532990455,-83.6974509176722
84.22,-83.6974509176723
84.229532990455,-83.697450917675
84.23,-83.6974509176752
84.239532990455,-83.6974509176779
84.24,-83.697450917678
84.249532990455,-83.6974509176808
84.25,-83.6974509176809
84.259532990455,-83.6974509176837
84.26,-83.6974509176838
84.269532990455,-83.6974509176865
84.27,-83.6974509176867
84.279532990455,-83.6974509176894
84.28,-83.6974509176895
84.289532990455,-83.6974509176923
84.29,-83.6974509176924
84.299532990455,-83.6974509176952
84.3,-83.6974509176953
84.3095329904551,-83.697450917698
84.31,-83.6974509176982
84.3195329904551,-83.6974509177009
84.32,-83.697450917701
84.3295329904551,-83.6974509177038
84.33,-83.6974509177039
84.3395329904551,-83.6974509177067
84.34,-83.6974509177068
84.3495329904551,-83.6974509177095
84.35,-83.6974509177097
84.3595329904551,-83.6974509177124
84.36,-83.6974509177126
84.3695329904551,-83.6974509177153
84.37,-83.6974509177154
84.3795329904551,-83.6974509177182
84.38,-83.6974509177183
84.3895329904551,-83.6974509177211
84.39,-83.6974509177212
84.3995329904551,-83.6974509177239
84.4,-83.6974509177241
84.4095329904551,-83.6974509177268
84.41,-83.6974509177269
84.4195329904551,-83.6974509177297
84.42,-83.6974509177298
84.4295329904551,-83.6974509177326
84.43,-83.6974509177327
84.4395329904551,-83.6974509177354
84.44,-83.6974509177356
84.4495329904551,-83.6974509177383
84.45,-83.6974509177385
84.4595329904551,-83.6974509177412
84.46,-83.6974509177413
84.4695329904551,-83.6974509177441
84.47,-83.6974509177442
84.4795329904551,-83.697450917747
84.48,-83.6974509177471
84.4895329904551,-83.6974509177498
84.49,-83.69745091775
84.4995329904552,-83.6974509177527
84.5,-83.6974509177529
84.5095329904552,-83.6974509177556
84.51,-83.6974509177557
84.5195329904552,-83.6974509177585
84.52,-83.6974509177586
84.5295329904552,-83.6974509177614
84.53,-83.6974509177615
84.5395329904552,-83.6974509177643
84.54,-83.6974509177644
84.5495329904552,-83.6974509177671
84.55,-83.6974509177673
84.5595329904552,-83.69745091777
84.56,-83.6974509177702
84.5695329904552,-83.6974509177729
84.57,-83.697450917773
84.5795329904552,-83.6974509177758
84.58,-83.6974509177759
84.5895329904552,-83.6974509177787
84.59,-83.6974509177788
84.5995329904552,-83.6974509177816
84.6,-83.6974509177817
84.6095329904552,-83.6974509177844
84.61,-83.6974509177846
84.6195329904552,-83.6974509177873
84.62,-83.6974509177875
84.6295329904552,-83.6974509177902
84.63,-83.6974509177903
84.6395329904552,-83.6974509177931
84.64,-83.6974509177932
84.6495329904552,-83.697450917796
84.65,-83.6974509177961
84.6595329904552,-83.6974509177989
84.66,-83.697450917799
84.6695329904552,-83.6974509178017
84.67,-83.6974509178019
84.6795329904552,-83.6974509178046
84.68,-83.6974509178048
84.6895329904552,-83.6974509178075
84.69,-83.6974509178077
84.6995329904553,-83.6974509178104
84.7,-83.6974509178105
84.7095329904553,-83.6974509178133
84.71,-83.6974509178134
84.7195329904553,-83.6974509178162
84.72,-83.6974509178163
84.7295329904553,-83.6974509178191
84.73,-83.6974509178192
84.7395329904553,-83.697450917822
84.74,-83.6974509178221
84.7495329904553,-83.6974509178248
84.75,-83.697450917825
84.7595329904553,-83.6974509178277
84.76,-83.6974509178279
84.7695329904553,-83.6974509178306
84.77,-83.6974509178308
84.7795329904553,-83.6974509178335
84.78,-83.6974509178336
84.7895329904553,-83.6974509178364
84.79,-83.6974509178365
84.7995329904553,-83.6974509178393
84.8,-83.6974509178394
84.8095329904553,-83.6974509178422
84.81,-83.6974509178423
84.8195329904553,-83.6974509178451
84.82,-83.6974509178452
84.8295329904553,-83.697450917848
84.83,-83.6974509178481
84.8395329904553,-83.6974509178508
84.84,-83.697450917851
84.8495329904553,-83.6974509178537
84.85,-83.6974509178539
84.8595329904553,-83.6974509178566
84.86,-83.6974509178568
84.8695329904553,-83.6974509178595
84.87,-83.6974509178597
84.8795329904553,-83.6974509178624
84.88,-83.6974509178625
84.8895329904554,-83.6974509178653
84.89,-83.6974509178654
84.8995329904554,-83.6974509178682
84.9,-83.6974509178683
84.9095329904554,-83.6974509178711
84.91,-83.6974509178712
84.9195329904554,-83.697450917874
84.92,-83.6974509178741
84.9295329904554,-83.6974509178769
84.93,-83.697450917877
84.9395329904554,-83.6974509178798
84.94,-83.6974509178799
84.9495329904554,-83.6974509178826
84.95,-83.6974509178828
84.9595329904554,-83.6974509178855
84.96,-83.6974509178857
84.9695329904554,-83.6974509178884
84.97,-83.6974509178886
84.9795329904554,-83.6974509178913
84.98,-83.6974509178915
84.9895329904554,-83.6974509178942
84.99,-83.6974509178944
84.9995329904554,-83.6974509178971
85,-83.6974509178973
85.0095329904554,-83.6974509179
85.01,-83.6974509179002
85.0195329904554,-83.6974509179029
85.02,-83.697450917903
85.0295329904554,-83.6974509179058
85.03,-83.697450917906
85.0395329904554,-83.6974509179087
85.04,-83.6974509179088
85.0495329904554,-83.6974509179116
85.05,-83.6974509179117
85.0595329904554,-83.6974509179145
85.06,-83.6974509179146
85.0695329904554,-83.6974509179174
85.07,-83.6974509179175
85.0795329904554,-83.6974509179203
85.08,-83.6974509179204
85.0895329904555,-83.6974509179232
85.09,-83.6974509179233
85.0995329904555,-83.6974509179261
85.1,-83.6974509179262
85.1095329904555,-83.697450917929
85.11,-83.6974509179291
85.1195329904555,-83.6974509179319
85.12,-83.697450917932
85.1295329904555,-83.6974509179348
85.13,-83.6974509179349
85.1395329904555,-83.6974509179377
85.14,-83.6974509179378
85.1495329904555,-83.6974509179406
85.15,-83.6974509179407
85.1595329904555,-83.6974509179435
85.16,-83.6974509179436
85.1695329904555,-83.6974509179464
85.17,-83.6974509179465
85.1795329904555,-83.6974509179493
85.18,-83.6974509179494
85.1895329904555,-83.6974509179522
85.19,-83.6974509179523
85.1995329904555,-83.6974509179551
85.2,-83.6974509179552
85.2095329904555,-83.697450917958
85.21,-83.6974509179581
85.2195329904555,-83.6974509179609
85.22,-83.697450917961
85.2295329904555,-83.6974509179638
85.23,-83.6974509179639
85.2395329904555,-83.6974509179667
85.24,-83.6974509179668
85.2495329904555,-83.6974509179696
85.25,-83.6974509179697
85.2595329904555,-83.6974509179725
85.26,-83.6974509179726
85.2695329904555,-83.6974509179754
85.27,-83.6974509179755
85.2795329904556,-83.6974509179783
85.28,-83.6974509179784
85.2895329904556,-83.6974509179812
85.29,-83.6974509179813
85.2995329904556,-83.6974509179841
85.3,-83.6974509179842
85.3095329904556,-83.697450917987
85.31,-83.6974509179871
85.3195329904556,-83.6974509179899
85.32,-83.69745091799
85.3295329904556,-83.6974509179928
85.33,-83.6974509179929
85.3395329904556,-83.6974509179957
85.34,-83.6974509179958
85.3495329904556,-83.6974509179986
85.35,-83.6974509179987
85.3595329904556,-83.6974509180015
85.36,-83.6974509180016
85.3695329904556,-83.6974509180044
85.37,-83.6974509180045
85.3795329904556,-83.6974509180073
85.38,-83.6974509180074
85.3895329904556,-83.6974509180102
85.39,-83.6974509180103
85.3995329904556,-83.6974509180131
85.4,-83.6974509180132
85.4095329904556,-83.697450918016
85.41,-83.6974509180161
85.4195329904556,-83.6974509180189
85.42,-83.697450918019
85.4295329904556,-83.6974509180218
85.43,-83.697450918022
85.4395329904556,-83.6974509180247
85.44,-83.6974509180249
85.4495329904556,-83.6974509180276
85.45,-83.6974509180278
85.4595329904556,-83.6974509180305
85.46,-83.6974509180307
85.4695329904556,-83.6974509180335
85.47,-83.6974509180336
85.4795329904557,-83.6974509180364
85.48,-83.6974509180365
85.4895329904557,-83.6974509180393
85.49,-83.6974509180394
85.4995329904557,-83.6974509180422
85.5,-83.6974509180423
85.5095329904557,-83.6974509180451
85.51,-83.6974509180452
85.5195329904557,-83.697450918048
85.52,-83.6974509180481
85.5295329904557,-83.6974509180509
85.53,-83.697450918051
85.5395329904557,-83.6974509180538
85.54,-83.6974509180539
85.5495329904557,-83.6974509180567
85.55,-83.6974509180568
85.5595329904557,-83.6974509180596
85.56,-83.6974509180597
85.5695329904557,-83.6974509180625
85.57,-83.6974509180627
85.5795329904557,-83.6974509180654
85.58,-83.6974509180656
85.5895329904557,-83.6974509180683
85.59,-83.6974509180685
85.5995329904557,-83.6974509180713
85.6,-83.6974509180714
85.6095329904557,-83.6974509180742
85.61,-83.6974509180743
85.6195329904557,-83.6974509180771
85.62,-83.6974509180772
85.6295329904557,-83.69745091808
85.63,-83.6974509180801
85.6395329904557,-83.6974509180829
85.64,-83.697450918083
85.6495329904557,-83.6974509180858
85.65,-83.6974509180859
85.6595329904557,-83.6974509180887
85.66,-83.6974509180888
85.6695329904557,-83.6974509180916
85.67,-83.6974509180918
85.6795329904558,-83.6974509180945
85.68,-83.6974509180947
85.6895329904558,-83.6974509180975
85.69,-83.6974509180976
85.6995329904558,-83.6974509181004
85.7,-83.6974509181005
85.7095329904558,-83.6974509181033
85.71,-83.6974509181034
85.7195329904558,-83.6974509181062
85.72,-83.6974509181063
85.7295329904558,-83.6974509181091
85.73,-83.6974509181092
85.7395329904558,-83.697450918112
85.74,-83.6974509181122
85.7495329904558,-83.6974509181149
85.75,-83.6974509181151
85.7595329904558,-83.6974509181179
85.76,-83.697450918118
85.7695329904558,-83.6974509181208
85.77,-83.6974509181209
85.7795329904558,-83.6974509181237
85.78,-83.6974509181238
85.7895329904558,-83.6974509181266
85.79,-83.6974509181267
85.7995329904558,-83.6974509181295
85.8,-83.6974509181296
85.8095329904558,-83.6974509181324
85.81,-83.6974509181326
85.8195329904558,-83.6974509181353
85.82,-83.6974509181355
85.8295329904558,-83.6974509181383
85.83,-83.6974509181384
85.8395329904558,-83.6974509181412
85.84,-83.6974509181413
85.8495329904558,-83.6974509181441
85.85,-83.6974509181442
85.8595329904558,-83.697450918147
85.86,-83.6974509181471
85.8695329904559,-83.6974509181499
85.87,-83.6974509181501
85.8795329904559,-83.6974509181528
85.88,-83.697450918153
85.8895329904559,-83.6974509181558
85.89,-83.6974509181559
85.8995329904559,-83.6974509181587
85.9,-83.6974509181588
85.9095329904559,-83.6974509181616
85.91,-83.6974509181617
85.9195329904559,-83.6974509181645
85.92,-83.6974509181646
85.9295329904559,-83.6974509181674
85.93,-83.6974509181675
85.9395329904559,-83.6974509181703
85.94,-83.6974509181705
85.9495329904559,-83.6974509181733
85.95,-83.6974509181734
85.9595329904559,-83.6974509181762
85.96,-83.6974509181763
85.9695329904559,-83.6974509181791
85.97,-83.6974509181792
85.9795329904559,-83.697450918182
85.98,-83.6974509181821
85.9895329904559,-83.6974509181849
85.99,-83.6974509181851
85.9995329904559,-83.6974509181879
86,-83.697450918188
86.0095329904559,-83.6974509181908
86.01,-83.6974509181909
86.0195329904559,-83.6974509181937
86.02,-83.6974509181938
86.0295329904559,-83.6974509181966
86.03,-83.6974509181968
86.0395329904559,-83.6974509181995
86.04,-83.6974509181997
86.0495329904559,-83.6974509182025
86.05,-83.6974509182026
86.0595329904559,-83.6974509182054
86.06,-83.6974509182055
86.069532990456,-83.6974509182083
86.07,-83.6974509182084
86.079532990456,-83.6974509182112
86.08,-83.6974509182114
86.089532990456,-83.6974509182141
86.09,-83.6974509182143
86.099532990456,-83.6974509182171
86.1,-83.6974509182172
86.109532990456,-83.69745091822
86.11,-83.6974509182201
86.119532990456,-83.6974509182229
86.12,-83.6974509182231
86.129532990456,-83.6974509182258
86.13,-83.697450918226
86.139532990456,-83.6974509182288
86.14,-83.6974509182289
86.149532990456,-83.6974509182317
86.15,-83.6974509182318
86.159532990456,-83.6974509182346
86.16,-83.6974509182347
86.169532990456,-83.6974509182375
86.17,-83.6974509182377
86.179532990456,-83.6974509182405
86.18,-83.6974509182406
86.189532990456,-83.6974509182434
86.19,-83.6974509182435
86.199532990456,-83.6974509182463
86.2,-83.6974509182464
86.209532990456,-83.6974509182492
86.21,-83.6974509182494
86.219532990456,-83.6974509182522
86.22,-83.6974509182523
86.229532990456,-83.6974509182551
86.23,-83.6974509182552
86.239532990456,-83.697450918258
86.24,-83.6974509182582
86.249532990456,-83.6974509182609
86.25,-83.6974509182611
86.2595329904561,-83.6974509182639
86.26,-83.697450918264
86.2695329904561,-83.6974509182668
86.27,-83.6974509182669
86.2795329904561,-83.6974509182697
86.28,-83.6974509182699
86.2895329904561,-83.6974509182726
86.29,-83.6974509182728
86.2995329904561,-83.6974509182756
86.3,-83.6974509182757
86.3095329904561,-83.6974509182785
86.31,-83.6974509182786
86.3195329904561,-83.6974509182814
86.32,-83.6974509182816
86.3295329904561,-83.6974509182844
86.33,-83.6974509182845
86.3395329904561,-83.6974509182873
86.34,-83.6974509182874
86.3495329904561,-83.6974509182902
86.35,-83.6974509182903
86.3595329904561,-83.6974509182931
86.36,-83.6974509182933
86.3695329904561,-83.6974509182961
86.37,-83.6974509182962
86.3795329904561,-83.697450918299
86.38,-83.6974509182991
86.3895329904561,-83.6974509183019
86.39,-83.6974509183021
86.3995329904561,-83.6974509183049
86.4,-83.697450918305
86.4095329904561,-83.6974509183078
86.41,-83.6974509183079
86.4195329904561,-83.6974509183107
86.42,-83.6974509183109
86.4295329904561,-83.6974509183136
86.43,-83.6974509183138
86.4395329904561,-83.6974509183166
86.44,-83.6974509183167
86.4495329904561,-83.6974509183195
86.45,-83.6974509183197
86.4595329904562,-83.6974509183224
86.46,-83.6974509183226
86.4695329904562,-83.6974509183254
86.47,-83.6974509183255
86.4795329904562,-83.6974509183283
86.48,-83.6974509183285
86.4895329904562,-83.6974509183313
86.49,-83.6974509183314
86.4995329904562,-83.6974509183342
86.5,-83.6974509183343
86.5095329904562,-83.6974509183371
86.51,-83.6974509183373
86.5195329904562,-83.69745091834
86.52,-83.6974509183402
86.5295329904562,-83.697450918343
86.53,-83.6974509183431
86.5395329904562,-83.6974509183459
86.54,-83.697450918346
86.5495329904562,-83.6974509183488
86.55,-83.697450918349
86.5595329904562,-83.6974509183518
86.56,-83.6974509183519
86.5695329904562,-83.6974509183547
86.57,-83.6974509183548
86.5795329904562,-83.6974509183576
86.58,-83.6974509183578
86.5895329904562,-83.6974509183606
86.59,-83.6974509183607
86.5995329904562,-83.6974509183635
86.6,-83.6974509183637
86.6095329904562,-83.6974509183665
86.61,-83.6974509183666
86.6195329904562,-83.6974509183694
86.62,-83.6974509183695
86.6295329904562,-83.6974509183723
86.63,-83.6974509183725
86.6395329904562,-83.6974509183753
86.64,-83.6974509183754
86.6495329904563,-83.6974509183782
86.65,-83.6974509183783
86.6595329904563,-83.6974509183811
86.66,-83.6974509183813
86.6695329904563,-83.6974509183841
86.67,-83.6974509183842
86.6795329904563,-83.697450918387
86.68,-83.6974509183871
86.6895329904563,-83.6974509183899
86.69,-83.6974509183901
86.6995329904563,-83.6974509183929
86.7,-83.697450918393
86.7095329904563,-83.6974509183958
86.71,-83.697450918396
86.7195329904563,-83.6974509183988
86.72,-83.6974509183989
86.7295329904563,-83.6974509184017
86.73,-83.6974509184018
86.7395329904563,-83.6974509184046
86.74,-83.6974509184048
86.7495329904563,-83.6974509184076
86.75,-83.6974509184077
86.7595329904563,-83.6974509184105
86.76,-83.6974509184107
86.7695329904563,-83.6974509184135
86.77,-83.6974509184136
86.7795329904563,-83.6974509184164
86.78,-83.6974509184165
86.7895329904563,-83.6974509184193
86.79,-83.6974509184195
86.7995329904563,-83.6974509184223
86.8,-83.6974509184224
86.8095329904563,-83.6974509184252
86.81,-83.6974509184254
86.8195329904563,-83.6974509184282
86.82,-83.6974509184283
86.8295329904563,-83.6974509184311
86.83,-83.6974509184312
86.8395329904563,-83.697450918434
86.84,-83.6974509184342
86.8495329904564,-83.697450918437
86.85,-83.6974509184371
86.8595329904564,-83.6974509184399
86.86,-83.6974509184401
86.8695329904564,-83.6974509184429
86.87,-83.697450918443
86.8795329904564,-83.6974509184458
86.88,-83.6974509184459
86.8895329904564,-83.6974509184488
86.89,-83.6974509184489
86.8995329904564,-83.6974509184517
86.9,-83.6974509184518
86.9095329904564,-83.6974509184546
86.91,-83.6974509184548
86.9195329904564,-83.6974509184576
86.92,-83.6974509184577
86.9295329904564,-83.6974509184605
86.93,-83.6974509184607
86.9395329904564,-83.6974509184635
86.94,-83.6974509184636
86.9495329904564,-83.6974509184664
86.95,-83.6974509184665
86.9595329904564,-83.6974509184694
86.96,-83.6974509184695
86.9695329904564,-83.6974509184723
86.97,-83.6974509184724
86.9795329904564,-83.6974509184752
86.98,-83.6974509184754
86.9895329904564,-83.6974509184782
86.99,-83.6974509184783
86.9995329904564,-83.6974509184811
87,-83.6974509184813
87.0095329904564,-83.6974509184841
87.01,-83.6974509184842
87.0195329904564,-83.697450918487
87.02,-83.6974509184872
87.0295329904564,-83.69745091849
87.03,-83.6974509184901
87.0395329904565,-83.6974509184929
87.04,-83.697450918493
87.0495329904565,-83.6974509184959
87.05,-83.697450918496
87.0595329904565,-83.6974509184988
87.06,-83.6974509184989
87.0695329904565,-83.6974509185018
87.07,-83.6974509185019
87.0795329904565,-83.6974509185047
87.08,-83.6974509185048
87.0895329904565,-83.6974509185076
87.09,-83.6974509185078
87.0995329904565,-83.6974509185106
87.1,-83.6974509185107
87.1095329904565,-83.6974509185136
87.11,-83.6974509185137
87.1195329904565,-83.6974509185165
87.12,-83.6974509185166
87.1295329904565,-83.6974509185194
87.13,-83.6974509185196
87.1395329904565,-83.6974509185224
87.14,-83.6974509185225
87.1495329904565,-83.6974509185253
87.15,-83.6974509185255
87.1595329904565,-83.6974509185283
87.16,-83.6974509185284
87.1695329904565,-83.6974509185312
87.17,-83.6974509185314
87.1795329904565,-83.6974509185342
87.18,-83.6974509185343
87.1895329904565,-83.6974509185371
87.19,-83.6974509185373
87.1995329904565,-83.6974509185401
87.2,-83.6974509185402
87.2095329904565,-83.697450918543
87.21,-83.6974509185432
87.2195329904565,-83.697450918546
87.22,-83.6974509185461
87.2295329904565,-83.6974509185489
87.23,-83.6974509185491
87.2395329904566,-83.6974509185519
87.24,-83.697450918552
87.2495329904566,-83.6974509185548
87.25,-83.697450918555
87.2595329904566,-83.6974509185578
87.26,-83.6974509185579
87.2695329904566,-83.6974509185607
87.27,-83.6974509185609
87.2795329904566,-83.6974509185637
87.28,-83.6974509185638
87.2895329904566,-83.6974509185666
87.29,-83.6974509185668
87.2995329904566,-83.6974509185696
87.3,-83.6974509185697
87.3095329904566,-83.6974509185726
87.31,-83.6974509185727
87.3195329904566,-83.6974509185755
87.32,-83.6974509185756
87.3295329904566,-83.6974509185785
87.33,-83.6974509185786
87.3395329904566,-83.6974509185814
87.34,-83.6974509185816
87.3495329904566,-83.6974509185844
87.35,-83.6974509185845
87.3595329904566,-83.6974509185873
87.36,-83.6974509185874
87.3695329904566,-83.6974509185903
87.37,-83.6974509185904
87.3795329904566,-83.6974509185932
87.38,-83.6974509185934
87.3895329904566,-83.6974509185962
87.39,-83.6974509185963
87.3995329904566,-83.6974509185991
87.4,-83.6974509185993
87.4095329904566,-83.6974509186021
87.41,-83.6974509186022
87.4195329904566,-83.697450918605
87.42,-83.6974509186052
87.4295329904567,-83.697450918608
87.43,-83.6974509186081
87.4395329904567,-83.697450918611
87.44,-83.6974509186111
87.4495329904567,-83.6974509186139
87.45,-83.6974509186141
87.4595329904567,-83.6974509186169
87.46,-83.697450918617
87.4695329904567,-83.6974509186198
87.47,-83.69745091862
87.4795329904567,-83.6974509186228
87.48,-83.6974509186229
87.4895329904567,-83.6974509186257
87.49,-83.6974509186259
87.4995329904567,-83.6974509186287
87.5,-83.6974509186288
87.5095329904567,-83.6974509186317
87.51,-83.6974509186318
87.5195329904567,-83.6974509186346
87.52,-83.6974509186348
87.5295329904567,-83.6974509186376
87.53,-83.6974509186377
87.5395329904567,-83.6974509186405
87.54,-83.6974509186407
87.5495329904567,-83.6974509186435
87.55,-83.6974509186436
87.5595329904567,-83.6974509186464
87.56,-83.6974509186466
87.5695329904567,-83.6974509186494
87.57,-83.6974509186496
87.5795329904567,-83.6974509186524
87.58,-83.6974509186525
87.5895329904567,-83.6974509186553
87.59,-83.6974509186555
87.5995329904567,-83.6974509186583
87.6,-83.6974509186584
87.6095329904567,-83.6974509186612
87.61,-83.6974509186614
87.6195329904567,-83.6974509186642
87.62,-83.6974509186643
87.6295329904568,-83.6974509186672
87.63,-83.6974509186673
87.6395329904568,-83.6974509186701
87.64,-83.6974509186703
87.6495329904568,-83.6974509186731
87.65,-83.6974509186732
87.6595329904568,-83.6974509186761
87.66,-83.6974509186762
87.6695329904568,-83.697450918679
87.67,-83.6974509186792
87.6795329904568,-83.697450918682
87.68,-83.6974509186821
87.6895329904568,-83.6974509186849
87.69,-83.6974509186851
87.6995329904568,-83.6974509186879
87.7,-83.697450918688
87.7095329904568,-83.6974509186909
87.71,-83.697450918691
87.7195329904568,-83.6974509186938
87.72,-83.697450918694
87.7295329904568,-83.6974509186968
87.73,-83.6974509186969
87.7395329904568,-83.6974509186997
87.74,-83.6974509186999
87.7495329904568,-83.6974509187027
87.75,-83.6974509187029
87.7595329904568,-83.6974509187057
87.76,-83.6974509187058
87.7695329904568,-83.6974509187086
87.77,-83.6974509187088
87.7795329904568,-83.6974509187116
87.78,-83.6974509187118
87.7895329904568,-83.6974509187146
87.79,-83.6974509187147
87.7995329904568,-83.6974509187175
87.8,-83.6974509187177
87.8095329904568,-83.6974509187205
87.81,-83.6974509187206
87.8195329904568,-83.6974509187235
87.82,-83.6974509187236
87.8295329904569,-83.6974509187264
87.83,-83.6974509187266
87.8395329904569,-83.6974509187294
87.84,-83.6974509187295
87.8495329904569,-83.6974509187324
87.85,-83.6974509187325
87.8595329904569,-83.6974509187353
87.86,-83.6974509187355
87.8695329904569,-83.6974509187383
87.87,-83.6974509187384
87.8795329904569,-83.6974509187413
87.88,-83.6974509187414
87.8895329904569,-83.6974509187442
87.89,-83.6974509187444
87.8995329904569,-83.6974509187472
87.9,-83.6974509187473
87.9095329904569,-83.6974509187502
87.91,-83.6974509187503
87.9195329904569,-83.6974509187531
87.92,-83.6974509187533
87.9295329904569,-83.6974509187561
87.93,-83.6974509187562
87.9395329904569,-83.6974509187591
87.94,-83.6974509187592
87.9495329904569,-83.697450918762
87.95,-83.6974509187622
87.9595329904569,-83.697450918765
87.96,-83.6974509187651
87.9695329904569,-83.697450918768
87.97,-83.6974509187681
87.9795329904569,-83.6974509187709
87.98,-83.6974509187711
87.9895329904569,-83.6974509187739
87.99,-83.6974509187741
87.9995329904569,-83.6974509187769
88,-83.697450918777
88.0095329904569,-83.6974509187799
88.01,-83.69745091878
88.019532990457,-83.6974509187828
88.02,-83.6974509187829
88.029532990457,-83.6974509187858
88.03,-83.6974509187859
88.039532990457,-83.6974509187888
88.04,-83.6974509187889
88.049532990457,-83.6974509187917
88.05,-83.6974509187919
88.059532990457,-83.6974509187947
88.06,-83.6974509187948
88.069532990457,-83.6974509187977
88.07,-83.6974509187978
88.079532990457,-83.6974509188007
88.08,-83.6974509188008
88.089532990457,-83.6974509188036
88.09,-83.6974509188038
88.099532990457,-83.6974509188066
88.1,-83.6974509188067
88.109532990457,-83.6974509188096
88.11,-83.6974509188097
88.119532990457,-83.6974509188125
88.12,-83.6974509188127
88.129532990457,-83.6974509188155
88.13,-83.6974509188156
88.139532990457,-83.6974509188185
88.14,-83.6974509188186
88.149532990457,-83.6974509188214
88.15,-83.6974509188216
88.159532990457,-83.6974509188244
88.16,-83.6974509188246
88.169532990457,-83.6974509188274
88.17,-83.6974509188275
88.179532990457,-83.6974509188304
88.18,-83.6974509188305
88.189532990457,-83.6974509188333
88.19,-83.6974509188335
88.199532990457,-83.6974509188363
88.2,-83.6974509188365
88.209532990457,-83.6974509188393
88.21,-83.6974509188394
88.2195329904571,-83.6974509188423
88.22,-83.6974509188424
88.2295329904571,-83.6974509188452
88.23,-83.6974509188454
88.2395329904571,-83.6974509188482
88.24,-83.6974509188484
88.2495329904571,-83.6974509188512
88.25,-83.6974509188513
88.2595329904571,-83.6974509188542
88.26,-83.6974509188543
88.2695329904571,-83.6974509188571
88.27,-83.6974509188573
88.2795329904571,-83.6974509188601
88.28,-83.6974509188603
88.2895329904571,-83.6974509188631
88.29,-83.6974509188632
88.2995329904571,-83.6974509188661
88.3,-83.6974509188662
88.3095329904571,-83.6974509188691
88.31,-83.6974509188692
88.3195329904571,-83.697450918872
88.32,-83.6974509188722
88.3295329904571,-83.697450918875
88.33,-83.6974509188751
88.3395329904571,-83.697450918878
88.34,-83.6974509188781
88.3495329904571,-83.697450918881
88.35,-83.6974509188811
88.3595329904571,-83.6974509188839
88.36,-83.6974509188841
88.3695329904571,-83.6974509188869
88.37,-83.6974509188871
88.3795329904571,-83.6974509188899
88.38,-83.69745091889
88.3895329904571,-83.6974509188929
88.39,-83.697450918893
88.3995329904571,-83.6974509188959
88.4,-83.697450918896
88.4095329904572,-83.6974509188988
88.41,-83.697450918899
88.4195329904572,-83.6974509189018
88.42,-83.6974509189019
88.4295329904572,-83.6974509189048
88.43,-83.6974509189049
88.4395329904572,-83.6974509189078
88.44,-83.6974509189079
88.4495329904572,-83.6974509189108
88.45,-83.6974509189109
88.4595329904572,-83.6974509189137
88.46,-83.6974509189139
88.4695329904572,-83.6974509189167
88.47,-83.6974509189169
88.4795329904572,-83.6974509189197
88.48,-83.6974509189198
88.4895329904572,-83.6974509189227
88.49,-83.6974509189228
88.4995329904572,-83.6974509189257
88.5,-83.6974509189258
88.5095329904572,-83.6974509189287
88.51,-83.6974509189288
88.5195329904572,-83.6974509189316
88.52,-83.6974509189318
88.5295329904572,-83.6974509189346
88.53,-83.6974509189347
88.5395329904572,-83.6974509189376
88.54,-83.6974509189377
88.5495329904572,-83.6974509189406
88.55,-83.6974509189407
88.5595329904572,-83.6974509189436
88.56,-83.6974509189437
88.5695329904572,-83.6974509189465
88.57,-83.6974509189467
88.5795329904572,-83.6974509189495
88.58,-83.6974509189497
88.5895329904572,-83.6974509189525
88.59,-83.6974509189527
88.5995329904572,-83.6974509189555
88.6,-83.6974509189556
88.6095329904573,-83.6974509189585
88.61,-83.6974509189586
88.6195329904573,-83.6974509189615
88.62,-83.6974509189616
88.6295329904573,-83.6974509189644
88.63,-83.6974509189646
88.6395329904573,-83.6974509189674
88.64,-83.6974509189676
88.6495329904573,-83.6974509189704
88.65,-83.6974509189706
88.6595329904573,-83.6974509189734
88.66,-83.6974509189735
88.6695329904573,-83.6974509189764
88.67,-83.6974509189765
88.6795329904573,-83.6974509189794
88.68,-83.6974509189795
88.6895329904573,-83.6974509189824
88.69,-83.6974509189825
88.6995329904573,-83.6974509189854
88.7,-83.6974509189855
88.7095329904573,-83.6974509189883
88.71,-83.6974509189885
88.7195329904573,-83.6974509189913
88.72,-83.6974509189915
88.7295329904573,-83.6974509189943
88.73,-83.6974509189944
88.7395329904573,-83.6974509189973
88.74,-83.6974509189974
88.7495329904573,-83.6974509190003
88.75,-83.6974509190004
88.7595329904573,-83.6974509190033
88.76,-83.6974509190034
88.7695329904573,-83.6974509190063
88.77,-83.6974509190064
88.7795329904573,-83.6974509190092
88.78,-83.6974509190094
88.7895329904573,-83.6974509190122
88.79,-83.6974509190124
88.7995329904574,-83.6974509190152
88.8,-83.6974509190154
88.8095329904574,-83.6974509190182
88.81,-83.6974509190184
88.8195329904574,-83.6974509190212
88.82,-83.6974509190213
88.8295329904574,-83.6974509190242
88.83,-83.6974509190243
88.8395329904574,-83.6974509190272
88.84,-83.6974509190273
88.8495329904574,-83.6974509190302
88.85,-83.6974509190303
88.8595329904574,-83.6974509190332
88.86,-83.6974509190333
88.8695329904574,-83.6974509190362
88.87,-83.6974509190363
88.8795329904574,-83.6974509190391
88.88,-83.6974509190393
88.8895329904574,-83.6974509190421
88.89,-83.6974509190423
88.8995329904574,-83.6974509190451
88.9,-83.6974509190453
88.9095329904574,-83.6974509190481
88.91,-83.6974509190483
88.9195329904574,-83.6974509190511
88.92,-83.6974509190512
88.9295329904574,-83.6974509190541
88.93,-83.6974509190542
88.9395329904574,-83.6974509190571
88.94,-83.6974509190572
88.9495329904574,-83.6974509190601
88.95,-83.6974509190602
88.9595329904574,-83.6974509190631
88.96,-83.6974509190632
88.9695329904574,-83.6974509190661
88.97,-83.6974509190662
88.9795329904574,-83.6974509190691
88.98,-83.6974509190692
88.9895329904574,-83.6974509190721
88.99,-83.6974509190722
88.9995329904575,-83.697450919075
89,-83.6974509190752
89.0095329904575,-83.697450919078
89.01,-83.6974509190782
89.0195329904575,-83.697450919081
89.02,-83.6974509190812
89.0295329904575,-83.697450919084
89.03,-83.6974509190842
89.0395329904575,-83.697450919087
89.04,-83.6974509190872
89.0495329904575,-83.69745091909
89.05,-83.6974509190902
89.0595329904575,-83.697450919093
89.06,-83.6974509190931
89.0695329904575,-83.697450919096
89.07,-83.6974509190961
89.0795329904575,-83.697450919099
89.08,-83.6974509190991
89.0895329904575,-83.697450919102
89.09,-83.6974509191021
89.0995329904575,-83.697450919105
89.1,-83.6974509191051
89.1095329904575,-83.697450919108
89.11,-83.6974509191081
89.1195329904575,-83.697450919111
89.12,-83.6974509191111
89.1295329904575,-83.697450919114
89.13,-83.6974509191141
89.1395329904575,-83.697450919117
89.14,-83.6974509191171
89.1495329904575,-83.69745091912
89.15,-83.6974509191201
89.1595329904575,-83.697450919123
89.16,-83.6974509191231
89.1695329904575,-83.697450919126
89.17,-83.6974509191261
89.1795329904575,-83.697450919129
89.18,-83.6974509191291
89.1895329904576,-83.697450919132
89.19,-83.6974509191321
89.1995329904576,-83.697450919135
89.2,-83.6974509191351
89.2095329904576,-83.6974509191379
89.21,-83.6974509191381
89.2195329904576,-83.697450919141
89.22,-83.6974509191411
89.2295329904576,-83.6974509191439
89.23,-83.6974509191441
89.2395329904576,-83.6974509191469
89.24,-83.6974509191471
89.2495329904576,-83.69745091915
89.25,-83.6974509191501
89.2595329904576,-83.697450919153
89.26,-83.6974509191531
89.2695329904576,-83.697450919156
89.27,-83.6974509191561
89.2795329904576,-83.6974509191589
89.28,-83.6974509191591
89.2895329904576,-83.697450919162
89.29,-83.6974509191621
89.2995329904576,-83.697450919165
89.3,-83.6974509191651
89.3095329904576,-83.6974509191679
89.31,-83.6974509191681
89.3195329904576,-83.697450919171
89.32,-83.6974509191711
89.3295329904576,-83.697450919174
89.33,-83.6974509191741
89.3395329904576,-83.6974509191769
89.34,-83.6974509191771
89.3495329904576,-83.6974509191799
89.35,-83.6974509191801
89.3595329904576,-83.697450919183
89.36,-83.6974509191831
89.3695329904576,-83.697450919186
89.37,-83.6974509191861
89.3795329904576,-83.697450919189
89.38,-83.6974509191891
89.3895329904577,-83.697450919192
89.39,-83.6974509191921
89.3995329904577,-83.697450919195
89.4,-83.6974509191951
89.4095329904577,-83.697450919198
89.41,-83.6974509191981
89.4195329904577,-83.697450919201
89.42,-83.6974509192011
89.4295329904577,-83.697450919204
89.43,-83.6974509192041
89.4395329904577,-83.697450919207
89.44,-83.6974509192071
89.4495329904577,-83.69745091921
89.45,-83.6974509192101
89.4595329904577,-83.697450919213
89.46,-83.6974509192131
89.4695329904577,-83.697450919216
89.47,-83.6974509192161
89.4795329904577,-83.697450919219
89.48,-83.6974509192191
89.4895329904577,-83.697450919222
89.49,-83.6974509192221
89.4995329904577,-83.697450919225
89.5,-83.6974509192251
89.5095329904577,-83.697450919228
89.51,-83.6974509192282
89.5195329904577,-83.697450919231
89.52,-83.6974509192312
89.5295329904577,-83.697450919234
89.53,-83.6974509192342
89.5395329904577,-83.697450919237
89.54,-83.6974509192372
89.5495329904577,-83.69745091924
89.55,-83.6974509192402
89.5595329904577,-83.697450919243
89.56,-83.6974509192432
89.5695329904577,-83.697450919246
89.57,-83.6974509192462
89.5795329904577,-83.6974509192491
89.58,-83.6974509192492
89.5895329904578,-83.6974509192521
89.59,-83.6974509192522
89.5995329904578,-83.6974509192551
89.6,-83.6974509192552
89.6095329904578,-83.6974509192581
89.61,-83.6974509192582
89.6195329904578,-83.6974509192611
89.62,-83.6974509192612
89.6295329904578,-83.6974509192641
89.63,-83.6974509192642
89.6395329904578,-83.6974509192671
89.64,-83.6974509192672
89.6495329904578,-83.6974509192701
89.65,-83.6974509192703
89.6595329904578,-83.6974509192731
89.66,-83.6974509192733
89.6695329904578,-83.6974509192761
89.67,-83.6974509192763
89.6795329904578,-83.6974509192791
89.68,-83.6974509192793
89.6895329904578,-83.6974509192821
89.69,-83.6974509192823
89.6995329904578,-83.6974509192851
89.7,-83.6974509192853
89.7095329904578,-83.6974509192882
89.71,-83.6974509192883
89.7195329904578,-83.6974509192912
89.72,-83.6974509192913
89.7295329904578,-83.6974509192942
89.73,-83.6974509192943
89.7395329904578,-83.6974509192972
89.74,-83.6974509192973
89.7495329904578,-83.6974509193002
89.75,-83.6974509193004
89.7595329904578,-83.6974509193032
89.76,-83.6974509193033
89.7695329904578,-83.6974509193062
89.77,-83.6974509193064
89.7795329904579,-83.6974509193092
89.78,-83.6974509193094
89.7895329904579,-83.6974509193122
89.79,-83.6974509193124
89.7995329904579,-83.6974509193153
89.8,-83.6974509193154
89.8095329904579,-83.6974509193183
89.81,-83.6974509193184
89.8195329904579,-83.6974509193213
89.82,-83.6974509193214
89.8295329904579,-83.6974509193243
89.83,-83.6974509193244
89.8395329904579,-83.6974509193273
89.84,-83.6974509193275
89.8495329904579,-83.6974509193303
89.85,-83.6974509193305
89.8595329904579,-83.6974509193333
89.86,-83.6974509193335
89.8695329904579,-83.6974509193364
89.87,-83.6974509193365
89.8795329904579,-83.6974509193394
89.88,-83.6974509193395
89.8895329904579,-83.6974509193424
89.89,-83.6974509193425
89.8995329904579,-83.6974509193454
89.9,-83.6974509193455
89.9095329904579,-83.6974509193484
89.91,-83.6974509193485
89.9195329904579,-83.6974509193514
89.92,-83.6974509193516
89.9295329904579,-83.6974509193544
89.93,-83.6974509193546
89.9395329904579,-83.6974509193575
89.94,-83.6974509193576
89.9495329904579,-83.6974509193605
89.95,-83.6974509193606
89.9595329904579,-83.6974509193635
89.96,-83.6974509193636
89.9695329904579,-83.6974509193665
89.97,-83.6974509193666
89.979532990458,-83.6974509193695
89.98,-83.6974509193697
89.989532990458,-83.6974509193725
89.99,-83.6974509193727
89.999532990458,-83.6974509193755
90,-83.6974509193757
90.009532990458,-83.6974509193786
90.01,-83.6974509193787
90.019532990458,-83.6974509193816
90.02,-83.6974509193817
90.029532990458,-83.6974509193846
90.03,-83.6974509193847
90.039532990458,-83.6974509193876
90.04,-83.6974509193877
90.049532990458,-83.6974509193906
90.05,-83.6974509193908
90.059532990458,-83.6974509193937
90.06,-83.6974509193938
90.069532990458,-83.6974509193967
90.07,-83.6974509193968
90.079532990458,-83.6974509193997
90.08,-83.6974509193998
90.089532990458,-83.6974509194027
90.09,-83.6974509194028
90.099532990458,-83.6974509194057
90.1,-83.6974509194059
90.109532990458,-83.6974509194088
90.11,-83.6974509194089
90.119532990458,-83.6974509194118
90.12,-83.6974509194119
90.129532990458,-83.6974509194148
90.13,-83.6974509194149
90.139532990458,-83.6974509194178
90.14,-83.6974509194179
90.149532990458,-83.6974509194208
90.15,-83.697450919421
90.159532990458,-83.6974509194238
90.16,-83.697450919424
90.1695329904581,-83.6974509194269
90.17,-83.697450919427
90.1795329904581,-83.6974509194299
90.18,-83.69745091943
90.1895329904581,-83.6974509194329
90.19,-83.6974509194331
90.1995329904581,-83.6974509194359
90.2,-83.6974509194361
90.2095329904581,-83.6974509194389
90.21,-83.6974509194391
90.2195329904581,-83.697450919442
90.22,-83.6974509194421
90.2295329904581,-83.697450919445
90.23,-83.6974509194451
90.2395329904581,-83.697450919448
90.24,-83.6974509194481
90.2495329904581,-83.697450919451
90.25,-83.6974509194512
90.2595329904581,-83.6974509194541
90.26,-83.6974509194542
90.2695329904581,-83.6974509194571
90.27,-83.6974509194572
90.2795329904581,-83.6974509194601
90.28,-83.6974509194603
90.2895329904581,-83.6974509194631
90.29,-83.6974509194633
90.2995329904581,-83.6974509194661
90.3,-83.6974509194663
90.3095329904581,-83.6974509194692
90.31,-83.6974509194693
90.3195329904581,-83.6974509194722
90.32,-83.6974509194723
90.3295329904581,-83.6974509194752
90.33,-83.6974509194754
90.3395329904581,-83.6974509194782
90.34,-83.6974509194784
90.3495329904581,-83.6974509194813
90.35,-83.6974509194814
90.3595329904581,-83.6974509194843
90.36,-83.6974509194844
90.3695329904582,-83.6974509194873
90.37,-83.6974509194875
90.3795329904582,-83.6974509194904
90.38,-83.6974509194905
90.3895329904582,-83.6974509194934
90.39,-83.6974509194935
90.3995329904582,-83.6974509194964
90.4,-83.6974509194965
90.4095329904582,-83.6974509194994
90.41,-83.6974509194996
90.4195329904582,-83.6974509195024
90.42,-83.6974509195026
90.4295329904582,-83.6974509195055
90.43,-83.6974509195056
90.4395329904582,-83.6974509195085
90.44,-83.6974509195086
90.4495329904582,-83.6974509195115
90.45,-83.6974509195117
90.4595329904582,-83.6974509195145
90.46,-83.6974509195147
90.4695329904582,-83.6974509195176
90.47,-83.6974509195177
90.4795329904582,-83.6974509195206
90.48,-83.6974509195207
90.4895329904582,-83.6974509195236
90.49,-83.6974509195238
90.4995329904582,-83.6974509195267
90.5,-83.6974509195268
90.5095329904582,-83.6974509195297
90.51,-83.6974509195298
90.5195329904582,-83.6974509195327
90.52,-83.6974509195329
90.5295329904582,-83.6974509195358
90.53,-83.6974509195359
90.5395329904582,-83.6974509195388
90.54,-83.6974509195389
90.5495329904582,-83.6974509195418
90.55,-83.697450919542
90.5595329904583,-83.6974509195448
90.56,-83.697450919545
90.5695329904583,-83.6974509195479
90.57,-83.697450919548
90.5795329904583,-83.6974509195509
90.58,-83.697450919551
90.5895329904583,-83.6974509195539
90.59,-83.6974509195541
90.5995329904583,-83.6974509195569
90.6,-83.6974509195571
90.6095329904583,-83.69745091956
90.61,-83.6974509195601
90.6195329904583,-83.697450919563
90.62,-83.6974509195632
90.6295329904583,-83.697450919566
90.63,-83.6974509195662
90.6395329904583,-83.6974509195691
90.64,-83.6974509195692
90.6495329904583,-83.6974509195721
90.65,-83.6974509195722
90.6595329904583,-83.6974509195751
90.66,-83.6974509195753
90.6695329904583,-83.6974509195782
90.67,-83.6974509195783
90.6795329904583,-83.6974509195812
90.68,-83.6974509195813
90.6895329904583,-83.6974509195842
90.69,-83.6974509195844
90.6995329904583,-83.6974509195873
90.7,-83.6974509195874
90.7095329904583,-83.6974509195903
90.71,-83.6974509195905
90.7195329904583,-83.6974509195933
90.72,-83.6974509195935
90.7295329904583,-83.6974509195964
90.73,-83.6974509195965
90.7395329904583,-83.6974509195994
90.74,-83.6974509195995
90.7495329904583,-83.6974509196024
90.75,-83.6974509196026
90.7595329904584,-83.6974509196055
90.76,-83.6974509196056
90.7695329904584,-83.6974509196085
90.77,-83.6974509196086
90.7795329904584,-83.6974509196115
90.78,-83.6974509196117
90.7895329904584,-83.6974509196146
90.79,-83.6974509196147
90.7995329904584,-83.6974509196176
90.8,-83.6974509196178
90.8095329904584,-83.6974509196206
90.81,-83.6974509196208
90.8195329904584,-83.6974509196237
90.82,-83.6974509196238
90.8295329904584,-83.6974509196267
90.83,-83.6974509196268
90.8395329904584,-83.6974509196297
90.84,-83.6974509196299
90.8495329904584,-83.6974509196328
90.85,-83.6974509196329
90.8595329904584,-83.6974509196358
90.86,-83.697450919636
90.8695329904584,-83.6974509196388
90.87,-83.697450919639
90.8795329904584,-83.6974509196419
90.88,-83.697450919642
90.8895329904584,-83.6974509196449
90.89,-83.6974509196451
90.8995329904584,-83.6974509196479
90.9,-83.6974509196481
90.9095329904584,-83.697450919651
90.91,-83.6974509196511
90.9195329904584,-83.697450919654
90.92,-83.6974509196542
90.9295329904584,-83.6974509196571
90.93,-83.6974509196572
90.9395329904584,-83.6974509196601
90.94,-83.6974509196603
90.9495329904585,-83.6974509196631
90.95,-83.6974509196633
90.9595329904585,-83.6974509196662
90.96,-83.6974509196663
90.9695329904585,-83.6974509196692
90.97,-83.6974509196694
90.9795329904585,-83.6974509196723
90.98,-83.6974509196724
90.9895329904585,-83.6974509196753
90.99,-83.6974509196754
90.9995329904585,-83.6974509196783
91,-83.6974509196785
91.0095329904585,-83.6974509196814
91.01,-83.6974509196815
91.0195329904585,-83.6974509196844
91.02,-83.6974509196846
91.0295329904585,-83.6974509196875
91.03,-83.6974509196876
91.0395329904585,-83.6974509196905
91.04,-83.6974509196906
91.0495329904585,-83.6974509196935
91.05,-83.6974509196937
91.0595329904585,-83.6974509196966
91.06,-83.6974509196967
91.0695329904585,-83.6974509196996
91.07,-83.6974509196997
91.0795329904585,-83.6974509197027
91.08,-83.6974509197028
91.0895329904585,-83.6974509197057
91.09,-83.6974509197058
91.0995329904585,-83.6974509197087
91.1,-83.6974509197089
91.1095329904585,-83.6974509197118
91.11,-83.6974509197119
91.1195329904585,-83.6974509197148
91.12,-83.697450919715
91.1295329904585,-83.6974509197179
91.13,-83.697450919718
91.1395329904585,-83.6974509197209
91.14,-83.697450919721
91.1495329904586,-83.6974509197239
91.15,-83.6974509197241
91.1595329904586,-83.697450919727
91.16,-83.6974509197271
91.1695329904586,-83.69745091973
91.17,-83.6974509197302
91.1795329904586,-83.6974509197331
91.18,-83.6974509197332
91.1895329904586,-83.6974509197361
91.19,-83.6974509197363
91.1995329904586,-83.6974509197392
91.2,-83.6974509197393
91.2095329904586,-83.6974509197422
91.21,-83.6974509197424
91.2195329904586,-83.6974509197453
91.22,-83.6974509197454
91.2295329904586,-83.6974509197483
91.23,-83.6974509197484
91.2395329904586,-83.6974509197513
91.24,-83.6974509197515
91.2495329904586,-83.6974509197544
91.25,-83.6974509197545
91.2595329904586,-83.6974509197574
91.26,-83.6974509197576
91.2695329904586,-83.6974509197605
91.27,-83.6974509197606
91.2795329904586,-83.6974509197635
91.28,-83.6974509197637
91.2895329904586,-83.6974509197666
91.29,-83.6974509197667
91.2995329904586,-83.6974509197696
91.3,-83.6974509197698
91.3095329904586,-83.6974509197726
91.31,-83.6974509197728
91.3195329904586,-83.6974509197757
91.32,-83.6974509197758
91.3295329904586,-83.6974509197787
91.33,-83.6974509197789
91.3395329904587,-83.6974509197818
91.34,-83.6974509197819
91.3495329904587,-83.6974509197848
91.35,-83.697450919785
91.3595329904587,-83.6974509197879
91.36,-83.697450919788
91.3695329904587,-83.6974509197909
91.37,-83.6974509197911
91.3795329904587,-83.697450919794
91.38,-83.6974509197941
91.3895329904587,-83.697450919797
91.39,-83.6974509197972
91.3995329904587,-83.6974509198001
91.4,-83.6974509198002
91.4095329904587,-83.6974509198031
91.41,-83.6974509198033
91.4195329904587,-83.6974509198062
91.42,-83.6974509198063
91.4295329904587,-83.6974509198092
91.43,-83.6974509198094
91.4395329904587,-83.6974509198123
91.44,-83.6974509198124
91.4495329904587,-83.6974509198153
91.45,-83.6974509198155
91.4595329904587,-83.6974509198184
91.46,-83.6974509198185
91.4695329904587,-83.6974509198214
91.47,-83.6974509198216
91.4795329904587,-83.6974509198245
91.48,-83.6974509198246
91.4895329904587,-83.6974509198275
91.49,-83.6974509198277
91.4995329904587,-83.6974509198306
91.5,-83.6974509198307
91.5095329904587,-83.6974509198336
91.51,-83.6974509198338
91.5195329904587,-83.6974509198367
91.52,-83.6974509198368
91.5295329904587,-83.6974509198397
91.53,-83.6974509198399
91.5395329904588,-83.6974509198428
91.54,-83.6974509198429
91.5495329904588,-83.6974509198458
91.55,-83.697450919846
91.5595329904588,-83.6974509198489
91.56,-83.697450919849
91.5695329904588,-83.6974509198519
91.57,-83.6974509198521
91.5795329904588,-83.697450919855
91.58,-83.6974509198551
91.5895329904588,-83.697450919858
91.59,-83.6974509198582
91.5995329904588,-83.6974509198611
91.6,-83.6974509198612
91.6095329904588,-83.6974509198641
91.61,-83.6974509198643
91.6195329904588,-83.6974509198672
91.62,-83.6974509198673
91.6295329904588,-83.6974509198702
91.63,-83.6974509198704
91.6395329904588,-83.6974509198733
91.64,-83.6974509198734
91.6495329904588,-83.6974509198763
91.65,-83.6974509198765
91.6595329904588,-83.6974509198794
91.66,-83.6974509198795
91.6695329904588,-83.6974509198824
91.67,-83.6974509198826
91.6795329904588,-83.6974509198855
91.68,-83.6974509198857
91.6895329904588,-83.6974509198886
91.69,-83.6974509198887
91.6995329904588,-83.6974509198916
91.7,-83.6974509198918
91.7095329904588,-83.6974509198947
91.71,-83.6974509198948
91.7195329904588,-83.6974509198977
91.72,-83.6974509198979
91.7295329904588,-83.6974509199008
91.73,-83.6974509199009
91.7395329904589,-83.6974509199038
91.74,-83.697450919904
91.7495329904589,-83.6974509199069
91.75,-83.697450919907
91.7595329904589,-83.6974509199099
91.76,-83.6974509199101
91.7695329904589,-83.697450919913
91.77,-83.6974509199131
91.7795329904589,-83.6974509199161
91.78,-83.6974509199162
91.7895329904589,-83.6974509199191
91.79,-83.6974509199192
91.7995329904589,-83.6974509199222
91.8,-83.6974509199223
91.8095329904589,-83.6974509199252
91.81,-83.6974509199254
91.8195329904589,-83.6974509199283
91.82,-83.6974509199284
91.8295329904589,-83.6974509199313
91.83,-83.6974509199315
91.8395329904589,-83.6974509199344
91.84,-83.6974509199345
91.8495329904589,-83.6974509199375
91.85,-83.6974509199376
91.8595329904589,-83.6974509199405
91.86,-83.6974509199406
91.8695329904589,-83.6974509199436
91.87,-83.6974509199437
91.8795329904589,-83.6974509199466
91.88,-83.6974509199468
91.8895329904589,-83.6974509199497
91.89,-83.6974509199498
91.8995329904589,-83.6974509199527
91.9,-83.6974509199529
91.9095329904589,-83.6974509199558
91.91,-83.6974509199559
91.9195329904589,-83.6974509199589
91.92,-83.697450919959
91.929532990459,-83.6974509199619
91.93,-83.6974509199621
91.939532990459,-83.697450919965
91.94,-83.6974509199651
91.949532990459,-83.697450919968
91.95,-83.6974509199682
91.959532990459,-83.6974509199711
91.96,-83.6974509199712
91.969532990459,-83.6974509199742
91.97,-83.6974509199743
91.979532990459,-83.6974509199772
91.98,-83.6974509199774
91.989532990459,-83.6974509199803
91.99,-83.6974509199804
91.999532990459,-83.6974509199833
92,-83.6974509199835
92.009532990459,-83.6974509199864
92.01,-83.6974509199866
92.019532990459,-83.6974509199895
92.02,-83.6974509199896
92.029532990459,-83.6974509199925
92.03,-83.6974509199927
92.039532990459,-83.6974509199956
92.04,-83.6974509199957
92.049532990459,-83.6974509199986
92.05,-83.6974509199988
92.059532990459,-83.6974509200017
92.06,-83.6974509200019
92.069532990459,-83.6974509200048
92.07,-83.6974509200049
92.079532990459,-83.6974509200078
92.08,-83.697450920008
92.089532990459,-83.6974509200109
92.09,-83.697450920011
92.099532990459,-83.697450920014
92.1,-83.6974509200141
92.109532990459,-83.697450920017
92.11,-83.6974509200172
92.119532990459,-83.6974509200201
92.12,-83.6974509200202
92.1295329904591,-83.6974509200232
92.13,-83.6974509200233
92.1395329904591,-83.6974509200262
92.14,-83.6974509200264
92.1495329904591,-83.6974509200293
92.15,-83.6974509200294
92.1595329904591,-83.6974509200324
92.16,-83.6974509200325
92.1695329904591,-83.6974509200354
92.17,-83.6974509200356
92.1795329904591,-83.6974509200385
92.18,-83.6974509200386
92.1895329904591,-83.6974509200415
92.19,-83.6974509200417
92.1995329904591,-83.6974509200446
92.2,-83.6974509200448
92.2095329904591,-83.6974509200477
92.21,-83.6974509200478
92.2195329904591,-83.6974509200507
92.22,-83.6974509200509
92.2295329904591,-83.6974509200538
92.23,-83.6974509200539
92.2395329904591,-83.6974509200569
92.24,-83.697450920057
92.2495329904591,-83.6974509200599
92.25,-83.6974509200601
92.2595329904591,-83.697450920063
92.26,-83.6974509200631
92.2695329904591,-83.6974509200661
92.27,-83.6974509200662
92.2795329904591,-83.6974509200691
92.28,-83.6974509200693
92.2895329904591,-83.6974509200722
92.29,-83.6974509200724
92.2995329904591,-83.6974509200753
92.3,-83.6974509200754
92.3095329904591,-83.6974509200783
92.31,-83.6974509200785
92.3195329904592,-83.6974509200814
92.32,-83.6974509200816
92.3295329904592,-83.6974509200845
92.33,-83.6974509200846
92.3395329904592,-83.6974509200875
92.34,-83.6974509200877
92.3495329904592,-83.6974509200906
92.35,-83.6974509200908
92.3595329904592,-83.6974509200937
92.36,-83.6974509200938
92.3695329904592,-83.6974509200968
92.37,-83.6974509200969
92.3795329904592,-83.6974509200998
92.38,-83.6974509201
92.3895329904592,-83.6974509201029
92.39,-83.697450920103
92.3995329904592,-83.697450920106
92.4,-83.6974509201061
92.4095329904592,-83.697450920109
92.41,-83.6974509201092
92.4195329904592,-83.6974509201121
92.42,-83.6974509201122
92.4295329904592,-83.6974509201152
92.43,-83.6974509201153
92.4395329904592,-83.6974509201182
92.44,-83.6974509201184
92.4495329904592,-83.6974509201213
92.45,-83.6974509201214
92.4595329904592,-83.6974509201244
92.46,-83.6974509201245
92.4695329904592,-83.6974509201275
92.47,-83.6974509201276
92.4795329904592,-83.6974509201305
92.48,-83.6974509201307
92.4895329904592,-83.6974509201336
92.49,-83.6974509201337
92.4995329904592,-83.6974509201367
92.5,-83.6974509201368
92.5095329904592,-83.6974509201397
92.51,-83.6974509201399
92.5195329904593,-83.6974509201428
92.52,-83.6974509201429
92.5295329904593,-83.6974509201459
92.53,-83.697450920146
92.5395329904593,-83.697450920149
92.54,-83.6974509201491
92.5495329904593,-83.697450920152
92.55,-83.6974509201522
92.5595329904593,-83.6974509201551
92.56,-83.6974509201552
92.5695329904593,-83.6974509201582
92.57,-83.6974509201583
92.5795329904593,-83.6974509201612
92.58,-83.6974509201614
92.5895329904593,-83.6974509201643
92.59,-83.6974509201645
92.5995329904593,-83.6974509201674
92.6,-83.6974509201675
92.6095329904593,-83.6974509201705
92.61,-83.6974509201706
92.6195329904593,-83.6974509201735
92.62,-83.6974509201737
92.6295329904593,-83.6974509201766
92.63,-83.6974509201768
92.6395329904593,-83.6974509201797
92.64,-83.6974509201798
92.6495329904593,-83.6974509201828
92.65,-83.6974509201829
92.6595329904593,-83.6974509201858
92.66,-83.697450920186
92.6695329904593,-83.6974509201889
92.67,-83.6974509201891
92.6795329904593,-83.697450920192
92.68,-83.6974509201921
92.6895329904593,-83.6974509201951
92.69,-83.6974509201952
92.6995329904593,-83.6974509201981
92.7,-83.6974509201983
92.7095329904594,-83.6974509202012
92.71,-83.6974509202013
92.7195329904594,-83.6974509202043
92.72,-83.6974509202044
92.7295329904594,-83.6974509202074
92.73,-83.6974509202075
92.7395329904594,-83.6974509202104
92.74,-83.6974509202106
92.7495329904594,-83.6974509202135
92.75,-83.6974509202137
92.7595329904594,-83.6974509202166
92.76,-83.6974509202168
92.7695329904594,-83.6974509202197
92.77,-83.6974509202198
92.7795329904594,-83.6974509202227
92.78,-83.6974509202229
92.7895329904594,-83.6974509202258
92.79,-83.697450920226
92.7995329904594,-83.6974509202289
92.8,-83.697450920229
92.8095329904594,-83.697450920232
92.81,-83.6974509202321
92.8195329904594,-83.6974509202351
92.82,-83.6974509202352
92.8295329904594,-83.6974509202381
92.83,-83.6974509202383
92.8395329904594,-83.6974509202412
92.84,-83.6974509202414
92.8495329904594,-83.6974509202443
92.85,-83.6974509202444
92.8595329904594,-83.6974509202474
92.86,-83.6974509202475
92.8695329904594,-83.6974509202505
92.87,-83.6974509202506
92.8795329904594,-83.6974509202535
92.88,-83.6974509202537
92.8895329904594,-83.6974509202566
92.89,-83.6974509202568
92.8995329904594,-83.6974509202597
92.9,-83.6974509202599
92.9095329904595,-83.6974509202628
92.91,-83.6974509202629
92.9195329904595,-83.6974509202659
92.92,-83.697450920266
92.9295329904595,-83.6974509202689
92.93,-83.6974509202691
92.9395329904595,-83.697450920272
92.94,-83.6974509202722
92.9495329904595,-83.6974509202751
92.95,-83.6974509202753
92.9595329904595,-83.6974509202782
92.96,-83.6974509202783
92.9695329904595,-83.6974509202813
92.97,-83.6974509202814
92.9795329904595,-83.6974509202844
92.98,-83.6974509202845
92.9895329904595,-83.6974509202874
92.99,-83.6974509202876
92.9995329904595,-83.6974509202905
93,-83.6974509202907
93.0095329904595,-83.6974509202936
93.01,-83.6974509202937
93.0195329904595,-83.6974509202967
93.02,-83.6974509202968
93.0295329904595,-83.6974509202998
93.03,-83.6974509202999
93.0395329904595,-83.6974509203029
93.04,-83.697450920303
93.0495329904595,-83.6974509203059
93.05,-83.6974509203061
93.0595329904595,-83.697450920309
93.06,-83.6974509203092
93.0695329904595,-83.6974509203121
93.07,-83.6974509203122
93.0795329904595,-83.6974509203152
93.08,-83.6974509203153
93.0895329904595,-83.6974509203183
93.09,-83.6974509203184
93.0995329904596,-83.6974509203213
93.1,-83.6974509203215
93.1095329904596,-83.6974509203244
93.11,-83.6974509203246
93.1195329904596,-83.6974509203275
93.12,-83.6974509203277
93.1295329904596,-83.6974509203306
93.13,-83.6974509203308
93.1395329904596,-83.6974509203337
93.14,-83.6974509203338
93.1495329904596,-83.6974509203368
93.15,-83.6974509203369
93.1595329904596,-83.6974509203399
93.16,-83.69745092034
93.1695329904596,-83.6974509203429
93.17,-83.6974509203431
93.1795329904596,-83.697450920346
93.18,-83.6974509203462
93.1895329904596,-83.6974509203491
93.19,-83.6974509203493
93.1995329904596,-83.6974509203522
93.2,-83.6974509203524
93.2095329904596,-83.6974509203553
93.21,-83.6974509203554
93.2195329904596,-83.6974509203584
93.22,-83.6974509203585
93.2295329904596,-83.6974509203615
93.23,-83.6974509203616
93.2395329904596,-83.6974509203646
93.24,-83.6974509203647
93.2495329904596,-83.6974509203676
93.25,-83.6974509203678
93.2595329904596,-83.6974509203707
93.26,-83.6974509203709
93.2695329904596,-83.6974509203738
93.27,-83.697450920374
93.2795329904596,-83.6974509203769
93.28,-83.6974509203771
93.2895329904596,-83.69745092038
93.29,-83.6974509203801
93.2995329904597,-83.6974509203831
93.3,-83.6974509203832
93.3095329904597,-83.6974509203862
93.31,-83.6974509203863
93.3195329904597,-83.6974509203893
93.32,-83.6974509203894
93.3295329904597,-83.6974509203923
93.33,-83.6974509203925
93.3395329904597,-83.6974509203954
93.34,-83.6974509203956
93.3495329904597,-83.6974509203985
93.35,-83.6974509203987
93.3595329904597,-83.6974509204016
93.36,-83.6974509204017
93.3695329904597,-83.6974509204047
93.37,-83.6974509204048
93.3795329904597,-83.6974509204078
93.38,-83.6974509204079
93.3895329904597,-83.6974509204109
93.39,-83.697450920411
93.3995329904597,-83.697450920414
93.4,-83.6974509204141
93.4095329904597,-83.6974509204171
93.41,-83.6974509204172
93.4195329904597,-83.6974509204202
93.42,-83.6974509204203
93.4295329904597,-83.6974509204232
93.43,-83.6974509204234
93.4395329904597,-83.6974509204263
93.44,-83.6974509204265
93.4495329904597,-83.6974509204294
93.45,-83.6974509204296
93.4595329904597,-83.6974509204325
93.46,-83.6974509204327
93.4695329904597,-83.6974509204356
93.47,-83.6974509204358
93.4795329904597,-83.6974509204387
93.48,-83.6974509204389
93.4895329904598,-83.6974509204418
93.49,-83.6974509204419
93.4995329904598,-83.6974509204449
93.5,-83.697450920445
93.5095329904598,-83.697450920448
93.51,-83.6974509204481
93.5195329904598,-83.6974509204511
93.52,-83.6974509204512
93.5295329904598,-83.6974509204542
93.53,-83.6974509204543
93.5395329904598,-83.6974509204573
93.54,-83.6974509204574
93.5495329904598,-83.6974509204604
93.55,-83.6974509204605
93.5595329904598,-83.6974509204635
93.56,-83.6974509204636
93.5695329904598,-83.6974509204666
93.57,-83.6974509204667
93.5795329904598,-83.6974509204696
93.58,-83.6974509204698
93.5895329904598,-83.6974509204727
93.59,-83.6974509204729
93.5995329904598,-83.6974509204758
93.6,-83.697450920476
93.6095329904598,-83.6974509204789
93.61,-83.6974509204791
93.6195329904598,-83.697450920482
93.62,-83.6974509204822
93.6295329904598,-83.6974509204851
93.63,-83.6974509204853
93.6395329904598,-83.6974509204882
93.64,-83.6974509204884
93.6495329904598,-83.6974509204913
93.65,-83.6974509204914
93.6595329904598,-83.6974509204944
93.66,-83.6974509204945
93.6695329904598,-83.6974509204975
93.67,-83.6974509204976
93.6795329904598,-83.6974509205006
93.68,-83.6974509205007
93.6895329904599,-83.6974509205037
93.69,-83.6974509205038
93.6995329904599,-83.6974509205068
93.7,-83.6974509205069
93.7095329904599,-83.6974509205099
93.71,-83.69745092051
93.7195329904599,-83.697450920513
93.72,-83.6974509205131
93.7295329904599,-83.6974509205161
93.73,-83.6974509205162
93.7395329904599,-83.6974509205192
93.74,-83.6974509205193
93.7495329904599,-83.6974509205223
93.75,-83.6974509205224
93.7595329904599,-83.6974509205254
93.76,-83.6974509205255
93.7695329904599,-83.6974509205285
93.77,-83.6974509205286
93.7795329904599,-83.6974509205316
93.78,-83.6974509205317
93.7895329904599,-83.6974509205347
93.79,-83.6974509205348
93.7995329904599,-83.6974509205378
93.8,-83.6974509205379
93.8095329904599,-83.6974509205409
93.81,-83.697450920541
93.8195329904599,-83.697450920544
93.82,-83.6974509205441
93.8295329904599,-83.6974509205471
93.83,-83.6974509205472
93.8395329904599,-83.6974509205502
93.84,-83.6974509205503
93.8495329904599,-83.6974509205533
93.85,-83.6974509205534
93.8595329904599,-83.6974509205564
93.86,-83.6974509205565
93.8695329904599,-83.6974509205595
93.87,-83.6974509205596
93.8795329904599,-83.6974509205626
93.88,-83.6974509205627
93.88953299046,-83.6974509205657
93.89,-83.6974509205658
93.89953299046,-83.6974509205688
93.9,-83.6974509205689
93.90953299046,-83.6974509205719
93.91,-83.697450920572
93.91953299046,-83.697450920575
93.92,-83.6974509205751
93.92953299046,-83.6974509205781
93.93,-83.6974509205782
93.93953299046,-83.6974509205812
93.94,-83.6974509205813
93.94953299046,-83.6974509205843
93.95,-83.6974509205844
93.95953299046,-83.6974509205874
93.96,-83.6974509205875
93.96953299046,-83.6974509205905
93.97,-83.6974509205906
93.97953299046,-83.6974509205936
93.98,-83.6974509205937
93.98953299046,-83.6974509205967
93.99,-83.6974509205968
93.99953299046,-83.6974509205998
94,-83.6974509205999
94.00953299046,-83.6974509206029
94.01,-83.697450920603
94.01953299046,-83.697450920606
94.02,-83.6974509206061
94.02953299046,-83.6974509206091
94.03,-83.6974509206092
94.03953299046,-83.6974509206122
94.04,-83.6974509206123
94.04953299046,-83.6974509206153
94.05,-83.6974509206155
94.05953299046,-83.6974509206184
94.06,-83.6974509206186
94.06953299046,-83.6974509206215
94.07,-83.6974509206217
94.0795329904601,-83.6974509206246
94.08,-83.6974509206248
94.0895329904601,-83.6974509206277
94.09,-83.6974509206279
94.0995329904601,-83.6974509206308
94.1,-83.697450920631
94.1095329904601,-83.6974509206339
94.11,-83.6974509206341
94.1195329904601,-83.697450920637
94.12,-83.6974509206372
94.1295329904601,-83.6974509206401
94.13,-83.6974509206403
94.1395329904601,-83.6974509206432
94.14,-83.6974509206434
94.1495329904601,-83.6974509206463
94.15,-83.6974509206465
94.1595329904601,-83.6974509206495
94.16,-83.6974509206496
94.1695329904601,-83.6974509206526
94.17,-83.6974509206527
94.1795329904601,-83.6974509206557
94.18,-83.6974509206558
94.1895329904601,-83.6974509206588
94.19,-83.6974509206589
94.1995329904601,-83.6974509206619
94.2,-83.697450920662
94.2095329904601,-83.697450920665
94.21,-83.6974509206651
94.2195329904601,-83.6974509206681
94.22,-83.6974509206682
94.2295329904601,-83.6974509206712
94.23,-83.6974509206714
94.2395329904601,-83.6974509206743
94.24,-83.6974509206745
94.2495329904601,-83.6974509206774
94.25,-83.6974509206776
94.2595329904601,-83.6974509206805
94.26,-83.6974509206807
94.2695329904601,-83.6974509206836
94.27,-83.6974509206838
94.2795329904602,-83.6974509206868
94.28,-83.6974509206869
94.2895329904602,-83.6974509206899
94.29,-83.69745092069
94.2995329904602,-83.697450920693
94.3,-83.6974509206931
94.3095329904602,-83.6974509206961
94.31,-83.6974509206962
94.3195329904602,-83.6974509206992
94.32,-83.6974509206993
94.3295329904602,-83.6974509207023
94.33,-83.6974509207024
94.3395329904602,-83.6974509207054
94.34,-83.6974509207055
94.3495329904602,-83.6974509207085
94.35,-83.6974509207087
94.3595329904602,-83.6974509207116
94.36,-83.6974509207118
94.3695329904602,-83.6974509207147
94.37,-83.6974509207149
94.3795329904602,-83.6974509207179
94.38,-83.697450920718
94.3895329904602,-83.697450920721
94.39,-83.6974509207211
94.3995329904602,-83.6974509207241
94.4,-83.6974509207242
94.4095329904602,-83.6974509207272
94.41,-83.6974509207273
94.4195329904602,-83.6974509207303
94.42,-83.6974509207304
94.4295329904602,-83.6974509207334
94.43,-83.6974509207335
94.4395329904602,-83.6974509207365
94.44,-83.6974509207367
94.4495329904602,-83.6974509207396
94.45,-83.6974509207398
94.4595329904602,-83.6974509207428
94.46,-83.6974509207429
94.4695329904603,-83.6974509207459
94.47,-83.697450920746
94.4795329904603,-83.697450920749
94.48,-83.6974509207491
94.4895329904603,-83.6974509207521
94.49,-83.6974509207522
94.4995329904603,-83.6974509207552
94.5,-83.6974509207553
94.5095329904603,-83.6974509207583
94.51,-83.6974509207585
94.5195329904603,-83.6974509207614
94.52,-83.6974509207616
94.5295329904603,-83.6974509207645
94.53,-83.6974509207647
94.5395329904603,-83.6974509207677
94.54,-83.6974509207678
94.5495329904603,-83.6974509207708
94.55,-83.6974509207709
94.5595329904603,-83.6974509207739
94.56,-83.697450920774
94.5695329904603,-83.697450920777
94.57,-83.6974509207771
94.5795329904603,-83.6974509207801
94.58,-83.6974509207803
94.5895329904603,-83.6974509207832
94.59,-83.6974509207834
94.5995329904603,-83.6974509207863
94.6,-83.6974509207865
94.6095329904603,-83.6974509207894
94.61,-83.6974509207896
94.6195329904603,-83.6974509207926
94.62,-83.6974509207927
94.6295329904603,-83.6974509207957
94.63,-83.6974509207958
94.6395329904603,-83.6974509207988
94.64,-83.6974509207989
94.6495329904603,-83.6974509208019
94.65,-83.6974509208021
94.6595329904603,-83.697450920805
94.66,-83.6974509208052
94.6695329904604,-83.6974509208082
94.67,-83.6974509208083
94.6795329904604,-83.6974509208113
94.68,-83.6974509208114
94.6895329904604,-83.6974509208144
94.69,-83.6974509208145
94.6995329904604,-83.6974509208175
94.7,-83.6974509208176
94.7095329904604,-83.6974509208206
94.71,-83.6974509208208
94.7195329904604,-83.6974509208237
94.72,-83.6974509208239
94.7295329904604,-83.6974509208269
94.73,-83.697450920827
94.7395329904604,-83.69745092083
94.74,-83.6974509208301
94.7495329904604,-83.6974509208331
94.75,-83.6974509208332
94.7595329904604,-83.6974509208362
94.76,-83.6974509208364
94.7695329904604,-83.6974509208393
94.77,-83.6974509208395
94.7795329904604,-83.6974509208424
94.78,-83.6974509208426
94.7895329904604,-83.6974509208456
94.79,-83.6974509208457
94.7995329904604,-83.6974509208487
94.8,-83.6974509208488
94.8095329904604,-83.6974509208518
94.81,-83.6974509208519
94.8195329904604,-83.6974509208549
94.82,-83.6974509208551
94.8295329904604,-83.697450920858
94.83,-83.6974509208582
94.8395329904604,-83.6974509208612
94.84,-83.6974509208613
94.8495329904604,-83.6974509208643
94.85,-83.6974509208644
94.8595329904605,-83.6974509208674
94.86,-83.6974509208676
94.8695329904605,-83.6974509208705
94.87,-83.6974509208707
94.8795329904605,-83.6974509208736
94.88,-83.6974509208738
94.8895329904605,-83.6974509208768
94.89,-83.6974509208769
94.8995329904605,-83.6974509208799
94.9,-83.69745092088
94.9095329904605,-83.697450920883
94.91,-83.6974509208832
94.9195329904605,-83.6974509208861
94.92,-83.6974509208863
94.9295329904605,-83.6974509208892
94.93,-83.6974509208894
94.9395329904605,-83.6974509208924
94.94,-83.6974509208925
94.9495329904605,-83.6974509208955
94.95,-83.6974509208956
94.9595329904605,-83.6974509208986
94.96,-83.6974509208988
94.9695329904605,-83.6974509209017
94.97,-83.6974509209019
94.9795329904605,-83.6974509209049
94.98,-83.697450920905
94.9895329904605,-83.697450920908
94.99,-83.6974509209081
94.9995329904605,-83.6974509209111
95,-83.6974509209113
95.0095329904605,-83.6974509209142
95.01,-83.6974509209144
95.0195329904605,-83.6974509209173
95.02,-83.6974509209175
95.0295329904605,-83.6974509209205
95.03,-83.6974509209206
95.0395329904605,-83.6974509209236
95.04,-83.6974509209237
95.0495329904605,-83.6974509209267
95.05,-83.6974509209269
95.0595329904606,-83.6974509209299
95.06,-83.69745092093
95.0695329904606,-83.697450920933
95.07,-83.6974509209331
95.0795329904606,-83.6974509209361
95.08,-83.6974509209362
95.0895329904606,-83.6974509209392
95.09,-83.6974509209394
95.0995329904606,-83.6974509209423
95.1,-83.6974509209425
95.1095329904606,-83.6974509209455
95.11,-83.6974509209456
95.1195329904606,-83.6974509209486
95.12,-83.6974509209487
95.1295329904606,-83.6974509209517
95.13,-83.6974509209519
95.1395329904606,-83.6974509209549
95.14,-83.697450920955
95.1495329904606,-83.697450920958
95.15,-83.6974509209581
95.1595329904606,-83.6974509209611
95.16,-83.6974509209612
95.1695329904606,-83.6974509209642
95.17,-83.6974509209644
95.1795329904606,-83.6974509209674
95.18,-83.6974509209675
95.1895329904606,-83.6974509209705
95.19,-83.6974509209706
95.1995329904606,-83.6974509209736
95.2,-83.6974509209738
95.2095329904606,-83.6974509209767
95.21,-83.6974509209769
95.2195329904606,-83.6974509209799
95.22,-83.69745092098
95.2295329904606,-83.697450920983
95.23,-83.6974509209831
95.2395329904606,-83.6974509209861
95.24,-83.6974509209863
95.2495329904607,-83.6974509209893
95.25,-83.6974509209894
95.2595329904607,-83.6974509209924
95.26,-83.6974509209925
95.2695329904607,-83.6974509209955
95.27,-83.6974509209956
95.2795329904607,-83.6974509209986
95.28,-83.6974509209988
95.2895329904607,-83.6974509210018
95.29,-83.6974509210019
95.2995329904607,-83.6974509210049
95.3,-83.697450921005
95.3095329904607,-83.697450921008
95.31,-83.6974509210082
95.3195329904607,-83.6974509210112
95.32,-83.6974509210113
95.3295329904607,-83.6974509210143
95.33,-83.6974509210144
95.3395329904607,-83.6974509210174
95.34,-83.6974509210176
95.3495329904607,-83.6974509210205
95.35,-83.6974509210207
95.3595329904607,-83.6974509210237
95.36,-83.6974509210238
95.3695329904607,-83.6974509210268
95.37,-83.6974509210269
95.3795329904607,-83.6974509210299
95.38,-83.6974509210301
95.3895329904607,-83.6974509210331
95.39,-83.6974509210332
95.3995329904607,-83.6974509210362
95.4,-83.6974509210363
95.4095329904607,-83.6974509210393
95.41,-83.6974509210395
95.4195329904607,-83.6974509210425
95.42,-83.6974509210426
95.4295329904607,-83.6974509210456
95.43,-83.6974509210457
95.4395329904607,-83.6974509210487
95.44,-83.6974509210489
95.4495329904608,-83.6974509210518
95.45,-83.697450921052
95.4595329904608,-83.697450921055
95.46,-83.6974509210551
95.4695329904608,-83.6974509210581
95.47,-83.6974509210583
95.4795329904608,-83.6974509210612
95.48,-83.6974509210614
95.4895329904608,-83.6974509210644
95.49,-83.6974509210645
95.4995329904608,-83.6974509210675
95.5,-83.6974509210677
95.5095329904608,-83.6974509210707
95.51,-83.6974509210708
95.5195329904608,-83.6974509210738
95.52,-83.6974509210739
95.5295329904608,-83.6974509210769
95.53,-83.6974509210771
95.5395329904608,-83.69745092108
95.54,-83.6974509210802
95.5495329904608,-83.6974509210832
95.55,-83.6974509210833
95.5595329904608,-83.6974509210863
95.56,-83.6974509210865
95.5695329904608,-83.6974509210895
95.57,-83.6974509210896
95.5795329904608,-83.6974509210926
95.58,-83.6974509210927
95.5895329904608,-83.6974509210957
95.59,-83.6974509210959
95.5995329904608,-83.6974509210988
95.6,-83.697450921099
95.6095329904608,-83.697450921102
95.61,-83.6974509211021
95.6195329904608,-83.6974509211051
95.62,-83.6974509211053
95.6295329904608,-83.6974509211083
95.63,-83.6974509211084
95.6395329904609,-83.6974509211114
95.64,-83.6974509211115
95.6495329904609,-83.6974509211145
95.65,-83.6974509211147
95.6595329904609,-83.6974509211177
95.66,-83.6974509211178
95.6695329904609,-83.6974509211208
95.67,-83.6974509211209
95.6795329904609,-83.6974509211239
95.68,-83.6974509211241
95.6895329904609,-83.6974509211271
95.69,-83.6974509211272
95.6995329904609,-83.6974509211302
95.7,-83.6974509211304
95.7095329904609,-83.6974509211334
95.71,-83.6974509211335
95.7195329904609,-83.6974509211365
95.72,-83.6974509211366
95.7295329904609,-83.6974509211396
95.73,-83.6974509211398
95.7395329904609,-83.6974509211428
95.74,-83.6974509211429
95.7495329904609,-83.6974509211459
95.75,-83.6974509211461
95.7595329904609,-83.697450921149
95.76,-83.6974509211492
95.7695329904609,-83.6974509211522
95.77,-83.6974509211523
95.7795329904609,-83.6974509211553
95.78,-83.6974509211555
95.7895329904609,-83.6974509211585
95.79,-83.6974509211586
95.7995329904609,-83.6974509211616
95.8,-83.6974509211617
95.8095329904609,-83.6974509211647
95.81,-83.6974509211649
95.8195329904609,-83.6974509211679
95.82,-83.697450921168
95.8295329904609,-83.697450921171
95.83,-83.6974509211712
95.839532990461,-83.6974509211742
95.84,-83.6974509211743
95.849532990461,-83.6974509211773
95.85,-83.6974509211774
95.859532990461,-83.6974509211804
95.86,-83.6974509211806
95.869532990461,-83.6974509211836
95.87,-83.6974509211837
95.879532990461,-83.6974509211867
95.88,-83.6974509211869
95.889532990461,-83.6974509211899
95.89,-83.69745092119
95.899532990461,-83.697450921193
95.9,-83.6974509211931
95.909532990461,-83.6974509211961
95.91,-83.6974509211963
95.919532990461,-83.6974509211993
95.92,-83.6974509211994
95.929532990461,-83.6974509212024
95.93,-83.6974509212026
95.939532990461,-83.6974509212056
95.94,-83.6974509212057
95.949532990461,-83.6974509212087
95.95,-83.6974509212089
95.959532990461,-83.6974509212118
95.96,-83.697450921212
95.969532990461,-83.697450921215
95.97,-83.6974509212151
95.979532990461,-83.6974509212181
95.98,-83.6974509212183
95.989532990461,-83.6974509212213
95.99,-83.6974509212214
95.999532990461,-83.6974509212244
96,-83.6974509212246
96.009532990461,-83.6974509212276
96.01,-83.6974509212277
96.019532990461,-83.6974509212307
96.02,-83.6974509212309
96.029532990461,-83.6974509212339
96.03,-83.697450921234
96.0395329904611,-83.697450921237
96.04,-83.6974509212371
96.0495329904611,-83.6974509212401
96.05,-83.6974509212403
96.0595329904611,-83.6974509212433
96.06,-83.6974509212434
96.0695329904611,-83.6974509212464
96.07,-83.6974509212466
96.0795329904611,-83.6974509212496
96.08,-83.6974509212497
96.0895329904611,-83.6974509212527
96.09,-83.6974509212529
96.0995329904611,-83.6974509212559
96.1,-83.697450921256
96.1095329904611,-83.697450921259
96.11,-83.6974509212591
96.1195329904611,-83.6974509212621
96.12,-83.6974509212623
96.1295329904611,-83.6974509212653
96.13,-83.6974509212654
96.1395329904611,-83.6974509212684
96.14,-83.6974509212686
96.1495329904611,-83.6974509212716
96.15,-83.6974509212717
96.1595329904611,-83.6974509212747
96.16,-83.6974509212749
96.1695329904611,-83.6974509212779
96.17,-83.697450921278
96.1795329904611,-83.697450921281
96.18,-83.6974509212812
96.1895329904611,-83.6974509212842
96.19,-83.6974509212843
96.1995329904611,-83.6974509212873
96.2,-83.6974509212875
96.2095329904611,-83.6974509212905
96.21,-83.6974509212906
96.2195329904611,-83.6974509212936
96.22,-83.6974509212938
96.2295329904612,-83.6974509212967
96.23,-83.6974509212969
96.2395329904612,-83.6974509212999
96.24,-83.6974509213
96.2495329904612,-83.697450921303
96.25,-83.6974509213032
96.2595329904612,-83.6974509213062
96.26,-83.6974509213063
96.2695329904612,-83.6974509213093
96.27,-83.6974509213095
96.2795329904612,-83.6974509213125
96.28,-83.6974509213126
96.2895329904612,-83.6974509213156
96.29,-83.6974509213158
96.2995329904612,-83.6974509213188
96.3,-83.6974509213189
96.3095329904612,-83.6974509213219
96.31,-83.6974509213221
96.3195329904612,-83.6974509213251
96.32,-83.6974509213252
96.3295329904612,-83.6974509213282
96.33,-83.6974509213284
96.3395329904612,-83.6974509213314
96.34,-83.6974509213315
96.3495329904612,-83.6974509213345
96.35,-83.6974509213347
96.3595329904612,-83.6974509213377
96.36,-83.6974509213378
96.3695329904612,-83.6974509213408
96.37,-83.697450921341
96.3795329904612,-83.697450921344
96.38,-83.6974509213441
96.3895329904612,-83.6974509213471
96.39,-83.6974509213473
96.3995329904612,-83.6974509213503
96.4,-83.6974509213504
96.4095329904612,-83.6974509213534
96.41,-83.6974509213536
96.4195329904612,-83.6974509213566
96.42,-83.6974509213567
96.4295329904613,-83.6974509213597
96.43,-83.6974509213599
96.4395329904613,-83.6974509213629
96.44,-83.697450921363
96.4495329904613,-83.697450921366
96.45,-83.6974509213662
96.4595329904613,-83.6974509213692
96.46,-83.6974509213693
96.4695329904613,-83.6974509213724
96.47,-83.6974509213725
96.4795329904613,-83.6974509213755
96.48,-83.6974509213756
96.4895329904613,-83.6974509213787
96.49,-83.6974509213788
96.4995329904613,-83.6974509213818
96.5,-83.6974509213819
96.5095329904613,-83.697450921385
96.51,-83.6974509213851
96.5195329904613,-83.6974509213881
96.52,-83.6974509213883
96.5295329904613,-83.6974509213913
96.53,-83.6974509213914
96.5395329904613,-83.6974509213944
96.54,-83.6974509213946
96.5495329904613,-83.6974509213976
96.55,-83.6974509213977
96.5595329904613,-83.6974509214007
96.56,-83.6974509214009
96.5695329904613,-83.6974509214039
96.57,-83.697450921404
96.5795329904613,-83.697450921407
96.58,-83.6974509214072
96.5895329904613,-83.6974509214102
96.59,-83.6974509214103
96.5995329904613,-83.6974509214133
96.6,-83.6974509214135
96.6095329904613,-83.6974509214165
96.61,-83.6974509214166
96.6195329904614,-83.6974509214196
96.62,-83.6974509214198
96.6295329904614,-83.6974509214228
96.63,-83.697450921423
96.6395329904614,-83.697450921426
96.64,-83.6974509214261
96.6495329904614,-83.6974509214291
96.65,-83.6974509214293
96.6595329904614,-83.6974509214323
96.66,-83.6974509214324
96.6695329904614,-83.6974509214354
96.67,-83.6974509214356
96.6795329904614,-83.6974509214386
96.68,-83.6974509214387
96.6895329904614,-83.6974509214417
96.69,-83.6974509214419
96.6995329904614,-83.6974509214449
96.7,-83.697450921445
96.7095329904614,-83.697450921448
96.71,-83.6974509214482
96.7195329904614,-83.6974509214512
96.72,-83.6974509214513
96.7295329904614,-83.6974509214543
96.73,-83.6974509214545
96.7395329904614,-83.6974509214575
96.74,-83.6974509214577
96.7495329904614,-83.6974509214607
96.75,-83.6974509214608
96.7595329904614,-83.6974509214638
96.76,-83.697450921464
96.7695329904614,-83.697450921467
96.77,-83.6974509214671
96.7795329904614,-83.6974509214701
96.78,-83.6974509214703
96.7895329904614,-83.6974509214733
96.79,-83.6974509214734
96.7995329904614,-83.6974509214765
96.8,-83.6974509214766
96.8095329904614,-83.6974509214796
96.81,-83.6974509214798
96.8195329904615,-83.6974509214828
96.82,-83.6974509214829
96.8295329904615,-83.6974509214859
96.83,-83.6974509214861
96.8395329904615,-83.6974509214891
96.84,-83.6974509214892
96.8495329904615,-83.6974509214922
96.85,-83.6974509214924
96.8595329904615,-83.6974509214954
96.86,-83.6974509214956
96.8695329904615,-83.6974509214986
96.87,-83.6974509214987
96.8795329904615,-83.6974509215017
96.88,-83.6974509215019
96.8895329904615,-83.6974509215049
96.89,-83.697450921505
96.8995329904615,-83.6974509215081
96.9,-83.6974509215082
96.9095329904615,-83.6974509215112
96.91,-83.6974509215114
96.9195329904615,-83.6974509215144
96.92,-83.6974509215145
96.9295329904615,-83.6974509215175
96.93,-83.6974509215177
96.9395329904615,-83.6974509215207
96.94,-83.6974509215208
96.9495329904615,-83.6974509215239
96.95,-83.697450921524
96.9595329904615,-83.697450921527
96.96,-83.6974509215272
96.9695329904615,-83.6974509215302
96.97,-83.6974509215303
96.9795329904615,-83.6974509215333
96.98,-83.6974509215335
96.9895329904615,-83.6974509215365
96.99,-83.6974509215367
96.9995329904615,-83.6974509215397
97,-83.6974509215398
97.0095329904616,-83.6974509215428
97.01,-83.697450921543
97.0195329904616,-83.697450921546
97.02,-83.6974509215461
97.0295329904616,-83.6974509215491
97.03,-83.6974509215493
97.0395329904616,-83.6974509215523
97.04,-83.6974509215525
97.0495329904616,-83.6974509215555
97.05,-83.6974509215556
97.0595329904616,-83.6974509215586
97.06,-83.6974509215588
97.0695329904616,-83.6974509215618
97.07,-83.6974509215619
97.0795329904616,-83.697450921565
97.08,-83.6974509215651
97.0895329904616,-83.6974509215681
97.09,-83.6974509215683
97.0995329904616,-83.6974509215713
97.1,-83.6974509215714
97.1095329904616,-83.6974509215744
97.11,-83.6974509215746
97.1195329904616,-83.6974509215776
97.12,-83.6974509215778
97.1295329904616,-83.6974509215808
97.13,-83.6974509215809
97.1395329904616,-83.697450921584
97.14,-83.6974509215841
97.1495329904616,-83.6974509215871
97.15,-83.6974509215873
97.1595329904616,-83.6974509215903
97.16,-83.6974509215904
97.1695329904616,-83.6974509215934
97.17,-83.6974509215936
97.1795329904616,-83.6974509215966
97.18,-83.6974509215968
97.1895329904616,-83.6974509215998
97.19,-83.6974509215999
97.1995329904616,-83.6974509216029
97.2,-83.6974509216031
97.2095329904617,-83.6974509216061
97.21,-83.6974509216063
97.2195329904617,-83.6974509216093
97.22,-83.6974509216094
97.2295329904617,-83.6974509216124
97.23,-83.6974509216126
97.2395329904617,-83.6974509216156
97.24,-83.6974509216157
97.2495329904617,-83.6974509216188
97.25,-83.6974509216189
97.2595329904617,-83.6974509216219
97.26,-83.6974509216221
97.2695329904617,-83.6974509216251
97.27,-83.6974509216252
97.2795329904617,-83.6974509216283
97.28,-83.6974509216284
97.2895329904617,-83.6974509216314
97.29,-83.6974509216316
97.2995329904617,-83.6974509216346
97.3,-83.6974509216348
97.3095329904617,-83.6974509216378
97.31,-83.6974509216379
97.3195329904617,-83.6974509216409
97.32,-83.6974509216411
97.3295329904617,-83.6974509216441
97.33,-83.6974509216443
97.3395329904617,-83.6974509216473
97.34,-83.6974509216474
97.3495329904617,-83.6974509216505
97.35,-83.6974509216506
97.3595329904617,-83.6974509216536
97.36,-83.6974509216538
97.3695329904617,-83.6974509216568
97.37,-83.6974509216569
97.3795329904617,-83.69745092166
97.38,-83.6974509216601
97.3895329904617,-83.6974509216631
97.39,-83.6974509216633
97.3995329904618,-83.6974509216663
97.4,-83.6974509216664
97.4095329904618,-83.6974509216695
97.41,-83.6974509216696
97.4195329904618,-83.6974509216726
97.42,-83.6974509216728
97.4295329904618,-83.6974509216758
97.43,-83.697450921676
97.4395329904618,-83.697450921679
97.44,-83.6974509216791
97.4495329904618,-83.6974509216821
97.45,-83.6974509216823
97.4595329904618,-83.6974509216853
97.46,-83.6974509216855
97.4695329904618,-83.6974509216885
97.47,-83.6974509216886
97.4795329904618,-83.6974509216917
97.48,-83.6974509216918
97.4895329904618,-83.6974509216948
97.49,-83.697450921695
97.4995329904618,-83.697450921698
97.5,-83.6974509216981
97.5095329904618,-83.6974509217012
97.51,-83.6974509217013
97.5195329904618,-83.6974509217043
97.52,-83.6974509217045
97.5295329904618,-83.6974509217075
97.53,-83.6974509217077
97.5395329904618,-83.6974509217107
97.54,-83.6974509217108
97.5495329904618,-83.6974509217139
97.55,-83.697450921714
97.5595329904618,-83.697450921717
97.56,-83.6974509217172
97.5695329904618,-83.6974509217202
97.57,-83.6974509217203
97.5795329904618,-83.6974509217234
97.58,-83.6974509217235
97.5895329904618,-83.6974509217265
97.59,-83.6974509217267
97.5995329904619,-83.6974509217297
97.6,-83.6974509217299
97.6095329904619,-83.6974509217329
97.61,-83.6974509217331
97.6195329904619,-83.6974509217361
97.62,-83.6974509217362
97.6295329904619,-83.6974509217392
97.63,-83.6974509217394
97.6395329904619,-83.6974509217424
97.64,-83.6974509217426
97.6495329904619,-83.6974509217456
97.65,-83.6974509217457
97.6595329904619,-83.6974509217488
97.66,-83.6974509217489
97.6695329904619,-83.6974509217519
97.67,-83.6974509217521
97.6795329904619,-83.6974509217551
97.68,-83.6974509217553
97.6895329904619,-83.6974509217583
97.69,-83.6974509217584
97.6995329904619,-83.6974509217615
97.7,-83.6974509217616
97.7095329904619,-83.6974509217646
97.71,-83.6974509217648
97.7195329904619,-83.6974509217678
97.72,-83.697450921768
97.7295329904619,-83.697450921771
97.73,-83.6974509217711
97.7395329904619,-83.6974509217742
97.74,-83.6974509217743
97.7495329904619,-83.6974509217773
97.75,-83.6974509217775
97.7595329904619,-83.6974509217805
97.76,-83.6974509217807
97.7695329904619,-83.6974509217837
97.77,-83.6974509217838
97.7795329904619,-83.6974509217869
97.78,-83.697450921787
97.789532990462,-83.69745092179
97.79,-83.6974509217902
97.799532990462,-83.6974509217932
97.8,-83.6974509217934
97.809532990462,-83.6974509217964
97.81,-83.6974509217965
97.819532990462,-83.6974509217996
97.82,-83.6974509217997
97.829532990462,-83.6974509218028
97.83,-83.6974509218029
97.839532990462,-83.6974509218059
97.84,-83.6974509218061
97.849532990462,-83.6974509218091
97.85,-83.6974509218092
97.859532990462,-83.6974509218123
97.86,-83.6974509218124
97.869532990462,-83.6974509218155
97.87,-83.6974509218156
97.879532990462,-83.6974509218186
97.88,-83.6974509218188
97.889532990462,-83.6974509218218
97.89,-83.697450921822
97.899532990462,-83.697450921825
97.9,-83.6974509218251
97.909532990462,-83.6974509218282
97.91,-83.6974509218283
97.919532990462,-83.6974509218314
97.92,-83.6974509218315
97.929532990462,-83.6974509218345
97.93,-83.6974509218347
97.939532990462,-83.6974509218377
97.94,-83.6974509218379
97.949532990462,-83.6974509218409
97.95,-83.697450921841
97.959532990462,-83.6974509218441
97.96,-83.6974509218442
97.969532990462,-83.6974509218472
97.97,-83.6974509218474
97.979532990462,-83.6974509218504
97.98,-83.6974509218506
97.9895329904621,-83.6974509218536
97.99,-83.6974509218538
97.9995329904621,-83.6974509218568
98,-83.6974509218569
98.0095329904621,-83.69745092186
98.01,-83.6974509218601
98.0195329904621,-83.6974509218632
98.02,-83.6974509218633
98.0295329904621,-83.6974509218663
98.03,-83.6974509218665
98.0395329904621,-83.6974509218695
98.04,-83.6974509218697
98.0495329904621,-83.6974509218727
98.05,-83.6974509218728
98.0595329904621,-83.6974509218759
98.06,-83.697450921876
98.0695329904621,-83.6974509218791
98.07,-83.6974509218792
98.0795329904621,-83.6974509218823
98.08,-83.6974509218824
98.0895329904621,-83.6974509218854
98.09,-83.6974509218856
98.0995329904621,-83.6974509218886
98.1,-83.6974509218888
98.1095329904621,-83.6974509218918
98.11,-83.6974509218919
98.1195329904621,-83.697450921895
98.12,-83.6974509218951
98.1295329904621,-83.6974509218982
98.13,-83.6974509218983
98.1395329904621,-83.6974509219013
98.14,-83.6974509219015
98.1495329904621,-83.6974509219045
98.15,-83.6974509219047
98.1595329904621,-83.6974509219077
98.16,-83.6974509219078
98.1695329904621,-83.6974509219109
98.17,-83.697450921911
98.1795329904621,-83.6974509219141
98.18,-83.6974509219142
98.1895329904622,-83.6974509219173
98.19,-83.6974509219174
98.1995329904622,-83.6974509219204
98.2,-83.6974509219206
98.2095329904622,-83.6974509219236
98.21,-83.6974509219238
98.2195329904622,-83.6974509219268
98.22,-83.697450921927
98.2295329904622,-83.69745092193
98.23,-83.6974509219302
98.2395329904622,-83.6974509219332
98.24,-83.6974509219333
98.2495329904622,-83.6974509219364
98.25,-83.6974509219365
98.2595329904622,-83.6974509219395
98.26,-83.6974509219397
98.2695329904622,-83.6974509219427
98.27,-83.6974509219429
98.2795329904622,-83.6974509219459
98.28,-83.6974509219461
98.2895329904622,-83.6974509219491
98.29,-83.6974509219493
98.2995329904622,-83.6974509219523
98.3,-83.6974509219524
98.3095329904622,-83.6974509219555
98.31,-83.6974509219556
98.3195329904622,-83.6974509219587
98.32,-83.6974509219588
98.3295329904622,-83.6974509219619
98.33,-83.697450921962
98.3395329904622,-83.697450921965
98.34,-83.6974509219652
98.3495329904622,-83.6974509219682
98.35,-83.6974509219684
98.3595329904622,-83.6974509219714
98.36,-83.6974509219716
98.3695329904622,-83.6974509219746
98.37,-83.6974509219747
98.3795329904623,-83.6974509219778
98.38,-83.6974509219779
98.3895329904623,-83.697450921981
98.39,-83.6974509219811
98.3995329904623,-83.6974509219842
98.4,-83.6974509219843
98.4095329904623,-83.6974509219874
98.41,-83.6974509219875
98.4195329904623,-83.6974509219905
98.42,-83.6974509219907
98.4295329904623,-83.6974509219937
98.43,-83.6974509219939
98.4395329904623,-83.6974509219969
98.44,-83.6974509219971
98.4495329904623,-83.6974509220001
98.45,-83.6974509220002
98.4595329904623,-83.6974509220033
98.46,-83.6974509220034
98.4695329904623,-83.6974509220065
98.47,-83.6974509220066
98.4795329904623,-83.6974509220097
98.48,-83.6974509220098
98.4895329904623,-83.6974509220129
98.49,-83.697450922013
98.4995329904623,-83.697450922016
98.5,-83.6974509220162
98.5095329904623,-83.6974509220192
98.51,-83.6974509220194
98.5195329904623,-83.6974509220224
98.52,-83.6974509220226
98.5295329904623,-83.6974509220256
98.53,-83.6974509220258
98.5395329904623,-83.6974509220288
98.54,-83.697450922029
98.5495329904623,-83.697450922032
98.55,-83.6974509220321
98.5595329904623,-83.6974509220352
98.56,-83.6974509220353
98.5695329904623,-83.6974509220384
98.57,-83.6974509220385
98.5795329904624,-83.6974509220416
98.58,-83.6974509220417
98.5895329904624,-83.6974509220448
98.59,-83.6974509220449
98.5995329904624,-83.697450922048
98.6,-83.6974509220481
98.6095329904624,-83.6974509220511
98.61,-83.6974509220513
98.6195329904624,-83.6974509220543
98.62,-83.6974509220545
98.6295329904624,-83.6974509220575
98.63,-83.6974509220577
98.6395329904624,-83.6974509220607
98.64,-83.6974509220609
98.6495329904624,-83.6974509220639
98.65,-83.6974509220641
98.6595329904624,-83.6974509220671
98.66,-83.6974509220673
98.6695329904624,-83.6974509220703
98.67,-83.6974509220704
98.6795329904624,-83.6974509220735
98.68,-83.6974509220736
98.6895329904624,-83.6974509220767
98.69,-83.6974509220768
98.6995329904624,-83.6974509220799
98.7,-83.69745092208
98.7095329904624,-83.6974509220831
98.71,-83.6974509220832
98.7195329904624,-83.6974509220863
98.72,-83.6974509220864
98.7295329904624,-83.6974509220895
98.73,-83.6974509220896
98.7395329904624,-83.6974509220927
98.74,-83.6974509220928
98.7495329904624,-83.6974509220958
98.75,-83.697450922096
98.7595329904624,-83.697450922099
98.76,-83.6974509220992
98.7695329904625,-83.6974509221022
98.77,-83.6974509221024
98.7795329904625,-83.6974509221054
98.78,-83.6974509221056
98.7895329904625,-83.6974509221086
98.79,-83.6974509221088
98.7995329904625,-83.6974509221118
98.8,-83.697450922112
98.8095329904625,-83.697450922115
98.81,-83.6974509221152
98.8195329904625,-83.6974509221182
98.82,-83.6974509221184
98.8295329904625,-83.6974509221214
98.83,-83.6974509221216
98.8395329904625,-83.6974509221246
98.84,-83.6974509221247
98.8495329904625,-83.6974509221278
98.85,-83.6974509221279
98.8595329904625,-83.697450922131
98.86,-83.6974509221312
98.8695329904625,-83.6974509221342
98.87,-83.6974509221343
98.8795329904625,-83.6974509221374
98.88,-83.6974509221375
98.8895329904625,-83.6974509221406
98.89,-83.6974509221407
98.8995329904625,-83.6974509221438
98.9,-83.6974509221439
98.9095329904625,-83.697450922147
98.91,-83.6974509221471
98.9195329904625,-83.6974509221502
98.92,-83.6974509221503
98.9295329904625,-83.6974509221534
98.93,-83.6974509221535
98.9395329904625,-83.6974509221566
98.94,-83.6974509221567
98.9495329904625,-83.6974509221598
98.95,-83.6974509221599
98.9595329904625,-83.697450922163
98.96,-83.6974509221631
98.9695329904626,-83.6974509221662
98.97,-83.6974509221663
98.9795329904626,-83.6974509221694
98.98,-83.6974509221695
98.9895329904626,-83.6974509221726
98.99,-83.6974509221727
98.9995329904626,-83.6974509221757
99,-83.6974509221759
99.0095329904626,-83.697450922179
99.01,-83.6974509221791
99.0195329904626,-83.6974509221822
99.02,-83.6974509221823
99.0295329904626,-83.6974509221854
99.03,-83.6974509221855
99.0395329904626,-83.6974509221886
99.04,-83.6974509221887
99.0495329904626,-83.6974509221918
99.05,-83.6974509221919
99.0595329904626,-83.6974509221949
99.06,-83.6974509221951
99.0695329904626,-83.6974509221982
99.07,-83.6974509221983
99.0795329904626,-83.6974509222014
99.08,-83.6974509222015
99.0895329904626,-83.6974509222046
99.09,-83.6974509222047
99.0995329904626,-83.6974509222078
99.1,-83.6974509222079
99.1095329904626,-83.697450922211
99.11,-83.6974509222111
99.1195329904626,-83.6974509222142
99.12,-83.6974509222143
99.1295329904626,-83.6974509222174
99.13,-83.6974509222175
99.1395329904626,-83.6974509222206
99.14,-83.6974509222207
99.1495329904626,-83.6974509222238
99.15,-83.6974509222239
99.1595329904627,-83.697450922227
99.16,-83.6974509222271
99.1695329904627,-83.6974509222302
99.17,-83.6974509222303
99.1795329904627,-83.6974509222334
99.18,-83.6974509222335
99.1895329904627,-83.6974509222366
99.19,-83.6974509222367
99.1995329904627,-83.6974509222398
99.2,-83.6974509222399
99.2095329904627,-83.697450922243
99.21,-83.6974509222431
99.2195329904627,-83.6974509222462
99.22,-83.6974509222463
99.2295329904627,-83.6974509222494
99.23,-83.6974509222495
99.2395329904627,-83.6974509222526
99.24,-83.6974509222527
99.2495329904627,-83.6974509222558
99.25,-83.6974509222559
99.2595329904627,-83.697450922259
99.26,-83.6974509222591
99.2695329904627,-83.6974509222622
99.27,-83.6974509222623
99.2795329904627,-83.6974509222654
99.28,-83.6974509222655
99.2895329904627,-83.6974509222686
99.29,-83.6974509222687
99.2995329904627,-83.6974509222718
99.3,-83.6974509222719
99.3095329904627,-83.697450922275
99.31,-83.6974509222752
99.3195329904627,-83.6974509222782
99.32,-83.6974509222784
99.3295329904627,-83.6974509222814
99.33,-83.6974509222816
99.3395329904627,-83.6974509222846
99.34,-83.6974509222848
99.3495329904627,-83.6974509222878
99.35,-83.697450922288
99.3595329904628,-83.697450922291
99.36,-83.6974509222912
99.3695329904628,-83.6974509222942
99.37,-83.6974509222944
99.3795329904628,-83.6974509222974
99.38,-83.6974509222976
99.3895329904628,-83.6974509223006
99.39,-83.6974509223008
99.3995329904628,-83.6974509223038
99.4,-83.697450922304
99.4095329904628,-83.697450922307
99.41,-83.6974509223072
99.4195329904628,-83.6974509223103
99.42,-83.6974509223104
99.4295329904628,-83.6974509223135
99.43,-83.6974509223136
99.4395329904628,-83.6974509223167
99.44,-83.6974509223168
99.4495329904628,-83.6974509223199
99.45,-83.69745092232
99.4595329904628,-83.6974509223231
99.46,-83.6974509223232
99.4695329904628,-83.6974509223263
99.47,-83.6974509223264
99.4795329904628,-83.6974509223295
99.48,-83.6974509223297
99.4895329904628,-83.6974509223327
99.49,-83.6974509223329
99.4995329904628,-83.6974509223359
99.5,-83.6974509223361
99.5095329904628,-83.6974509223391
99.51,-83.6974509223393
99.5195329904628,-83.6974509223423
99.52,-83.6974509223425
99.5295329904628,-83.6974509223455
99.53,-83.6974509223457
99.5395329904628,-83.6974509223487
99.54,-83.6974509223489
99.5495329904629,-83.697450922352
99.55,-83.6974509223521
99.5595329904629,-83.6974509223552
99.56,-83.6974509223553
99.5695329904629,-83.6974509223584
99.57,-83.6974509223585
99.5795329904629,-83.6974509223616
99.58,-83.6974509223617
99.5895329904629,-83.6974509223648
99.59,-83.6974509223649
99.5995329904629,-83.697450922368
99.6,-83.6974509223681
99.6095329904629,-83.6974509223712
99.61,-83.6974509223714
99.6195329904629,-83.6974509223744
99.62,-83.6974509223746
99.6295329904629,-83.6974509223776
99.63,-83.6974509223778
99.6395329904629,-83.6974509223808
99.64,-83.697450922381
99.6495329904629,-83.697450922384
99.65,-83.6974509223842
99.6595329904629,-83.6974509223873
99.66,-83.6974509223874
99.6695329904629,-83.6974509223905
99.67,-83.6974509223906
99.6795329904629,-83.6974509223937
99.68,-83.6974509223938
99.6895329904629,-83.6974509223969
99.69,-83.697450922397
99.6995329904629,-83.6974509224001
99.7,-83.6974509224003
99.7095329904629,-83.6974509224033
99.71,-83.6974509224034
99.7195329904629,-83.6974509224065
99.72,-83.6974509224067
99.7295329904629,-83.6974509224097
99.73,-83.6974509224099
99.7395329904629,-83.6974509224129
99.74,-83.6974509224131
99.749532990463,-83.6974509224162
99.75,-83.6974509224163
99.759532990463,-83.6974509224194
99.76,-83.6974509224195
99.769532990463,-83.6974509224226
99.77,-83.6974509224227
99.779532990463,-83.6974509224258
99.78,-83.6974509224259
99.789532990463,-83.697450922429
99.79,-83.6974509224292
99.799532990463,-83.6974509224322
99.8,-83.6974509224324
99.809532990463,-83.6974509224354
99.81,-83.6974509224356
99.819532990463,-83.6974509224386
99.82,-83.6974509224388
99.829532990463,-83.6974509224418
99.83,-83.697450922442
99.839532990463,-83.6974509224451
99.84,-83.6974509224452
99.849532990463,-83.6974509224483
99.85,-83.6974509224484
99.859532990463,-83.6974509224515
99.86,-83.6974509224517
99.869532990463,-83.6974509224547
99.87,-83.6974509224548
99.879532990463,-83.6974509224579
99.88,-83.6974509224581
99.889532990463,-83.6974509224611
99.89,-83.6974509224613
99.899532990463,-83.6974509224644
99.9,-83.6974509224645
99.909532990463,-83.6974509224676
99.91,-83.6974509224677
99.919532990463,-83.6974509224708
99.92,-83.6974509224709
99.929532990463,-83.697450922474
99.93,-83.6974509224741
99.9395329904631,-83.6974509224772
99.94,-83.6974509224774
99.9495329904631,-83.6974509224804
99.95,-83.6974509224806
99.9595329904631,-83.6974509224836
99.96,-83.6974509224838
99.9695329904631,-83.6974509224869
99.97,-83.697450922487
99.9795329904631,-83.6974509224901
99.98,-83.6974509224902
99.9895329904631,-83.6974509224933
99.99,-83.6974509224934
99.9995329904631,-83.6974509224965
100,-83.6974509224967
100.009532990463,-83.6974509224997
100.01,-83.6974509224999
100.019532990463,-83.6974509225029
100.02,-83.6974509225031
100.029532990463,-83.6974509225061
100.03,-83.6974509225063
100.039532990463,-83.6974509225094
100.04,-83.6974509225095
100.049532990463,-83.6974509225126
100.05,-83.6974509225127
100.059532990463,-83.6974509225158
100.06,-83.697450922516
100.069532990463,-83.697450922519
100.07,-83.6974509225192
100.079532990463,-83.6974509225222
100.08,-83.6974509225224
100.089532990463,-83.6974509225255
100.09,-83.6974509225256
100.099532990463,-83.6974509225287
100.1,-83.6974509225288
100.109532990463,-83.6974509225319
100.11,-83.6974509225321
100.119532990463,-83.6974509225351
100.12,-83.6974509225353
100.129532990463,-83.6974509225383
100.13,-83.6974509225385
100.139532990463,-83.6974509225415
100.14,-83.6974509225417
100.149532990463,-83.6974509225448
100.15,-83.6974509225449
100.159532990463,-83.697450922548
100.16,-83.6974509225481
100.169532990463,-83.6974509225512
100.17,-83.6974509225514
100.179532990463,-83.6974509225544
100.18,-83.6974509225546
100.189532990463,-83.6974509225576
100.19,-83.6974509225578
100.199532990463,-83.6974509225609
100.2,-83.697450922561
100.209532990463,-83.6974509225641
100.21,-83.6974509225642
100.219532990463,-83.6974509225673
100.22,-83.6974509225675
100.229532990463,-83.6974509225705
100.23,-83.6974509225707
100.239532990463,-83.6974509225737
100.24,-83.6974509225739
100.249532990463,-83.697450922577
100.25,-83.6974509225771
100.259532990463,-83.6974509225802
100.26,-83.6974509225803
100.269532990463,-83.6974509225834
100.27,-83.6974509225836
100.279532990463,-83.6974509225866
100.28,-83.6974509225868
100.289532990463,-83.6974509225899
100.29,-83.69745092259
100.299532990463,-83.6974509225931
100.3,-83.6974509225932
100.309532990463,-83.6974509225963
100.31,-83.6974509225964
100.319532990463,-83.6974509225995
100.32,-83.6974509225997
100.329532990463,-83.6974509226027
100.33,-83.6974509226029
100.339532990463,-83.697450922606
100.34,-83.6974509226061
100.349532990463,-83.6974509226092
100.35,-83.6974509226093
100.359532990463,-83.6974509226124
100.36,-83.6974509226126
100.369532990463,-83.6974509226156
100.37,-83.6974509226158
100.379532990463,-83.6974509226188
100.38,-83.697450922619
100.389532990463,-83.6974509226221
100.39,-83.6974509226222
100.399532990463,-83.6974509226253
100.4,-83.6974509226254
100.409532990463,-83.6974509226285
100.41,-83.6974509226287
100.419532990463,-83.6974509226317
100.42,-83.6974509226319
100.429532990463,-83.697450922635
100.43,-83.6974509226351
100.439532990463,-83.6974509226382
100.44,-83.6974509226383
100.449532990463,-83.6974509226414
100.45,-83.6974509226416
100.459532990463,-83.6974509226446
100.46,-83.6974509226448
100.469532990463,-83.6974509226479
100.47,-83.697450922648
100.479532990463,-83.6974509226511
100.48,-83.6974509226512
100.489532990463,-83.6974509226543
100.49,-83.6974509226545
100.499532990463,-83.6974509226575
100.5,-83.6974509226577
100.509532990463,-83.6974509226608
100.51,-83.6974509226609
100.519532990463,-83.697450922664
100.52,-83.6974509226641
100.529532990463,-83.6974509226672
100.53,-83.6974509226674
100.539532990463,-83.6974509226704
100.54,-83.6974509226706
100.549532990463,-83.6974509226737
100.55,-83.6974509226738
100.559532990463,-83.6974509226769
100.56,-83.697450922677
100.569532990463,-83.6974509226801
100.57,-83.6974509226803
100.579532990463,-83.6974509226833
100.58,-83.6974509226835
100.589532990463,-83.6974509226866
100.59,-83.6974509226867
100.599532990463,-83.6974509226898
100.6,-83.6974509226899
100.609532990463,-83.697450922693
100.61,-83.6974509226932
100.619532990463,-83.6974509226962
100.62,-83.6974509226964
100.629532990463,-83.6974509226995
100.63,-83.6974509226996
100.639532990463,-83.6974509227027
100.64,-83.6974509227028
100.649532990463,-83.6974509227059
100.65,-83.6974509227061
100.659532990463,-83.6974509227092
100.66,-83.6974509227093
100.669532990463,-83.6974509227124
100.67,-83.6974509227125
100.679532990463,-83.6974509227156
100.68,-83.6974509227158
100.689532990463,-83.6974509227188
100.69,-83.697450922719
100.699532990463,-83.6974509227221
100.7,-83.6974509227222
100.709532990463,-83.6974509227253
100.71,-83.6974509227254
100.719532990463,-83.6974509227285
100.72,-83.6974509227287
100.729532990463,-83.6974509227317
100.73,-83.6974509227319
100.739532990463,-83.697450922735
100.74,-83.6974509227351
100.749532990463,-83.6974509227382
100.75,-83.6974509227384
100.759532990463,-83.6974509227414
100.76,-83.6974509227416
100.769532990463,-83.6974509227447
100.77,-83.6974509227448
100.779532990463,-83.6974509227479
100.78,-83.697450922748
100.789532990463,-83.6974509227511
100.79,-83.6974509227513
100.799532990463,-83.6974509227544
100.8,-83.6974509227545
100.809532990463,-83.6974509227576
100.81,-83.6974509227577
100.819532990464,-83.6974509227608
100.82,-83.697450922761
100.829532990464,-83.697450922764
100.83,-83.6974509227642
100.839532990464,-83.6974509227673
100.84,-83.6974509227674
100.849532990464,-83.6974509227705
100.85,-83.6974509227707
100.859532990464,-83.6974509227737
100.86,-83.6974509227739
100.869532990464,-83.697450922777
100.87,-83.6974509227771
100.879532990464,-83.6974509227802
100.88,-83.6974509227803
100.889532990464,-83.6974509227834
100.89,-83.6974509227836
100.899532990464,-83.6974509227867
100.9,-83.6974509227868
100.909532990464,-83.6974509227899
100.91,-83.69745092279
100.919532990464,-83.6974509227931
100.92,-83.6974509227933
100.929532990464,-83.6974509227963
100.93,-83.6974509227965
100.939532990464,-83.6974509227996
100.94,-83.6974509227997
100.949532990464,-83.6974509228028
100.95,-83.697450922803
100.959532990464,-83.6974509228061
100.96,-83.6974509228062
100.969532990464,-83.6974509228093
100.97,-83.6974509228094
100.979532990464,-83.6974509228125
100.98,-83.6974509228127
100.989532990464,-83.6974509228158
100.99,-83.6974509228159
100.999532990464,-83.697450922819
101,-83.6974509228191
101.009532990464,-83.6974509228222
101.01,-83.6974509228224
101.019532990464,-83.6974509228255
101.02,-83.6974509228256
101.029532990464,-83.6974509228287
101.03,-83.6974509228288
101.039532990464,-83.6974509228319
101.04,-83.6974509228321
101.049532990464,-83.6974509228352
101.05,-83.6974509228353
101.059532990464,-83.6974509228384
101.06,-83.6974509228385
101.069532990464,-83.6974509228416
101.07,-83.6974509228418
101.079532990464,-83.6974509228449
101.08,-83.697450922845
101.089532990464,-83.6974509228481
101.09,-83.6974509228482
101.099532990464,-83.6974509228513
101.1,-83.6974509228515
101.109532990464,-83.6974509228546
101.11,-83.6974509228547
101.119532990464,-83.6974509228578
101.12,-83.6974509228579
101.129532990464,-83.697450922861
101.13,-83.6974509228612
101.139532990464,-83.6974509228643
101.14,-83.6974509228644
101.149532990464,-83.6974509228675
101.15,-83.6974509228677
101.159532990464,-83.6974509228707
101.16,-83.6974509228709
101.169532990464,-83.697450922874
101.17,-83.6974509228741
101.179532990464,-83.6974509228772
101.18,-83.6974509228774
101.189532990464,-83.6974509228804
101.19,-83.6974509228806
101.199532990464,-83.6974509228837
101.2,-83.6974509228838
101.209532990464,-83.6974509228869
101.21,-83.6974509228871
101.219532990464,-83.6974509228902
101.22,-83.6974509228903
101.229532990464,-83.6974509228934
101.23,-83.6974509228936
101.239532990464,-83.6974509228966
101.24,-83.6974509228968
101.249532990464,-83.6974509228999
101.25,-83.6974509229
101.259532990464,-83.6974509229031
101.26,-83.6974509229033
101.269532990464,-83.6974509229064
101.27,-83.6974509229065
101.279532990464,-83.6974509229096
101.28,-83.6974509229097
101.289532990464,-83.6974509229128
101.29,-83.697450922913
101.299532990464,-83.6974509229161
101.3,-83.6974509229162
101.309532990464,-83.6974509229193
101.31,-83.6974509229195
101.319532990464,-83.6974509229225
101.32,-83.6974509229227
101.329532990464,-83.6974509229258
101.33,-83.6974509229259
101.339532990464,-83.697450922929
101.34,-83.6974509229292
101.349532990464,-83.6974509229322
101.35,-83.6974509229324
101.359532990464,-83.6974509229355
101.36,-83.6974509229356
101.369532990464,-83.6974509229387
101.37,-83.6974509229389
101.379532990464,-83.697450922942
101.38,-83.6974509229421
101.389532990464,-83.6974509229452
101.39,-83.6974509229454
101.399532990464,-83.6974509229484
101.4,-83.6974509229486
101.409532990464,-83.6974509229517
101.41,-83.6974509229518
101.419532990464,-83.6974509229549
101.42,-83.6974509229551
101.429532990464,-83.6974509229582
101.43,-83.6974509229583
101.439532990464,-83.6974509229614
101.44,-83.6974509229616
101.449532990464,-83.6974509229647
101.45,-83.6974509229648
101.459532990464,-83.6974509229679
101.46,-83.6974509229681
101.469532990464,-83.6974509229711
101.47,-83.6974509229713
101.479532990464,-83.6974509229744
101.48,-83.6974509229745
101.489532990464,-83.6974509229776
101.49,-83.6974509229778
101.499532990464,-83.6974509229809
101.5,-83.697450922981
101.509532990464,-83.6974509229841
101.51,-83.6974509229843
101.519532990464,-83.6974509229874
101.52,-83.6974509229875
101.529532990464,-83.6974509229906
101.53,-83.6974509229907
101.539532990464,-83.6974509229938
101.54,-83.697450922994
101.549532990464,-83.6974509229971
101.55,-83.6974509229972
101.559532990464,-83.6974509230003
101.56,-83.6974509230005
101.569532990464,-83.6974509230036
101.57,-83.6974509230037
101.579532990464,-83.6974509230068
101.58,-83.697450923007
101.589532990464,-83.6974509230101
101.59,-83.6974509230102
101.599532990464,-83.6974509230133
101.6,-83.6974509230134
101.609532990464,-83.6974509230165
101.61,-83.6974509230167
101.619532990464,-83.6974509230198
101.62,-83.6974509230199
101.629532990464,-83.697450923023
101.63,-83.6974509230232
101.639532990464,-83.6974509230263
101.64,-83.6974509230264
101.649532990464,-83.6974509230295
101.65,-83.6974509230296
101.659532990464,-83.6974509230327
101.66,-83.6974509230329
101.669532990464,-83.697450923036
101.67,-83.6974509230361
101.679532990464,-83.6974509230392
101.68,-83.6974509230394
101.689532990464,-83.6974509230425
101.69,-83.6974509230426
101.699532990464,-83.6974509230457
101.7,-83.6974509230459
101.709532990464,-83.697450923049
101.71,-83.6974509230491
101.719532990464,-83.6974509230522
101.72,-83.6974509230524
101.729532990464,-83.6974509230555
101.73,-83.6974509230556
101.739532990464,-83.6974509230587
101.74,-83.6974509230589
101.749532990464,-83.697450923062
101.75,-83.6974509230621
101.759532990464,-83.6974509230652
101.76,-83.6974509230653
101.769532990464,-83.6974509230684
101.77,-83.6974509230686
101.779532990464,-83.6974509230717
101.78,-83.6974509230719
101.789532990464,-83.6974509230749
101.79,-83.6974509230751
101.799532990464,-83.6974509230782
101.8,-83.6974509230783
101.809532990464,-83.6974509230814
101.81,-83.6974509230816
101.819532990464,-83.6974509230847
101.82,-83.6974509230848
101.829532990464,-83.6974509230879
101.83,-83.6974509230881
101.839532990464,-83.6974509230912
101.84,-83.6974509230913
101.849532990464,-83.6974509230944
101.85,-83.6974509230946
101.859532990464,-83.6974509230977
101.86,-83.6974509230978
101.869532990464,-83.6974509231009
101.87,-83.6974509231011
101.879532990464,-83.6974509231042
101.88,-83.6974509231043
101.889532990464,-83.6974509231074
101.89,-83.6974509231076
101.899532990464,-83.6974509231107
101.9,-83.6974509231108
101.909532990464,-83.6974509231139
101.91,-83.6974509231141
101.919532990464,-83.6974509231172
101.92,-83.6974509231173
101.929532990464,-83.6974509231204
101.93,-83.6974509231206
101.939532990464,-83.6974509231237
101.94,-83.6974509231238
101.949532990464,-83.6974509231269
101.95,-83.6974509231271
101.959532990464,-83.6974509231302
101.96,-83.6974509231303
101.969532990464,-83.6974509231334
101.97,-83.6974509231336
101.979532990464,-83.6974509231367
101.98,-83.6974509231368
101.989532990464,-83.6974509231399
101.99,-83.6974509231401
101.999532990464,-83.6974509231432
102,-83.6974509231433
102.009532990464,-83.6974509231464
102.01,-83.6974509231466
102.019532990464,-83.6974509231496
102.02,-83.6974509231498
102.029532990464,-83.6974509231529
102.03,-83.6974509231531
102.039532990464,-83.6974509231562
102.04,-83.6974509231563
102.049532990464,-83.6974509231594
102.05,-83.6974509231596
102.059532990464,-83.6974509231626
102.06,-83.6974509231628
102.069532990464,-83.6974509231659
102.07,-83.6974509231661
102.079532990464,-83.6974509231692
102.08,-83.6974509231693
102.089532990464,-83.6974509231724
102.09,-83.6974509231726
102.099532990464,-83.6974509231757
102.1,-83.6974509231758
102.109532990464,-83.6974509231789
102.11,-83.6974509231791
102.119532990464,-83.6974509231822
102.12,-83.6974509231823
102.129532990464,-83.6974509231854
102.13,-83.6974509231856
102.139532990464,-83.6974509231887
102.14,-83.6974509231888
102.149532990464,-83.6974509231919
102.15,-83.6974509231921
102.159532990464,-83.6974509231952
102.16,-83.6974509231953
102.169532990464,-83.6974509231984
102.17,-83.6974509231986
102.179532990464,-83.6974509232017
102.18,-83.6974509232018
102.189532990464,-83.6974509232049
102.19,-83.6974509232051
102.199532990464,-83.6974509232082
102.2,-83.6974509232083
102.209532990464,-83.6974509232114
102.21,-83.6974509232116
102.219532990464,-83.6974509232147
102.22,-83.6974509232149
102.229532990464,-83.6974509232179
102.23,-83.6974509232181
102.239532990464,-83.6974509232212
102.24,-83.6974509232214
102.249532990464,-83.6974509232245
102.25,-83.6974509232246
102.259532990464,-83.6974509232277
102.26,-83.6974509232279
102.269532990464,-83.697450923231
102.27,-83.6974509232311
102.279532990464,-83.6974509232342
102.28,-83.6974509232344
102.289532990464,-83.6974509232375
102.29,-83.6974509232376
102.299532990464,-83.6974509232407
102.3,-83.6974509232409
102.309532990464,-83.697450923244
102.31,-83.6974509232441
102.319532990464,-83.6974509232472
102.32,-83.6974509232474
102.329532990464,-83.6974509232505
102.33,-83.6974509232506
102.339532990464,-83.6974509232537
102.34,-83.6974509232539
102.349532990464,-83.697450923257
102.35,-83.6974509232572
102.359532990464,-83.6974509232603
102.36,-83.6974509232604
102.369532990464,-83.6974509232635
102.37,-83.6974509232637
102.379532990464,-83.6974509232668
102.38,-83.6974509232669
102.389532990464,-83.69745092327
102.39,-83.6974509232702
102.399532990464,-83.6974509232733
102.4,-83.6974509232734
102.409532990464,-83.6974509232765
102.41,-83.6974509232767
102.419532990464,-83.6974509232798
102.42,-83.69745092328
102.429532990464,-83.6974509232831
102.43,-83.6974509232832
102.439532990464,-83.6974509232863
102.44,-83.6974509232865
102.449532990464,-83.6974509232896
102.45,-83.6974509232897
102.459532990464,-83.6974509232928
102.46,-83.697450923293
102.469532990464,-83.6974509232961
102.47,-83.6974509232962
102.479532990464,-83.6974509232993
102.48,-83.6974509232995
102.489532990464,-83.6974509233026
102.49,-83.6974509233028
102.499532990464,-83.6974509233059
102.5,-83.697450923306
102.509532990464,-83.6974509233091
102.51,-83.6974509233093
102.519532990464,-83.6974509233124
102.52,-83.6974509233125
102.529532990464,-83.6974509233156
102.53,-83.6974509233158
102.539532990464,-83.6974509233189
102.54,-83.6974509233191
102.549532990464,-83.6974509233222
102.55,-83.6974509233223
102.559532990464,-83.6974509233254
102.56,-83.6974509233256
102.569532990464,-83.6974509233287
102.57,-83.6974509233288
102.579532990464,-83.6974509233319
102.58,-83.6974509233321
102.589532990464,-83.6974509233352
102.59,-83.6974509233353
102.599532990464,-83.6974509233385
102.6,-83.6974509233386
102.609532990464,-83.6974509233417
102.61,-83.6974509233419
102.619532990464,-83.697450923345
102.62,-83.6974509233451
102.629532990464,-83.6974509233482
102.63,-83.6974509233484
102.639532990464,-83.6974509233515
102.64,-83.6974509233516
102.649532990464,-83.6974509233548
102.65,-83.6974509233549
102.659532990464,-83.697450923358
102.66,-83.6974509233582
102.669532990464,-83.6974509233613
102.67,-83.6974509233614
102.679532990464,-83.6974509233645
102.68,-83.6974509233647
102.689532990464,-83.6974509233678
102.69,-83.6974509233679
102.699532990464,-83.6974509233711
102.7,-83.6974509233712
102.709532990464,-83.6974509233743
102.71,-83.6974509233745
102.719532990464,-83.6974509233776
102.72,-83.6974509233777
102.729532990464,-83.6974509233808
102.73,-83.697450923381
102.739532990464,-83.6974509233841
102.74,-83.6974509233843
102.749532990464,-83.6974509233874
102.75,-83.6974509233875
102.759532990464,-83.6974509233906
102.76,-83.6974509233908
102.769532990464,-83.6974509233939
102.77,-83.697450923394
102.779532990465,-83.6974509233972
102.78,-83.6974509233973
102.789532990465,-83.6974509234004
102.79,-83.6974509234006
102.799532990465,-83.6974509234037
102.8,-83.6974509234038
102.809532990465,-83.6974509234069
102.81,-83.6974509234071
102.819532990465,-83.6974509234102
102.82,-83.6974509234104
102.829532990465,-83.6974509234135
102.83,-83.6974509234136
102.839532990465,-83.6974509234167
102.84,-83.6974509234169
102.849532990465,-83.69745092342
102.85,-83.6974509234201
102.859532990465,-83.6974509234233
102.86,-83.6974509234234
102.869532990465,-83.6974509234265
102.87,-83.6974509234267
102.879532990465,-83.6974509234298
102.88,-83.6974509234299
102.889532990465,-83.6974509234331
102.89,-83.6974509234332
102.899532990465,-83.6974509234363
102.9,-83.6974509234365
102.909532990465,-83.6974509234396
102.91,-83.6974509234397
102.919532990465,-83.6974509234428
102.92,-83.697450923443
102.929532990465,-83.6974509234461
102.93,-83.6974509234463
102.939532990465,-83.6974509234494
102.94,-83.6974509234495
102.949532990465,-83.6974509234526
102.95,-83.6974509234528
102.959532990465,-83.6974509234559
102.96,-83.6974509234561
102.969532990465,-83.6974509234592
102.97,-83.6974509234593
102.979532990465,-83.6974509234624
102.98,-83.6974509234626
102.989532990465,-83.6974509234657
102.99,-83.6974509234659
102.999532990465,-83.697450923469
103,-83.6974509234691
103.009532990465,-83.6974509234722
103.01,-83.6974509234724
103.019532990465,-83.6974509234755
103.02,-83.6974509234757
103.029532990465,-83.6974509234788
103.03,-83.6974509234789
103.039532990465,-83.697450923482
103.04,-83.6974509234822
103.049532990465,-83.6974509234853
103.05,-83.6974509234854
103.059532990465,-83.6974509234886
103.06,-83.6974509234887
103.069532990465,-83.6974509234918
103.07,-83.697450923492
103.079532990465,-83.6974509234951
103.08,-83.6974509234953
103.089532990465,-83.6974509234984
103.09,-83.6974509234985
103.099532990465,-83.6974509235016
103.1,-83.6974509235018
103.109532990465,-83.6974509235049
103.11,-83.6974509235051
103.119532990465,-83.6974509235082
103.12,-83.6974509235083
103.129532990465,-83.6974509235114
103.13,-83.6974509235116
103.139532990465,-83.6974509235147
103.14,-83.6974509235149
103.149532990465,-83.697450923518
103.15,-83.6974509235181
103.159532990465,-83.6974509235212
103.16,-83.6974509235214
103.169532990465,-83.6974509235245
103.17,-83.6974509235247
103.179532990465,-83.6974509235278
103.18,-83.6974509235279
103.189532990465,-83.6974509235311
103.19,-83.6974509235312
103.199532990465,-83.6974509235343
103.2,-83.6974509235345
103.209532990465,-83.6974509235376
103.21,-83.6974509235377
103.219532990465,-83.6974509235409
103.22,-83.697450923541
103.229532990465,-83.6974509235441
103.23,-83.6974509235443
103.239532990465,-83.6974509235474
103.24,-83.6974509235475
103.249532990465,-83.6974509235507
103.25,-83.6974509235508
103.259532990465,-83.6974509235539
103.26,-83.6974509235541
103.269532990465,-83.6974509235572
103.27,-83.6974509235574
103.279532990465,-83.6974509235605
103.28,-83.6974509235606
103.289532990465,-83.6974509235637
103.29,-83.6974509235639
103.299532990465,-83.697450923567
103.3,-83.6974509235672
103.309532990465,-83.6974509235703
103.31,-83.6974509235704
103.319532990465,-83.6974509235736
103.32,-83.6974509235737
103.329532990465,-83.6974509235768
103.33,-83.697450923577
103.339532990465,-83.6974509235801
103.34,-83.6974509235803
103.349532990465,-83.6974509235834
103.35,-83.6974509235835
103.359532990465,-83.6974509235866
103.36,-83.6974509235868
103.369532990465,-83.6974509235899
103.37,-83.6974509235901
103.379532990465,-83.6974509235932
103.38,-83.6974509235934
103.389532990465,-83.6974509235965
103.39,-83.6974509235966
103.399532990465,-83.6974509235997
103.4,-83.6974509235999
103.409532990465,-83.697450923603
103.41,-83.6974509236032
103.419532990465,-83.6974509236063
103.42,-83.6974509236064
103.429532990465,-83.6974509236096
103.43,-83.6974509236097
103.439532990465,-83.6974509236128
103.44,-83.697450923613
103.449532990465,-83.6974509236161
103.45,-83.6974509236162
103.459532990465,-83.6974509236194
103.46,-83.6974509236195
103.469532990465,-83.6974509236227
103.47,-83.6974509236228
103.479532990465,-83.6974509236259
103.48,-83.6974509236261
103.489532990465,-83.6974509236292
103.49,-83.6974509236294
103.499532990465,-83.6974509236325
103.5,-83.6974509236326
103.509532990465,-83.6974509236357
103.51,-83.6974509236359
103.519532990465,-83.697450923639
103.52,-83.6974509236392
103.529532990465,-83.6974509236423
103.53,-83.6974509236424
103.539532990465,-83.6974509236456
103.54,-83.6974509236457
103.549532990465,-83.6974509236488
103.55,-83.697450923649
103.559532990465,-83.6974509236521
103.56,-83.6974509236523
103.569532990465,-83.6974509236554
103.57,-83.6974509236556
103.579532990465,-83.6974509236587
103.58,-83.6974509236588
103.589532990465,-83.6974509236619
103.59,-83.6974509236621
103.599532990465,-83.6974509236652
103.6,-83.6974509236654
103.609532990465,-83.6974509236685
103.61,-83.6974509236687
103.619532990465,-83.6974509236718
103.62,-83.6974509236719
103.629532990465,-83.697450923675
103.63,-83.6974509236752
103.639532990465,-83.6974509236783
103.64,-83.6974509236785
103.649532990465,-83.6974509236816
103.65,-83.6974509236818
103.659532990465,-83.6974509236849
103.66,-83.697450923685
103.669532990465,-83.6974509236882
103.67,-83.6974509236883
103.679532990465,-83.6974509236914
103.68,-83.6974509236916
103.689532990465,-83.6974509236947
103.69,-83.6974509236949
103.699532990465,-83.697450923698
103.7,-83.6974509236981
103.709532990465,-83.6974509237013
103.71,-83.6974509237014
103.719532990465,-83.6974509237045
103.72,-83.6974509237047
103.729532990465,-83.6974509237078
103.73,-83.697450923708
103.739532990465,-83.6974509237111
103.74,-83.6974509237112
103.749532990465,-83.6974509237144
103.75,-83.6974509237145
103.759532990465,-83.6974509237177
103.76,-83.6974509237178
103.769532990465,-83.6974509237209
103.77,-83.6974509237211
103.779532990465,-83.6974509237242
103.78,-83.6974509237244
103.789532990465,-83.6974509237275
103.79,-83.6974509237276
103.799532990465,-83.6974509237308
103.8,-83.6974509237309
103.809532990465,-83.6974509237341
103.81,-83.6974509237342
103.819532990465,-83.6974509237373
103.82,-83.6974509237375
103.829532990465,-83.6974509237406
103.83,-83.6974509237407
103.839532990465,-83.6974509237439
103.84,-83.697450923744
103.849532990465,-83.6974509237472
103.85,-83.6974509237473
103.859532990465,-83.6974509237504
103.86,-83.6974509237506
103.869532990465,-83.6974509237537
103.87,-83.6974509237539
103.879532990465,-83.697450923757
103.88,-83.6974509237571
103.889532990465,-83.6974509237603
103.89,-83.6974509237604
103.899532990465,-83.6974509237636
103.9,-83.6974509237637
103.909532990465,-83.6974509237668
103.91,-83.697450923767
103.919532990465,-83.6974509237701
103.92,-83.6974509237703
103.929532990465,-83.6974509237734
103.93,-83.6974509237735
103.939532990465,-83.6974509237767
103.94,-83.6974509237768
103.949532990465,-83.69745092378
103.95,-83.6974509237801
103.959532990465,-83.6974509237832
103.96,-83.6974509237834
103.969532990465,-83.6974509237865
103.97,-83.6974509237867
103.979532990465,-83.6974509237898
103.98,-83.69745092379
103.989532990465,-83.6974509237931
103.99,-83.6974509237932
103.999532990465,-83.6974509237964
104,-83.6974509237965
104.009532990465,-83.6974509237997
104.01,-83.6974509237998
104.019532990465,-83.6974509238029
104.02,-83.6974509238031
104.029532990465,-83.6974509238062
104.03,-83.6974509238064
104.039532990465,-83.6974509238095
104.04,-83.6974509238097
104.049532990465,-83.6974509238128
104.05,-83.6974509238129
104.059532990465,-83.6974509238161
104.06,-83.6974509238162
104.069532990465,-83.6974509238193
104.07,-83.6974509238195
104.079532990465,-83.6974509238226
104.08,-83.6974509238228
104.089532990465,-83.6974509238259
104.09,-83.6974509238261
104.099532990465,-83.6974509238292
104.1,-83.6974509238294
104.109532990465,-83.6974509238325
104.11,-83.6974509238326
104.119532990465,-83.6974509238358
104.12,-83.6974509238359
104.129532990465,-83.697450923839
104.13,-83.6974509238392
104.139532990465,-83.6974509238423
104.14,-83.6974509238425
104.149532990465,-83.6974509238456
104.15,-83.6974509238458
104.159532990465,-83.6974509238489
104.16,-83.6974509238491
104.169532990465,-83.6974509238522
104.17,-83.6974509238523
104.179532990465,-83.6974509238555
104.18,-83.6974509238556
104.189532990465,-83.6974509238588
104.19,-83.6974509238589
104.199532990465,-83.697450923862
104.2,-83.6974509238622
104.209532990465,-83.6974509238653
104.21,-83.6974509238655
104.219532990465,-83.6974509238686
104.22,-83.6974509238688
104.229532990465,-83.6974509238719
104.23,-83.697450923872
104.239532990465,-83.6974509238752
104.24,-83.6974509238753
104.249532990465,-83.6974509238785
104.25,-83.6974509238786
104.259532990465,-83.6974509238817
104.26,-83.6974509238819
104.269532990465,-83.697450923885
104.27,-83.6974509238852
104.279532990465,-83.6974509238883
104.28,-83.6974509238885
104.289532990465,-83.6974509238916
104.29,-83.6974509238918
104.299532990465,-83.6974509238949
104.3,-83.697450923895
104.309532990465,-83.6974509238982
104.31,-83.6974509238983
104.319532990465,-83.6974509239015
104.32,-83.6974509239016
104.329532990465,-83.6974509239048
104.33,-83.6974509239049
104.339532990465,-83.6974509239081
104.34,-83.6974509239082
104.349532990465,-83.6974509239113
104.35,-83.6974509239115
104.359532990465,-83.6974509239146
104.36,-83.6974509239148
104.369532990465,-83.6974509239179
104.37,-83.6974509239181
104.379532990465,-83.6974509239212
104.38,-83.6974509239213
104.389532990465,-83.6974509239245
104.39,-83.6974509239246
104.399532990465,-83.6974509239278
104.4,-83.6974509239279
104.409532990465,-83.6974509239311
104.41,-83.6974509239312
104.419532990465,-83.6974509239343
104.42,-83.6974509239345
104.429532990465,-83.6974509239376
104.43,-83.6974509239378
104.439532990465,-83.6974509239409
104.44,-83.6974509239411
104.449532990465,-83.6974509239442
104.45,-83.6974509239444
104.459532990465,-83.6974509239475
104.46,-83.6974509239477
104.469532990465,-83.6974509239508
104.47,-83.697450923951
104.479532990465,-83.6974509239541
104.48,-83.6974509239542
104.489532990465,-83.6974509239574
104.49,-83.6974509239575
104.499532990465,-83.6974509239607
104.5,-83.6974509239608
104.509532990465,-83.697450923964
104.51,-83.6974509239641
104.519532990465,-83.6974509239672
104.52,-83.6974509239674
104.529532990465,-83.6974509239705
104.53,-83.6974509239707
104.539532990465,-83.6974509239738
104.54,-83.697450923974
104.549532990465,-83.6974509239771
104.55,-83.6974509239773
104.559532990465,-83.6974509239804
104.56,-83.6974509239806
104.569532990465,-83.6974509239837
104.57,-83.6974509239839
104.579532990465,-83.697450923987
104.58,-83.6974509239871
104.589532990465,-83.6974509239903
104.59,-83.6974509239904
104.599532990465,-83.6974509239936
104.6,-83.6974509239937
104.609532990465,-83.6974509239969
104.61,-83.697450923997
104.619532990465,-83.6974509240002
104.62,-83.6974509240003
104.629532990465,-83.6974509240034
104.63,-83.6974509240036
104.639532990465,-83.6974509240067
104.64,-83.6974509240069
104.649532990465,-83.69745092401
104.65,-83.6974509240102
104.659532990465,-83.6974509240133
104.66,-83.6974509240135
104.669532990465,-83.6974509240166
104.67,-83.6974509240168
104.679532990465,-83.6974509240199
104.68,-83.6974509240201
104.689532990465,-83.6974509240232
104.69,-83.6974509240233
104.699532990465,-83.6974509240265
104.7,-83.6974509240266
104.709532990465,-83.6974509240298
104.71,-83.6974509240299
104.719532990465,-83.6974509240331
104.72,-83.6974509240332
104.729532990466,-83.6974509240363
104.73,-83.6974509240365
104.739532990466,-83.6974509240397
104.74,-83.6974509240398
104.749532990466,-83.6974509240429
104.75,-83.6974509240431
104.759532990466,-83.6974509240462
104.76,-83.6974509240464
104.769532990466,-83.6974509240495
104.77,-83.6974509240497
104.779532990466,-83.6974509240528
104.78,-83.697450924053
104.789532990466,-83.6974509240561
104.79,-83.6974509240563
104.799532990466,-83.6974509240594
104.8,-83.6974509240596
104.809532990466,-83.6974509240627
104.81,-83.6974509240629
104.819532990466,-83.697450924066
104.82,-83.6974509240662
104.829532990466,-83.6974509240693
104.83,-83.6974509240695
104.839532990466,-83.6974509240726
104.84,-83.6974509240728
104.849532990466,-83.6974509240759
104.85,-83.6974509240761
104.859532990466,-83.6974509240792
104.86,-83.6974509240793
104.869532990466,-83.6974509240825
104.87,-83.6974509240826
104.879532990466,-83.6974509240858
104.88,-83.6974509240859
104.889532990466,-83.6974509240891
104.89,-83.6974509240892
104.899532990466,-83.6974509240924
104.9,-83.6974509240925
104.909532990466,-83.6974509240957
104.91,-83.6974509240958
104.919532990466,-83.697450924099
104.92,-83.6974509240991
104.929532990466,-83.6974509241023
104.93,-83.6974509241024
104.939532990466,-83.6974509241056
104.94,-83.6974509241057
104.949532990466,-83.6974509241088
104.95,-83.697450924109
104.959532990466,-83.6974509241121
104.96,-83.6974509241123
104.969532990466,-83.6974509241154
104.97,-83.6974509241156
104.979532990466,-83.6974509241187
104.98,-83.6974509241189
104.989532990466,-83.697450924122
104.99,-83.6974509241222
104.999532990466,-83.6974509241253
105,-83.6974509241255
105.009532990466,-83.6974509241286
105.01,-83.6974509241288
105.019532990466,-83.6974509241319
105.02,-83.6974509241321
105.029532990466,-83.6974509241352
105.03,-83.6974509241354
105.039532990466,-83.6974509241385
105.04,-83.6974509241387
105.049532990466,-83.6974509241418
105.05,-83.697450924142
105.059532990466,-83.6974509241451
105.06,-83.6974509241453
105.069532990466,-83.6974509241484
105.07,-83.6974509241486
105.079532990466,-83.6974509241517
105.08,-83.6974509241519
105.089532990466,-83.697450924155
105.09,-83.6974509241552
105.099532990466,-83.6974509241583
105.1,-83.6974509241585
105.109532990466,-83.6974509241616
105.11,-83.6974509241618
105.119532990466,-83.6974509241649
105.12,-83.6974509241651
105.129532990466,-83.6974509241682
105.13,-83.6974509241684
105.139532990466,-83.6974509241715
105.14,-83.6974509241716
105.149532990466,-83.6974509241748
105.15,-83.697450924175
105.159532990466,-83.6974509241781
105.16,-83.6974509241783
105.169532990466,-83.6974509241814
105.17,-83.6974509241816
105.179532990466,-83.6974509241847
105.18,-83.6974509241849
105.189532990466,-83.697450924188
105.19,-83.6974509241881
105.199532990466,-83.6974509241913
105.2,-83.6974509241915
105.209532990466,-83.6974509241946
105.21,-83.6974509241948
105.219532990466,-83.6974509241979
105.22,-83.6974509241981
105.229532990466,-83.6974509242012
105.23,-83.6974509242014
105.239532990466,-83.6974509242045
105.24,-83.6974509242047
105.249532990466,-83.6974509242078
105.25,-83.697450924208
105.259532990466,-83.6974509242111
105.26,-83.6974509242113
105.269532990466,-83.6974509242144
105.27,-83.6974509242146
105.279532990466,-83.6974509242177
105.28,-83.6974509242179
105.289532990466,-83.697450924221
105.29,-83.6974509242212
105.299532990466,-83.6974509242243
105.3,-83.6974509242245
105.309532990466,-83.6974509242276
105.31,-83.6974509242278
105.319532990466,-83.6974509242309
105.32,-83.6974509242311
105.329532990466,-83.6974509242342
105.33,-83.6974509242344
105.339532990466,-83.6974509242375
105.34,-83.6974509242377
105.349532990466,-83.6974509242408
105.35,-83.697450924241
105.359532990466,-83.6974509242441
105.36,-83.6974509242443
105.369532990466,-83.6974509242474
105.37,-83.6974509242476
105.379532990466,-83.6974509242507
105.38,-83.6974509242509
105.389532990466,-83.697450924254
105.39,-83.6974509242542
105.399532990466,-83.6974509242573
105.4,-83.6974509242575
105.409532990466,-83.6974509242607
105.41,-83.6974509242608
105.419532990466,-83.6974509242639
105.42,-83.6974509242641
105.429532990466,-83.6974509242672
105.43,-83.6974509242674
105.439532990466,-83.6974509242705
105.44,-83.6974509242707
105.449532990466,-83.6974509242739
105.45,-83.697450924274
105.459532990466,-83.6974509242772
105.46,-83.6974509242773
105.469532990466,-83.6974509242805
105.47,-83.6974509242806
105.479532990466,-83.6974509242838
105.48,-83.6974509242839
105.489532990466,-83.6974509242871
105.49,-83.6974509242872
105.499532990466,-83.6974509242904
105.5,-83.6974509242905
105.509532990466,-83.6974509242937
105.51,-83.6974509242938
105.519532990466,-83.697450924297
105.52,-83.6974509242971
105.529532990466,-83.6974509243003
105.53,-83.6974509243004
105.539532990466,-83.6974509243036
105.54,-83.6974509243038
105.549532990466,-83.6974509243069
105.55,-83.697450924307
105.559532990466,-83.6974509243102
105.56,-83.6974509243104
105.569532990466,-83.6974509243135
105.57,-83.6974509243137
105.579532990466,-83.6974509243168
105.58,-83.697450924317
105.589532990466,-83.6974509243201
105.59,-83.6974509243203
105.599532990466,-83.6974509243234
105.6,-83.6974509243236
105.609532990466,-83.6974509243267
105.61,-83.6974509243269
105.619532990466,-83.69745092433
105.62,-83.6974509243302
105.629532990466,-83.6974509243334
105.63,-83.6974509243335
105.639532990466,-83.6974509243367
105.64,-83.6974509243368
105.649532990466,-83.69745092434
105.65,-83.6974509243401
105.659532990466,-83.6974509243433
105.66,-83.6974509243434
105.669532990466,-83.6974509243466
105.67,-83.6974509243467
105.679532990466,-83.6974509243499
105.68,-83.69745092435
105.689532990466,-83.6974509243532
105.69,-83.6974509243533
105.699532990466,-83.6974509243565
105.7,-83.6974509243566
105.709532990466,-83.6974509243598
105.71,-83.69745092436
105.719532990466,-83.6974509243631
105.72,-83.6974509243633
105.729532990466,-83.6974509243664
105.73,-83.6974509243666
105.739532990466,-83.6974509243697
105.74,-83.6974509243699
105.749532990466,-83.697450924373
105.75,-83.6974509243732
105.759532990466,-83.6974509243763
105.76,-83.6974509243765
105.769532990466,-83.6974509243797
105.77,-83.6974509243798
105.779532990466,-83.697450924383
105.78,-83.6974509243831
105.789532990466,-83.6974509243863
105.79,-83.6974509243864
105.799532990466,-83.6974509243896
105.8,-83.6974509243897
105.809532990466,-83.6974509243929
105.81,-83.697450924393
105.819532990466,-83.6974509243962
105.82,-83.6974509243963
105.829532990466,-83.6974509243995
105.83,-83.6974509243997
105.839532990466,-83.6974509244028
105.84,-83.697450924403
105.849532990466,-83.6974509244061
105.85,-83.6974509244063
105.859532990466,-83.6974509244094
105.86,-83.6974509244096
105.869532990466,-83.6974509244127
105.87,-83.6974509244129
105.879532990466,-83.6974509244161
105.88,-83.6974509244162
105.889532990466,-83.6974509244194
105.89,-83.6974509244195
105.899532990466,-83.6974509244227
105.9,-83.6974509244228
105.909532990466,-83.697450924426
105.91,-83.6974509244261
105.919532990466,-83.6974509244293
105.92,-83.6974509244295
105.929532990466,-83.6974509244326
105.93,-83.6974509244328
105.939532990466,-83.6974509244359
105.94,-83.6974509244361
105.949532990466,-83.6974509244392
105.95,-83.6974509244394
105.959532990466,-83.6974509244425
105.96,-83.6974509244427
105.969532990466,-83.6974509244459
105.97,-83.697450924446
105.979532990466,-83.6974509244492
105.98,-83.6974509244493
105.989532990466,-83.6974509244525
105.99,-83.6974509244526
105.999532990466,-83.6974509244558
106,-83.6974509244559
106.009532990466,-83.6974509244591
106.01,-83.6974509244593
106.019532990466,-83.6974509244624
106.02,-83.6974509244626
106.029532990466,-83.6974509244657
106.03,-83.6974509244659
106.039532990466,-83.6974509244691
106.04,-83.6974509244692
106.049532990466,-83.6974509244723
106.05,-83.6974509244725
106.059532990466,-83.6974509244757
106.06,-83.6974509244758
106.069532990466,-83.697450924479
106.07,-83.6974509244791
106.079532990466,-83.6974509244823
106.08,-83.6974509244824
106.089532990466,-83.6974509244856
106.09,-83.6974509244858
106.099532990466,-83.6974509244889
106.1,-83.6974509244891
106.109532990466,-83.6974509244922
106.11,-83.6974509244924
106.119532990466,-83.6974509244955
106.12,-83.6974509244957
106.129532990466,-83.6974509244989
106.13,-83.697450924499
106.139532990466,-83.6974509245022
106.14,-83.6974509245023
106.149532990466,-83.6974509245055
106.15,-83.6974509245056
106.159532990466,-83.6974509245088
106.16,-83.697450924509
106.169532990466,-83.6974509245121
106.17,-83.6974509245123
106.179532990466,-83.6974509245154
106.18,-83.6974509245156
106.189532990466,-83.6974509245187
106.19,-83.6974509245189
106.199532990466,-83.6974509245221
106.2,-83.6974509245222
106.209532990466,-83.6974509245254
106.21,-83.6974509245255
106.219532990466,-83.6974509245287
106.22,-83.6974509245289
106.229532990466,-83.697450924532
106.23,-83.6974509245322
106.239532990466,-83.6974509245353
106.24,-83.6974509245355
106.249532990466,-83.6974509245386
106.25,-83.6974509245388
106.259532990466,-83.697450924542
106.26,-83.6974509245421
106.269532990466,-83.6974509245453
106.27,-83.6974509245454
106.279532990466,-83.6974509245486
106.28,-83.6974509245487
106.289532990466,-83.6974509245519
106.29,-83.6974509245521
106.299532990466,-83.6974509245552
106.3,-83.6974509245554
106.309532990466,-83.6974509245585
106.31,-83.6974509245587
106.319532990466,-83.6974509245618
106.32,-83.697450924562
106.329532990466,-83.6974509245652
106.33,-83.6974509245653
106.339532990466,-83.6974509245685
106.34,-83.6974509245686
106.349532990466,-83.6974509245718
106.35,-83.697450924572
106.359532990466,-83.6974509245751
106.36,-83.6974509245753
106.369532990466,-83.6974509245784
106.37,-83.6974509245786
106.379532990466,-83.6974509245818
106.38,-83.6974509245819
106.389532990466,-83.6974509245851
106.39,-83.6974509245852
106.399532990466,-83.6974509245884
106.4,-83.6974509245886
106.409532990466,-83.6974509245917
106.41,-83.6974509245919
106.419532990466,-83.697450924595
106.42,-83.6974509245952
106.429532990466,-83.6974509245983
106.43,-83.6974509245985
106.439532990466,-83.6974509246017
106.44,-83.6974509246018
106.449532990466,-83.697450924605
106.45,-83.6974509246051
106.459532990466,-83.6974509246083
106.46,-83.6974509246085
106.469532990466,-83.6974509246116
106.47,-83.6974509246118
106.479532990466,-83.6974509246149
106.48,-83.6974509246151
106.489532990466,-83.6974509246183
106.49,-83.6974509246184
106.499532990466,-83.6974509246216
106.5,-83.6974509246217
106.509532990466,-83.6974509246249
106.51,-83.6974509246251
106.519532990466,-83.6974509246282
106.52,-83.6974509246284
106.529532990466,-83.6974509246315
106.53,-83.6974509246317
106.539532990466,-83.6974509246349
106.54,-83.697450924635
106.549532990466,-83.6974509246382
106.55,-83.6974509246383
106.559532990466,-83.6974509246415
106.56,-83.6974509246416
106.569532990466,-83.6974509246448
106.57,-83.697450924645
106.579532990466,-83.6974509246481
106.58,-83.6974509246483
106.589532990466,-83.6974509246515
106.59,-83.6974509246516
106.599532990466,-83.6974509246548
106.6,-83.6974509246549
106.609532990466,-83.6974509246581
106.61,-83.6974509246583
106.619532990466,-83.6974509246614
106.62,-83.6974509246616
106.629532990466,-83.6974509246647
106.63,-83.6974509246649
106.639532990466,-83.6974509246681
106.64,-83.6974509246682
106.649532990466,-83.6974509246714
106.65,-83.6974509246715
106.659532990466,-83.6974509246747
106.66,-83.6974509246749
106.669532990466,-83.697450924678
106.67,-83.6974509246782
106.679532990466,-83.6974509246813
106.68,-83.6974509246815
106.689532990467,-83.6974509246847
106.69,-83.6974509246848
106.699532990467,-83.697450924688
106.7,-83.6974509246882
106.709532990467,-83.6974509246913
106.71,-83.6974509246915
106.719532990467,-83.6974509246946
106.72,-83.6974509246948
106.729532990467,-83.697450924698
106.73,-83.6974509246981
106.739532990467,-83.6974509247013
106.74,-83.6974509247014
106.749532990467,-83.6974509247046
106.75,-83.6974509247048
106.759532990467,-83.6974509247079
106.76,-83.6974509247081
106.769532990467,-83.6974509247112
106.77,-83.6974509247114
106.779532990467,-83.6974509247146
106.78,-83.6974509247147
106.789532990467,-83.6974509247179
106.79,-83.6974509247181
106.799532990467,-83.6974509247212
106.8,-83.6974509247214
106.809532990467,-83.6974509247245
106.81,-83.6974509247247
106.819532990467,-83.6974509247279
106.82,-83.697450924728
106.829532990467,-83.6974509247312
106.83,-83.6974509247314
106.839532990467,-83.6974509247345
106.84,-83.6974509247347
106.849532990467,-83.6974509247378
106.85,-83.697450924738
106.859532990467,-83.6974509247412
106.86,-83.6974509247413
106.869532990467,-83.6974509247445
106.87,-83.6974509247446
106.879532990467,-83.6974509247478
106.88,-83.697450924748
106.889532990467,-83.6974509247511
106.89,-83.6974509247513
106.899532990467,-83.6974509247545
106.9,-83.6974509247546
106.909532990467,-83.6974509247578
106.91,-83.6974509247579
106.919532990467,-83.6974509247611
106.92,-83.6974509247613
106.929532990467,-83.6974509247644
106.93,-83.6974509247646
106.939532990467,-83.6974509247678
106.94,-83.6974509247679
106.949532990467,-83.6974509247711
106.95,-83.6974509247712
106.959532990467,-83.6974509247744
106.96,-83.6974509247746
106.969532990467,-83.6974509247778
106.97,-83.6974509247779
106.979532990467,-83.6974509247811
106.98,-83.6974509247812
106.989532990467,-83.6974509247844
106.99,-83.6974509247846
106.999532990467,-83.6974509247877
107,-83.6974509247879
107.009532990467,-83.697450924791
107.01,-83.6974509247912
107.019532990467,-83.6974509247944
107.02,-83.6974509247945
107.029532990467,-83.6974509247977
107.03,-83.6974509247979
107.039532990467,-83.697450924801
107.04,-83.6974509248012
107.049532990467,-83.6974509248044
107.05,-83.6974509248045
107.059532990467,-83.6974509248077
107.06,-83.6974509248078
107.069532990467,-83.697450924811
107.07,-83.6974509248112
107.079532990467,-83.6974509248143
107.08,-83.6974509248145
107.089532990467,-83.6974509248177
107.09,-83.6974509248178
107.099532990467,-83.697450924821
107.1,-83.6974509248212
107.109532990467,-83.6974509248243
107.11,-83.6974509248245
107.119532990467,-83.6974509248276
107.12,-83.6974509248278
107.129532990467,-83.697450924831
107.13,-83.6974509248311
107.139532990467,-83.6974509248343
107.14,-83.6974509248345
107.149532990467,-83.6974509248376
107.15,-83.6974509248378
107.159532990467,-83.697450924841
107.16,-83.6974509248411
107.169532990467,-83.6974509248443
107.17,-83.6974509248445
107.179532990467,-83.6974509248476
107.18,-83.6974509248478
107.189532990467,-83.697450924851
107.19,-83.6974509248511
107.199532990467,-83.6974509248543
107.2,-83.6974509248544
107.209532990467,-83.6974509248576
107.21,-83.6974509248578
107.219532990467,-83.6974509248609
107.22,-83.6974509248611
107.229532990467,-83.6974509248643
107.23,-83.6974509248644
107.239532990467,-83.6974509248676
107.24,-83.6974509248678
107.249532990467,-83.6974509248709
107.25,-83.6974509248711
107.259532990467,-83.6974509248743
107.26,-83.6974509248744
107.269532990467,-83.6974509248776
107.27,-83.6974509248777
107.279532990467,-83.6974509248809
107.28,-83.6974509248811
107.289532990467,-83.6974509248843
107.29,-83.6974509248844
107.299532990467,-83.6974509248876
107.3,-83.6974509248877
107.309532990467,-83.6974509248909
107.31,-83.6974509248911
107.319532990467,-83.6974509248943
107.32,-83.6974509248944
107.329532990467,-83.6974509248976
107.33,-83.6974509248977
107.339532990467,-83.6974509249009
107.34,-83.6974509249011
107.349532990467,-83.6974509249042
107.35,-83.6974509249044
107.359532990467,-83.6974509249076
107.36,-83.6974509249077
107.369532990467,-83.6974509249109
107.37,-83.6974509249111
107.379532990467,-83.6974509249142
107.38,-83.6974509249144
107.389532990467,-83.6974509249176
107.39,-83.6974509249177
107.399532990467,-83.6974509249209
107.4,-83.6974509249211
107.409532990467,-83.6974509249242
107.41,-83.6974509249244
107.419532990467,-83.6974509249276
107.42,-83.6974509249277
107.429532990467,-83.6974509249309
107.43,-83.697450924931
107.439532990467,-83.6974509249342
107.44,-83.6974509249344
107.449532990467,-83.6974509249376
107.45,-83.6974509249377
107.459532990467,-83.6974509249409
107.46,-83.6974509249411
107.469532990467,-83.6974509249442
107.47,-83.6974509249444
107.479532990467,-83.6974509249476
107.48,-83.6974509249477
107.489532990467,-83.6974509249509
107.49,-83.6974509249511
107.499532990467,-83.6974509249542
107.5,-83.6974509249544
107.509532990467,-83.6974509249576
107.51,-83.6974509249577
107.519532990467,-83.6974509249609
107.52,-83.697450924961
107.529532990467,-83.6974509249642
107.53,-83.6974509249644
107.539532990467,-83.6974509249676
107.54,-83.6974509249677
107.549532990467,-83.6974509249709
107.55,-83.6974509249711
107.559532990467,-83.6974509249742
107.56,-83.6974509249744
107.569532990467,-83.6974509249776
107.57,-83.6974509249777
107.579532990467,-83.6974509249809
107.58,-83.6974509249811
107.589532990467,-83.6974509249842
107.59,-83.6974509249844
107.599532990467,-83.6974509249876
107.6,-83.6974509249877
107.609532990467,-83.6974509249909
107.61,-83.6974509249911
107.619532990467,-83.6974509249942
107.62,-83.6974509249944
107.629532990467,-83.6974509249976
107.63,-83.6974509249977
107.639532990467,-83.6974509250009
107.64,-83.6974509250011
107.649532990467,-83.6974509250042
107.65,-83.6974509250044
107.659532990467,-83.6974509250076
107.66,-83.6974509250077
107.669532990467,-83.6974509250109
107.67,-83.6974509250111
107.679532990467,-83.6974509250143
107.68,-83.6974509250144
107.689532990467,-83.6974509250176
107.69,-83.6974509250177
107.699532990467,-83.6974509250209
107.7,-83.6974509250211
107.709532990467,-83.6974509250243
107.71,-83.6974509250244
107.719532990467,-83.6974509250276
107.72,-83.6974509250278
107.729532990467,-83.6974509250309
107.73,-83.6974509250311
107.739532990467,-83.6974509250343
107.74,-83.6974509250344
107.749532990467,-83.6974509250376
107.75,-83.6974509250378
107.759532990467,-83.697450925041
107.76,-83.6974509250411
107.769532990467,-83.6974509250443
107.77,-83.6974509250444
107.779532990467,-83.6974509250476
107.78,-83.6974509250478
107.789532990467,-83.697450925051
107.79,-83.6974509250511
107.799532990467,-83.6974509250543
107.8,-83.6974509250545
107.809532990467,-83.6974509250576
107.81,-83.6974509250578
107.819532990467,-83.697450925061
107.82,-83.6974509250611
107.829532990467,-83.6974509250643
107.83,-83.6974509250645
107.839532990467,-83.6974509250677
107.84,-83.6974509250678
107.849532990467,-83.697450925071
107.85,-83.6974509250712
107.859532990467,-83.6974509250743
107.86,-83.6974509250745
107.869532990467,-83.6974509250777
107.87,-83.6974509250778
107.879532990467,-83.697450925081
107.88,-83.6974509250812
107.889532990467,-83.6974509250843
107.89,-83.6974509250845
107.899532990467,-83.6974509250877
107.9,-83.6974509250878
107.909532990467,-83.697450925091
107.91,-83.6974509250912
107.919532990467,-83.6974509250944
107.92,-83.6974509250945
107.929532990467,-83.6974509250977
107.93,-83.6974509250979
107.939532990467,-83.6974509251011
107.94,-83.6974509251012
107.949532990467,-83.6974509251044
107.95,-83.6974509251045
107.959532990467,-83.6974509251077
107.96,-83.6974509251079
107.969532990467,-83.6974509251111
107.97,-83.6974509251112
107.979532990467,-83.6974509251144
107.98,-83.6974509251146
107.989532990467,-83.6974509251177
107.99,-83.6974509251179
107.999532990467,-83.6974509251211
108,-83.6974509251212
108.009532990467,-83.6974509251244
108.01,-83.6974509251246
108.019532990467,-83.6974509251278
108.02,-83.6974509251279
108.029532990467,-83.6974509251311
108.03,-83.6974509251313
108.039532990467,-83.6974509251344
108.04,-83.6974509251346
108.049532990467,-83.6974509251378
108.05,-83.6974509251379
108.059532990467,-83.6974509251411
108.06,-83.6974509251413
108.069532990467,-83.6974509251445
108.07,-83.6974509251446
108.079532990467,-83.6974509251478
108.08,-83.697450925148
108.089532990467,-83.6974509251512
108.09,-83.6974509251513
108.099532990467,-83.6974509251545
108.1,-83.6974509251546
108.109532990467,-83.6974509251578
108.11,-83.697450925158
108.119532990467,-83.6974509251612
108.12,-83.6974509251613
108.129532990467,-83.6974509251645
108.13,-83.6974509251647
108.139532990467,-83.6974509251679
108.14,-83.697450925168
108.149532990467,-83.6974509251712
108.15,-83.6974509251714
108.159532990467,-83.6974509251746
108.16,-83.6974509251747
108.169532990467,-83.6974509251779
108.17,-83.6974509251781
108.179532990467,-83.6974509251812
108.18,-83.6974509251814
108.189532990467,-83.6974509251846
108.19,-83.6974509251847
108.199532990467,-83.6974509251879
108.2,-83.6974509251881
108.209532990467,-83.6974509251913
108.21,-83.6974509251914
108.219532990467,-83.6974509251946
108.22,-83.6974509251948
108.229532990467,-83.697450925198
108.23,-83.6974509251981
108.239532990467,-83.6974509252013
108.24,-83.6974509252015
108.249532990467,-83.6974509252046
108.25,-83.6974509252048
108.259532990467,-83.697450925208
108.26,-83.6974509252081
108.269532990467,-83.6974509252113
108.27,-83.6974509252115
108.279532990467,-83.6974509252147
108.28,-83.6974509252148
108.289532990467,-83.697450925218
108.29,-83.6974509252182
108.299532990467,-83.6974509252214
108.3,-83.6974509252215
108.309532990467,-83.6974509252247
108.31,-83.6974509252249
108.319532990467,-83.6974509252281
108.32,-83.6974509252282
108.329532990467,-83.6974509252314
108.33,-83.6974509252315
108.339532990467,-83.6974509252347
108.34,-83.6974509252349
108.349532990467,-83.6974509252381
108.35,-83.6974509252382
108.359532990467,-83.6974509252414
108.36,-83.6974509252416
108.369532990467,-83.6974509252448
108.37,-83.6974509252449
108.379532990467,-83.6974509252481
108.38,-83.6974509252483
108.389532990467,-83.6974509252515
108.39,-83.6974509252516
108.399532990467,-83.6974509252548
108.4,-83.697450925255
108.409532990467,-83.6974509252582
108.41,-83.6974509252583
108.419532990467,-83.6974509252615
108.42,-83.6974509252617
108.429532990467,-83.6974509252649
108.43,-83.697450925265
108.439532990467,-83.6974509252682
108.44,-83.6974509252684
108.449532990467,-83.6974509252716
108.45,-83.6974509252717
108.459532990467,-83.6974509252749
108.46,-83.697450925275
108.469532990467,-83.6974509252782
108.47,-83.6974509252784
108.479532990467,-83.6974509252816
108.48,-83.6974509252817
108.489532990467,-83.6974509252849
108.49,-83.6974509252851
108.499532990467,-83.6974509252883
108.5,-83.6974509252885
108.509532990467,-83.6974509252916
108.51,-83.6974509252918
108.519532990467,-83.697450925295
108.52,-83.6974509252951
108.529532990467,-83.6974509252983
108.53,-83.6974509252985
108.539532990467,-83.6974509253017
108.54,-83.6974509253018
108.549532990467,-83.697450925305
108.55,-83.6974509253052
108.559532990467,-83.6974509253084
108.56,-83.6974509253085
108.569532990467,-83.6974509253117
108.57,-83.6974509253119
108.579532990467,-83.6974509253151
108.58,-83.6974509253152
108.589532990467,-83.6974509253184
108.59,-83.6974509253186
108.599532990467,-83.6974509253218
108.6,-83.6974509253219
108.609532990467,-83.6974509253251
108.61,-83.6974509253253
108.619532990467,-83.6974509253285
108.62,-83.6974509253286
108.629532990467,-83.6974509253318
108.63,-83.697450925332
108.639532990468,-83.6974509253352
108.64,-83.6974509253353
108.649532990468,-83.6974509253385
108.65,-83.6974509253387
108.659532990468,-83.6974509253419
108.66,-83.697450925342
108.669532990468,-83.6974509253452
108.67,-83.6974509253454
108.679532990468,-83.6974509253486
108.68,-83.6974509253487
108.689532990468,-83.6974509253519
108.69,-83.6974509253521
108.699532990468,-83.6974509253553
108.7,-83.6974509253554
108.709532990468,-83.6974509253586
108.71,-83.6974509253588
108.719532990468,-83.697450925362
108.72,-83.6974509253621
108.729532990468,-83.6974509253653
108.73,-83.6974509253655
108.739532990468,-83.6974509253687
108.74,-83.6974509253688
108.749532990468,-83.697450925372
108.75,-83.6974509253722
108.759532990468,-83.6974509253754
108.76,-83.6974509253755
108.769532990468,-83.6974509253787
108.77,-83.6974509253789
108.779532990468,-83.6974509253821
108.78,-83.6974509253822
108.789532990468,-83.6974509253854
108.79,-83.6974509253856
108.799532990468,-83.6974509253888
108.8,-83.6974509253889
108.809532990468,-83.6974509253921
108.81,-83.6974509253923
108.819532990468,-83.6974509253955
108.82,-83.6974509253956
108.829532990468,-83.6974509253988
108.83,-83.697450925399
108.839532990468,-83.6974509254022
108.84,-83.6974509254023
108.849532990468,-83.6974509254055
108.85,-83.6974509254057
108.859532990468,-83.6974509254089
108.86,-83.697450925409
108.869532990468,-83.6974509254122
108.87,-83.6974509254124
108.879532990468,-83.6974509254156
108.88,-83.6974509254158
108.889532990468,-83.6974509254189
108.89,-83.6974509254191
108.899532990468,-83.6974509254223
108.9,-83.6974509254224
108.909532990468,-83.6974509254256
108.91,-83.6974509254258
108.919532990468,-83.697450925429
108.92,-83.6974509254292
108.929532990468,-83.6974509254323
108.93,-83.6974509254325
108.939532990468,-83.6974509254357
108.94,-83.6974509254359
108.949532990468,-83.6974509254391
108.95,-83.6974509254392
108.959532990468,-83.6974509254424
108.96,-83.6974509254426
108.969532990468,-83.6974509254458
108.97,-83.6974509254459
108.979532990468,-83.6974509254491
108.98,-83.6974509254493
108.989532990468,-83.6974509254525
108.99,-83.6974509254526
108.999532990468,-83.6974509254558
109,-83.697450925456
109.009532990468,-83.6974509254592
109.01,-83.6974509254593
109.019532990468,-83.6974509254625
109.02,-83.6974509254627
109.029532990468,-83.6974509254659
109.03,-83.697450925466
109.039532990468,-83.6974509254692
109.04,-83.6974509254694
109.049532990468,-83.6974509254726
109.05,-83.6974509254728
109.059532990468,-83.697450925476
109.06,-83.6974509254761
109.069532990468,-83.6974509254793
109.07,-83.6974509254795
109.079532990468,-83.6974509254827
109.08,-83.6974509254828
109.089532990468,-83.697450925486
109.09,-83.6974509254862
109.099532990468,-83.6974509254894
109.1,-83.6974509254895
109.109532990468,-83.6974509254927
109.11,-83.6974509254929
109.119532990468,-83.6974509254961
109.12,-83.6974509254963
109.129532990468,-83.6974509254994
109.13,-83.6974509254996
109.139532990468,-83.6974509255028
109.14,-83.697450925503
109.149532990468,-83.6974509255062
109.15,-83.6974509255063
109.159532990468,-83.6974509255095
109.16,-83.6974509255097
109.169532990468,-83.6974509255129
109.17,-83.697450925513
109.179532990468,-83.6974509255162
109.18,-83.6974509255164
109.189532990468,-83.6974509255196
109.19,-83.6974509255197
109.199532990468,-83.6974509255229
109.2,-83.6974509255231
109.209532990468,-83.6974509255263
109.21,-83.6974509255265
109.219532990468,-83.6974509255297
109.22,-83.6974509255298
109.229532990468,-83.697450925533
109.23,-83.6974509255332
109.239532990468,-83.6974509255364
109.24,-83.6974509255365
109.249532990468,-83.6974509255397
109.25,-83.6974509255399
109.259532990468,-83.6974509255431
109.26,-83.6974509255433
109.269532990468,-83.6974509255464
109.27,-83.6974509255466
109.279532990468,-83.6974509255498
109.28,-83.69745092555
109.289532990468,-83.6974509255532
109.29,-83.6974509255533
109.299532990468,-83.6974509255565
109.3,-83.6974509255567
109.309532990468,-83.6974509255599
109.31,-83.69745092556
109.319532990468,-83.6974509255632
109.32,-83.6974509255634
109.329532990468,-83.6974509255666
109.33,-83.6974509255667
109.339532990468,-83.69745092557
109.34,-83.6974509255701
109.349532990468,-83.6974509255733
109.35,-83.6974509255735
109.359532990468,-83.6974509255767
109.36,-83.6974509255768
109.369532990468,-83.69745092558
109.37,-83.6974509255802
109.379532990468,-83.6974509255834
109.38,-83.6974509255836
109.389532990468,-83.6974509255868
109.39,-83.6974509255869
109.399532990468,-83.6974509255901
109.4,-83.6974509255903
109.409532990468,-83.6974509255935
109.41,-83.6974509255936
109.419532990468,-83.6974509255968
109.42,-83.697450925597
109.429532990468,-83.6974509256002
109.43,-83.6974509256004
109.439532990468,-83.6974509256035
109.44,-83.6974509256037
109.449532990468,-83.6974509256069
109.45,-83.6974509256071
109.459532990468,-83.6974509256103
109.46,-83.6974509256104
109.469532990468,-83.6974509256136
109.47,-83.6974509256138
109.479532990468,-83.697450925617
109.48,-83.6974509256171
109.489532990468,-83.6974509256203
109.49,-83.6974509256205
109.499532990468,-83.6974509256237
109.5,-83.6974509256239
109.509532990468,-83.6974509256271
109.51,-83.6974509256272
109.519532990468,-83.6974509256304
109.52,-83.6974509256306
109.529532990468,-83.6974509256338
109.53,-83.6974509256339
109.539532990468,-83.6974509256372
109.54,-83.6974509256373
109.549532990468,-83.6974509256405
109.55,-83.6974509256407
109.559532990468,-83.6974509256439
109.56,-83.697450925644
109.569532990468,-83.6974509256472
109.57,-83.6974509256474
109.579532990468,-83.6974509256506
109.58,-83.6974509256508
109.589532990468,-83.697450925654
109.59,-83.6974509256541
109.599532990468,-83.6974509256573
109.6,-83.6974509256575
109.609532990468,-83.6974509256607
109.61,-83.6974509256608
109.619532990468,-83.697450925664
109.62,-83.6974509256642
109.629532990468,-83.6974509256674
109.63,-83.6974509256676
109.639532990468,-83.6974509256708
109.64,-83.6974509256709
109.649532990468,-83.6974509256741
109.65,-83.6974509256743
109.659532990468,-83.6974509256775
109.66,-83.6974509256777
109.669532990468,-83.6974509256809
109.67,-83.697450925681
109.679532990468,-83.6974509256842
109.68,-83.6974509256844
109.689532990468,-83.6974509256876
109.69,-83.6974509256877
109.699532990468,-83.697450925691
109.7,-83.6974509256911
109.709532990468,-83.6974509256943
109.71,-83.6974509256945
109.719532990468,-83.6974509256977
109.72,-83.6974509256979
109.729532990468,-83.697450925701
109.73,-83.6974509257012
109.739532990468,-83.6974509257044
109.74,-83.6974509257046
109.749532990468,-83.6974509257078
109.75,-83.6974509257079
109.759532990468,-83.6974509257111
109.76,-83.6974509257113
109.769532990468,-83.6974509257145
109.77,-83.6974509257147
109.779532990468,-83.6974509257179
109.78,-83.697450925718
109.789532990468,-83.6974509257212
109.79,-83.6974509257214
109.799532990468,-83.6974509257246
109.8,-83.6974509257248
109.809532990468,-83.697450925728
109.81,-83.6974509257281
109.819532990468,-83.6974509257313
109.82,-83.6974509257315
109.829532990468,-83.6974509257347
109.83,-83.6974509257349
109.839532990468,-83.6974509257381
109.84,-83.6974509257382
109.849532990468,-83.6974509257414
109.85,-83.6974509257416
109.859532990468,-83.6974509257448
109.86,-83.6974509257449
109.869532990468,-83.6974509257482
109.87,-83.6974509257483
109.879532990468,-83.6974509257515
109.88,-83.6974509257517
109.889532990468,-83.6974509257549
109.89,-83.697450925755
109.899532990468,-83.6974509257582
109.9,-83.6974509257584
109.909532990468,-83.6974509257616
109.91,-83.6974509257618
109.919532990468,-83.697450925765
109.92,-83.6974509257652
109.929532990468,-83.6974509257684
109.93,-83.6974509257685
109.939532990468,-83.6974509257717
109.94,-83.6974509257719
109.949532990468,-83.6974509257751
109.95,-83.6974509257752
109.959532990468,-83.6974509257785
109.96,-83.6974509257786
109.969532990468,-83.6974509257818
109.97,-83.697450925782
109.979532990468,-83.6974509257852
109.98,-83.6974509257853
109.989532990468,-83.6974509257886
109.99,-83.6974509257887
109.999532990468,-83.6974509257919
110,-83.6974509257921
110.009532990468,-83.6974509257953
110.01,-83.6974509257955
110.019532990468,-83.6974509257987
110.02,-83.6974509257988
110.029532990468,-83.697450925802
110.03,-83.6974509258022
110.039532990468,-83.6974509258054
110.04,-83.6974509258056
110.049532990468,-83.6974509258088
110.05,-83.6974509258089
110.059532990468,-83.6974509258121
110.06,-83.6974509258123
110.069532990468,-83.6974509258155
110.07,-83.6974509258157
110.079532990468,-83.6974509258189
110.08,-83.697450925819
110.089532990468,-83.6974509258222
110.09,-83.6974509258224
110.099532990468,-83.6974509258256
110.1,-83.6974509258258
110.109532990468,-83.697450925829
110.11,-83.6974509258291
110.119532990468,-83.6974509258323
110.12,-83.6974509258325
110.129532990468,-83.6974509258357
110.13,-83.6974509258359
110.139532990468,-83.6974509258391
110.14,-83.6974509258392
110.149532990468,-83.6974509258424
110.15,-83.6974509258426
110.159532990468,-83.6974509258458
110.16,-83.697450925846
110.169532990468,-83.6974509258492
110.17,-83.6974509258493
110.179532990468,-83.6974509258526
110.18,-83.6974509258527
110.189532990468,-83.6974509258559
110.19,-83.6974509258561
110.199532990468,-83.6974509258593
110.2,-83.6974509258595
110.209532990468,-83.6974509258627
110.21,-83.6974509258628
110.219532990468,-83.697450925866
110.22,-83.6974509258662
110.229532990468,-83.6974509258694
110.23,-83.6974509258696
110.239532990468,-83.6974509258728
110.24,-83.6974509258729
110.249532990468,-83.6974509258762
110.25,-83.6974509258763
110.259532990468,-83.6974509258795
110.26,-83.6974509258797
110.269532990468,-83.6974509258829
110.27,-83.6974509258831
110.279532990468,-83.6974509258863
110.28,-83.6974509258864
110.289532990468,-83.6974509258896
110.29,-83.6974509258898
110.299532990468,-83.697450925893
110.3,-83.6974509258932
110.309532990468,-83.6974509258964
110.31,-83.6974509258965
110.319532990468,-83.6974509258997
110.32,-83.6974509258999
110.329532990468,-83.6974509259031
110.33,-83.6974509259033
110.339532990468,-83.6974509259065
110.34,-83.6974509259067
110.349532990468,-83.6974509259099
110.35,-83.69745092591
110.359532990468,-83.6974509259132
110.36,-83.6974509259134
110.369532990468,-83.6974509259166
110.37,-83.6974509259168
110.379532990468,-83.69745092592
110.38,-83.6974509259201
110.389532990468,-83.6974509259234
110.39,-83.6974509259235
110.399532990468,-83.6974509259267
110.4,-83.6974509259269
110.409532990468,-83.6974509259301
110.41,-83.6974509259303
110.419532990468,-83.6974509259335
110.42,-83.6974509259336
110.429532990468,-83.6974509259368
110.43,-83.697450925937
110.439532990468,-83.6974509259402
110.44,-83.6974509259404
110.449532990468,-83.6974509259436
110.45,-83.6974509259438
110.459532990468,-83.697450925947
110.46,-83.6974509259471
110.469532990468,-83.6974509259503
110.47,-83.6974509259505
110.479532990468,-83.6974509259537
110.48,-83.6974509259539
110.489532990468,-83.6974509259571
110.49,-83.6974509259572
110.499532990468,-83.6974509259605
110.5,-83.6974509259606
110.509532990468,-83.6974509259638
110.51,-83.697450925964
110.519532990468,-83.6974509259672
110.52,-83.6974509259674
110.529532990468,-83.6974509259706
110.53,-83.6974509259707
110.539532990468,-83.697450925974
110.54,-83.6974509259741
110.549532990468,-83.6974509259773
110.55,-83.6974509259775
110.559532990468,-83.6974509259807
110.56,-83.6974509259809
110.569532990468,-83.6974509259841
110.57,-83.6974509259842
110.579532990468,-83.6974509259875
110.58,-83.6974509259876
110.589532990468,-83.6974509259908
110.59,-83.697450925991
110.599532990469,-83.6974509259942
110.6,-83.6974509259944
110.609532990469,-83.6974509259976
110.61,-83.6974509259977
110.619532990469,-83.697450926001
110.62,-83.6974509260011
110.629532990469,-83.6974509260043
110.63,-83.6974509260045
110.639532990469,-83.6974509260077
110.64,-83.6974509260079
110.649532990469,-83.6974509260111
110.65,-83.6974509260112
110.659532990469,-83.6974509260145
110.66,-83.6974509260146
110.669532990469,-83.6974509260178
110.67,-83.697450926018
110.679532990469,-83.6974509260212
110.68,-83.6974509260214
110.689532990469,-83.6974509260246
110.69,-83.6974509260247
110.699532990469,-83.697450926028
110.7,-83.6974509260281
110.709532990469,-83.6974509260314
110.71,-83.6974509260315
110.719532990469,-83.6974509260347
110.72,-83.6974509260349
110.729532990469,-83.6974509260381
110.73,-83.6974509260383
110.739532990469,-83.6974509260415
110.74,-83.6974509260416
110.749532990469,-83.6974509260449
110.75,-83.697450926045
110.759532990469,-83.6974509260482
110.76,-83.6974509260484
110.769532990469,-83.6974509260516
110.77,-83.6974509260518
110.779532990469,-83.697450926055
110.78,-83.6974509260552
110.789532990469,-83.6974509260584
110.79,-83.6974509260585
110.799532990469,-83.6974509260617
110.8,-83.6974509260619
110.809532990469,-83.6974509260651
110.81,-83.6974509260653
110.819532990469,-83.6974509260685
110.82,-83.6974509260687
110.829532990469,-83.6974509260719
110.83,-83.697450926072
110.839532990469,-83.6974509260752
110.84,-83.6974509260754
110.849532990469,-83.6974509260786
110.85,-83.6974509260788
110.859532990469,-83.697450926082
110.86,-83.6974509260822
110.869532990469,-83.6974509260854
110.87,-83.6974509260856
110.879532990469,-83.6974509260888
110.88,-83.6974509260889
110.889532990469,-83.6974509260921
110.89,-83.6974509260923
110.899532990469,-83.6974509260955
110.9,-83.6974509260957
110.909532990469,-83.6974509260989
110.91,-83.6974509260991
110.919532990469,-83.6974509261023
110.92,-83.6974509261024
110.929532990469,-83.6974509261057
110.93,-83.6974509261058
110.939532990469,-83.697450926109
110.94,-83.6974509261092
110.949532990469,-83.6974509261124
110.95,-83.6974509261126
110.959532990469,-83.6974509261158
110.96,-83.697450926116
110.969532990469,-83.6974509261192
110.97,-83.6974509261193
110.979532990469,-83.6974509261226
110.98,-83.6974509261227
110.989532990469,-83.697450926126
110.99,-83.6974509261261
110.999532990469,-83.6974509261293
111,-83.6974509261295
111.009532990469,-83.6974509261327
111.01,-83.6974509261329
111.019532990469,-83.6974509261361
111.02,-83.6974509261362
111.029532990469,-83.6974509261395
111.03,-83.6974509261396
111.039532990469,-83.6974509261428
111.04,-83.697450926143
111.049532990469,-83.6974509261462
111.05,-83.6974509261464
111.059532990469,-83.6974509261496
111.06,-83.6974509261498
111.069532990469,-83.697450926153
111.07,-83.6974509261532
111.079532990469,-83.6974509261564
111.08,-83.6974509261565
111.089532990469,-83.6974509261598
111.09,-83.6974509261599
111.099532990469,-83.6974509261631
111.1,-83.6974509261633
111.109532990469,-83.6974509261665
111.11,-83.6974509261667
111.119532990469,-83.6974509261699
111.12,-83.6974509261701
111.129532990469,-83.6974509261733
111.13,-83.6974509261734
111.139532990469,-83.6974509261767
111.14,-83.6974509261768
111.149532990469,-83.69745092618
111.15,-83.6974509261802
111.159532990469,-83.6974509261834
111.16,-83.6974509261836
111.169532990469,-83.6974509261868
111.17,-83.697450926187
111.179532990469,-83.6974509261902
111.18,-83.6974509261904
111.189532990469,-83.6974509261936
111.19,-83.6974509261937
111.199532990469,-83.697450926197
111.2,-83.6974509261971
111.209532990469,-83.6974509262003
111.21,-83.6974509262005
111.219532990469,-83.6974509262037
111.22,-83.6974509262039
111.229532990469,-83.6974509262071
111.23,-83.6974509262073
111.239532990469,-83.6974509262105
111.24,-83.6974509262106
111.249532990469,-83.6974509262139
111.25,-83.697450926214
111.259532990469,-83.6974509262173
111.26,-83.6974509262174
111.269532990469,-83.6974509262206
111.27,-83.6974509262208
111.279532990469,-83.697450926224
111.28,-83.6974509262242
111.289532990469,-83.6974509262274
111.29,-83.6974509262276
111.299532990469,-83.6974509262308
111.3,-83.697450926231
111.309532990469,-83.6974509262342
111.31,-83.6974509262343
111.319532990469,-83.6974509262376
111.32,-83.6974509262377
111.329532990469,-83.6974509262409
111.33,-83.6974509262411
111.339532990469,-83.6974509262443
111.34,-83.6974509262445
111.349532990469,-83.6974509262477
111.35,-83.6974509262479
111.359532990469,-83.6974509262511
111.36,-83.6974509262513
111.369532990469,-83.6974509262545
111.37,-83.6974509262546
111.379532990469,-83.6974509262579
111.38,-83.697450926258
111.389532990469,-83.6974509262613
111.39,-83.6974509262614
111.399532990469,-83.6974509262647
111.4,-83.6974509262648
111.409532990469,-83.697450926268
111.41,-83.6974509262682
111.419532990469,-83.6974509262714
111.42,-83.6974509262716
111.429532990469,-83.6974509262748
111.43,-83.697450926275
111.439532990469,-83.6974509262782
111.44,-83.6974509262783
111.449532990469,-83.6974509262816
111.45,-83.6974509262817
111.459532990469,-83.697450926285
111.46,-83.6974509262851
111.469532990469,-83.6974509262884
111.47,-83.6974509262885
111.479532990469,-83.6974509262917
111.48,-83.6974509262919
111.489532990469,-83.6974509262951
111.49,-83.6974509262953
111.499532990469,-83.6974509262985
111.5,-83.6974509262987
111.509532990469,-83.6974509263019
111.51,-83.6974509263021
111.519532990469,-83.6974509263053
111.52,-83.6974509263054
111.529532990469,-83.6974509263087
111.53,-83.6974509263088
111.539532990469,-83.6974509263121
111.54,-83.6974509263122
111.549532990469,-83.6974509263155
111.55,-83.6974509263156
111.559532990469,-83.6974509263188
111.56,-83.697450926319
111.569532990469,-83.6974509263222
111.57,-83.6974509263224
111.579532990469,-83.6974509263256
111.58,-83.6974509263258
111.589532990469,-83.697450926329
111.59,-83.6974509263292
111.599532990469,-83.6974509263324
111.6,-83.6974509263325
111.609532990469,-83.6974509263358
111.61,-83.6974509263359
111.619532990469,-83.6974509263392
111.62,-83.6974509263393
111.629532990469,-83.6974509263425
111.63,-83.6974509263427
111.639532990469,-83.6974509263459
111.64,-83.6974509263461
111.649532990469,-83.6974509263493
111.65,-83.6974509263495
111.659532990469,-83.6974509263527
111.66,-83.6974509263529
111.669532990469,-83.6974509263561
111.67,-83.6974509263563
111.679532990469,-83.6974509263595
111.68,-83.6974509263597
111.689532990469,-83.6974509263629
111.69,-83.697450926363
111.699532990469,-83.6974509263663
111.7,-83.6974509263664
111.709532990469,-83.6974509263697
111.71,-83.6974509263698
111.719532990469,-83.697450926373
111.72,-83.6974509263732
111.729532990469,-83.6974509263764
111.73,-83.6974509263766
111.739532990469,-83.6974509263798
111.74,-83.69745092638
111.749532990469,-83.6974509263832
111.75,-83.6974509263834
111.759532990469,-83.6974509263866
111.76,-83.6974509263868
111.769532990469,-83.69745092639
111.77,-83.6974509263901
111.779532990469,-83.6974509263934
111.78,-83.6974509263935
111.789532990469,-83.6974509263968
111.79,-83.6974509263969
111.799532990469,-83.6974509264002
111.8,-83.6974509264003
111.809532990469,-83.6974509264036
111.81,-83.6974509264037
111.819532990469,-83.6974509264069
111.82,-83.6974509264071
111.829532990469,-83.6974509264103
111.83,-83.6974509264105
111.839532990469,-83.6974509264137
111.84,-83.6974509264139
111.849532990469,-83.6974509264171
111.85,-83.6974509264173
111.859532990469,-83.6974509264205
111.86,-83.6974509264207
111.869532990469,-83.6974509264239
111.87,-83.6974509264241
111.879532990469,-83.6974509264273
111.88,-83.6974509264275
111.889532990469,-83.6974509264307
111.89,-83.6974509264308
111.899532990469,-83.6974509264341
111.9,-83.6974509264342
111.909532990469,-83.6974509264375
111.91,-83.6974509264376
111.919532990469,-83.6974509264409
111.92,-83.697450926441
111.929532990469,-83.6974509264442
111.93,-83.6974509264444
111.939532990469,-83.6974509264476
111.94,-83.6974509264478
111.949532990469,-83.697450926451
111.95,-83.6974509264512
111.959532990469,-83.6974509264544
111.96,-83.6974509264546
111.969532990469,-83.6974509264578
111.97,-83.697450926458
111.979532990469,-83.6974509264612
111.98,-83.6974509264614
111.989532990469,-83.6974509264646
111.99,-83.6974509264648
111.999532990469,-83.697450926468
112,-83.6974509264682
112.009532990469,-83.6974509264714
112.01,-83.6974509264715
112.019532990469,-83.6974509264748
112.02,-83.6974509264749
112.029532990469,-83.6974509264782
112.03,-83.6974509264783
112.039532990469,-83.6974509264816
112.04,-83.6974509264817
112.049532990469,-83.697450926485
112.05,-83.6974509264851
112.059532990469,-83.6974509264884
112.06,-83.6974509264885
112.069532990469,-83.6974509264918
112.07,-83.6974509264919
112.079532990469,-83.6974509264952
112.08,-83.6974509264953
112.089532990469,-83.6974509264985
112.09,-83.6974509264987
112.099532990469,-83.6974509265019
112.1,-83.6974509265021
112.109532990469,-83.6974509265053
112.11,-83.6974509265055
112.119532990469,-83.6974509265087
112.12,-83.6974509265089
112.129532990469,-83.6974509265121
112.13,-83.6974509265123
112.139532990469,-83.6974509265155
112.14,-83.6974509265157
112.149532990469,-83.6974509265189
112.15,-83.6974509265191
112.159532990469,-83.6974509265223
112.16,-83.6974509265225
112.169532990469,-83.6974509265257
112.17,-83.6974509265259
112.179532990469,-83.6974509265291
112.18,-83.6974509265293
112.189532990469,-83.6974509265325
112.19,-83.6974509265327
112.199532990469,-83.6974509265359
112.2,-83.697450926536
112.209532990469,-83.6974509265393
112.21,-83.6974509265394
112.219532990469,-83.6974509265427
112.22,-83.6974509265428
112.229532990469,-83.6974509265461
112.23,-83.6974509265462
112.239532990469,-83.6974509265495
112.24,-83.6974509265496
112.249532990469,-83.6974509265529
112.25,-83.697450926553
112.259532990469,-83.6974509265563
112.26,-83.6974509265564
112.269532990469,-83.6974509265597
112.27,-83.6974509265598
112.279532990469,-83.6974509265631
112.28,-83.6974509265632
112.289532990469,-83.6974509265665
112.29,-83.6974509265666
112.299532990469,-83.6974509265699
112.3,-83.69745092657
112.309532990469,-83.6974509265732
112.31,-83.6974509265734
112.319532990469,-83.6974509265766
112.32,-83.6974509265768
112.329532990469,-83.69745092658
112.33,-83.6974509265802
112.339532990469,-83.6974509265834
112.34,-83.6974509265836
112.349532990469,-83.6974509265868
112.35,-83.697450926587
112.359532990469,-83.6974509265902
112.36,-83.6974509265904
112.369532990469,-83.6974509265936
112.37,-83.6974509265938
112.379532990469,-83.697450926597
112.38,-83.6974509265972
112.389532990469,-83.6974509266004
112.39,-83.6974509266006
112.399532990469,-83.6974509266038
112.4,-83.697450926604
112.409532990469,-83.6974509266072
112.41,-83.6974509266074
112.419532990469,-83.6974509266106
112.42,-83.6974509266108
112.429532990469,-83.697450926614
112.43,-83.6974509266142
112.439532990469,-83.6974509266174
112.44,-83.6974509266176
112.449532990469,-83.6974509266208
112.45,-83.697450926621
112.459532990469,-83.6974509266242
112.46,-83.6974509266244
112.469532990469,-83.6974509266276
112.47,-83.6974509266278
112.479532990469,-83.697450926631
112.48,-83.6974509266312
112.489532990469,-83.6974509266344
112.49,-83.6974509266346
112.499532990469,-83.6974509266378
112.5,-83.697450926638
112.509532990469,-83.6974509266412
112.51,-83.6974509266414
112.519532990469,-83.6974509266446
112.52,-83.6974509266448
112.529532990469,-83.697450926648
112.53,-83.6974509266482
112.539532990469,-83.6974509266514
112.54,-83.6974509266516
112.54953299047,-83.6974509266548
112.55,-83.697450926655
112.55953299047,-83.6974509266582
112.56,-83.6974509266584
112.56953299047,-83.6974509266616
112.57,-83.6974509266618
112.57953299047,-83.697450926665
112.58,-83.6974509266652
112.58953299047,-83.6974509266684
112.59,-83.6974509266686
112.59953299047,-83.6974509266718
112.6,-83.697450926672
112.60953299047,-83.6974509266752
112.61,-83.6974509266754
112.61953299047,-83.6974509266786
112.62,-83.6974509266788
112.62953299047,-83.697450926682
112.63,-83.6974509266822
112.63953299047,-83.6974509266854
112.64,-83.6974509266856
112.64953299047,-83.6974509266888
112.65,-83.697450926689
112.65953299047,-83.6974509266922
112.66,-83.6974509266924
112.66953299047,-83.6974509266956
112.67,-83.6974509266958
112.67953299047,-83.697450926699
112.68,-83.6974509266992
112.68953299047,-83.6974509267024
112.69,-83.6974509267026
112.69953299047,-83.6974509267058
112.7,-83.697450926706
112.70953299047,-83.6974509267092
112.71,-83.6974509267094
112.71953299047,-83.6974509267126
112.72,-83.6974509267128
112.72953299047,-83.697450926716
112.73,-83.6974509267162
112.73953299047,-83.6974509267194
112.74,-83.6974509267196
112.74953299047,-83.6974509267228
112.75,-83.697450926723
112.75953299047,-83.6974509267262
112.76,-83.6974509267264
112.76953299047,-83.6974509267296
112.77,-83.6974509267298
112.77953299047,-83.697450926733
112.78,-83.6974509267332
112.78953299047,-83.6974509267364
112.79,-83.6974509267366
112.79953299047,-83.6974509267398
112.8,-83.69745092674
112.80953299047,-83.6974509267432
112.81,-83.6974509267434
112.81953299047,-83.6974509267466
112.82,-83.6974509267468
112.82953299047,-83.69745092675
112.83,-83.6974509267502
112.83953299047,-83.6974509267534
112.84,-83.6974509267536
112.84953299047,-83.6974509267568
112.85,-83.697450926757
112.85953299047,-83.6974509267603
112.86,-83.6974509267604
112.86953299047,-83.6974509267637
112.87,-83.6974509267638
112.87953299047,-83.6974509267671
112.88,-83.6974509267672
112.88953299047,-83.6974509267705
112.89,-83.6974509267706
112.89953299047,-83.6974509267739
112.9,-83.697450926774
112.90953299047,-83.6974509267773
112.91,-83.6974509267774
112.91953299047,-83.6974509267807
112.92,-83.6974509267808
112.92953299047,-83.6974509267841
112.93,-83.6974509267842
112.93953299047,-83.6974509267875
112.94,-83.6974509267877
112.94953299047,-83.6974509267909
112.95,-83.697450926791
112.95953299047,-83.6974509267943
112.96,-83.6974509267944
112.96953299047,-83.6974509267977
112.97,-83.6974509267979
112.97953299047,-83.6974509268011
112.98,-83.6974509268013
112.98953299047,-83.6974509268045
112.99,-83.6974509268047
112.99953299047,-83.6974509268079
113,-83.6974509268081
113.00953299047,-83.6974509268113
113.01,-83.6974509268115
113.01953299047,-83.6974509268147
113.02,-83.6974509268149
113.02953299047,-83.6974509268181
113.03,-83.6974509268183
113.03953299047,-83.6974509268215
113.04,-83.6974509268217
113.04953299047,-83.6974509268249
113.05,-83.6974509268251
113.05953299047,-83.6974509268283
113.06,-83.6974509268285
113.06953299047,-83.6974509268317
113.07,-83.6974509268319
113.07953299047,-83.6974509268352
113.08,-83.6974509268353
113.08953299047,-83.6974509268386
113.09,-83.6974509268387
113.09953299047,-83.697450926842
113.1,-83.6974509268421
113.10953299047,-83.6974509268454
113.11,-83.6974509268455
113.11953299047,-83.6974509268488
113.12,-83.6974509268489
113.12953299047,-83.6974509268522
113.13,-83.6974509268524
113.13953299047,-83.6974509268556
113.14,-83.6974509268558
113.14953299047,-83.697450926859
113.15,-83.6974509268592
113.15953299047,-83.6974509268624
113.16,-83.6974509268626
113.16953299047,-83.6974509268658
113.17,-83.697450926866
113.17953299047,-83.6974509268692
113.18,-83.6974509268694
113.18953299047,-83.6974509268726
113.19,-83.6974509268728
113.19953299047,-83.697450926876
113.2,-83.6974509268762
113.20953299047,-83.6974509268795
113.21,-83.6974509268796
113.21953299047,-83.6974509268829
113.22,-83.697450926883
113.22953299047,-83.6974509268863
113.23,-83.6974509268864
113.23953299047,-83.6974509268897
113.24,-83.6974509268898
113.24953299047,-83.6974509268931
113.25,-83.6974509268932
113.25953299047,-83.6974509268965
113.26,-83.6974509268967
113.26953299047,-83.6974509268999
113.27,-83.6974509269001
113.27953299047,-83.6974509269033
