0,42.3010676086871
4.01606541849385e-30,42.3010676086871
1.14910396405366e-12,42.3010676086871
1.14910396405367e-12,42.3010676086871
1.15045829629442e-12,42.3010676086871
1.15045829629443e-12,42.3010676086871
1.23964760873716e-12,42.3010676086871
1.23964760873717e-12,42.3010676086871
1.24021692487882e-12,42.3010676086871
1.24021692487883e-12,42.3010676086871
3.79319056675393e-08,42.3010676086888
2.27585232920611e-07,42.3010676086973
1.17585186918597e-06,42.30106760874
5.91718505051278e-06,42.3010676089534
2.96238509571468e-05,42.3010676100203
0.000145259407052692,42.3010676152246
0.00036176639878265,42.3010676249685
0.000700659871948899,42.3010676402206
0.00121036866784289,42.3010676631602
0.00173549817088146,42.3010676867938
0.00226062767392003,42.3010677104274
0.00293589687534955,42.3010677408181
0.00374701500695053,42.3010677773226
0.00455813313855152,42.3010678138271
0.0053692512701525,42.3010678503315
0.00618036940175349,42.3010678868358
0.00724873414128383,42.3010679349174
0.00831709888081418,42.3010679829987
0.00988945917123131,42.3010680537618
0.01,42.3010680587366
0.0121085070731687,42.3010681536276
0.0121087287818934,42.3010681536376
0.0121089504906181,42.3010681536475
0.0121100590342418,42.3010681536975
0.0121156017523599,42.3010681539469
0.0121433153429509,42.3010681551941
0.0122818832959054,42.3010681614301
0.012974723060678,42.3010681926103
0.0134816043145629,42.3010682154216
0.0139884855684478,42.3010682382328
0.0144953668223328,42.3010682610439
0.0150022480762177,42.3010682838549
0.0155091293301026,42.3010683066658
0.0162942000108691,42.3010683419957
0.0168603237577621,42.3010683674724
0.0176537242359117,42.3010684031767
0.0182863493841324,42.3010684316457
0.019182182584067,42.3010684719591
0.02,42.3010685087613
0.0200780157840016,42.3010685122721
0.0213405571909173,42.3010685690864
0.0226030985978329,42.3010686258999
0.0238656400047486,42.3010686827125
0.0251281814116643,42.301068739524
0.0270802651510984,42.3010688273613
0.03,42.3010689587344
0.0309397864838427,42.3010690010185
0.034799307816587,42.301069174663
0.0396518744276386,42.3010693929648
0.04,42.301069408625
0.0477520677561181,42.3010697573055
0.05,42.3010698584008
0.0506183900331962,42.30106988621
0.0512367800663924,42.3010699140187
0.0518551700995886,42.3010699418269
0.0528383839919566,42.3010699860394
0.0544076685324233,42.301070056603
0.0567282871688009,42.3010701609435
0.06,42.3010703080326
0.0604120379280915,42.3010703265556
0.0674355270324311,42.3010706422481
0.07,42.3010707574937
0.0768062806052574,42.3010710632993
0.08,42.3010712067603
0.0861770341780836,42.3010714841672
0.09,42.3010716558115
0.0955477877509099,42.3010719048357
0.1,42.3010721046289
0.109370753572826,42.3010725249782
0.11,42.3010725531966
0.118741507145653,42.3010729450971
0.12,42.301073001501
0.128112260718479,42.3010733649745
0.13,42.3010734495288
0.134869226464483,42.3010736675801
0.1398832088647,42.3010738920413
0.14,42.3010738972688
0.144897191264918,42.301074116428
0.15,42.3010743447123
0.157772164663494,42.3010746922627
0.16,42.3010747918513
0.165544329326987,42.3010750396263
0.17,42.3010752386793
0.175544329326987,42.3010754862789
0.18,42.3010756851895
0.185544329326987,42.3010759326106
0.19,42.3010761313768
0.195544329326987,42.3010763786168
0.2,42.3010765772365
0.21,42.3010770227648
0.21,42.3010770227648
0.22,42.3010774679589
0.22,42.3010774679589
0.23,42.301077912816
0.23,42.301077912816
0.24,42.3010783573334
0.24,42.3010783573334
0.25,42.301078801509
0.26,42.3010792453409
0.27,42.3010796888274
0.28,42.3010801319669
0.29,42.3010805747583
0.29,42.3010805747583
0.3,42.3010810172004
0.31,42.301081459292
0.32,42.3010819010323
0.33,42.3010823424204
0.34,42.3010827834553
0.35,42.3010832241363
0.36,42.3010836644627
0.36,42.3010836644627
0.37,42.3010841044336
0.37,42.3010841044336
0.38,42.3010845440484
0.38,42.3010845440484
0.39,42.3010849833064
0.39,42.3010849833064
0.4,42.3010854222067
0.41,42.3010858607488
0.42,42.301086298932
0.42,42.301086298932
0.43,42.3010867367555
0.43,42.3010867367555
0.44,42.3010871742186
0.44,42.3010871742186
0.45,42.3010876113208
0.46,42.3010880480613
0.47,42.3010884844395
0.48,42.3010889204547
0.48,42.3010889204547
0.49,42.3010893561064
0.49,42.3010893561064
0.5,42.3010897913938
0.51,42.3010902263165
0.52,42.3010906608739
0.53,42.3010910950653
0.54,42.3010915288904
0.55,42.3010919623486
0.56,42.3010923954395
0.57,42.3010928281626
0.58,42.3010932605176
0.58,42.3010932605176
0.59,42.301093692504
0.59,42.301093692504
0.6,42.3010941241216
0.61,42.3010945553701
0.62,42.3010949862492
0.63,42.3010954167586
0.64,42.3010958468983
0.65,42.3010962766679
0.66,42.3010967060675
0.67,42.3010971350968
0.68,42.3010975637558
0.69,42.3010979920445
0.7,42.3010984199627
0.71,42.3010988475107
0.71,42.3010988475107
0.72,42.3010992746882
0.72,42.3010992746882
0.73,42.3010997014955
0.73,42.3010997014955
0.74,42.3011001279325
0.74,42.3011001279325
0.75,42.3011005539994
0.76,42.3011009796961
0.77,42.3011014050229
0.78,42.3011018299799
0.79,42.3011022545671
0.8,42.3011026787847
0.81,42.3011031026329
0.82,42.3011035261118
0.83,42.3011039492215
0.84,42.3011043719622
0.84,42.3011043719622
0.85,42.301104794334
0.86,42.3011052163372
0.87,42.3011056379718
0.88,42.301106059238
0.89,42.3011064801359
0.9,42.3011069006657
0.91,42.3011073208275
0.92,42.3011077406214
0.93,42.3011081600475
0.94,42.3011085791061
0.95,42.3011089977971
0.96,42.3011094161206
0.96,42.3011094161206
0.97,42.3011098340769
0.97,42.3011098340769
0.98,42.3011102516659
0.98,42.3011102516659
0.99,42.3011106688876
0.99,42.3011106688877
1,42.3011110857423
1.01,42.3011115022299
1.02,42.3011119183506
1.03,42.3011123341042
1.04,42.301112749491
1.05,42.3011131645108
1.06,42.3011135791637
1.07,42.3011139934499
1.08,42.3011144073691
1.09,42.3011148209215
1.1,42.3011152341071
1.11,42.3011156469258
1.12,42.3011160593777
1.13,42.3011164714626
1.14,42.3011168831807
1.15,42.3011172945319
1.16,42.3011177055161
1.16,42.3011177055161
1.17,42.3011181161333
1.17,42.3011181161333
1.18,42.3011185263835
1.18,42.3011185263835
1.19,42.3011189362667
1.19,42.3011189362667
1.2,42.3011193457828
1.21,42.3011197549318
1.22,42.3011201637137
1.23,42.3011205721284
1.24,42.3011209801759
1.25,42.3011213878561
1.26,42.3011217951691
1.27,42.3011222021147
1.28,42.301122608693
1.29,42.3011230149039
1.3,42.3011234207474
1.31,42.3011238262235
1.32,42.3011242313321
1.33,42.3011246360732
1.34,42.3011250404468
1.35,42.3011254444528
1.36,42.3011258480913
1.37,42.3011262513623
1.38,42.3011266542656
1.39,42.3011270568013
1.4,42.3011274589694
1.41,42.30112786077
1.41,42.30112786077
1.42,42.3011282622028
1.42,42.3011282622028
1.43,42.3011286632681
1.43,42.3011286632681
1.44,42.3011290639657
1.44,42.3011290639657
1.45,42.3011294642957
1.46,42.301129864258
1.47,42.3011302638527
1.48,42.3011306630798
1.49,42.3011310619393
1.5,42.3011314604312
1.51,42.3011318585554
1.52,42.3011322563121
1.53,42.3011326537012
1.54,42.3011330507228
1.55,42.3011334473768
1.56,42.3011338436632
1.57,42.3011342395822
1.58,42.3011346351336
1.59,42.3011350303176
1.6,42.3011354251342
1.61,42.3011358195833
1.62,42.3011362136649
1.63,42.3011366073792
1.64,42.3011370007261
1.65,42.3011373937057
1.66,42.3011377863179
1.67,42.3011381785628
1.67,42.3011381785628
1.68,42.3011385704404
1.68,42.3011385704404
1.69,42.3011389619508
1.69,42.3011389619508
1.7,42.3011393530939
1.71,42.3011397438698
1.72,42.3011401342784
1.73,42.3011405243199
1.74,42.3011409139942
1.75,42.3011413033014
1.76,42.3011416922415
1.77,42.3011420808144
1.78,42.3011424690202
1.79,42.301142856859
1.8,42.3011432443307
1.81,42.3011436314354
1.82,42.301144018173
1.83,42.3011444045436
1.84,42.3011447905472
1.85,42.3011451761839
1.86,42.3011455614535
1.87,42.3011459463563
1.88,42.301146330892
1.89,42.3011467150608
1.9,42.3011470988627
1.91,42.3011474822977
1.92,42.3011478653658
1.92,42.3011478653658
1.93,42.301148248067
1.93,42.301148248067
1.94,42.3011486304013
1.94,42.3011486304013
1.95,42.3011490123687
1.96,42.3011493939692
1.97,42.3011497752029
1.98,42.3011501560698
1.99,42.3011505365697
2,42.3011509167029
2.01,42.3011512964691
2.02,42.3011516758686
2.03,42.3011520549012
2.04,42.3011524335671
2.05,42.301152811866
2.06,42.3011531897982
2.07,42.3011535673636
2.08,42.3011539445622
2.09,42.301154321394
2.1,42.301154697859
2.11,42.3011550739572
2.12,42.3011554496886
2.13,42.3011558250532
2.14,42.3011562000511
2.15,42.3011565746822
2.16,42.3011569489466
2.17,42.3011573228442
2.18,42.301157696375
2.19,42.3011580695392
2.2,42.3011584423366
2.21,42.3011588147672
2.22,42.3011591868312
2.23,42.3011595585284
2.23999999999999,42.301159929859
2.24999999999999,42.3011603008228
2.25999999999999,42.30116067142
2.26999999999999,42.3011610416504
2.27999999999999,42.3011614115142
2.28999999999999,42.3011617810114
2.29999999999999,42.3011621501418
2.30999999999999,42.3011625189057
2.31999999999999,42.3011628873029
2.32999999999999,42.3011632553335
2.33999999999999,42.3011636229974
2.34999999999999,42.3011639902948
2.35999999999999,42.3011643572256
2.36999999999999,42.3011647237898
2.37999999999999,42.3011650899874
2.38999999999999,42.3011654558185
2.39999999999999,42.301165821283
2.40999999999999,42.301166186381
2.41999999999999,42.3011665511124
2.42999999999999,42.3011669154774
2.43999999999999,42.3011672794758
2.44999999999999,42.3011676431078
2.45999999999999,42.3011680063733
2.46999999999999,42.3011683692723
2.47999999999999,42.3011687318049
2.48999999999999,42.301169093971
2.49999999999999,42.3011694557707
2.50999999999999,42.301169817204
2.51999999999999,42.3011701782709
2.52999999999999,42.3011705389714
2.53999999999999,42.3011708993055
2.54999999999999,42.3011712592732
2.55999999999999,42.3011716188746
2.56999999999999,42.3011719781097
2.57999999999999,42.3011723369785
2.58999999999999,42.3011726954809
2.59999999999999,42.3011730536171
2.60999999999999,42.3011734113869
2.61999999999999,42.3011737687905
2.62999999999999,42.3011741258279
2.63999999999999,42.301174482499
2.64999999999999,42.3011748388038
2.65999999999999,42.3011751947425
2.66999999999999,42.3011755503149
2.67999999999999,42.3011759055211
2.68999999999999,42.3011762603612
2.69999999999999,42.3011766148351
2.70999999999998,42.3011769689428
2.71999999999998,42.3011773226844
2.72999999999998,42.3011776760599
2.73999999999998,42.3011780290692
2.74999999999998,42.3011783817124
2.75999999999998,42.3011787339896
2.76999999999998,42.3011790859006
2.77999999999998,42.3011794374456
2.78999999999998,42.3011797886246
2.79999999999998,42.3011801394374
2.80999999999998,42.3011804898843
2.81999999999998,42.3011808399651
2.82999999999998,42.30118118968
2.83999999999998,42.3011815390288
2.84999999999998,42.3011818880117
2.85999999999998,42.3011822366285
2.86999999999998,42.3011825848795
2.87999999999998,42.3011829327645
2.88999999999998,42.3011832802835
2.89999999999998,42.3011836274367
2.90999999999998,42.3011839742239
2.91999999999998,42.3011843206452
2.92999999999998,42.3011846667007
2.93999999999998,42.3011850123903
2.94999999999998,42.301185357714
2.95999999999998,42.3011857026719
2.96999999999998,42.301186047264
2.97999999999998,42.3011863914902
2.98999999999998,42.3011867353507
2.99999999999998,42.3011870788454
3.00999999999998,42.3011874219742
3.01999999999998,42.3011877647373
3.02999999999998,42.3011881071347
3.03999999999998,42.3011884491664
3.04999999999998,42.3011887908323
3.05999999999998,42.3011891321324
3.06999999999998,42.3011894730669
3.07999999999998,42.3011898136358
3.08999999999998,42.3011901538389
3.09999999999998,42.3011904936764
3.10999999999998,42.3011908331483
3.11999999999998,42.3011911722545
3.12999999999998,42.3011915109952
3.13999999999998,42.3011918493702
3.14999999999998,42.3011921873797
3.15999999999998,42.3011925250236
3.16999999999998,42.301192862302
3.17999999999997,42.3011931992148
3.18999999999997,42.3011935357621
3.19999999999997,42.3011938719439
3.20999999999997,42.3011942077603
3.21999999999997,42.3011945432111
3.22999999999997,42.3011948782965
3.23999999999997,42.3011952130165
3.24999999999997,42.3011955473711
3.25999999999997,42.3011958813602
3.26999999999997,42.301196214984
3.27999999999997,42.3011965482423
3.28999999999997,42.3011968811354
3.29999999999997,42.301197213663
3.30999999999997,42.3011975458254
3.31999999999997,42.3011978776224
3.32999999999997,42.3011982090542
3.33999999999997,42.3011985401207
3.34999999999997,42.3011988708219
3.35999999999997,42.3011992011578
3.36999999999997,42.3011995311286
3.37999999999997,42.3011998607342
3.38999999999997,42.3012001899745
3.39999999999997,42.3012005188497
3.40999999999997,42.3012008473598
3.41999999999997,42.3012011755047
3.42999999999997,42.3012015032845
3.43999999999997,42.3012018306992
3.44999999999997,42.3012021577488
3.45999999999997,42.3012024844334
3.46999999999997,42.3012028107529
3.47999999999997,42.3012031367074
3.48999999999997,42.3012034622969
3.49999999999997,42.3012037875214
3.50999999999997,42.3012041123809
3.51999999999997,42.3012044368755
3.52999999999997,42.3012047610051
3.53999999999997,42.3012050847699
3.54999999999997,42.3012054081697
3.55999999999997,42.3012057312047
3.56999999999997,42.3012060538748
3.57999999999997,42.3012063761801
3.58999999999997,42.3012066981206
3.59999999999997,42.3012070196963
3.60999999999997,42.3012073409072
3.61999999999997,42.3012076617533
3.62999999999997,42.3012079822348
3.63999999999997,42.3012083023515
3.64999999999996,42.3012086221035
3.65999999999996,42.3012089414909
3.66999999999996,42.3012092605136
3.67999999999996,42.3012095791717
3.68999999999996,42.3012098974652
3.69999999999996,42.3012102153941
3.70999999999996,42.3012105329584
3.71999999999996,42.3012108501582
3.72999999999996,42.3012111669935
3.73999999999996,42.3012114834643
3.74999999999996,42.3012117995706
3.75999999999996,42.3012121153125
3.76999999999996,42.3012124306899
3.77999999999996,42.3012127457029
3.78999999999996,42.3012130603516
3.79999999999996,42.3012133746358
3.80999999999996,42.3012136885557
3.81999999999996,42.3012140021113
3.82999999999996,42.3012143153026
3.83999999999996,42.3012146281297
3.84999999999996,42.3012149405925
3.85999999999996,42.301215252691
3.86999999999996,42.3012155644253
3.87999999999996,42.3012158757955
3.88999999999996,42.3012161868015
3.89999999999996,42.3012164974434
3.90999999999996,42.3012168077212
3.91999999999996,42.3012171176349
3.92999999999996,42.3012174271846
3.93999999999996,42.3012177363702
3.94999999999996,42.3012180451919
3.95999999999996,42.3012183536495
3.96999999999996,42.3012186617432
3.97999999999996,42.301218969473
3.98999999999996,42.3012192768389
3.99999999999996,42.301219583841
4.00999999999996,42.3012198904791
4.01999999999996,42.3012201967535
4.02999999999996,42.3012205026641
4.03999999999996,42.3012208082109
4.04999999999996,42.301221113394
4.05999999999996,42.3012214182134
4.06999999999996,42.3012217226691
4.07999999999996,42.3012220267611
4.08999999999996,42.3012223304896
4.09999999999996,42.3012226338544
4.10999999999996,42.3012229368556
4.11999999999995,42.3012232394933
4.12999999999995,42.3012235417675
4.13999999999995,42.3012238436783
4.14999999999995,42.3012241452255
4.15999999999995,42.3012244464093
4.16999999999995,42.3012247472298
4.17999999999995,42.3012250476869
4.18999999999995,42.3012253477807
4.19999999999995,42.3012256475112
4.20999999999995,42.3012259468784
4.21999999999995,42.3012262458824
4.22999999999995,42.3012265445232
4.23999999999995,42.3012268428008
4.24999999999995,42.3012271407153
4.25999999999995,42.3012274382666
4.26999999999995,42.3012277354549
4.27999999999995,42.3012280322802
4.28999999999995,42.3012283287425
4.29999999999995,42.3012286248418
4.30999999999995,42.3012289205782
4.31999999999995,42.3012292159516
4.32999999999995,42.3012295109623
4.33999999999995,42.30122980561
4.34999999999995,42.301230099895
4.35999999999995,42.3012303938172
4.36999999999995,42.3012306873767
4.37999999999995,42.3012309805735
4.38999999999995,42.3012312734077
4.39999999999995,42.3012315658792
4.40999999999995,42.301231857988
4.41999999999995,42.3012321497344
4.42999999999995,42.3012324411183
4.43999999999995,42.3012327321397
4.44999999999995,42.3012330227986
4.45999999999995,42.3012333130951
4.46999999999995,42.3012336030292
4.47999999999995,42.3012338926011
4.48999999999995,42.3012341818107
4.49999999999995,42.301234470658
4.50999999999995,42.3012347591431
4.51999999999995,42.301235047266
4.52999999999995,42.3012353350269
4.53999999999995,42.3012356224257
4.54999999999995,42.3012359094625
4.55999999999995,42.3012361961372
4.56999999999995,42.30123648245
4.57999999999995,42.3012367684009
4.58999999999994,42.30123705399
4.59999999999994,42.3012373392172
4.60999999999994,42.3012376240826
4.61999999999994,42.3012379085862
4.62999999999994,42.3012381927283
4.63999999999994,42.3012384765087
4.64999999999994,42.3012387599274
4.65999999999994,42.3012390429845
4.66999999999994,42.3012393256802
4.67999999999994,42.3012396080145
4.68999999999994,42.3012398899873
4.69999999999994,42.3012401715987
4.70999999999994,42.3012404528487
4.71999999999994,42.3012407337375
4.72999999999994,42.3012410142651
4.73999999999994,42.3012412944315
4.74999999999994,42.3012415742368
4.75999999999994,42.3012418536809
4.76999999999994,42.301242132764
4.77999999999994,42.3012424114861
4.78999999999994,42.3012426898473
4.79999999999994,42.3012429678476
4.80999999999994,42.301243245487
4.81999999999994,42.3012435227657
4.82999999999994,42.3012437996836
4.83999999999994,42.3012440762409
4.84999999999994,42.3012443524375
4.85999999999994,42.3012446282735
4.86999999999994,42.301244903749
4.87999999999994,42.3012451788641
4.88999999999994,42.3012454536188
4.89999999999994,42.301245728013
4.90999999999994,42.3012460020469
4.91999999999994,42.3012462757206
4.92999999999994,42.3012465490341
4.93999999999994,42.3012468219875
4.94999999999994,42.3012470945808
4.95999999999994,42.301247366814
4.96999999999994,42.3012476386873
4.97999999999994,42.3012479102008
4.98999999999994,42.3012481813544
4.99999999999994,42.3012484521482
5.00999999999994,42.3012487225822
5.01999999999994,42.3012489926565
5.02999999999994,42.3012492623713
5.03999999999994,42.3012495317266
5.04999999999993,42.3012498007224
5.05999999999993,42.3012500693586
5.06999999999993,42.3012503376356
5.07999999999993,42.3012506055533
5.08999999999993,42.3012508731117
5.09999999999993,42.301251140311
5.10999999999993,42.301251407151
5.11999999999993,42.3012516736321
5.12999999999993,42.3012519397542
5.13999999999993,42.3012522055174
5.14999999999993,42.3012524709218
5.15999999999993,42.3012527359672
5.16999999999993,42.3012530006541
5.17999999999993,42.3012532649823
5.18999999999993,42.3012535289521
5.19999999999993,42.3012537925632
5.20999999999993,42.3012540558159
5.21999999999993,42.3012543187103
5.22999999999993,42.3012545812465
5.23999999999993,42.3012548434245
5.24999999999993,42.3012551052443
5.25999999999993,42.301255366706
5.26999999999993,42.3012556278098
5.27999999999993,42.3012558885557
5.28999999999993,42.3012561489438
5.29999999999993,42.301256408974
5.30999999999993,42.3012566686465
5.31999999999993,42.3012569279614
5.32999999999993,42.3012571869189
5.33999999999993,42.301257445519
5.34999999999993,42.3012577037617
5.35999999999993,42.3012579616469
5.36999999999993,42.301258219175
5.37999999999993,42.3012584763461
5.380656744784,42.3012584932232
5.38131348956808,42.3012585100987
5.38197023435215,42.3012585269727
5.3831134112639,42.3012585563412
5.38488627470574,42.3012586018771
5.38851936797507,42.301258695158
5.39,42.3012587331602
5.39402781109371,42.3012588364992
5.4,42.3012589896172
5.41,42.3012592457171
5.42,42.3012595014608
5.43,42.3012597568484
5.44,42.3012600118801
5.44044629365826,42.3012600232537
5.44089258731653,42.3012600346266
5.44119741400784,42.3012600423941
5.44150224069916,42.3012600501612
5.44188216017759,42.3012600598413
5.44226207965602,42.3012600695209
5.44255225391963,42.3012600769136
5.44290368578203,42.3012600858666
5.44339163971178,42.3012600982968
5.44375206290831,42.3012601074778
5.44419732850077,42.3012601188192
5.4449131429373,42.3012601370504
5.44545066021553,42.3012601507394
5.44639825185324,42.3012601748691
5.44709459956813,42.3012601925991
5.44834360628885,42.3012602243962
5.44959261300957,42.3012602561877
5.45,42.301260266556
5.45124900672072,42.3012602983402
5.45249801344144,42.3012603301188
5.45374702016216,42.3012603618919
5.45600253159933,42.3012604192552
5.45989802356776,42.3012605182847
5.46,42.3012605208764
5.46379351553619,42.3012606172603
5.46956360502824,42.3012607637661
5.47,42.3012607748416
5.47956360502824,42.3012610173919
5.48,42.3012610284519
5.48956360502824,42.3012612706618
5.49,42.3012612817063
5.49956360502824,42.3012615235763
5.5,42.3012615346052
5.51,42.3012617871478
5.52,42.3012620393366
5.53,42.3012622911718
5.5305923179679,42.3012623060774
5.53118463593579,42.3012623209817
5.53177695390369,42.3012623358848
5.53251587435675,42.3012623544748
5.53325479480981,42.3012623730628
5.53399371526287,42.3012623916489
5.53473263571593,42.3012624102331
5.53547155616899,42.3012624288153
5.53643375347066,42.3012624530096
5.53739595077233,42.3012624772006
5.53807553554051,42.3012624942844
5.53900520140245,42.3012625176521
5.5399348672644,42.3012625410169
5.54,42.3012625426537
5.54098047394355,42.3012625672919
5.54196094788709,42.3012625919266
5.54294142183064,42.3012626165579
5.54392189577418,42.3012626411859
5.54490236971773,42.3012626658105
5.54588284366128,42.3012626904316
5.54720541285628,42.301262723638
5.54815202073198,42.3012627474011
5.54909862860768,42.301262771161
5.54983274520197,42.3012627895853
5.55,42.3012627937826
5.55090233524623,42.3012628164255
5.55180467049247,42.3012628390655
5.55287638165905,42.3012628659516
5.55394809282564,42.3012628928336
5.55501980399222,42.3012629197115
5.55609151515881,42.3012629465854
5.55716322632539,42.3012629734552
5.55823493749198,42.301263000321
5.55952771903776,42.3012630327233
5.56,42.301263044559
5.56095679145047,42.3012630685347
5.56191358290095,42.3012630925071
5.56287037435142,42.3012631164763
5.5636325093681,42.3012631355667
5.56486124146832,42.3012631663404
5.56608997356853,42.3012631971088
5.56731870566875,42.301263227872
5.56883712935612,42.3012632658806
5.57,42.3012632949837
5.57108973925594,42.3012633222523
5.57334234915575,42.3012633786061
5.57716059888833,42.301263474087
5.58,42.3012635450572
5.58289180506003,42.3012636173083
5.59,42.3012637947802
5.59047332424146,42.3012638065915
5.6,42.3012640441535
5.61,42.3012642931785
5.62,42.3012645418568
5.63,42.30126479019
5.63734707571816,42.3012649724234
5.64,42.30126503818
5.64469415143632,42.3012651544726
5.65,42.3012652858291
5.65913927232834,42.3012655118665
5.66,42.30126553314
5.66827854465669,42.3012657376249
5.67,42.3012657801172
5.67741781698503,42.3012659631068
5.68,42.301266026764
5.68436963393663,42.3012661344371
5.69,42.3012662730853
5.69132145088823,42.3012663056115
5.69827326783983,42.3012664766331
5.7,42.301266519089
5.71,42.3012667647844
5.72,42.3012670101801
5.72587376915479,42.3012671541831
5.73,42.3012672552835
5.74,42.3012675001002
5.74724652009095,42.301267677329
5.75,42.3012677446319
5.76,42.3012679888791
5.77,42.3012682328417
5.78,42.3012684765192
5.79,42.3012687199116
5.8,42.3012689630195
5.81,42.3012692058435
5.82,42.3012694483848
5.83,42.3012696906439
5.84,42.3012699326202
5.85,42.3012701743124
5.86,42.3012704157188
5.87,42.3012706568382
5.88,42.3012708976694
5.89,42.3012711382119
5.9,42.3012713784654
5.91,42.3012716184306
5.92,42.3012718581083
5.93,42.3012720974993
5.94,42.3012723366052
5.95,42.301272575428
5.96,42.3012728139703
5.97,42.3012730522344
5.98,42.3012732902227
5.98999999999999,42.3012735279374
5.99999999999999,42.3012737653805
6.00999999999999,42.3012740025542
6.01999999999999,42.3012742394605
6.02999999999999,42.3012744761011
6.03299999999999,42.3012745470416
6.03599999999999,42.3012746179583
6.03798194698835,42.3012746647963
6.03996389397671,42.3012747116239
6.04,42.3012747124768
6.04143210449553,42.3012747463066
6.042919140847,42.3012747814285
6.04440617719847,42.3012748165447
6.04589321354993,42.3012748516557
6.04691472013319,42.3012748757718
6.04793622671645,42.3012748998855
6.0489577332997,42.3012749239966
6.05,42.3012749485952
6.05139785630388,42.3012749815817
6.05279571260776,42.3012750145634
6.05419356891164,42.3012750475402
6.05559142521552,42.3012750805124
6.0569892815194,42.30127511348
6.05838713782328,42.3012751464431
6.05940168389324,42.3012751703647
6.06,42.301275184471
6.06041622996321,42.3012751942839
6.06212233382928,42.3012752345023
6.06340590951969,42.301275264756
6.06468948521011,42.3012752950058
6.06597306090053,42.3012753252516
6.06725663659094,42.3012753554935
6.06896657422436,42.3012753957746
6.07,42.3012754201158
6.07093599661769,42.30127544216
6.07187199323538,42.3012754642022
6.07317405032297,42.3012754948617
6.07447610741057,42.3012755255175
6.07577816449816,42.3012755561695
6.07708022158576,42.3012755868176
6.07838227867335,42.3012756174619
6.07966290424374,42.3012756475979
6.08,42.3012756555298
6.08094352981413,42.30127567773
6.08195216004722,42.3012757014597
6.08296079028032,42.301275725187
6.08396942051341,42.301275748912
6.08533456576152,42.3012757810192
6.08672002764811,42.3012758136001
6.0881054895347,42.3012758461766
6.08949095142129,42.3012758787488
6.09,42.3012758907154
6.09087641330788,42.3012759113166
6.09259199116387,42.3012759516383
6.09377846334928,42.3012759795204
6.09496493553469,42.3012760073992
6.0961514077201,42.3012760352749
6.09733787990551,42.3012760631473
6.09882408339241,42.3012760980566
6.1,42.301276125674
6.1014862034869,42.3012761605744
6.10297240697379,42.3012761954698
6.10445861046068,42.3012762303602
6.10566322696212,42.3012762586363
6.10686784346355,42.3012762869091
6.10807245996499,42.3012763151787
6.10927707646642,42.3012763434451
6.11,42.3012763604069
6.11091054037285,42.3012763817691
6.11254400427928,42.3012764200873
6.11417746818571,42.3012764583994
6.11581093209214,42.3012764967057
6.11782628288632,42.3012765439593
6.1198416336805,42.3012765912038
6.12,42.3012765949159
6.12131409593981,42.3012766257161
6.1231528006097,42.3012766688057
6.1255808669373,42.3012767256955
6.12731169052683,42.3012767662409
6.12904251411635,42.3012768067796
6.13,42.3012768292027
6.13116808782261,42.301276856555
6.13329366152887,42.3012769063204
6.13541923523513,42.3012769560759
6.13785478914558,42.3012770130753
6.14,42.3012770632689
6.14029034305604,42.3012770700616
6.14272589696649,42.301277127035
6.14516145087695,42.3012771839954
6.1475970047874,42.3012772409429
6.15,42.3012772971165
6.15323521540773,42.3012773727246
6.15711940290294,42.3012774634697
6.16,42.3012775307472
6.16100359039815,42.3012775541822
6.16794913106309,42.3012777163102
6.17,42.3012777641634
6.17489467172804,42.3012778783355
6.18,42.3012779973675
6.18184021239298,42.301278040259
6.18878575305792,42.3012782020815
6.19,42.3012782303617
6.19573129372287,42.3012783638037
6.2,42.3012784631482
6.21,42.3012786957298
6.22,42.3012789281091
6.23,42.3012791602891
6.24,42.3012793922724
6.25,42.3012796240617
6.26,42.3012798556597
6.27,42.3012800870691
6.28,42.3012803182927
6.29,42.3012805493332
6.3,42.3012807801932
6.31,42.3012810108753
6.32,42.301281241382
6.33,42.301281471716
6.34,42.3012817018795
6.35,42.3012819318748
6.36,42.3012821617041
6.37,42.3012823913691
6.38,42.3012826208716
6.39,42.3012828502132
6.4,42.3012830793959
6.41,42.301283308421
6.42,42.3012835372892
6.43,42.3012837660013
6.44,42.3012839945583
6.44999999999999,42.3012842229616
6.45999999999999,42.3012844512119
6.46034552293041,42.3012844590957
6.46069104586082,42.3012844669794
6.46103656879124,42.3012844748629
6.46138209172165,42.3012844827462
6.46187309342654,42.3012844939483
6.46254316933067,42.3012845092354
6.4634596675771,42.3012845301433
6.46471977599547,42.3012845588878
6.46646456851709,42.3012845986845
6.46890423053512,42.3012846543226
6.47,42.3012846793094
6.47236304496088,42.3012847331875
6.47736618824,42.3012848472321
6.48,42.3012849072534
6.48236933151911,42.3012849612385
6.49,42.3012851350442
6.49236933151911,42.301285188993
6.5,42.3012853626821
6.51,42.3012855901679
6.513,42.3012856583841
6.516,42.3012857265864
6.51784025267648,42.3012857684161
6.51968050535295,42.3012858102404
6.52,42.3012858175012
6.52105086490029,42.3012858413819
6.52281897838713,42.3012858815582
6.52458709187396,42.3012859217301
6.52563359899022,42.301285945505
6.52668010610649,42.3012859692784
6.52772661322276,42.3012859930503
6.52954010139451,42.301286034241
6.53,42.3012860446862
6.5311622618167,42.3012860710821
6.5327844222389,42.3012861079194
6.53440658266109,42.3012861447532
6.5354257247105,42.3012861678927
6.53644486675991,42.3012861910308
6.53746400880933,42.3012862141676
6.53848315085874,42.301286237303
6.54,42.3012862717343
6.54009921095931,42.3012862739862
6.54153645581787,42.3012863066075
6.54297370067642,42.3012863392261
6.54441094553497,42.3012863718421
6.54584819039353,42.3012864044554
6.54697545499318,42.3012864300329
6.54810271959283,42.3012864556088
6.54922998419248,42.3012864811831
6.55,42.3012864986515
6.55052747888345,42.3012865106174
6.5510549577669,42.3012865225829
6.55158243665035,42.301286534548
6.55224975904271,42.3012865496848
6.55310557167157,42.3012865690963
6.55435450749023,42.3012865974228
6.55518361309004,42.3012866162262
6.55601271868985,42.3012866350288
6.55684182428966,42.3012866538305
6.55791955756202,42.3012866782691
6.5592602736263,42.301286708669
6.56,42.3012867254409
6.56060098969059,42.3012867390667
6.56194170575487,42.3012867694621
6.56328242181916,42.3012867998552
6.56462313788344,42.3012868302461
6.56596385394773,42.3012868606347
6.56730457001201,42.301286891021
6.56966795704774,42.30128694458
6.57,42.3012869521042
6.57144917793855,42.3012869849414
6.57323039882936,42.3012870252987
6.57565168275374,42.3012870801514
6.57807296667811,42.3012871349969
6.58,42.3012871786416
6.58229967184429,42.3012872307201
6.58555299200452,42.301287304383
6.58718518495222,42.3012873413346
6.58881737789991,42.3012873782829
6.59,42.3012874050522
6.59006529091615,42.3012874065301
6.59131320393239,42.3012874347757
6.59256111694862,42.3012874630196
6.59380902996486,42.3012874912621
6.59505694298109,42.3012875195029
6.59630485599733,42.3012875477421
6.59755276901357,42.3012875759797
6.59898867976892,42.3012876084694
6.6,42.3012876313509
6.60143591075535,42.3012876638372
6.60248068645528,42.3012876874732
6.60352546215521,42.3012877111082
6.60510420486147,42.3012877468206
6.60668294756772,42.3012877825306
6.60826169027398,42.3012878182385
6.60932439085575,42.3012878422735
6.61,42.3012878575533
6.61038709143753,42.3012878663077
6.61144979201931,42.3012878903408
6.61274616161144,42.3012879196572
6.61405041409209,42.3012879491505
6.61535466657275,42.3012879786425
6.6166589190534,42.3012880081331
6.61796317153406,42.3012880376226
6.61898405247103,42.3012880607041
6.62,42.3012880836733
6.62000493340801,42.3012880837849
6.62102581434498,42.3012881068649
6.62226840175729,42.3012881349563
6.6235109891696,42.3012881630466
6.62475357658191,42.3012881911358
6.62599616399422,42.301288219224
6.62828892076677,42.3012882710483
6.63,42.3012883097225
6.63058167753933,42.3012883228692
6.63382197242821,42.3012883961006
6.6370622673171,42.3012884693255
6.64,42.3012885357076
6.64100285140167,42.3012885583672
6.64657404343658,42.3012886842386
6.65,42.3012887616334
6.65081619638844,42.3012887800708
6.65163239277687,42.301288798508
6.6524485891653,42.3012888169446
6.65326478555374,42.3012888353809
6.65426022907351,42.3012888578654
6.65525567259328,42.3012888803492
6.65625111611305,42.3012889028325
6.65702618871773,42.301288920338
6.65814952789075,42.3012889457088
6.6595205238591,42.3012889766721
6.66,42.3012889875007
6.66089151982744,42.3012890076345
6.66226251579578,42.3012890385957
6.66363351176413,42.3012890695557
6.66500450773247,42.3012891005146
6.66603114532731,42.3012891236968
6.66705778292214,42.3012891468784
6.6685223751802,42.3012891799482
6.66998696743826,42.3012892130167
6.67,42.301289213311
6.67185145728314,42.3012892551127
6.67328254890029,42.301289287422
6.67471364051744,42.3012893197301
6.67745117138192,42.3012893815291
6.67942575756114,42.3012894261023
6.68,42.3012894390645
6.6823772316305,42.3012894927233
6.68463241558578,42.301289543624
6.68753580093659,42.3012896091505
6.69,42.3012896647616
6.69043918628739,42.3012896746726
6.69334257163819,42.3012897401901
6.69725683775285,42.301289828512
6.7,42.3012898904042
6.70061216252139,42.3012899042155
6.70122432504277,42.3012899180265
6.70183648756416,42.3012899318374
6.70244865008554,42.3012899456481
6.70306081260693,42.3012899594585
6.70344974883475,42.3012899682328
6.70383868506256,42.301289977007
6.70422762129038,42.3012899857811
6.70478660628662,42.3012899983912
6.70550462299695,42.3012900145886
6.70622263970728,42.3012900307858
6.70694065641761,42.3012900469827
6.7078614183894,42.3012900677527
6.70878218036119,42.3012900885223
6.70970294233298,42.3012901092915
6.71,42.301290115992
6.71062370430477,42.3012901300603
6.71120375155948,42.3012901431436
6.71178379881418,42.3012901562267
6.71236384606889,42.3012901693096
6.71309241237739,42.3012901857421
6.71402858876352,42.3012902068567
6.71496476514966,42.3012902279709
6.71566656267162,42.3012902437986
6.71652012610281,42.3012902630489
6.71766209872514,42.301290288803
6.71880407134747,42.3012903145564
6.72,42.3012903415259
6.72021869793329,42.3012903464577
6.72133765779956,42.3012903716906
6.72245661766582,42.3012903969229
6.72406819458358,42.3012904332626
6.72567977150134,42.3012904696009
6.7272913484191,42.3012905059379
6.72927569585153,42.3012905506782
6.73,42.3012905670084
6.73126004328397,42.3012905954167
6.7332443907164,42.3012906401532
6.73572820112722,42.3012906961472
6.73821201153804,42.3012907521386
6.74,42.3012907924428
6.74069582194886,42.3012908081275
6.74390022335925,42.3012908803559
6.74710462476964,42.3012909525805
6.75,42.3012910178371
6.75118709731629,42.3012910445914
6.75237419463258,42.3012910713453
6.75356129194888,42.3012910980986
6.75474838926517,42.3012911248515
6.75593548658146,42.3012911516038
6.75712258389775,42.3012911783559
6.7585673978781,42.3012912109155
6.76,42.3012912431995
6.76001221185844,42.3012912434747
6.76145702583879,42.3012912760334
6.76290183981913,42.3012913085917
6.76434665379948,42.3012913411496
6.76579146777982,42.3012913737071
6.76723628176017,42.3012914062644
6.76910195521386,42.3012914483049
6.77,42.301291468541
6.77096762866756,42.301291490345
6.77283330212125,42.3012915323847
6.77469897557495,42.3012915744239
6.77656464902864,42.301291616463
6.77843032248233,42.3012916585019
6.78,42.3012916938711
6.78029599593603,42.3012917005407
6.78216166938972,42.3012917425793
6.78402734284342,42.301291784618
6.78589301629711,42.3012918266566
6.78775868975081,42.3012918686954
6.7896243632045,42.3012919107342
6.79,42.3012919191984
6.79187696848612,42.3012919614919
6.79412957376773,42.3012920122495
6.79638217904935,42.3012920630072
6.79863478433096,42.3012921137654
6.8,42.3012921445281
6.80136253830771,42.3012921752306
6.80272507661541,42.3012922059331
6.80408761492312,42.3012922366356
6.80545015323083,42.3012922673382
6.80681269153854,42.3012922980408
6.80817522984624,42.3012923287438
6.80953776815395,42.301292359447
6.81,42.3012923698629
6.81132065846554,42.3012923996226
6.81310354877713,42.3012924397982
6.81488643908872,42.301292479974
6.81666932940031,42.3012925201501
6.8184522197119,42.3012925603266
6.82,42.3012925952052
6.82023511002349,42.3012926005033
6.82201800033508,42.3012926406803
6.82380089064667,42.3012926808576
6.82558378095826,42.3012927210353
6.82736667126985,42.3012927612133
6.82914956158144,42.3012928013916
6.83,42.3012928205568
6.83093245189303,42.3012928415703
6.83271534220462,42.3012928817493
6.83449823251621,42.3012929219287
6.8362811228278,42.3012929621086
6.83806401313939,42.301293002289
6.84,42.3012930459203
6.84021777405287,42.3012930508284
6.84237153496635,42.3012930993686
6.84452529587983,42.3012931479099
6.8472182585211,42.3012932086052
6.84991122116238,42.3012932693026
6.85,42.3012932713036
6.85165725759908,42.301293308658
6.85331451519816,42.3012933460133
6.85497177279724,42.3012933833692
6.85662903039632,42.3012934207261
6.85828628799539,42.3012934580842
6.85994354559447,42.3012934954436
6.86,42.3012934967162
6.86160080319355,42.3012935328041
6.86325806079263,42.3012935701656
6.86491531839171,42.3012936075284
6.86657257599079,42.3012936448925
6.86822983358987,42.3012936822581
6.86988709118895,42.3012937196252
6.87,42.3012937221711
6.87154434878802,42.3012937569937
6.87356967754511,42.3012938026637
6.87559500630219,42.3012938483361
6.87762033505927,42.301293894011
6.87964566381635,42.3012939396885
6.88,42.3012939476802
6.88167099257343,42.3012939853689
6.88369632133051,42.301294031052
6.8857216500876,42.3012940767379
6.88774697884468,42.301294122427
6.89,42.3012941732565
6.89027588599529,42.3012941794809
6.8928047931459,42.30129423654
6.89533370029651,42.3012942936046
6.89837873941602,42.3012943623235
6.9,42.3012943989148
6.90114073659282,42.3012944246624
6.90228147318563,42.3012944504112
6.90436697894525,42.3012944974888
6.90645248470486,42.3012945445709
6.90943825285952,42.3012946119855
6.91,42.3012946246701
6.91242402101418,42.3012946794102
6.91540978916884,42.3012947468449
6.9183955573235,42.3012948142902
6.92,42.3012948505372
6.92138132547815,42.3012948817463
6.92436709363281,42.3012949492134
6.92801180567124,42.3012950315855
6.93,42.3012950765268
6.93165651770966,42.3012951139748
6.93530122974808,42.3012951963813
6.93894594178651,42.3012952788055
6.94,42.301295302646
6.94436133376931,42.3012954013057
6.94977672575211,42.3012955238446
6.95,42.3012955288977
6.95162461759484,42.3012955656674
6.95324923518968,42.3012956024406
6.95682497720706,42.3012956833898
6.96,42.3012957552818
6.96040071922444,42.3012957643562
6.96397646124182,42.3012958453397
6.96755220325919,42.3012959263399
6.97,42.3012959817987
6.97112794527657,42.3012960073567
6.97470368729395,42.3012960883899
6.97827942931133,42.3012961694395
6.98,42.3012962084447
6.98185517132871,42.3012962505056
6.98543091334609,42.3012963315884
6.98900665536347,42.3012964126884
6.99,42.3012964352212
6.9935635193773,42.3012965160667
6.99812038339114,42.3012966194752
7,42.3012966621384
7.00184285448534,42.3012967039726
7.00368570897067,42.3012967458124
7.00756718438067,42.3012968339555
7.01,42.3012968892151
7.01339660358301,42.3012969663848
7.02,42.3012971164751
7.02240176410638,42.301297171087
7.03,42.3012973439358
7.03140692462976,42.3012973759545
7.04,42.301297571604
7.04041208515313,42.3012975809903
7.0494172456765,42.3012977861859
7.05,42.3012977994701
7.05270154815701,42.3012978610611
7.05540309631402,42.3012979226653
7.05867477897158,42.3012979972885
7.06,42.3012980275207
7.06194646162914,42.3012980719311
7.06898358696466,42.3012982325475
7.07,42.3012982557537
7.07602071230018,42.3012983932533
7.08,42.3012984841676
7.08305783763569,42.3012985540493
7.09,42.301298712764
7.09009496297121,42.3012987149357
7.09955756718505,42.3012989314151
7.1,42.3012989415407
7.10946260421384,42.3012991581891
7.11,42.3012991704978
7.11701238748872,42.3012993311604
7.12,42.3012993996384
7.1245621707636,42.3012995042388
7.13,42.3012996289678
7.13211195403848,42.3012996774251
7.14,42.3012998584848
7.14211195403848,42.3012999069816
7.15,42.3013000881882
7.16,42.3013003180781
7.17,42.3013005481547
7.18,42.3013007784185
7.19,42.3013010088696
7.2,42.3013012395082
7.20687441100903,42.3013013981678
7.21,42.3013014703353
7.21374882201805,42.3013015569174
7.22,42.3013017013547
7.22062323302708,42.301301715759
7.22899844006869,42.3013019094019
7.23,42.3013019325679
7.23737364711029,42.3013021031788
7.24,42.3013021639732
7.2457488541519,42.3013022970949
7.25,42.3013023955785
7.25837520704161,42.3013025897065
7.26,42.301302627383
7.26675041408321,42.3013027839698
7.27,42.3013028593817
7.27512562112482,42.3013029783732
7.28,42.3013030915816
7.28350082816642,42.3013031729182
7.29,42.301303323982
7.29187603520803,42.3013033676032
7.3,42.3013035565801
7.30837520704161,42.3013037515359
7.31,42.3013037893732
7.31675041408321,42.3013039466278
7.32,42.3013040223615
7.32512562112482,42.3013041418605
7.33,42.3013042555519
7.33350082816642,42.3013043372355
7.34,42.3013044889437
7.34187603520803,42.3013045327509
7.35,42.3013047225339
7.35837520704161,42.3013049183211
7.36,42.3013049563197
7.36675041408321,42.3013051142447
7.37,42.3013051903011
7.37512562112482,42.3013053103093
7.38,42.3013054244849
7.38350082816642,42.3013055065162
7.39,42.30130565887
7.39187603520803,42.3013057028637
7.4,42.3013058934537
7.40837520704161,42.301306090073
7.41,42.301306128233
7.41675041408321,42.3013062868286
7.42,42.3013063632077
7.42512562112482,42.3013064837249
7.43,42.3013065983843
7.43350082816642,42.3013066807632
7.44,42.3013068337619
7.44187603520803,42.3013068779417
7.45,42.3013070693376
7.45837520704161,42.3013072667874
7.46,42.3013073051085
7.46675041408321,42.3013074643733
7.47,42.3013075410745
7.47512562112482,42.3013076620995
7.48,42.3013077772416
7.48350082816642,42.301307859967
7.49,42.301308013609
7.49187603520803,42.3013080579744
7.5,42.3013082501738
7.50837520704161,42.3013084484517
7.51,42.3013084869334
7.51675041408321,42.3013086468652
7.52,42.3013087238873
7.52512562112482,42.3013088454184
7.53,42.3013089610416
7.53350082816642,42.3013090441124
7.54,42.3013091983952
7.54187603520803,42.3013092429455
7.55,42.3013094359456
7.55837520704161,42.3013096350483
7.56,42.3013096736899
7.56675041408321,42.3013098342863
7.57,42.3013099116281
7.57512562112482,42.3013100336633
7.58,42.3013101497656
7.58350082816642,42.3013102331804
7.59,42.3013103881016
7.59187603520803,42.3013104328362
7.6,42.3013106266336
7.60837520704161,42.3013108265579
7.61,42.3013108653589
7.61675041408321,42.301311026617
7.62,42.3013111042774
7.62512562112482,42.3013112268146
7.63,42.3013113433942
7.63350082816642,42.3013114271516
7.64,42.3013115827085
7.64187603520803,42.3013116276265
7.65,42.301311822218
7.65837520704161,42.3013120229606
7.66,42.3013120619203
7.66675041408321,42.3013122238376
7.67,42.301312301815
7.67512562112482,42.3013124248523
7.68,42.3013125419072
7.68350082816642,42.3013126260058
7.69,42.3013127821959
7.69187603520803,42.3013128272966
7.7,42.3013130226791
7.70837520704161,42.3013132242366
7.71,42.3013132633543
7.71675041408321,42.3013134259281
7.72,42.3013135042215
7.72512562112482,42.3013136277568
7.73,42.301313745285
7.73350082816642,42.3013138297235
7.74,42.3013139865442
7.74187603520803,42.3013140318269
7.75,42.301314227997
7.75837520704161,42.3013144303662
7.76,42.3013144696414
7.76675041408321,42.3013146328691
7.77,42.3013147114771
7.77512562112482,42.3013148355085
7.78,42.3013149535082
7.78350082816642,42.3013150382851
7.79,42.301315195734
7.79187603520803,42.3013152411979
7.8,42.3013154381526
7.80837520704161,42.3013156413303
7.81,42.3013156807623
7.81675041408321,42.3013158446415
7.82,42.3013159235629
7.82512562112482,42.3013160480885
7.83,42.3013161665578
7.83350082816642,42.301316251672
7.84,42.3013164097465
7.84187603520803,42.301316455391
7.85,42.3013166531274
7.85837520704161,42.3013168571106
7.86,42.3013168966989
7.86675041408321,42.301317061227
7.87,42.3013171404607
7.87512562112482,42.3013172654786
7.88,42.3013173844159
7.88350082816642,42.3013174698659
7.89,42.3013176285638
7.89187603520803,42.3013176743882
7.9,42.3013178729032
7.90837520704161,42.3013180776888
7.91,42.3013181174327
7.91675041408321,42.3013182826074
7.92,42.3013183621522
7.92512562112482,42.3013184876606
7.93,42.3013186070639
7.93350082816642,42.3013186928486
7.94,42.3013188521674
7.94187603520803,42.3013188981709
7.95,42.3013190974615
7.95837520704161,42.3013193030465
7.96,42.3013193429455
7.96675041408321,42.3013195087643
7.97,42.301319588619
7.97512562112482,42.301319714616
7.98,42.3013198344836
7.98350082816642,42.3013199206016
7.99,42.3013200805389
7.99187603520803,42.3013201267209
8,42.3013203267841
8.0083752070416,42.3013205331655
8.01,42.3013205732189
8.01675041408321,42.3013207396798
8.02,42.3013208198434
8.02512562112481,42.3013209463278
8.03,42.3013210666589
8.03350082816642,42.30132115311
8.04,42.301321313666
8.04187603520802,42.3013213600268
8.05,42.3013215608652
8.05837520704161,42.301321768048
8.06,42.3013218082572
8.06675041408321,42.3013219753665
8.07,42.3013220558428
8.07512562112481,42.301322182821
8.08,42.3013223036225
8.08350082816642,42.3013223904119
8.09,42.3013225515968
8.09187603520802,42.3013225981394
8.1,42.3013227997665
8.1083752070416,42.3013230077647
8.11,42.3013230481324
8.11675041408321,42.3013232159009
8.12,42.301323296695
8.12512562112481,42.301323424175
8.13,42.3013235454543
8.13350082816642,42.3013236325873
8.14,42.3013237944109
8.14187603520802,42.3013238411381
8.15,42.3013240435655
8.1583752070416,42.3013242523905
8.16,42.3013242929188
8.16675041408321,42.3013244613552
8.17,42.3013245424711
8.17512562112481,42.3013246704594
8.18,42.3013247922226
8.18350082816642,42.3013248797034
8.19,42.3013250421736
8.19187603520802,42.3013250890876
8.2,42.3013252923247
8.2083752070416,42.3013255019857
8.21,42.3013255426763
8.21675041408321,42.3013257117877
8.22,42.3013257932289
8.22512562112481,42.3013259217306
8.23,42.3013260439827
8.23350082816642,42.3013261318148
8.24,42.3013262949379
8.24187603520802,42.3013263420404
8.25,42.3013265460948
8.2583752070416,42.3013267565993
8.26,42.3013267974537
8.26675041408321,42.3013269672454
8.27,42.3013270490144
8.27512562112481,42.3013271780332
8.28,42.301327300777
8.28350082816642,42.3013273889624
8.29,42.3013275527411
8.29187603520802,42.3013276000328
8.3,42.3013278049058
8.30837520704161,42.3013280162529
8.31,42.3013280572705
8.31675041408321,42.3013282277397
8.32,42.3013283098345
8.32512562112481,42.3013284393665
8.33,42.3013285625979
8.33350082816642,42.3013286511331
8.34,42.3013288155602
8.34187603520802,42.3013288630389
8.35,42.3013290687206
8.3583752070416,42.3013292808995
8.36,42.3013293220783
8.36675041408321,42.3013294932165
8.37,42.3013295756328
8.37512562112481,42.3013297056717
8.38,42.3013298293845
8.38350082816642,42.3013299182651
8.39,42.3013300833327
8.39187603520802,42.3013301309962
8.4,42.3013303374771
8.4083752070416,42.301330550479
8.41,42.3013305918173
8.41675041408321,42.3013307636182
8.42,42.3013308463535
8.42512562112481,42.3013309768952
8.43,42.3013311010861
8.43350082816642,42.3013311903102
8.44,42.3013313560157
8.44187603520802,42.3013314038634
8.45,42.3013316111425
8.4583752070416,42.3013318249685
8.46,42.3013318664669
8.46675041408321,42.3013320389333
8.47,42.3013321219892
8.47512562112481,42.3013322530372
8.48,42.30133237771
8.48350082816642,42.3013324672804
8.49,42.3013326336297
8.49187603520802,42.3013326816633
8.5,42.3013328897485
8.5083752070416,42.3013331044068
8.51,42.3013331460668
8.51675041408321,42.3013333192052
8.52,42.3013334025849
8.52512562112481,42.3013335341438
8.53,42.3013336593029
8.53350082816642,42.3013337492227
8.54,42.3013339162209
8.54187603520802,42.3013339644419
8.55,42.3013341733386
8.55837520704161,42.3013343888334
8.56,42.3013344306557
8.56675041408321,42.3013346044678
8.57,42.3013346881716
8.57512562112481,42.3013348202416
8.58,42.3013349458863
8.58350082816642,42.3013350361546
8.59,42.3013352037992
8.59187603520802,42.3013352522066
8.6,42.30133546191
8.6083752070416,42.3013356782349
8.61,42.3013357202181
8.61675041408321,42.3013358946981
8.62,42.3013359787232
8.62512562112481,42.3013361112994
8.63,42.3013362374252
8.63350082816642,42.3013363280387
8.64,42.3013364963237
8.64187603520802,42.3013365449159
8.65,42.3013367554189
8.6583752070416,42.3013369725678
8.66,42.3013370147108
8.66675041408321,42.3013371898552
8.66926297619569,42.3013372550684
8.67,42.3013372742001
8.67019156965548,42.3013372791731
8.67112016311526,42.3013373032795
8.67228810909986,42.3013373336019
8.67345605508445,42.3013373639271
8.67462400106904,42.3013373942549
8.67640131227752,42.3013374404112
8.67740559431143,42.3013374664948
8.67840987634535,42.3013374925803
8.67971192620312,42.3013375264023
8.68,42.3013375338856
8.680596251821,42.3013375493749
8.68148057743887,42.3013375723484
8.68291548962181,42.3013376096278
8.68484192394416,42.3013376596821
8.6863067866767,42.3013376977472
8.68777164940923,42.3013377358154
8.68923651214177,42.3013377738865
8.69,42.3013377937303
8.69219137393455,42.3013378506908
8.6943827478691,42.301337907658
8.69606990778474,42.3013379515221
8.69825243349764,42.3013380082705
8.7,42.3013380537141
8.70218252571289,42.3013381104742
8.70436505142578,42.3013381672406
8.70654757713868,42.3013382240133
8.70958317632491,42.3013383029873
8.71,42.3013383138324
8.71082786506409,42.3013383353727
8.71207255380328,42.3013383677602
8.71296628501011,42.3013383910169
8.71386001621695,42.3013384142745
8.7160747713276,42.3013384719116
8.71673919786079,42.3013384892031
8.71740362439399,42.3013385064948
8.71790857347983,42.3013385196361
8.71841352256568,42.3013385327774
8.71916893409522,42.301338552437
8.71970361782072,42.3013385663523
8.72,42.3013385740658
8.72023830154621,42.3013385802677
8.72101915673577,42.3013386005898
8.72190454731777,42.3013386236325
8.72278993789978,42.3013386466752
8.72349766069343,42.3013386650938
8.72387351357729,42.3013386748753
8.72424936646114,42.3013386846567
8.724625219345,42.301338694438
8.72500107222885,42.3013387042193
8.7253769251127,42.3013387140004
8.72575277799656,42.3013387237814
8.72623147602436,42.3013387362387
8.72688917130597,42.3013387533538
8.72754686658758,42.3013387704687
8.72857049887475,42.3013387971055
8.72930603385618,42.301338816245
8.73,42.3013388343024
8.73004156883762,42.301338835384
8.73077710381905,42.3013388545223
8.73187199158223,42.3013388830098
8.73296687934542,42.3013389114957
8.73383832478934,42.3013389341673
8.73498674404282,42.3013389640432
8.7361351632963,42.3013389939174
8.73753909098438,42.3013390304356
8.73990714945244,42.3013390920252
8.74,42.30133909444
8.74159589574875,42.3013391359414
8.7453661504125,42.3013392339697
8.74913640507625,42.3013393319713
8.75,42.3013393544151
8.75377025466375,42.3013394523816
8.7575405093275,42.301339550318
8.76,42.3013396141891
8.76131076399125,42.3013396482232
8.76652987951516,42.3013397836998
8.77,42.301339873743
8.77353866301198,42.3013399655386
8.78,42.3013401330855
8.78048644203122,42.301340145696
8.78743422105046,42.3013403257618
8.79,42.3013403922369
8.79743422105046,42.3013405847817
8.8,42.301340651213
8.81,42.3013409100275
8.82,42.3013411686947
8.83,42.3013414272203
8.84,42.3013416856064
8.85,42.3013419438554
8.853,42.3013420213036
8.856,42.3013420987396
8.86,42.3013422019686
8.866,42.3013423567708
8.8687886942496,42.3013424287031
8.87,42.3013424599445
8.8715773884992,42.3013425006253
8.87379612231285,42.301342557842
8.87601485612649,42.3013426150541
8.8776992043932,42.3013426584839
8.8793835526599,42.3013427019114
8.88,42.3013427178047
8.8810679009266,42.3013427453367
8.88275224919331,42.30134278876
8.88443659746001,42.3013428321812
8.88612094572671,42.3013428756003
8.88780529399342,42.3013429190175
8.88948964226012,42.3013429624327
8.89,42.3013429755872
8.89117399052682,42.301343005846
8.89285833879353,42.3013430492572
8.89454268706023,42.3013430926666
8.89667336724274,42.301343147576
8.89880404742525,42.3013432024822
8.9,42.3013432332998
8.90213068018251,42.3013432882011
8.90540021278901,42.301343372441
8.90866974539551,42.3013434566733
8.91,42.3013434909421
8.91113228670544,42.3013435201101
8.91457789596103,42.3013436088642
8.91802350521662,42.3013436976094
8.92,42.3013437485121
8.92146911447222,42.3013437863457
8.92491472372781,42.3013438750726
8.93,42.3013440060045
8.93100225961433,42.3013440318075
8.93849282973287,42.3013442246244
8.94,42.3013442634153
8.94849282973287,42.3013444819653
8.95,42.3013445207438
8.96,42.3013447779889
8.97,42.3013450351537
8.977308557668,42.3013452230566
8.98,42.3013452922441
8.984617115336,42.3013454109225
8.99,42.3013455492662
8.99408302647732,42.3013456541898
9,42.3013458062216
9.00209204843034,42.3013458599695
9.00418409686068,42.3013459137145
9.00627614529101,42.3013459674566
9.00910713788185,42.3013460401767
9.01,42.3013460631106
9.01193813047268,42.3013461128914
9.01476912306351,42.3013461856008
9.01862445914433,42.3013462846099
9.02,42.3013463199327
9.02144464764414,42.3013463570286
9.02509036652205,42.3013464506368
9.03,42.3013465766808
9.03327346270603,42.3013466607088
9.04,42.3013468333475
9.04145655889002,42.3013468707255
9.05,42.3013470899303
9.053,42.3013471668887
9.056,42.3013472438394
9.06,42.3013473464285
9.06215427144135,42.3013474016741
9.06563359105701,42.3013474908916
9.06911291067268,42.301347580098
9.07,42.3013476028402
9.07259223028834,42.301347669292
9.076071549904,42.3013477584721
9.08,42.3013478591459
9.08370378846489,42.3013479540443
9.09,42.3013481153247
9.09133602702578,42.301348149541
9.1,42.3013483713721
9.1009,42.3013483944099
9.1018,42.3013484174467
9.1063,42.3013485326144
9.11,42.3013486272879
9.1108,42.3013486477555
9.11655571990196,42.3013487949885
9.12,42.3013488830755
9.12231143980392,42.3013489421839
9.12515527189835,42.3013490149003
9.12670552317181,42.3013490545375
9.12825577444528,42.3013490941732
9.12980602571874,42.3013491338073
9.13,42.3013491387664
9.13083749548882,42.3013491601773
9.1318689652589,42.3013491865466
9.13290043502898,42.3013492129153
9.13393190479906,42.3013492392833
9.13500226569829,42.3013492666449
9.13607262659752,42.3013492940058
9.13714298749676,42.3013493213661
9.13846874775874,42.3013493552538
9.13979450802071,42.3013493891405
9.14,42.3013493943928
9.14112026828269,42.3013494230261
9.14244602854467,42.3013494569107
9.14377178880665,42.3013494907942
9.14509754906862,42.3013495246766
9.1464233093306,42.301349558558
9.14774906959258,42.3013495924383
9.14907482985456,42.3013496263175
9.15,42.3013496499592
9.15175027084014,42.301349694684
9.15350054168027,42.3013497394069
9.15525081252041,42.3013497841279
9.15700108336054,42.3013498288471
9.15875135420068,42.3013498735644
9.16,42.3013499054646
9.16050162504081,42.3013499182798
9.16225189588095,42.3013499629933
9.16400216672108,42.301350007705
9.16575243756122,42.3013500524148
9.16794914347839,42.3013501085259
9.17,42.3013501609088
9.17014584939557,42.301350164634
9.17151033819883,42.3013501994842
9.17287482700209,42.3013502343333
9.17423931580535,42.3013502691812
9.17560380460861,42.301350304028
9.17696829341187,42.3013503388736
9.1788586175675,42.3013503871457
9.18,42.3013504162915
9.1802583583481,42.3013504228886
9.18165809912871,42.3013504586303
9.18337389431977,42.3013505024405
9.18508968951083,42.3013505462487
9.18680548470189,42.301350590055
9.18852127989295,42.3013506338594
9.19,42.3013506716097
9.19069363155061,42.301350689317
9.19286598320827,42.3013507447714
9.19503833486593,42.3013508002228
9.19721068652359,42.301350855671
9.2,42.3013509268624
9.20103690960193,42.301350953326
9.20207381920385,42.301350979789
9.20372267842277,42.301351021868
9.20537153764169,42.3013510639453
9.20702039686062,42.3013511060208
9.20908117046788,42.301351158605
9.21,42.3013511820497
9.21114194407515,42.3013512111864
9.21320271768242,42.3013512637651
9.21526349128969,42.301351316341
9.21732426489696,42.3013513689143
9.21875935305215,42.3013514055238
9.22,42.3013514371721
9.22019444120735,42.3013514421321
9.22162952936254,42.3013514787392
9.22306461751773,42.301351515345
9.22420641660166,42.3013515444689
9.22534821568559,42.301351573592
9.22623807486883,42.3013515962885
9.22742104706193,42.3013516264604
9.22860401925502,42.3013516566314
9.22978699144812,42.3013516868016
9.23,42.3013516922341
9.23121523057374,42.301351723226
9.23228898692305,42.3013517506092
9.23336274327236,42.3013517779917
9.234869401678,42.3013518164128
9.23601210706249,42.3013518455519
9.2374539115171,42.301351882317
9.23889571597171,42.3013519190809
9.24,42.3013519472376
9.24033752042632,42.3013519558435
9.24177932488094,42.3013519926049
9.24322112933555,42.3013520293651
9.245491199601,42.3013520872404
9.24710522568404,42.301352128388
9.24941420896583,42.3013521872501
9.25,42.3013522021829
9.25133860432546,42.3013522363056
9.25267720865093,42.3013522704273
9.25401051444231,42.3013523044128
9.25534382023369,42.3013523383973
9.25667712602507,42.3013523723808
9.2583757768206,42.3013524156748
9.26,42.3013524570703
9.26007442761613,42.3013524589671
9.26177307841166,42.3013525022578
9.2634717292072,42.3013525455468
9.26557193039282,42.3013525990667
9.26647617586886,42.3013526221091
9.2673804213449,42.3013526451509
9.26809631286239,42.3013526633928
9.26881220437988,42.3013526816345
9.26978470880955,42.3013527064143
9.27,42.3013527119
9.27075721323922,42.3013527311937
9.27172971766889,42.3013527559724
9.27270222209856,42.3013527807504
9.27445977776386,42.301352825529
9.27621733342915,42.3013528703054
9.27797488909444,42.3013529150798
9.27973244475973,42.3013529598519
9.28,42.3013529666675
9.28149000042503,42.3013530046219
9.28324755609032,42.3013530493897
9.28500511175561,42.3013530941552
9.28733278889617,42.3013531534386
9.28966046603673,42.3013532127179
9.29,42.3013532213646
9.2928865223827,42.30135329487
9.29611257872867,42.3013533770143
9.29933863507464,42.3013534591511
9.3,42.3013534759887
9.30162670300642,42.3013535174016
9.30325340601284,42.3013535588125
9.30635095497842,42.3013536376612
9.31,42.3013537305394
9.31088707598097,42.3013537531164
9.31642063220961,42.3013538939381
9.32,42.3013539850156
9.32195418843824,42.3013540347358
9.33,42.3013542394087
9.33049107314579,42.3013542518989
9.33650991655036,42.3013544049669
9.34,42.3013544937092
9.34650991655036,42.301354659206
9.35,42.3013547479152
9.3509,42.301354770789
9.3518,42.3013547936621
9.35306854416959,42.3013548259002
9.35433708833918,42.3013548581369
9.36,42.3013550020259
9.36067980918712,42.3013550192972
9.37,42.3013552560431
9.37067980918712,42.3013552733081
9.37849437609529,42.3013554717456
9.38,42.3013555099726
9.38630894300346,42.3013556701335
9.39,42.3013557638212
9.3958649147184,42.3013559126642
9.4,42.3013560175902
9.40286679151448,42.3013560903257
9.40573358302897,42.3013561630547
9.40999081307999,42.3013562710465
9.41,42.3013562712795
9.41552452229229,42.3013564113968
9.41959931952943,42.3013565147294
9.42,42.3013565248895
9.42367411676657,42.3013566180492
9.42625495116629,42.3013566834821
9.42883578556601,42.3013567489104
9.43,42.3013567784236
9.43141661996573,42.3013568143341
9.43399745436544,42.3013568797532
9.43657828876516,42.3013569451679
9.43915912316488,42.301357010578
9.44,42.3013570318887
9.44173995756459,42.3013570759837
9.44432079196431,42.3013571413848
9.44690162636403,42.3013572067814
9.45,42.3013572852862
9.45106848705176,42.3013573123574
9.45213697410352,42.3013573394278
9.45414568905517,42.3013573903172
9.45615440400683,42.3013574412038
9.45816311895848,42.3013574920877
9.46,42.3013575386164
9.46098300096278,42.3013575635151
9.46380288296708,42.3013576349373
9.46662276497138,42.3013577063542
9.46884997674301,42.3013577627574
9.47,42.30135779188
9.47183759395716,42.3013578384126
9.47252283575378,42.3013578557642
9.4732080775504,42.3013578731155
9.47389331934702,42.3013578904665
9.47492771036553,42.3013579166578
9.47596210138405,42.3013579428485
9.47699649240256,42.3013579690386
9.47803088342107,42.301357995228
9.47934327597329,42.3013580284551
9.48,42.3013580450817
9.48031861017633,42.301358053148
9.48151609398242,42.3013580834643
9.4827135777885,42.3013581137798
9.48391106159459,42.3013581440944
9.48510854540068,42.3013581744082
9.48630602920676,42.3013582047211
9.48750351301285,42.3013582350332
9.48900076371145,42.3013582729321
9.49,42.3013582982244
9.49049801441005,42.3013583108297
9.49246428188964,42.3013583605968
9.49388838264412,42.30135839664
9.49591281958858,42.3013584478753
9.49746780063918,42.3013584872278
9.49992505682982,42.3013585494116
9.5,42.3013585513081
9.50078253013511,42.3013585711101
9.50156506027023,42.3013585909118
9.50263244444222,42.3013586179211
9.50378879906965,42.301358647181
9.50494515369709,42.30135867644
9.50610150832452,42.3013587056983
9.50772398265025,42.3013587467491
9.50890550639622,42.3013587766423
9.51,42.3013588043328
9.51023329763967,42.3013588102351
9.51156108888313,42.3013588438269
9.51288888012658,42.3013588774177
9.51456221463908,42.3013589197486
9.51570140240422,42.301358948566
9.51640377580783,42.3013589663333
9.51710614921144,42.3013589841002
9.51780852261505,42.3013590018668
9.51885033605503,42.3013590282191
9.51989214949501,42.3013590545707
9.52,42.3013590572986
9.520933962935,42.3013590809216
9.52243827674991,42.3013591189694
9.52394259056483,42.3013591570155
9.52544690437974,42.3013591950601
9.52745459667507,42.3013592458326
9.52946228897039,42.3013592966022
9.53,42.3013593101991
9.53201494580361,42.3013593611482
9.53456760263682,42.3013594256892
9.5377529692668,42.3013595062205
9.54,42.3013595630244
9.54093833589677,42.3013595867439
9.54412370252674,42.3013596672594
9.55,42.3013598157719
9.55089377222582,42.301359838358
9.55178754445165,42.3013598609434
9.55341271772244,42.3013599020096
9.55764850228726,42.3013600090332
9.56,42.3013600684414
9.56188428685208,42.3013601160428
9.5661200714169,42.3013602230383
9.57,42.3013603210328
9.57035585598172,42.30136033002
9.57370190627534,42.3013604145208
9.57704795656896,42.3013604990136
9.58,42.3013605735507
9.58151741342372,42.301360611862
9.58719168026638,42.3013607551108
9.59,42.3013608259997
9.59286594710905,42.3013608983378
9.6,42.301361078381
9.60278220677481,42.3013611485867
9.60469489839845,42.3013611968481
9.60660759002208,42.3013612451072
9.60992801484662,42.3013613288788
9.61,42.3013613306948
9.61243798675533,42.3013613921984
9.61494795866404,42.3013614555138
9.61831349453165,42.3013615404043
9.62,42.3013615829408
9.6207769536412,42.3013616025361
9.62324041275075,42.301361664663
9.62699101170407,42.301361759241
9.63,42.3013618351092
9.63190013457367,42.3013618830148
9.64,42.3013620871899
9.64141255512907,42.3013621227905
9.65,42.3013623391802
9.65285372616662,42.3013624110746
9.65570745233324,42.3013624829618
9.65990741462599,42.301362588748
9.66,42.3013625910798
9.66524185008346,42.3013627230858
9.66843251171056,42.3013628034241
9.67,42.3013628428884
9.67162317333766,42.3013628837514
9.67406154714732,42.30136294513
9.67649992095699,42.3013630064993
9.67893829476665,42.3013630678586
9.68,42.3013630945722
9.68186886108226,42.3013631415898
9.68479942739787,42.3013632153055
9.68772999371348,42.3013632890053
9.69,42.3013633460819
9.69164993636015,42.3013633875616
9.69650624740091,42.30136350962
9.7,42.3013635974041
9.70145689331223,42.3013636340033
9.70291378662446,42.3013636705983
9.70591949012437,42.3013637460844
9.71,42.3013638485359
9.71078894292625,42.3013638683406
9.71737365771959,42.3013640335902
9.72,42.3013640994789
9.72395837251293,42.3013641987646
9.72931831678468,42.301364333169
9.73,42.3013643502599
9.73467826105643,42.3013644675355
9.74,42.3013646009074
9.74199460163574,42.3013646508861
9.74931094221504,42.3013648341675
9.75,42.3013648514256
9.75292533488476,42.301364924686
9.75585066976952,42.3013649979355
9.76,42.3013651018144
9.76145484544101,42.3013651382313
9.76721671416974,42.3013652824315
9.77,42.3013653520708
9.77297858289846,42.3013654265821
9.77897554485755,42.30136557655
9.78,42.3013656021617
9.78497250681664,42.301365726445
9.79,42.3013658520505
9.79497250681664,42.3013659762303
9.8,42.3013661017305
9.8009,42.3013661241914
9.8018,42.3013661466506
9.8046603816053,42.3013662180192
9.8075207632106,42.3013662893706
9.81,42.3013663512006
9.81355366831339,42.3013664398034
9.82,42.3013666004616
9.82234421040059,42.3013666588647
9.82877423500616,42.3013668190091
9.83,42.3013668495295
9.83520425961172,42.3013669790828
9.84,42.3013670984267
9.84333750222867,42.3013671814594
9.85,42.3013673471588
9.853,42.3013674217464
9.856,42.3013674963192
9.86,42.3013675957268
9.8600174340443,42.30136759616
9.86494037569305,42.3013677184682
9.87,42.3013678441297
9.8714456920314,42.3013678800269
9.87972483569156,42.3013680855285
9.88,42.3013680923563
9.88800397935171,42.3013682909013
9.89,42.3013683403952
9.89800397935171,42.3013685387874
9.9,42.3013685882431
9.903,42.30136866256
9.906,42.3013687368597
9.91,42.3013688358991
9.91012659900042,42.3013688390331
9.91530228635046,42.3013689671357
9.92,42.3013690833652
9.92278321498202,42.3013691522086
9.93,42.3013693306593
9.93026414361358,42.3013693371893
9.9360578002049,42.30136948039
9.94,42.3013695777998
9.94436596077797,42.3013696856534
9.95,42.3013698247904
9.953,42.3013698988584
9.956,42.3013699729129
9.96,42.3013700716313
9.96124986794544,42.3013701024727
9.96906523368151,42.3013702952689
9.97,42.3013703183223
9.97688059941757,42.3013704879704
9.98,42.3013705648571
9.98688059941757,42.3013707343924
9.99,42.3013708112273
9.99688059941757,42.3013709806488
10,42.3013710574324
10.003,42.3013711312619
10.006,42.3013712050768
10.01,42.3013713034739
10.0153406786709,42.3013714348102
10.02,42.3013715493526
10.0211970092551,42.3013715787733
10.0270533398393,42.3013717226748
10.03,42.3013717950548
10.0329096704235,42.3013718665089
10.04,42.3013720405567
10.0413300685889,42.3013720731946
10.0497504667544,42.3013722797332
10.05,42.3013722858516
10.0525261194496,42.301372347783
10.0550522388993,42.3013724097011
10.06,42.3013725309375
10.0604087500814,42.3013725409509
10.068133355905,42.3013727301207
10.07,42.3013727758153
10.0758579617286,42.3013729191745
10.08,42.3013730205049
10.0816031625775,42.3013730597171
10.0873483634265,42.3013732002064
10.09,42.3013732650296
10.0944710713975,42.3013733743054
10.1,42.3013735093904
10.1026710376174,42.3013735746322
10.1053420752348,42.3013736398621
10.1091143271386,42.3013737319648
10.11,42.3013737535858
10.1139052815303,42.301373848906
10.12,42.3013739976148
10.1201067267507,42.3013740002184
10.126308171971,42.3013741514626
10.13,42.3013742414666
10.1337675776857,42.3013743332903
10.14,42.3013744851265
10.1437675776857,42.3013745768764
10.15,42.3013747285902
10.1509,42.3013747504922
10.1518,42.3013747723927
10.1545697642672,42.3013748397817
10.1573395285344,42.3013749071554
10.16,42.3013749718562
10.164667671945,42.3013750853366
10.17,42.301375214924
10.1703681824351,42.3013752238696
10.1760686929252,42.3013753623449
10.18,42.3013754578133
10.1817692034152,42.3013755007694
10.1887713224436,42.3013756707363
10.19,42.3013757005536
10.195773441472,42.3013758406344
10.2,42.3013759431539
10.2090551840839,42.3013761627139
10.21,42.3013761856162
10.2181103681677,42.30137638216
10.22,42.3013764279396
10.2232411409665,42.3013765064509
10.2283719137652,42.3013766307083
10.23,42.3013766701307
10.2335026865639,42.3013767549342
10.2398128825466,42.3013769076744
10.24,42.3013769122029
10.2461230785293,42.3013770603689
10.25,42.3013771541605
10.2509,42.3013771759312
10.2518,42.3013771977009
10.2550056431078,42.3013772752335
10.2582112862156,42.3013773527544
10.26,42.3013773960052
10.2614169293234,42.3013774302638
10.2668513678548,42.3013775616369
10.27,42.3013776377375
10.2751085267134,42.3013777611844
10.28,42.3013778793598
10.2851085267134,42.3013780027518
10.29,42.3013781208753
10.2951085267134,42.3013782442133
10.3,42.3013783622852
10.3009,42.3013783840069
10.3018,42.3013784057278
10.3035405147092,42.3013784477315
10.3052810294183,42.301378489732
10.3070215441275,42.3013785317291
10.31,42.301378603589
10.3107134079632,42.3013786207997
10.3144052717989,42.3013787098554
10.3180971356346,42.3013787988958
10.32,42.3013788447829
10.3217889994702,42.3013788879201
10.3269389987742,42.3013790120762
10.33,42.3013790858541
10.3320889980782,42.3013791361968
10.339705660221,42.3013793196998
10.34,42.3013793267895
10.3495969602576,42.301379557883
10.35,42.3013795675853
10.352967390011,42.3013796390128
10.3559347800219,42.3013797104278
10.3589021700329,42.3013797818305
10.36,42.3013798082438
10.3618695600439,42.3013798532208
10.3662612152822,42.301379958854
10.37,42.3013800487625
10.37464637132,42.3013801604694
10.38,42.301380289144
10.3830315273577,42.30138036199
10.39,42.3013805293924
10.3914166833955,42.3013805634172
10.3998018394333,42.3013807647502
10.4,42.301380769507
10.4012830440789,42.3013808003051
10.4025660881578,42.3013808311008
10.4038491322366,42.3013808618944
10.4054923237479,42.3013809013284
10.4071355152591,42.3013809407586
10.4093319439812,42.3013809934584
10.41,42.301381009486
10.4115283727033,42.3013810461515
10.4137248014254,42.3013810988381
10.416888277692,42.30138117471
10.4193382616747,42.3013812334603
10.42,42.3013812493274
10.4217882456573,42.3013812922028
10.4255167439466,42.3013813815854
10.429245242236,42.3013814709509
10.43,42.301381489039
10.4322099817887,42.3013815419983
10.4351747213413,42.3013816130351
10.4394476509528,42.3013817153985
10.44,42.301381728629
10.4459737359929,42.3013818716961
10.45,42.3013819680987
10.4528578818028,42.3013820365146
10.4557157636056,42.3013821049206
10.4578084868249,42.3013821550056
10.4599012100441,42.3013822050853
10.46,42.3013822074492
10.4619939332634,42.3013822551596
10.4640866564827,42.3013823052288
10.4675183534074,42.3013823873218
10.47,42.3013824466782
10.4709500503322,42.3013824693994
10.4743817472569,42.3013825514608
10.4778134441816,42.3013826335051
10.48,42.3013826857717
10.4812451411064,42.3013827155318
10.4869476938949,42.3013828517987
10.49,42.3013829247154
10.4943842945139,42.3013830294269
10.5,42.3013831635059
10.5009,42.3013831849896
10.5018,42.3013832064721
10.5043858270429,42.3013832681873
10.5069716540858,42.3013833298923
10.51,42.301383402144
10.5105223190223,42.3013834146043
10.5179033362183,42.3013835906382
10.52,42.3013836406263
10.5236839792629,42.3013837284388
10.5299946146382,42.3013838787985
10.53,42.3013838789268
10.5363052500135,42.3013840290734
10.54,42.3013841170169
10.5463052500135,42.301384267029
10.55,42.3013843548942
10.553,42.3013844262165
10.556,42.3013844975193
10.559,42.3013845688022
10.56,42.3013845925588
10.562,42.3013846400653
10.5683820690959,42.3013847916038
10.57,42.3013848300075
10.5730759989202,42.3013849030081
10.5773835887385,42.3013850052138
10.58,42.3013850672811
10.5816911785567,42.301385107395
10.5859987683749,42.3013852095531
10.59,42.3013853044253
10.5903063581931,42.3013853116884
10.5946139480114,42.301385413801
10.5989215378296,42.3013855158908
10.6,42.3013855414467
10.6017907512613,42.3013855838784
10.6035815025225,42.3013856263061
10.6053722537838,42.3013856687299
10.6071630050451,42.3013857111498
10.6089537563063,42.3013857535658
10.61,42.3013857783454
10.6111082016004,42.301385804591
10.6132626468945,42.3013858556107
10.6183165159172,42.3013859752697
10.62,42.3013860151218
10.6246940998225,42.3013861262225
10.63,42.3013862517687
10.6305193860778,42.3013862640562
10.6363446723332,42.3013864018433
10.64,42.3013864882795
10.6437551093938,42.3013865770558
10.65,42.3013867246516
10.6517912571754,42.3013867669775
10.6535825143509,42.301386809299
10.6553737715263,42.301386851616
10.6571650287017,42.3013868939283
10.6594651016558,42.3013869482528
10.66,42.3013869608852
10.6612219711741,42.3013869897425
10.6629788406925,42.3013870312279
10.6647357102108,42.3013870727089
10.6668877013273,42.301387123513
10.6690396924438,42.3013871743102
10.67,42.3013871969759
10.6711916835603,42.3013872251006
10.6743869486094,42.3013873005013
10.6775822136585,42.3013873758865
10.68,42.3013874329184
10.6807774787076,42.301387451256
10.6847308376479,42.3013875444856
10.69,42.3013876687073
10.6912102997605,42.3013876972342
10.6996532214141,42.3013878961718
10.7,42.3013879043405
10.7025328764961,42.3013879639986
10.7042712234651,42.3013880049368
10.7060095704342,42.3013880458702
10.7077479174033,42.301388086799
10.7094862643723,42.3013881277231
10.71,42.3013881398165
10.7117208605777,42.3013881803228
10.7139554567831,42.301388232915
10.7161900529885,42.3013882854997
10.7188941040822,42.3013883491217
10.72,42.3013883751388
10.7215981551758,42.3013884127337
10.7243022062694,42.3013884763369
10.727006257363,42.3013885399317
10.7297103084566,42.3013886035182
10.73,42.3013886103299
10.7324143595503,42.3013886670968
10.7351184106439,42.3013887306681
10.7383849282712,42.3013888074529
10.74,42.3013888454137
10.7416514458985,42.3013888842266
10.7449179635259,42.3013889609896
10.7481844811532,42.3013890377418
10.75,42.3013890803957
10.7515597044288,42.3013891170367
10.7531194088577,42.3013891536752
10.7546791132865,42.3013891903112
10.7562388177153,42.3013892269448
10.7582523257173,42.3013892742335
10.759832833554,42.30138931135
10.76,42.3013893152756
10.7618182606955,42.3013893579721
10.763803687837,42.3013894045905
10.7657891149785,42.3013894512052
10.76777454212,42.3013894978155
10.7697599692615,42.3013895444212
10.77,42.3013895500553
10.7723823320219,42.3013896059706
10.7750046947823,42.3013896675113
10.7783044288359,42.3013897449343
10.78,42.3013897847118
10.7816041628895,42.3013898223409
10.7849038969431,42.3013898997314
10.7882036309966,42.3013899771052
10.79,42.3013900192203
10.7915033650502,42.3013900544621
10.7957825644859,42.3013901547563
10.8,42.3013902535753
10.8027850336073,42.3013903188163
10.8047029764297,42.3013903637382
10.8066209192521,42.3013904086542
10.8096901587824,42.30139048052
10.81,42.301390487774
10.8119033073904,42.3013905323311
10.8146367046779,42.3013905963114
10.8173701019655,42.3013906602802
10.82,42.3013907218163
10.820103499253,42.3013907242378
10.8228368965406,42.301390788185
10.8273995620639,42.3013908949055
10.83,42.3013909557179
10.8339655578268,42.3013910484382
10.84,42.3013911894977
10.8428595027523,42.3013912563262
10.85,42.3013914231641
10.8516449301163,42.3013914615896
10.8532898602325,42.3013915000119
10.8549347903488,42.301391538431
10.856579720465,42.3013915768469
10.8582246505813,42.3013916152596
10.8598695806975,42.3013916536691
10.86,42.3013916567143
10.8618696064522,42.3013917003659
10.8638696322069,42.3013917470583
10.8658696579616,42.3013917937463
10.8684807125276,42.3013918546912
10.87,42.3013918901496
10.8704630132529,42.3013919009553
10.8724453139782,42.3013919472156
10.8744276147035,42.3013919934721
10.8764099154288,42.301392039725
10.877994422825,42.3013920766937
10.8792175119578,42.3013921052284
10.88,42.3013921234832
10.8800950484492,42.3013921257006
10.8809725849406,42.3013921461721
10.8818471956121,42.3013921665746
10.8827218062836,42.3013921869765
10.8835964169552,42.3013922073778
10.8847756922508,42.3013922348845
10.8859549675465,42.30139226239
10.8868876524498,42.3013922841432
10.8882041211205,42.301392314846
10.8892145897298,42.3013923384113
10.89,42.3013923567273
10.890225058339,42.3013923619756
10.8916128136452,42.3013923943368
10.8926826513088,42.3013924192833
10.8937524889724,42.3013924442288
10.8952031659237,42.3013924780527
10.8966538428749,42.3013925118747
10.8981045198262,42.3013925456948
10.8995551967774,42.301392579513
10.9,42.3013925898819
10.9005893531907,42.3013926036201
10.9011787063814,42.301392617358
10.9016406419852,42.3013926281256
10.9021966307702,42.3013926410852
10.9029100513096,42.3013926577141
10.903732977394,42.3013926768948
10.9045559034784,42.301392696075
10.9053788295628,42.3013927152545
10.906017444501,42.3013927301379
10.9065370415067,42.3013927422472
10.9070566385124,42.3013927543562
10.9075762355181,42.3013927664649
10.9080958325238,42.3013927785734
10.9086154295295,42.3013927906816
10.9092835343533,42.3013928062502
10.91,42.3013928229452
10.9101193642649,42.3013928257266
10.9109551941766,42.3013928452024
10.9117910240883,42.3013928646775
10.9126268539999,42.3013928841519
10.9131655691379,42.3013928967034
10.9137042842759,42.3013929092545
10.9142429994139,42.3013929218054
10.9147817145519,42.301392934356
10.9154587083686,42.3013929501277
10.9163393513824,42.3013929706431
10.9172199943961,42.3013929911578
10.9181006374098,42.3013930116718
10.9189812804236,42.301393032185
10.9198619234373,42.3013930526975
10.92,42.3013930559136
10.9204496035263,42.3013930663856
10.9210372836154,42.3013930800735
10.9216249637044,42.301393093761
10.9224225347754,42.3013931123366
10.9233982118011,42.3013931350595
10.9243738888267,42.3013931577814
10.9253495658524,42.3013931805025
10.926325242878,42.3013932032226
10.9273009199037,42.3013932259418
10.9280225306008,42.3013932427443
10.9287441412979,42.3013932595463
10.9298843077536,42.3013932860929
10.93,42.3013932887865
10.9310244742093,42.3013933126383
10.932164640665,42.3013933391826
10.9333048071207,42.3013933657257
10.9344449735764,42.3013933922676
10.9353469310456,42.3013934132633
10.9365366431416,42.3013934409561
10.9377263552375,42.3013934686476
10.9389160673335,42.3013934963376
10.94,42.3013935215645
10.9401057794294,42.3013935240263
10.9412954915254,42.3013935517136
10.9424852036214,42.3013935793996
10.9441516287318,42.3013936181768
10.9453640792255,42.3013936463885
10.9465765297192,42.3013936745987
10.9477889802129,42.3013937028075
10.9490014307066,42.3013937310148
10.95,42.3013937542452
10.9502636479352,42.3013937603784
10.9505272958704,42.3013937665116
10.9507909438056,42.3013937726447
10.9511145037675,42.3013937801714
10.9515490641058,42.3013937902801
10.9521380650347,42.301393803981
10.9530368293622,42.3013938248867
10.9537518458293,42.3013938415177
10.9543158615821,42.3013938546362
10.954879877335,42.3013938677544
10.9554438930878,42.3013938808723
10.9560510458848,42.3013938949932
10.9566581986819,42.3013939091137
10.9571338331295,42.3013939201753
10.9576094675771,42.3013939312367
10.9582409506886,42.3013939459221
10.9592642105485,42.3013939697176
10.96,42.3013939868275
10.9600039616611,42.3013939869196
10.9607437127737,42.3013940041211
10.9613116996336,42.3013940173282
10.9620682477603,42.3013940349194
10.9626646894326,42.3013940487874
10.9631021771577,42.3013940589593
10.9635396648828,42.301394069131
10.9641746764973,42.3013940838949
10.9651153128336,42.3013941057638
10.9660559491699,42.3013941276318
10.9667189513703,42.3013941430449
10.9673819535707,42.3013941584575
10.9680449557711,42.3013941738697
10.9685645270143,42.3013941859474
10.9690840982576,42.3013941980249
10.9696036695008,42.3013942101021
10.97,42.3013942193144
10.9703024984051,42.3013942263456
10.9713550439513,42.3013942508101
10.9721287799617,42.3013942687935
10.9729025159721,42.3013942867763
10.9736762519825,42.3013943047585
10.9744499879929,42.3013943227402
10.9752237240032,42.3013943407212
10.9759974600136,42.3013943587016
10.9772495267634,42.3013943877965
10.9785015935131,42.3013944168897
10.9797536602629,42.3013944459813
10.98,42.3013944517048
10.9810057270126,42.3013944750713
10.9822577937623,42.3013945041599
10.9835098605121,42.301394533247
10.9847619272618,42.3013945623325
10.9860139940116,42.3013945914163
10.9877636574489,42.301394632056
10.9895133208863,42.3013946726924
10.99,42.3013946839951
10.9912629843236,42.3013947133257
10.993012647761,42.3013947539561
10.9947623111983,42.3013947945835
10.9965119746356,42.3013948352078
10.998261638073,42.3013948758288
11,42.3013949161844
11.0017496634373,42.3013949567991
11.0034993268747,42.3013949974107
11.005248990312,42.3013950380191
11.0069986537494,42.3013950786245
11.0087483171867,42.3013951192267
11.01,42.3013951482711
11.0104979806241,42.3013951598259
11.0122476440614,42.301395200422
11.0143779289474,42.3013952498455
11.0165082138334,42.3013952992644
11.0186384987193,42.3013953486789
11.02,42.3013953802583
11.0207687836053,42.3013953980891
11.0215396485409,42.3013954159678
11.0223105134765,42.3013954338459
11.0230813784121,42.3013954517235
11.0239578285637,42.3013954720492
11.0248342787154,42.3013954923742
11.0257107288671,42.3013955126985
11.0265871790187,42.3013955330221
11.0277614265679,42.30139556025
11.0286041462807,42.3013955797899
11.0294468659935,42.3013955993292
11.03,42.3013956121537
11.030599607955,42.3013956260555
11.0317523499165,42.3013956527808
11.032905091878,42.301395679505
11.0340578338395,42.3013957062279
11.0352105758009,42.3013957329497
11.0363633177624,42.3013957596703
11.0375160597239,42.3013957863897
11.0386688016854,42.3013958131079
11.04,42.3013958439609
11.0402272489479,42.3013958492276
11.0414089421414,42.301395876614
11.042590635335,42.3013959039992
11.0440283506119,42.3013959373159
11.0454660658888,42.3013959706308
11.0473532603587,42.3013960143583
11.0488608016453,42.3013960492867
11.05,42.3013960756796
11.0504018640834,42.3013960849897
11.0508037281668,42.3013960942997
11.0512055922502,42.3013961036094
11.0518402228808,42.3013961183114
11.0524748535114,42.3013961330129
11.053109484142,42.3013961477141
11.0538840067312,42.3013961656554
11.0548260165065,42.3013961874757
11.0557680262817,42.3013962092951
11.0567100360569,42.3013962311138
11.0574604336211,42.3013962484937
11.0580167759548,42.3013962613788
11.0585731182884,42.3013962742636
11.0593649220678,42.3013962926012
11.06,42.3013963073087
11.0604398149145,42.301396317494
11.0615147077611,42.3013963423858
11.0625896006078,42.3013963672766
11.0633106875448,42.3013963839739
11.0640317744818,42.3013964006706
11.0647528614188,42.3013964173669
11.0656496024251,42.3013964381297
11.0669559188642,42.3013964683743
11.0679839292913,42.3013964921742
11.0690119397185,42.3013965159732
11.0699524285581,42.3013965377451
11.07,42.3013965388464
11.0708929173977,42.3013965595162
11.0718334062373,42.3013965812866
11.0732449089281,42.3013966139586
11.074656411619,42.3013966466288
11.0760679143098,42.301396679297
11.0774794170007,42.3013967119634
11.0785962732279,42.3013967378094
11.0798875001387,42.3013967676892
11.08,42.3013967702925
11.0811787270496,42.3013967975675
11.0824699539604,42.3013968274444
11.0837611808712,42.3013968573199
11.085052407782,42.3013968871938
11.0871204950556,42.3013969350378
11.0885684158363,42.3013969685323
11.09,42.3013970016468
11.0905568579391,42.3013970145272
11.0919941374233,42.3013970477709
11.0941599537515,42.3013970978617
11.0957604404653,42.3013971348748
11.097943267671,42.3013971853511
11.1,42.3013972329074
11.1003543352232,42.3013972411
11.1007086704464,42.3013972492925
11.1010630056695,42.3013972574848
11.1014966966583,42.3013972675118
11.102047210047,42.3013972802394
11.102651006197,42.3013972941986
11.1032548023471,42.3013973081573
11.1038585984972,42.3013973221158
11.1044623946473,42.3013973360739
11.1050661907973,42.3013973500317
11.1059371195455,42.3013973701641
11.1065276956942,42.3013973838154
11.1071182718429,42.3013973974665
11.1077088479915,42.3013974111171
11.1082994241402,42.3013974247675
11.1089402058419,42.3013974395779
11.1095809875436,42.301397454388
11.11,42.3013974640722
11.1102217692452,42.3013974691976
11.1108625509469,42.3013974840069
11.1115033326486,42.3013974988158
11.1123636495608,42.3013975186977
11.1129914897627,42.3013975332067
11.1136193299645,42.3013975477152
11.1142471701664,42.3013975622234
11.1149838245747,42.3013975792457
11.115720478983,42.3013975962674
11.1164571333913,42.3013976132886
11.1171937877996,42.3013976303092
11.1181142386679,42.3013976515759
11.1190346895361,42.3013976728418
11.1197011954771,42.30139768824
11.12,42.3013976951432
11.1203677014181,42.3013977036379
11.1211526816837,42.3013977217723
11.1219376619494,42.3013977399062
11.122722642215,42.3013977580395
11.1235076224806,42.3013977761722
11.1243470018265,42.3013977955609
11.1251863811725,42.3013978149489
11.1260257605184,42.3013978343363
11.1268651398643,42.301397853723
11.127991887126,42.3013978797458
11.128870832534,42.3013979000447
11.129749777942,42.3013979203429
11.13,42.3013979261213
11.1311256264998,42.301397952115
11.1321018982332,42.3013979746589
11.1330781699666,42.3013979972021
11.1343962722344,42.301398027637
11.1354419311602,42.3013980517801
11.1367368413265,42.3013980816768
11.1380317514929,42.3013981115718
11.1393266616592,42.3013981414653
11.14,42.301398157009
11.1409964602505,42.301398180011
11.1422772055599,42.3013982095743
11.1438026617685,42.3013982447843
11.1453281179772,42.3013982799922
11.147193385939,42.3013983230401
11.1490586539009,42.3013983660849
11.15,42.3013983878071
11.1507808287586,42.3013984058246
11.1515616575171,42.3013984238416
11.1523424862757,42.301398441858
11.1531233150342,42.3013984598739
11.1541948302957,42.3013984845957
11.1549988011729,42.3013985031442
11.1558027720501,42.301398521692
11.1564989955858,42.3013985377535
11.1571952191214,42.3013985538146
11.1578914426571,42.3013985698753
11.1585876661928,42.3013985859354
11.1595156566587,42.3013986073412
11.16,42.3013986185131
11.1604436471247,42.3013986287462
11.1613716375906,42.3013986501504
11.1622996280565,42.3013986715539
11.1631309267475,42.3013986907265
11.1639622254384,42.3013987098985
11.1647935241294,42.3013987290698
11.1658505223154,42.3013987534453
11.1669075205013,42.3013987778197
11.1679645186873,42.301398802193
11.1690215168733,42.3013988265653
11.17,42.3013988491262
11.1700785150593,42.3013988509365
11.1711355132452,42.3013988753067
11.1721925114312,42.3013988996758
11.1734995904315,42.3013989298091
11.1748066694318,42.3013989599407
11.1759923840159,42.3013989872732
11.1771780986001,42.3013990146043
11.1783638131842,42.3013990419341
11.18,42.3013990796448
11.180244439203,42.3013990852783
11.1815731508422,42.3013991159002
11.1831371573897,42.3013991519425
11.1847011639372,42.3013991879826
11.1865477677348,42.3013992305316
11.1883943715324,42.3013992730773
11.19,42.3013993100683
11.1909612109403,42.3013993322118
11.1929039924456,42.3013993769654
11.1948467739509,42.3013994217156
11.1971937993408,42.3013994757723
11.1995408247307,42.3013995298237
11.2,42.3013995403977
11.2004115123891,42.301399549874
11.2008230247781,42.3013995593501
11.2012345371672,42.3013995688261
11.2016460495562,42.3013995783019
11.2023039723501,42.3013995934513
11.2029874760479,42.3013996091894
11.2036709797457,42.301399624927
11.2043544834435,42.3013996406641
11.2048923254398,42.3013996530472
11.2056362231383,42.301399670174
11.2065577614165,42.3013996913899
11.207233632185,42.3013997069495
11.2079095029536,42.3013997225086
11.2085853737221,42.3013997380673
11.2094820288035,42.3013997587078
11.21,42.3013997706308
11.2101158845014,42.3013997732983
11.2107497401993,42.3013997878885
11.2113835958972,42.3013998024783
11.2120909699925,42.3013998187599
11.2127983440877,42.301399835041
11.2135057181829,42.3013998513216
11.2142130922782,42.3013998676017
11.2152300249896,42.3013998910055
11.216246957701,42.3013999144083
11.2169751481436,42.3013999311656
11.2178672880773,42.301399951695
11.2189440905861,42.3013999764729
11.2197407875335,42.3013999948046
11.22,42.3014000007689
11.2205374844808,42.3014000131357
11.2214468231378,42.301400034058
11.2223561617947,42.3014000549795
11.2232655004516,42.3014000759003
11.2243800222503,42.3014001015405
11.225494544049,42.3014001271796
11.2266090658477,42.3014001528175
11.2280790438573,42.3014001866303
11.2291549643997,42.3014002113776
11.23,42.3014002308135
11.2302308849422,42.3014002361238
11.2317182300375,42.3014002703311
11.2328647081442,42.3014002966974
11.2345320818154,42.3014003350409
11.2358154804657,42.3014003645526
11.2370988791159,42.3014003940627
11.2383822777662,42.3014004235714
11.2396656764165,42.3014004530784
11.24,42.3014004607647
11.2417389595597,42.3014005007427
11.2433379777001,42.3014005375016
11.2453575422518,42.3014005839252
11.2473771068034,42.3014006303449
11.249396671355,42.3014006767609
11.25,42.3014006906265
11.2508827613806,42.3014007109134
11.2517655227612,42.3014007311997
11.2526482841418,42.3014007514852
11.2538094324325,42.3014007781669
11.2546631294317,42.3014007977829
11.255516826431,42.3014008173983
11.2567185724965,42.3014008450097
11.2576786975205,42.3014008670686
11.2586388225445,42.3014008891267
11.2599443391508,42.3014009191186
11.26,42.3014009203973
11.2612498557572,42.301400949109
11.2625553723636,42.3014009790981
11.26386088897,42.3014010090859
11.2651664055763,42.3014010390722
11.2668119570823,42.3014010768666
11.2684575085882,42.3014011146586
11.27,42.3014011500815
11.2701030600942,42.3014011524482
11.2717486116001,42.3014011902354
11.2737411031444,42.3014012359864
11.2757335946887,42.301401281734
11.277726086233,42.301401327478
11.28,42.3014013796789
11.2802081914013,42.301401384458
11.2826902965696,42.3014014414327
11.2851724017379,42.3014014984022
11.2885785587964,42.3014015765722
11.29,42.3014016091908
11.291984715855,42.3014016547323
11.2953908729135,42.301401732884
11.298797029972,42.3014018110268
11.3,42.3014018386226
11.3004302243879,42.3014018484915
11.3006881952922,42.3014018544091
11.3009461661965,42.3014018603265
11.3011500537281,42.3014018650034
11.3014882659505,42.3014018727613
11.302091769896,42.3014018866043
11.3026952738416,42.301401900447
11.3032987777871,42.3014019142894
11.304044458531,42.3014019313924
11.3049585940263,42.3014019523585
11.3058727295217,42.3014019733239
11.306786865017,42.3014019942886
11.3074770847678,42.3014020101175
11.307996575697,42.3014020220308
11.3085160666263,42.3014020339439
11.3091904666106,42.301402049409
11.31,42.3014020679725
11.3100643564512,42.3014020694482
11.3111569088594,42.3014020945006
11.3122494612676,42.3014021195521
11.3133420136758,42.3014021446024
11.3141977730859,42.3014021642228
11.315053532496,42.3014021838426
11.3159092919061,42.3014022034617
11.3169248361133,42.3014022267432
11.3179403803206,42.3014022500238
11.3189559245278,42.3014022733035
11.32,42.3014022972363
11.3202840422422,42.3014023037471
11.3212495903024,42.3014023258788
11.3222151383626,42.3014023480097
11.3235280179524,42.3014023781004
11.3248408975422,42.3014024081896
11.326153777132,42.3014024382773
11.3278135738357,42.3014024763132
11.3294733705394,42.3014025143468
11.33,42.3014025264139
11.3317648270326,42.3014025668509
11.3340562835259,42.3014026193515
11.3363477400191,42.3014026718483
11.34,42.3014027555126
11.3401618194168,42.3014027592192
11.3439758988146,42.3014028465799
11.3477899782123,42.3014029339312
11.35,42.3014029845418
11.3506636998636,42.3014029997404
11.3513273997273,42.3014030149387
11.3519910995909,42.3014030301368
11.3528995182838,42.3014030509383
11.3538079369766,42.3014030717395
11.3544724707488,42.3014030869558
11.355137004521,42.3014031021721
11.3563179429163,42.3014031292122
11.3574988813116,42.3014031562518
11.3586798197069,42.3014031832909
11.36,42.3014032135176
11.3604648137194,42.3014032241597
11.3618829810715,42.3014032566291
11.3638103092299,42.3014033007552
11.3657376373883,42.3014033448804
11.3676649655467,42.3014033890047
11.3695922937051,42.3014034331284
11.37,42.3014034424623
11.3715196218635,42.3014034772516
11.3742565196303,42.3014035399088
11.3769934173971,42.3014036025658
11.3797303151639,42.3014036652226
11.38,42.3014036713965
11.3838738944094,42.3014037600825
11.3880174736548,42.3014038549455
11.39,42.3014039003342
11.3921610529003,42.30140394981
11.3963046321458,42.3014040446755
11.4,42.301404129279
11.401666422939,42.3014041674303
11.4033328458781,42.3014042055811
11.4054844681725,42.3014042548395
11.408221219977,42.3014043174923
11.41,42.3014043582132
11.4109579717814,42.3014043801434
11.4136947235858,42.3014044427932
11.4164314753903,42.3014045054411
11.4191682271947,42.3014045680864
11.42,42.3014045871255
11.4219049789992,42.3014046307289
11.4246417308036,42.3014046933695
11.4281076290479,42.3014047726951
11.43,42.3014048160041
11.4315735272923,42.3014048520146
11.4350394255366,42.3014049313289
11.4395069003281,42.3014050335539
11.44,42.3014050448363
11.4449736536877,42.3014051586275
11.45,42.3014052736124
11.4507943539851,42.3014052917835
11.4515887079702,42.3014053099541
11.4523830619553,42.3014053281242
11.4536455005658,42.3014053570004
11.4549079391764,42.3014053858756
11.4561703777869,42.3014054147495
11.4574328163974,42.3014054436223
11.458695255008,42.3014054724938
11.4599576936185,42.3014055013641
11.46,42.3014055023316
11.4615285955535,42.3014055372869
11.4630994974885,42.3014055732084
11.4646703994235,42.3014056091282
11.4662413013585,42.3014056450461
11.4678122032935,42.3014056809621
11.4693831052285,42.3014057168761
11.47,42.3014057309791
11.4709540071635,42.3014057527882
11.4729826292417,42.3014057991617
11.4750112513199,42.3014058455323
11.4770398733981,42.3014058918997
11.48,42.3014059595524
11.4805554751559,42.3014059722469
11.4840710769137,42.3014060525855
11.4875866786715,42.3014061329157
11.49,42.3014061880545
11.4911022804293,42.3014062132379
11.4962629490714,42.3014063311338
11.5,42.3014064164991
11.5017144792328,42.3014064556609
11.5034289584655,42.3014064948215
11.5051434376983,42.3014065339811
11.5068579169311,42.3014065731398
11.5094792904294,42.3014066330105
11.51,42.301406644903
11.5129016432271,42.3014067111729
11.5163239960247,42.3014067893358
11.5197463488223,42.3014068674989
11.52,42.301406873292
11.5231687016199,42.3014069456618
11.5265910544175,42.3014070238274
11.53,42.301407101689
11.5316513692269,42.3014071394072
11.5386442787374,42.3014072991357
11.54,42.3014073301034
11.5473075148552,42.3014074970263
11.55,42.3014075585337
11.5560060837925,42.3014076957476
11.56,42.3014077869915
11.5620121675849,42.3014078329605
11.5680182513774,42.301407970172
11.57,42.3014080154451
11.5740243351699,42.3014081073781
11.58,42.3014082438849
11.5800304189623,42.3014082445798
11.5860365027548,42.3014083817729
11.59,42.3014084723016
11.5920425865473,42.3014085189534
11.6,42.3014087006876
11.6008272094233,42.3014087195788
11.6016544188465,42.3014087384698
11.6024816282698,42.3014087573607
11.6038097454483,42.3014087876907
11.6051378626267,42.3014088180206
11.6064659798052,42.3014088483502
11.6077940969837,42.3014088786794
11.6088379464837,42.3014089025165
11.6098817959836,42.3014089263532
11.61,42.3014089290524
11.6109256454836,42.3014089501897
11.6119694949835,42.3014089740262
11.6130133444835,42.3014089978628
11.6145249929475,42.3014090323814
11.6156524507857,42.3014090581269
11.616779908624,42.3014090838721
11.6182036800551,42.3014091163831
11.6196274514862,42.3014091488939
11.62,42.3014091574008
11.6207511317929,42.3014091745522
11.6224352630294,42.3014092130081
11.6236815989364,42.3014092414673
11.6249279348435,42.3014092699265
11.6267843737712,42.3014093123167
11.6281125916,42.3014093426454
11.6294408094289,42.3014093729742
11.63,42.3014093857429
11.6307690272577,42.3014094033031
11.6320972450866,42.3014094336325
11.6341644132177,42.3014094808365
11.6358096825226,42.301409518407
11.6378748662433,42.3014095655674
11.639940049964,42.3014096127294
11.64,42.3014096140985
11.6427965736612,42.301409677966
11.6449973277646,42.3014097282304
11.647198081868,42.3014097784981
11.6493988359714,42.3014098287683
11.65,42.3014098425007
11.6528315518838,42.3014099071839
11.6556631037675,42.3014099718703
11.6584946556513,42.3014100365595
11.66,42.3014100709513
11.661326207535,42.3014101012509
11.6641577594188,42.3014101659456
11.6669893113026,42.3014102306428
11.6698208631863,42.301410295342
11.67,42.3014102994352
11.6733248083082,42.3014103754079
11.6782981966032,42.3014104890612
11.68,42.3014105279538
11.6832715848982,42.3014106027244
11.6882449731933,42.3014107164005
11.69,42.3014107565179
11.6932183614883,42.3014108300884
11.6997616124244,42.301410979684
11.7,42.3014109851347
11.7086229764378,42.301411182316
11.71,42.3014112138081
11.7172459528755,42.3014113795405
11.72,42.3014114425444
11.7258689293133,42.301411576831
11.73,42.3014116713763
11.734491905751,42.3014117741984
11.74,42.3014119003109
11.7431148821888,42.3014119716418
11.75,42.3014121293465
11.7586229764378,42.3014123269197
11.76,42.3014123584767
11.7672459528755,42.3014125245596
11.77,42.3014125877009
11.7758689293133,42.3014127222869
11.78,42.3014128170487
11.784491905751,42.3014129201107
11.79,42.3014130465238
11.7931148821888,42.3014131180275
11.8,42.3014132761214
11.8086229764378,42.3014134741936
11.81,42.3014135058314
11.8172459528755,42.3014136723435
11.82,42.3014137356499
11.8258689293133,42.3014138705912
11.83,42.3014139656057
11.834491905751,42.3014140689449
11.84,42.3014141957012
11.8431148821888,42.3014142674004
11.85,42.3014144259301
11.8531682248627,42.3014144988981
11.8563364497254,42.3014145718762
11.86,42.3014146562761
11.8604801041224,42.3014146673375
11.8608530330182,42.3014146759299
11.8612259619139,42.3014146845224
11.8614997392296,42.3014146908305
11.8617735165453,42.3014146971387
11.8621746811758,42.3014147063822
11.8629153777516,42.3014147234493
11.8636560743274,42.3014147405169
11.8643967709032,42.3014147575848
11.8665184698987,42.3014148064764
11.8686401688943,42.301414855369
11.87,42.3014148867052
11.8733489094525,42.3014149638764
11.8748063019169,42.3014149974605
11.8757627778154,42.3014150195014
11.8767192537139,42.3014150415417
11.8780300958656,42.3014150717461
11.88,42.3014151171318
11.8817311181543,42.3014151570101
11.8833682251672,42.3014151947179
11.8850053321802,42.3014152324196
11.8859558997579,42.3014152543073
11.8869064673355,42.3014152761926
11.8875023935922,42.3014152899114
11.888098319849,42.3014153036292
11.8886412320111,42.3014153161256
11.8891841441732,42.3014153286212
11.89,42.3014153473971
11.8954005403723,42.301415471627
11.9,42.3014155773484
11.9035958299007,42.3014156599462
11.9071916598013,42.3014157424946
11.91,42.3014158069302
11.9129015923396,42.3014158734731
11.9186115248779,42.3014160043288
11.92,42.30141603613
11.9243214574162,42.301416135058
11.93,42.3014162649516
11.9300313899544,42.3014162656693
11.9357413224927,42.3014163961523
11.94,42.3014164933887
11.941451255031,42.3014165265084
11.9428307549808,42.3014165579839
11.9435372314848,42.3014165741005
11.9442437079888,42.3014165902151
11.9449501844929,42.3014166063277
11.946209751043,42.3014166350499
11.9482316798361,42.3014166811434
11.95,42.3014167214423
11.9557163657364,42.3014168516306
11.96,42.3014169491041
11.9614327314728,42.3014169816894
11.97,42.301417176371
11.9709231560435,42.3014171973313
11.98,42.3014174032419
11.9804135806142,42.3014174126162
11.989904005185,42.3014176275413
11.99,42.3014176297134
11.9993944297557,42.3014178421049
12,42.3014178557843
12.0094904245707,42.301418070002
12.01,42.3014180814939
12.0189808491415,42.3014182838589
12.02,42.3014183068043
12.0284712737122,42.3014184973792
12.03,42.3014185317471
12.0379616982829,42.301418710587
12.04,42.3014187563385
12.0474521228537,42.301418923468
12.05,42.3014189805619
12.0594904245707,42.3014191930194
12.06,42.3014192044169
12.0689808491415,42.3014194051214
12.07,42.3014194278786
12.0784712737122,42.3014196168908
12.08,42.3014196509766
12.0879616982829,42.3014198283498
12.09,42.3014198737222
12.0974521228537,42.3014200394756
12.1,42.3014200961019
12.1094904245707,42.30142030682
12.11,42.3014203181243
12.1189808491415,42.3014205171894
12.12,42.3014205397609
12.1284712737122,42.3014207272321
12.13,42.301420761037
12.1379616982829,42.3014209369591
12.14,42.3014209819625
12.1474521228537,42.3014211463701
12.15,42.3014212025386
12.1528471273712,42.301421265278
12.1548680085868,42.3014213097915
12.1557367208746,42.3014213289216
12.1563080849398,42.3014213415023
12.156879449005,42.3014213540816
12.1574508130702,42.3014213666598
12.1583078591681,42.3014213855248
12.1588716212818,42.3014213979328
12.1594353833955,42.3014214103397
12.1599991455092,42.3014214227456
12.16,42.3014214227644
12.1620263552772,42.3014214673485
12.1646037566138,42.3014215240444
12.1651201338705,42.3014215354019
12.1656365111273,42.301421546759
12.1664212142567,42.3014215640168
12.1672059173862,42.3014215812736
12.1676915662916,42.3014215919533
12.1681772151971,42.3014216026325
12.1688676431693,42.301421617814
12.1695580711415,42.3014216329945
12.17,42.3014216427107
12.1715918253377,42.3014216777046
12.1736793794107,42.3014217235861
12.1743876514077,42.3014217391501
12.1750959234047,42.3014217547126
12.1761838445917,42.301421778614
12.1769253805011,42.3014217949034
12.1776669164106,42.3014218111912
12.1782213230688,42.3014218233677
12.1785639511559,42.3014218308926
12.1789065792431,42.3014218384171
12.1792492073302,42.3014218459414
12.179579678619,42.3014218531984
12.1799101499077,42.3014218604552
12.18,42.3014218624282
12.1802406211964,42.3014218677117
12.1811274065412,42.3014218871828
12.1815384709411,42.3014218962079
12.181949535341,42.3014219052326
12.1822294916438,42.3014219113787
12.1825094479467,42.3014219175246
12.1827894042495,42.3014219236703
12.1834918091055,42.3014219390889
12.1846398517882,42.301421964287
12.1855031971907,42.3014219832339
12.1863665425932,42.3014220021788
12.1872298879957,42.3014220211217
12.1878747847182,42.3014220352702
12.1885196814407,42.3014220494177
12.1891645781631,42.3014220635643
12.1898094748856,42.3014220777098
12.19,42.3014220818887
12.1904543716081,42.3014220918543
12.1910992683305,42.301422105998
12.191744165053,42.3014221201406
12.1923890617754,42.3014221342821
12.1930339584979,42.3014221484226
12.1940066367555,42.3014221697482
12.1949793150131,42.3014221910712
12.1957537544019,42.3014222080468
12.1962556981753,42.3014222190485
12.1967576419487,42.3014222300495
12.1972595857222,42.30142224105
12.1977615294956,42.3014222520499
12.198263473269,42.3014222630491
12.1987119000468,42.3014222728751
12.1991603268245,42.3014222827006
12.1995129578413,42.3014222904268
12.2,42.3014223010974
12.2008034688107,42.3014223186992
12.2016069376214,42.3014223362993
12.2024104064321,42.3014223538978
12.2032138752428,42.3014223714947
12.2040173440535,42.3014223890899
12.2045811472388,42.3014224014358
12.2052704300194,42.3014224165283
12.2058553715113,42.3014224293352
12.2064403130031,42.3014224421413
12.207025254495,42.3014224549465
12.2078725087003,42.3014224734926
12.2089125006036,42.3014224962551
12.2099524925068,42.3014225190148
12.21,42.3014225200545
12.2109924844101,42.3014225417719
12.2118127667408,42.3014225597196
12.2126330490715,42.3014225776658
12.2136523350705,42.3014225999635
12.2144569491578,42.3014226175632
12.2152615632451,42.3014226351613
12.2162874186379,42.3014226575959
12.2173132740306,42.3014226800279
12.2183391294234,42.3014227024574
12.2191031428149,42.3014227191602
12.2198671562063,42.3014227358617
12.22,42.3014227387656
12.2206311695978,42.3014227525618
12.2213951829893,42.3014227692607
12.2221591963808,42.3014227859581
12.2230942382232,42.3014228063915
12.2240292800656,42.3014228268229
12.2249643219081,42.3014228472521
12.225680530237,42.3014228628989
12.226244025173,42.3014228752085
12.226807520109,42.3014228875174
12.227371015045,42.3014228998256
12.2280886243426,42.3014229154989
12.2288062336401,42.3014229311711
12.2293679038214,42.3014229434368
12.2299295740027,42.3014229557017
12.23,42.3014229572396
12.2304912441839,42.301422967966
12.2310529143652,42.3014229802296
12.2316145845465,42.3014229924925
12.2321762547278,42.3014230047547
12.2330141654948,42.3014230230464
12.2338520762617,42.3014230413365
12.2346899870287,42.3014230596249
12.2355278977957,42.3014230779118
12.2361044936865,42.3014230904947
12.2366810895772,42.3014231030768
12.237257685468,42.3014231156582
12.2378342813587,42.3014231282388
12.2384108772495,42.3014231408187
12.2391463545816,42.3014231568639
12.24,42.3014231754855
12.2401098281066,42.3014231778812
12.2410733016316,42.3014231988964
12.2420367751566,42.3014232199095
12.2430002486817,42.3014232409205
12.2437200329269,42.3014232566159
12.2444398171722,42.3014232723101
12.2451596014174,42.3014232880031
12.2458793856627,42.3014233036949
12.2468769951196,42.3014233254417
12.2478746045765,42.3014233471861
12.2488722140334,42.3014233689284
12.2498698234903,42.3014233906684
12.25,42.301423393505
12.2507516330496,42.301423409883
12.2515032660992,42.3014234262596
12.2522548991488,42.301423442635
12.2532345157968,42.3014234639754
12.254459910877,42.301423490667
12.2556853059572,42.3014235173551
12.2569107010374,42.3014235440399
12.2581360961176,42.3014235707213
12.2590537348507,42.3014235906995
12.26,42.301423611299
12.2601593025721,42.3014236147667
12.261583726367,42.301423645771
12.2627129235724,42.3014236703461
12.2638421207778,42.3014236949184
12.265237692448,42.3014237252833
12.266312030182,42.3014237486558
12.2676073469433,42.3014237768323
12.2692085611555,42.3014238116576
12.27,42.3014238288688
12.2708097753678,42.3014238464772
12.2724109895801,42.3014238812914
12.2736867434938,42.3014239090253
12.2749624974075,42.3014239367556
12.2767775417826,42.3014239762018
12.2785925861577,42.3014240156406
12.28,42.301424046217
12.2808076723749,42.3014240637619
12.2825286415743,42.3014241011416
12.2848821005645,42.3014241522486
12.2872355595547,42.3014242033432
12.289589018545,42.3014242544254
12.29,42.3014242633446
12.2919424775352,42.3014243054953
12.2942959365255,42.3014243565539
12.2982004539051,42.3014244412367
12.3,42.3014244802546
12.3039045173796,42.3014245648879
12.3091342743621,42.3014246781934
12.31,42.3014246969439
12.3181397123349,42.3014248731577
12.32,42.3014249134117
12.3271451503077,42.3014250679584
12.33,42.3014251296812
12.3361505882805,42.3014252626033
12.34,42.3014253457575
12.3451560262534,42.3014254570897
12.35,42.3014255616371
12.3526607058913,42.3014256190436
12.3553214117827,42.3014256764344
12.3588148042868,42.3014257517613
12.36,42.3014257773108
12.362308196791,42.3014258270595
12.3658015892952,42.3014259023304
12.3692949817994,42.3014259775728
12.37,42.3014259927543
12.3748535588208,42.301426097235
12.38,42.3014262079631
12.3809506062023,42.3014262284094
12.3870476535839,42.3014263594985
12.39,42.3014264229431
12.3970476535839,42.30142657431
12.4,42.3014266376872
12.41,42.3014268522218
12.4168460348684,42.3014269989671
12.4188998453289,42.301427042972
12.4197764573744,42.3014270617516
12.42,42.3014270665404
12.4203578191231,42.3014270742053
12.4209391808717,42.3014270866584
12.4217093021638,42.301427103154
12.423147962124,42.3014271339664
12.4245866220842,42.3014271647757
12.4260252820444,42.3014271955821
12.4267391053859,42.3014272108664
12.4274529287273,42.3014272261501
12.4281667520688,42.3014272414332
12.4293844296514,42.301427267503
12.43,42.3014272806815
12.4309719106731,42.3014273014884
12.4321548647851,42.301427326813
12.4338140151537,42.3014273623313
12.4351241815046,42.3014273903783
12.4364343478555,42.3014274184251
12.4379426031763,42.3014274507125
12.439450858497,42.301427483
12.44,42.3014274947556
12.4413623313236,42.3014275239198
12.4428734804087,42.3014275562708
12.4443846294938,42.3014275886227
12.445895778579,42.3014276209754
12.4474069276641,42.3014276533291
12.4499505066073,42.3014277077896
12.45,42.3014277088493
12.4519647077926,42.3014277509179
12.4539294155852,42.3014277929888
12.4558941233778,42.3014278350621
12.4582782027022,42.3014278861196
12.46,42.3014279229962
12.4612405153003,42.3014279495663
12.4642028278984,42.3014280130207
12.4671651404964,42.301428076483
12.47,42.3014281372221
12.4719644585795,42.3014281793167
12.4767637766626,42.3014282821747
12.48,42.3014283515468
12.4828622109381,42.3014284129108
12.49,42.3014285659842
12.4910910897375,42.3014285893887
12.5,42.3014287805443
12.51,42.301428995227
12.52,42.3014292100345
12.53,42.3014294249704
12.54,42.301429640037
12.55,42.3014298552363
12.56,42.3014300705699
12.57,42.301430286039
12.58,42.3014305016448
12.59,42.3014307173877
12.6,42.3014309332684
12.61,42.3014311492874
12.62,42.3014313654452
12.63,42.3014315817423
12.64,42.301431798179
12.65,42.3014320147559
12.66,42.3014322314735
12.67,42.3014324483326
12.68,42.3014326653338
12.69,42.3014328824777
12.7,42.301433099765
12.71,42.3014333171961
12.72,42.3014335347716
12.73,42.3014337524929
12.74,42.3014339703619
12.75,42.3014341883807
12.76,42.3014344065522
12.77,42.3014346248793
12.78,42.3014348433642
12.79,42.3014350620087
12.8,42.3014352808141
12.81,42.3014354997818
12.82,42.3014357189124
12.83,42.3014359382063
12.84,42.3014361576636
12.85,42.3014363772844
12.86,42.3014365970675
12.8673386746838,42.3014367584615
12.87,42.3014368170113
12.8773386746838,42.3014369785228
12.88,42.3014370371183
12.8873386746838,42.301437198763
12.89,42.3014372574087
12.8973386746838,42.301437419192
12.9,42.301437477888
12.91,42.3014376985579
12.92,42.3014379193864
12.93,42.3014381403734
12.94,42.3014383615191
12.95,42.301438582824
12.96,42.3014388042885
12.97,42.3014390259129
12.98,42.3014392476981
12.99,42.3014394696446
13,42.3014396917532
13.01,42.3014399140242
13.02,42.3014401364577
13.03,42.3014403590541
13.04,42.3014405818132
13.05,42.3014408047348
13.06,42.3014410278181
13.07,42.3014412510616
13.08,42.3014414744648
13.09,42.3014416980269
13.1,42.3014419217475
13.11,42.301442145625
13.1171440498613,42.3014423056589
13.12,42.3014423696571
13.1271228679836,42.301442529326
13.13,42.3014425938461
13.137101686106,42.3014427531639
13.14,42.3014428182114
13.1470805042283,42.3014429771819
13.15,42.3014430427576
13.1562433620404,42.3014431830452
13.16,42.3014432674844
13.1624867240809,42.3014433233908
13.1687300861213,42.3014434637981
13.17,42.3014434923648
13.1749734481618,42.3014436042652
13.18,42.3014437174024
13.1837061753737,42.3014438008471
13.19,42.3014439426061
13.1924389025856,42.3014439975557
13.2,42.3014441679719
13.2054571741477,42.3014442910226
13.21,42.3014443934887
13.2109143482954,42.3014444141158
13.2163715224431,42.3014445372524
13.22,42.3014446191497
13.2218286965907,42.3014446604316
13.2272858707384,42.3014447836552
13.23,42.3014448449569
13.2343095947364,42.301444942315
13.24,42.3014450709117
13.2439199162604,42.3014451595261
13.25,42.3014452970222
13.259610321524,42.3014455144627
13.26,42.3014455232821
13.2665732197141,42.3014456720811
13.27,42.3014457496804
13.2764367723963,42.3014458954891
13.28,42.3014459762347
13.2863003250784,42.301446119052
13.29,42.3014462029478
13.2961638777606,42.3014463427688
13.3,42.3014464298186
13.301763508285,42.3014464698455
13.30352701657,42.3014465098772
13.3052905248551,42.3014465499139
13.3078912104767,42.3014466089663
13.309870579043,42.3014466539182
13.31,42.3014466568576
13.3118499476093,42.3014466988767
13.3138293161756,42.3014467438427
13.315808684742,42.3014467888158
13.3177880533083,42.3014468337954
13.3197674218746,42.3014468787816
13.32,42.301446884068
13.3223309449692,42.301446937054
13.3248944680637,42.301446995339
13.3297335316635,42.3014471053932
13.33,42.3014471114546
13.3358601583769,42.3014472447869
13.34,42.3014473390175
13.3444036490187,42.3014474392883
13.35,42.3014475667717
13.3585434906419,42.3014477615003
13.36,42.3014477947105
13.3670869812837,42.3014479563544
13.37,42.3014480228245
13.3756304719256,42.3014481513491
13.38,42.3014482511356
13.3841739625675,42.30144834649
13.39,42.3014484796436
13.3927174532093,42.3014485417724
13.4,42.3014487083415
13.4085434906419,42.301448903873
13.41,42.3014489372203
13.4170869812837,42.3014490995325
13.42,42.3014491662777
13.4256304719256,42.3014492953346
13.43,42.3014493955347
13.4341739625675,42.3014494912846
13.44,42.3014496249911
13.4427174532093,42.3014496873782
13.45,42.3014498546405
13.4525630471926,42.301449913531
13.4551260943851,42.3014499724335
13.4586047710205,42.301450052398
13.46,42.3014500844764
13.4620834476559,42.3014501323847
13.4655621242914,42.3014502123956
13.4698056346596,42.3014503100292
13.47,42.3014503145019
13.4790571514496,42.3014505230013
13.48,42.3014505447158
13.4883086682396,42.3014507361505
13.49,42.3014507751384
13.4975601850295,42.3014509494852
13.5,42.3014510057771
13.50925151679,42.3014512193448
13.51,42.3014512366302
13.51850303358,42.3014514330714
13.52,42.3014514676704
13.5277545503699,42.3014516469734
13.53,42.3014516989181
13.5370060671599,42.3014518610581
13.54,42.3014519303785
13.5462575839499,42.301452075323
13.55,42.3014521620486
13.55925151679,42.3014523765622
13.56,42.3014523939241
13.56850303358,42.3014525912349
13.57,42.301452625987
13.5777545503699,42.3014528060824
13.58,42.3014528582564
13.5870060671599,42.3014530211117
13.59,42.3014530907376
13.5962575839499,42.3014532363206
13.6,42.3014533234278
13.60925151679,42.3014535388851
13.61,42.3014535563235
13.61850303358,42.301453754503
13.62,42.3014537894079
13.6277545503699,42.3014539702959
13.63,42.3014540226994
13.6370060671599,42.3014541862707
13.64,42.3014542562026
13.6462575839499,42.3014544024254
13.65,42.3014544899153
13.65925151679,42.3014547063191
13.66,42.3014547238341
13.66850303358,42.3014549228851
13.67,42.3014549579436
13.6777545503699,42.301455139627
13.68,42.3014551922607
13.6870060671599,42.3014553565507
13.69,42.3014554267897
13.6962575839499,42.3014555736544
13.7,42.3014556615281
13.70925151679,42.3014558788807
13.71,42.3014558964724
13.71850303358,42.3014560963959
13.72,42.3014561316079
13.7277545503699,42.3014563140863
13.73,42.30145636695
13.7370060671599,42.3014565319574
13.74,42.3014566025028
13.7462575839499,42.3014567500076
13.75,42.3014568382639
13.75925151679,42.3014570565617
13.76,42.30145707423
13.76850303358,42.3014572750224
13.77,42.3014573103873
13.7777545503699,42.3014574936576
13.78,42.3014575467505
13.7870060671599,42.3014577124728
13.79,42.3014577833234
13.7962575839499,42.3014579314662
13.8,42.3014580201039
13.80925151679,42.3014582393446
13.81,42.3014582570892
13.81850303358,42.3014584587489
13.82,42.3014584942665
13.8277545503699,42.3014586783277
13.83,42.3014587316496
13.8370060671599,42.3014588980862
13.84,42.301458969242
13.8462575839499,42.3014591180227
13.85,42.3014592070419
13.85925151679,42.3014594272257
13.86,42.3014594450466
13.86850303358,42.3014596475738
13.87,42.3014596832442
13.8777545503699,42.3014598680965
13.88,42.3014599216473
13.8870060671599,42.3014600887984
13.89,42.3014601602594
13.8962575839499,42.3014603096779
13.9,42.3014603990784
13.90925151679,42.3014606202047
13.91,42.3014606381019
13.91850303358,42.3014608414955
13.92,42.3014608773184
13.9277545503699,42.3014610629605
13.93,42.3014611167399
13.9370060671599,42.3014612846038
13.94,42.3014613563692
13.9462575839499,42.3014615064239
13.95,42.3014615962047
13.95925151679,42.3014618182706
13.96,42.3014618362438
13.96850303358,42.3014620405013
13.97,42.3014620764762
13.9777545503699,42.3014622629056
13.98,42.3014623169128
13.9870060671599,42.3014624854874
13.99,42.3014625575565
13.9962575839499,42.3014627082455
14,42.3014627984056
14.00925151679,42.301463021409
14.01,42.3014630394581
14.01850303358,42.3014632445779
14.02,42.3014632807046
14.0277545503699,42.3014634679204
14.03,42.3014635221553
14.0370060671599,42.3014636914402
14.04,42.3014637638128
14.0462575839499,42.3014639151362
14.05,42.3014640056756
14.05925151679,42.3014642296169
14.06,42.3014642477419
14.06850303358,42.3014644537243
14.07,42.3014644900028
14.0777545503699,42.3014646780051
14.08,42.3014647324676
14.0870060671599,42.3014649024629
14.09,42.3014649751388
14.0962575839499,42.3014651270964
14.1,42.3014652180149
14.10925151679,42.3014654428933
14.11,42.3014654610941
14.11850303358,42.301465667938
14.12,42.3014657043682
14.1277545503699,42.301465893156
14.13,42.3014659478459
14.1370060671599,42.3014661185503
14.14,42.3014661915291
14.1462575839499,42.3014663441197
14.15,42.3014664354167
14.15925151679,42.3014666612304
14.16,42.3014666795069
14.16850303358,42.3014668872107
14.17,42.3014669237923
14.1777545503699,42.3014671133639
14.18,42.3014671682807
14.1870060671599,42.3014673396928
14.19,42.301467412974
14.1962575839499,42.3014675661964
14.2,42.301467657871
14.20925151679,42.3014678846183
14.21,42.3014679029704
14.21850303358,42.3014681115327
14.22,42.3014681482654
14.2277545503699,42.3014683386197
14.23,42.301468393763
14.2370060671599,42.3014685658819
14.24,42.301468639465
14.2462575839499,42.3014687933184
14.25,42.3014688853704
14.25925151679,42.3014691130504
14.26,42.3014691314779
14.26850303358,42.3014693408978
14.27,42.3014693777814
14.2777545503699,42.3014695689177
14.28,42.3014696242874
14.2870060671599,42.3014697971124
14.29,42.3014698709972
14.2962575839499,42.3014700254811
14.3,42.3014701179101
14.30925151679,42.3014703465217
14.31,42.3014703650246
14.31850303358,42.3014705753012
14.32,42.3014706123357
14.3277545503699,42.301470804253
14.33,42.3014708598487
14.3370060671599,42.301471033379
14.34,42.301471107565
14.3462575839499,42.3014712626785
14.35,42.3014713554838
14.35925151679,42.3014715850259
14.36,42.3014716036041
14.36850303358,42.3014718147362
14.37,42.3014718519212
14.3777545503699,42.3014720446185
14.38,42.30147210044
14.3870060671599,42.3014722746746
14.39,42.3014723491616
14.3962575839499,42.301472504904
14.4,42.3014725980854
14.40925151679,42.301472828557
14.41,42.3014728472104
14.41850303358,42.3014730591971
14.42,42.3014730965326
14.4277545503699,42.3014732900092
14.43,42.3014733460562
14.4370060671599,42.3014735209947
14.44,42.3014735957823
14.4462575839499,42.301473752153
14.45,42.3014738457101
14.45925151679,42.3014740771105
14.46,42.3014740958391
14.46850303358,42.3014743086798
14.47,42.3014743461656
14.4777545503699,42.3014745404208
14.48,42.3014745966933
14.4870060671599,42.301474772335
14.49,42.301474847423
14.4962575839499,42.3014750044217
14.5,42.3014750983543
14.50925151679,42.3014753306828
14.51,42.3014753494864
14.51850303358,42.3014755631804
14.52,42.3014756008165
14.5277545503699,42.3014757958498
14.53,42.3014758523474
14.5370060671599,42.3014760286917
14.54,42.30147610408
14.5462575839499,42.301476261706
14.55,42.3014763560137
14.55925151679,42.3014765892692
14.56,42.3014766081479
14.56850303358,42.3014768226943
14.57,42.3014768604803
14.5777545503699,42.3014770562908
14.58,42.3014771130134
14.5870060671599,42.3014772900595
14.59,42.3014773657475
14.5962575839499,42.3014775240002
14.6,42.3014776186825
14.60925151679,42.3014778528641
14.61,42.3014778718177
14.61850303358,42.3014780872155
14.62,42.3014781251514
14.6277545503699,42.3014783217381
14.63,42.3014783786855
14.6370060671599,42.3014785564327
14.64,42.3014786324202
14.6462575839499,42.3014787912988
14.65,42.3014788863555
14.65925151679,42.3014791214624
14.66,42.3014791404908
14.66850303358,42.3014793567393
14.67,42.301479394825
14.6777545503699,42.3014795921874
14.68,42.3014796493592
14.6870060671599,42.301479827807
14.69,42.3014799040939
14.6962575839499,42.301480063598
14.7,42.3014801590287
14.70925151679,42.3014803950602
14.71,42.3014804141635
14.71850303358,42.301480631262
14.72,42.3014806694974
14.7277545503699,42.3014808676348
14.73,42.3014809250311
14.7370060671599,42.3014811041789
14.74,42.3014811807649
14.7462575839499,42.3014813408941
14.75,42.3014814366985
14.75925151679,42.3014816736538
14.76,42.3014816928319
14.76850303358,42.3014819107797
14.77,42.3014819491646
14.7777545503699,42.3014821480765
14.78,42.3014822056969
14.7870060671599,42.3014823855441
14.79,42.3014824624289
14.7962575839499,42.3014826231825
14.8,42.3014827193604
14.80925151679,42.3014829572386
14.81,42.3014829764914
14.81850303358,42.3014831952878
14.82,42.301483233822
14.8277545503699,42.3014834335076
14.83,42.301483491352
14.8370060671599,42.301483671898
14.84,42.3014837490813
14.8462575839499,42.301483910459
14.85,42.3014840070099
14.85925151679,42.3014842458105
14.86,42.3014842651379
14.86850303358,42.3014844847822
14.87,42.3014845234657
14.8777545503699,42.3014847239244
14.88,42.3014847819926
14.8870060671599,42.3014849632369
14.89,42.3014850407186
14.8962575839499,42.3014852027197
14.9,42.3014852996435
14.90925151679,42.3014855393657
14.91,42.3014855587676
14.91850303358,42.3014857792591
14.92,42.3014858180917
14.9277545503699,42.301486019323
14.93,42.3014860776148
14.9370060671599,42.3014862595568
14.94,42.3014863373365
14.9462575839499,42.3014864999606
14.95,42.3014865972569
14.95925151679,42.3014868378998
14.96,42.3014868573762
14.96850303358,42.3014870787141
14.97,42.3014871176957
14.9777545503699,42.3014873196987
14.98,42.301487378214
14.9870060671599,42.3014875608529
14.99,42.3014876389304
14.9962575839499,42.3014878021769
15,42.3014878998453
15.00925151679,42.301488141408
15.01,42.3014881609589
15.01850303358,42.3014883831424
15.02,42.3014884222728
15.0277545503699,42.3014886250468
15.03,42.3014886837853
15.0370060671599,42.3014888671206
15.04,42.3014889454956
15.0462575839499,42.3014891093639
15.05,42.301489207404
15.05925151679,42.3014894498858
15.06,42.301489469511
15.06850303358,42.3014896925394
15.07,42.3014897318186
15.0777545503699,42.3014899353629
15.08,42.3014899943243
15.0870060671599,42.3014901783554
15.09,42.3014902570277
15.0962575839499,42.3014904215172
15.1,42.3014905199288
15.10925151679,42.3014907633288
15.11,42.3014907830283
15.11850303358,42.3014910069007
15.12,42.3014910463285
15.1277545503699,42.3014912506424
15.13,42.3014913098267
15.1370060671599,42.3014914945529
15.14,42.3014915735221
15.1462575839499,42.3014917386323
15.15,42.301491837415
15.15925151679,42.3014920817323
15.16,42.301492101506
15.16850303358,42.3014923262217
15.17,42.3014923657979
15.1777545503699,42.3014925708806
15.18,42.3014926302875
15.1870060671599,42.301492815708
15.19,42.3014928949739
15.1962575839499,42.301493060704
15.2,42.3014931598575
15.20925151679,42.3014934050911
15.21,42.301493424939
15.21850303358,42.3014936504969
15.22,42.3014936902214
15.2277545503699,42.3014938960721
15.23,42.3014939557013
15.2370060671599,42.3014941418154
15.24,42.3014942213776
15.2462575839499,42.3014943877271
15.25,42.3014944872509
15.25925151679,42.3014947333998
15.26,42.3014947533217
15.26850303358,42.301494979721
15.27,42.3014950195935
15.271278488617,42.3014950536501
15.2723084043224,42.3014950810873
15.2733383200278,42.3014951085267
15.2746644493343,42.3014951438611
15.2759905786407,42.301495179199
15.2773167079471,42.3014952145404
15.2792976329394,42.3014952673385
15.28,42.3014952860608
15.2812785579317,42.3014953201444
15.283259482924,42.3014953729579
15.2852404079163,42.3014954257792
15.2876557355073,42.3014954901941
15.29,42.3014955527247
15.293369411379,42.3014956426189
15.2967388227581,42.3014957325353
15.3,42.3014958195844
15.3087485223764,42.3014960532075
15.31,42.3014960866396
15.3174970447527,42.3014962869801
15.32,42.3014963538893
15.320243330083,42.3014963603946
15.3229896154132,42.3014964338232
15.3251056032478,42.3014964904089
15.33,42.3014966213269
15.3352579513976,42.301496762019
15.34,42.3014968889501
15.3405159027951,42.3014969027618
15.3457738541927,42.3014970435552
15.35,42.3014971567562
15.3552579513976,42.3014972976406
15.36,42.3014974247449
15.3629508292572,42.3014975038586
15.3693333933083,42.3014976750329
15.37,42.3014976929148
15.3757159573595,42.3014978462793
15.38,42.3014979612601
15.3820627892135,42.3014980166349
15.3884096210676,42.3014981870573
15.39,42.3014982297721
15.3979088675767,42.3014984422544
15.4,42.3014984984528
15.4094992465091,42.3014987538318
15.41,42.3014987672984
15.4189984930182,42.3014990093644
15.42,42.301499036314
15.4247914896301,42.3014991652705
15.43,42.3014993054912
15.430584486242,42.3014993212291
15.4363774828539,42.3014994772407
15.44,42.3014995748262
15.4451846457449,42.3014997145297
15.45,42.3014998443197
15.458807162891,42.3015000817961
15.46,42.3015001139693
15.4676143257821,42.301500319396
15.47,42.3015003837774
15.4764214886731,42.3015005571148
15.48,42.3015006537366
15.4827754899458,42.301500728689
15.4891294912184,42.3015009003212
15.49,42.3015009238397
15.4990347299328,42.301501167997
15.5,42.3015011940897
15.5099052387144,42.3015014619179
15.51,42.3015014644808
15.5198104774288,42.3015017298919
15.52,42.3015017350206
15.5297157161432,42.3015019980048
15.53,42.3015020057017
15.5367044112176,42.3015021872508
15.54,42.3015022765129
15.5422485975424,42.301502337425
15.55,42.3015025474544
15.5598540612575,42.301502814576
15.56,42.3015028185331
15.569708122515,42.3015030818326
15.57,42.3015030897507
15.5795621837725,42.3015033492171
15.58,42.3015033610997
15.5869747198606,42.3015035504301
15.59,42.3015036325697
15.5943872559487,42.3015037517084
15.6,42.3015039041604
15.6090722247776,42.3015041506624
15.61,42.3015041758771
15.6181444495552,42.3015043972715
15.62,42.3015044477234
15.6272166743327,42.3015046439821
15.63,42.3015047196913
15.6362888991103,42.3015048907884
15.64,42.3015049917742
15.6453611238879,42.3015051376884
15.65,42.3015052639716
15.6590722247776,42.3015055110159
15.66,42.3015055362857
15.6681444495552,42.3015057581605
15.67,42.301505808721
15.6772166743327,42.3015060053995
15.68,42.3015060812694
15.6862888991103,42.3015062527274
15.69,42.3015063539247
15.6953611238879,42.3015065001425
15.7,42.3015066266865
15.7090722247776,42.301506874236
15.71,42.301506899557
15.7181444495552,42.3015071218793
15.72,42.301507172541
15.7272166743327,42.3015073696106
15.73,42.3015074456302
15.7362888991103,42.3015076174241
15.74,42.3015077188181
15.7453611238879,42.3015078653182
15.75,42.3015079921045
15.7590722247776,42.301508240123
15.76,42.3015082654917
15.7681444495552,42.301508488229
15.77,42.3015085389845
15.7772166743327,42.3015087364165
15.78,42.3015088125748
15.7862888991103,42.3015089846802
15.79,42.3015090862567
15.7953611238879,42.3015092330188
15.8,42.3015093600303
15.8063134692972,42.3015095329243
15.81,42.3015096338981
15.8126269385943,42.3015097058582
15.82,42.3015099078649
15.8225302136915,42.3015099771996
15.83,42.301510181927
15.8324334887886,42.3015102486339
15.84,42.3015104560819
15.8423367638857,42.3015105201588
15.85,42.301510730329
15.8599032750971,42.3015110020154
15.86,42.3015110046694
15.8698065501943,42.3015112737945
15.87,42.3015112791043
15.8797098252914,42.3015115456583
15.88,42.3015115536253
15.8896131003886,42.3015118175987
15.89,42.3015118282243
15.8995163754857,42.3015120896137
15.9,42.3015121028993
15.9099032750971,42.3015123749895
15.91,42.3015123776475
15.9198065501943,42.301512647166
15.92,42.3015126524835
15.9297098252914,42.3015129194203
15.93,42.3015129273987
15.9396131003886,42.3015131917447
15.94,42.3015132023851
15.9495163754857,42.3015134641368
15.95,42.3015134774406
15.9599032750971,42.3015137499008
15.96,42.3015137525623
15.9698065501943,42.3015140224404
15.97,42.3015140277649
15.9797098252914,42.3015142950507
15.98,42.3015143030393
15.9896131003886,42.3015145677238
15.99,42.3015145783777
15.9995163754857,42.3015148404575
16,42.3015148537778
16.0099032750971,42.3015151265714
16.01,42.3015151292362
16.0198065501943,42.3015153994373
16.02,42.3015154047681
16.0297098252914,42.3015156723662
16.03,42.3015156803641
16.0396131003886,42.3015159453499
16.04,42.3015159560158
16.0495163754857,42.3015162183856
16.05,42.3015162317204
16.0599032750971,42.3015165048056
16.06,42.3015165074731
16.0698065501943,42.3015167779521
16.07,42.3015167832882
16.0797098252914,42.3015170511482
16.08,42.3015170591536
16.0896131003886,42.3015173243834
16.09,42.3015173350588
16.0995163754857,42.301517597652
16.1,42.3015176109977
16.1099032750971,42.3015178842912
16.11,42.3015178869606
16.1198065501943,42.3015181576175
16.12,42.3015181629568
16.1297098252914,42.301518430957
16.13,42.301518438966
16.1396131003886,42.3015187042909
16.14,42.3015187149691
16.1495163754857,42.3015189776041
16.15,42.3015189909505
16.1599032750971,42.3015192642215
16.16,42.3015192668904
16.1698065501943,42.3015195374571
16.17,42.301519542794
16.1707742721693,42.3015195641538
16.1717419941444,42.3015195908494
16.1727097161194,42.3015196175442
16.1747513144458,42.3015196738591
16.1776803169969,42.3015197546421
16.18,42.30151981861
16.1806093195481,42.301519835411
16.1835383220992,42.3015199161636
16.1864673246503,42.3015199968986
16.19,42.3015200942486
16.1908724755022,42.3015201182872
16.1968668014282,42.3015202833973
16.2,42.3015203696666
16.2085785210589,42.3015206057501
16.21,42.3015206448529
16.2171570421179,42.3015208416584
16.22,42.3015209197986
16.2257355631768,42.3015210773809
16.23,42.3015211944893
16.2343140842358,42.3015213129144
16.24,42.3015214689241
16.2428926052947,42.3015215482595
16.25,42.3015217431013
16.2585785210589,42.3015219780979
16.26,42.3015220170189
16.2671570421179,42.3015222129023
16.27,42.301522290673
16.2757355631768,42.3015224475056
16.28,42.3015225640535
16.2843140842358,42.30152268191
16.29,42.3015228371681
16.2911181139566,42.301522867689
16.3,42.3015231100213
16.31,42.3015233826159
16.31,42.3015233826159
16.32,42.3015236549513
16.32,42.3015236549513
16.33,42.3015239270326
16.33,42.3015239270326
16.34,42.3015241988663
16.34,42.3015241988663
16.35,42.301524470454
16.36,42.3015247417949
16.36,42.3015247417949
16.37,42.3015250128878
16.37,42.3015250128878
16.38,42.3015252837382
16.38,42.3015252837382
16.39,42.3015255543533
16.39,42.3015255543533
16.4,42.3015258247362
16.41,42.3015260948871
16.42,42.3015263648075
16.43,42.3015266345045
16.43,42.3015266345045
16.44,42.3015269039863
16.44,42.3015269039863
16.45,42.3015271732564
16.46,42.3015274423161
16.47,42.3015277111674
16.47,42.3015277111674
16.48,42.3015279798179
16.48,42.3015279798179
16.49,42.301528248276
16.49,42.301528248276
16.5,42.3015285165458
16.51,42.3015287846294
16.52,42.3015290525296
16.5279655344917,42.3015292658002
16.53,42.301529320254
16.5359310689834,42.3015294789642
16.54,42.3015295878096
16.5459310689834,42.3015297464177
16.55,42.3015298551928
16.56,42.3015301224056
16.56,42.3015301224056
16.5659721132934,42.3015302819138
16.57,42.3015303894634
16.5719442265868,42.3015304413682
16.5737358605749,42.3015304891939
16.5755274945629,42.3015305370148
16.5769425048986,42.3015305747801
16.5783575152344,42.3015306125425
16.5797725255701,42.3015306503022
16.58,42.3015306563721
16.5811875359058,42.3015306880592
16.582606086376,42.3015307259077
16.5840246368461,42.3015307637533
16.5854431873162,42.3015308015962
16.5872666783673,42.3015308502377
16.5890901694184,42.3015308988749
16.59,42.3015309231406
16.5907246480075,42.3015309424667
16.5923591265967,42.3015309860549
16.5939936051859,42.3015310296395
16.595975664807,42.3015310824878
16.5979577244282,42.3015311353309
16.6,42.3015311897741
16.6020329038084,42.301531243962
16.6054492258228,42.3015313350136
16.6079288338378,42.3015314010904
16.61,42.3015314562771
16.6104084418528,42.3015314671595
16.6137443422269,42.301531556032
16.6163247319115,42.301531624767
16.618905121596,42.3015316934938
16.62,42.3015317226526
16.622016028476,42.3015317763395
16.6251269353559,42.3015318591724
16.628917457685,42.3015319600847
16.63,42.3015319889012
16.6344596307558,42.3015321075987
16.64,42.3015322550246
16.6400018038267,42.3015322550726
16.6455439768976,42.3015324025085
16.65,42.3015325210241
16.6555421730709,42.301532668396
16.66,42.3015327869086
16.6632543908757,42.3015328734131
16.67,42.3015330526763
16.6732543908757,42.3015331391417
16.68,42.3015333183238
16.6832543908757,42.3015334047504
16.69,42.3015335838527
16.6932543908757,42.3015336702411
16.7,42.3015338492648
16.71,42.3015341145641
16.72,42.3015343797571
16.72,42.3015343797571
16.73,42.301534644845
16.73,42.301534644845
16.74,42.3015349098277
16.74,42.3015349098277
16.743,42.3015349893019
16.746,42.3015350687663
16.7481071140337,42.3015351245741
16.75,42.3015351747042
16.7521071140337,42.301535230504
16.7537056444856,42.3015352728331
16.7553041749374,42.3015353151598
16.7574161023231,42.3015353710769
16.76,42.3015354394845
16.7608995856406,42.3015354632993
16.7633740322827,42.3015355288013
16.7658484789248,42.3015355942978
16.7683229255669,42.3015356597889
16.77,42.3015357041729
16.7715010825048,42.301535743897
16.7746792394427,42.3015358279953
16.775909813529,42.3015358605553
16.7771403876154,42.3015358931139
16.7783709617018,42.3015359256712
16.7796015357881,42.3015359582272
16.78,42.3015359687687
16.7808321098745,42.3015359907821
16.7817828710793,42.3015360159337
16.7832520534708,42.3015360547983
16.7847212358624,42.3015360936615
16.7861904182539,42.3015361325232
16.7876596006455,42.3015361713834
16.7897054688786,42.3015362254947
16.79,42.3015362332846
16.791267114198,42.3015362667971
16.7928287595175,42.3015363080977
16.794390404837,42.3015363493969
16.7959520501565,42.3015363906947
16.797513695476,42.3015364319913
16.7990753407955,42.3015364732866
16.8,42.3015364977372
16.8014158585477,42.3015365351759
16.8028317170955,42.3015365726137
16.8039498246565,42.3015366021778
16.8050679322175,42.3015366317414
16.8059582107611,42.3015366552807
16.8068484893048,42.3015366788197
16.8079380779746,42.301536707628
16.809322328918,42.3015367442264
16.81,42.3015367621432
16.8110042746883,42.3015367886947
16.813046429711,42.3015368426848
16.8150885847337,42.3015368966734
16.8184232691519,42.3015369848298
16.82,42.3015370265114
16.82175795357,42.3015370729828
16.8250926379882,42.3015371611318
16.8284273224063,42.3015372492772
16.83,42.3015372908466
16.8330233531178,42.3015373707588
16.8376193838294,42.3015374922326
16.84,42.3015375551498
16.8434710167962,42.3015376468825
16.85,42.3015378194193
16.8558375159811,42.301537973671
16.86,42.3015380836553
16.8616750319622,42.3015381279128
16.8675125479432,42.3015382821422
16.87,42.3015383478579
16.8716325722275,42.3015383909875
16.8748869533694,42.3015384769587
16.8781413345113,42.3015385629256
16.88,42.301538612022
16.8813957156532,42.3015386488888
16.8846500967951,42.3015387348473
16.8898078565918,42.3015388710714
16.89,42.301538876146
16.8949656163885,42.3015390072856
16.9,42.3015391402276
16.9017546271016,42.3015391865587
16.9035092542032,42.3015392328886
16.9052825412082,42.3015392797101
16.9070558282133,42.3015393265305
16.9088291152184,42.3015393733497
16.91,42.3015394042634
16.9111373862639,42.3015394342922
16.9134456573093,42.3015394952323
16.9166713387224,42.3015395803893
16.9198970201355,42.3015396655428
16.92,42.3015396682612
16.9231227015485,42.3015397506927
16.9276736081248,42.3015398708168
16.93,42.3015399322201
16.932224514701,42.3015399909328
16.9367754212772,42.3015401110405
16.94,42.3015401961393
16.942954320127,42.3015402741031
16.95,42.3015404600238
16.958751906008,42.3015406909473
16.96,42.3015407238774
16.967503812016,42.3015409218528
16.97,42.3015409877056
16.976255718024,42.3015411527293
16.98,42.3015412514933
16.985007624032,42.3015413835734
16.99,42.3015415152412
16.9937595300401,42.3015416143893
17,42.3015417789553
17.0014198002295,42.3015418163949
17.0028396004591,42.3015418538342
17.0042594006886,42.301541891273
17.0056792009181,42.3015419287113
17.0070990011477,42.3015419661493
17.008886990174,42.3015420132956
17.01,42.3015420426436
17.0106749792003,42.3015420604414
17.0124629682265,42.3015421075865
17.0142509572528,42.3015421547309
17.0160389462791,42.3015422018748
17.0178269353054,42.3015422490182
17.0196149243317,42.3015422961613
17.02,42.3015423063143
17.021402913358,42.3015423433039
17.0231909023843,42.3015423904455
17.0249788914106,42.3015424375864
17.0267668804369,42.3015424847269
17.0290434725526,42.3015425447489
17.03,42.3015425699674
17.0313200646684,42.3015426047702
17.0335966567841,42.3015426647903
17.0358732488999,42.3015427248095
17.0381498410156,42.3015427848282
17.04,42.3015428336042
17.0404264331314,42.3015428448462
17.0427030252472,42.3015429048636
17.0456734093714,42.3015429831703
17.0486437934957,42.3015430614763
17.05,42.3015430972287
17.0553741411646,42.3015432389006
17.06,42.3015433608448
17.0607482823292,42.3015433805704
17.0661224234938,42.3015435222377
17.07,42.3015436244529
17.0714965646584,42.301543663903
17.076870705823,42.3015438055653
17.08,42.3015438880525
17.0822448469876,42.3015439472257
17.0890762672282,42.3015441272951
17.09,42.3015441516435
17.0977747734683,42.3015443565755
17.1,42.3015444152272
17.1086985062401,42.3015446444864
17.11,42.3015446787888
17.1155004841412,42.3015448237607
17.12,42.3015449423471
17.1223024620423,42.3015450030281
17.1291044399434,42.3015451822893
17.13,42.301545205891
17.1359064178445,42.30154536155
17.14,42.30154546943
17.1427083957456,42.3015455408041
17.1495103736467,42.3015457200519
17.15,42.3015457329546
17.1568019779011,42.3015459122027
17.16,42.3015459964788
17.166759382993,42.301546174608
17.17,42.3015462600053
17.1732197782435,42.3015463448519
17.179680173494,42.3015465150896
17.18,42.3015465235174
17.189680173494,42.3015467786019
17.19,42.3015467870296
17.199680173494,42.301547042103
17.2,42.30154705053
17.2012711769901,42.3015470840212
17.2025423539801,42.3015471175125
17.2038135309702,42.301547151004
17.2057214360627,42.3015472012716
17.2072375028773,42.3015472412157
17.209561341181,42.3015473024428
17.21,42.3015473140003
17.2112178218756,42.301547346087
17.2133750979577,42.3015474029259
17.2155323740397,42.301547459765
17.2176896501218,42.3015475166047
17.2198469262039,42.3015475734448
17.22,42.301547577478
17.2226350903303,42.3015476469084
17.2254232544567,42.3015477203713
17.2292303488485,42.3015478206816
17.23,42.3015478409607
17.2330374432404,42.3015479209935
17.2368445376323,42.3015480213048
17.24,42.3015481044469
17.2419337244926,42.3015481553985
17.2493481663017,42.3015483507626
17.25,42.3015483679381
17.256804607448,42.3015485472391
17.26,42.3015486314396
17.2636092148961,42.3015487265463
17.27,42.3015488949505
17.2704138223441,42.3015489058552
17.2786229864476,42.3015491221805
17.28,42.3015491584681
17.286832150551,42.3015493385154
17.29,42.3015494219972
17.296832150551,42.3015496020441
17.3,42.3015496855243
17.31,42.3015499490458
17.31,42.3015499490458
17.32,42.301550212584
17.32,42.301550212584
17.33,42.3015504761392
17.33,42.3015504761392
17.34,42.3015507397119
17.34,42.3015507397119
17.35,42.3015510033026
17.3512709643431,42.3015510368054
17.3525419286862,42.3015510703083
17.3538128930293,42.3015511038116
17.3548192295657,42.3015511303392
17.355825566102,42.301551156867
17.3568319026384,42.3015511833951
17.3583881356398,42.3015512244194
17.3599443686412,42.3015512654443
17.36,42.3015512669108
17.3615006016426,42.3015513064696
17.363056834644,42.3015513474948
17.3646130676454,42.3015513885202
17.3661693006468,42.3015514295462
17.3677255336482,42.3015514705727
17.3692817666496,42.3015515115996
17.37,42.3015515305345
17.370837999651,42.301551552627
17.3723942326524,42.3015515936546
17.3739504656538,42.3015516346826
17.3758522391232,42.301551684821
17.3777540125925,42.3015517349601
17.3796557860618,42.3015517850999
17.38,42.3015517941751
17.3815575595311,42.3015518352405
17.3834593330005,42.3015518853813
17.3853611064698,42.3015519355226
17.3872628799391,42.3015519856646
17.3895768578701,42.3015520466758
17.39,42.3015520578327
17.391890835801,42.3015521076882
17.394204813732,42.301552168701
17.396518791663,42.3015522297145
17.3988327695939,42.3015522907291
17.4,42.301552321507
17.4030501395112,42.3015524019354
17.4061002790224,42.3015524823658
17.4091504185337,42.3015525627985
17.41,42.3015525852025
17.4122005580449,42.3015526432333
17.4152506975561,42.3015527236691
17.4183008370673,42.3015528041065
17.42,42.3015528489172
17.4223588372362,42.3015529111263
17.427397058354,42.3015530440003
17.43,42.3015531126501
17.4324352794718,42.3015531768794
17.4374735005897,42.3015533097625
17.44,42.3015533764007
17.4425117217075,42.3015534426506
17.4487635648189,42.3015536075552
17.45,42.3015536401694
17.46,42.30155390396
17.4672078520117,42.3015540941121
17.47,42.301554167776
17.4744157040234,42.3015542842774
17.48,42.3015544316135
17.481623556035,42.3015544744502
17.49,42.3015546954662
17.4903703068859,42.3015547052372
17.4991170577368,42.3015549360419
17.5,42.3015549593416
17.5087467508509,42.3015551901677
17.51,42.3015552232425
17.5151065158629,42.301555358014
17.52,42.3015554871657
17.5214662808749,42.3015555258651
17.5278260458869,42.3015556937222
17.53,42.3015557511029
17.5341858108989,42.3015558615891
17.54,42.3015560150613
17.5429202243928,42.3015560921462
17.55,42.3015562790357
17.558734413494,42.3015565096192
17.56,42.3015565430316
17.5674688269879,42.301556740223
17.57,42.3015568070522
17.5762032404819,42.3015569708362
17.58,42.3015570710826
17.5849376539758,42.3015572014551
17.59,42.301557335122
17.5936720674698,42.3015574320825
17.6,42.3015575991749
17.608734413494,42.3015578298259
17.61,42.3015578632482
17.6174688269879,42.3015580604976
17.62,42.3015581273467
17.6262032404819,42.3015582911795
17.63,42.301558391456
17.6349376539758,42.3015585218679
17.64,42.3015586555754
17.6436720674698,42.3015587525655
17.65,42.3015589197092
17.658734413494,42.3015591504311
17.66,42.3015591838637
17.6674688269879,42.3015593811739
17.67,42.3015594480437
17.6762032404819,42.3015596119274
17.68,42.3015597122352
17.6849376539758,42.3015598426879
17.69,42.3015599764375
17.6936720674698,42.3015600734581
17.7,42.3015602406545
17.7017220154856,42.3015602861547
17.7034440309713,42.3015603316558
17.7056502222103,42.3015603899514
17.7073945953689,42.3015604360451
17.7095269215681,42.3015604923914
17.71,42.3015605048925
17.7116592477674,42.3015605487389
17.7137915739666,42.3015606050872
17.7159239001659,42.3015606614365
17.7180562263651,42.3015607177871
17.72,42.301560769156
17.7201885525644,42.301560774139
17.7223208787636,42.3015608304921
17.7244532049629,42.3015608868465
17.7272518567443,42.3015609608128
17.73,42.3015610334464
17.7300505085258,42.3015610347813
17.7328491603072,42.3015611087521
17.7365966731655,42.3015612078054
17.74,42.3015612977648
17.7403441860239,42.3015613068627
17.7440916988823,42.3015614059238
17.7478392117406,42.3015615049887
17.75,42.3015615621106
17.7566181237424,42.3015617370734
17.76,42.3015618264845
17.7632362474848,42.3015619120486
17.7698543712272,42.3015620870334
17.77,42.301562090884
17.7764724949696,42.3015622620291
17.78,42.3015623553058
17.783090618712,42.3015624370315
17.79,42.3015626197434
17.7923963439643,42.301562683115
17.8,42.3015628842028
17.8093057252523,42.3015631303242
17.81,42.3015631486876
17.8186114505046,42.30156337647
17.82,42.3015634131998
17.8279171757569,42.30156362263
17.83,42.3015636777269
17.8372229010091,42.3015638687996
17.84,42.3015639422655
17.8465286262614,42.3015641149801
17.85,42.3015642068171
17.8593057252523,42.3015644530145
17.86,42.3015644713836
17.8686114505046,42.3015646992358
17.87,42.3015647359769
17.8779171757569,42.3015649454712
17.88,42.301565000585
17.8872229010091,42.3015651917163
17.89,42.3015652652047
17.8965286262614,42.3015654379722
17.9,42.3015655298373
17.9093057252523,42.30156577611
17.91,42.3015657944847
17.9186114505046,42.3015660224057
17.92,42.3015660591578
17.9279171757569,42.3015662687151
17.93,42.3015663238455
17.9372229010091,42.3015665150341
17.94,42.3015665885446
17.9465286262614,42.3015667613638
17.95,42.3015668532563
17.9593057252523,42.3015670996023
17.96,42.3015671179824
17.9686114505046,42.3015673459704
17.97,42.3015673827333
17.9779171757569,42.3015675923518
17.98,42.3015676474983
17.9872229010091,42.3015678387426
17.99,42.3015679122745
17.9965286262614,42.3015680851439
18,42.3015681770631
18.0093057252523,42.3015684234802
18.01,42.3015684418655
18.0186114505046,42.3015686699182
18.02,42.3015687066915
18.0279171757569,42.3015689163689
18.03,42.3015689715309
18.0372229010091,42.3015691628287
18.04,42.3015692363811
18.0465286262614,42.3015694092985
18.05,42.3015695012431
18.0593057252523,42.3015697477282
18.06,42.3015697661186
18.0686114505046,42.3015699942331
18.07,42.3015700310163
18.0779171757569,42.3015702407504
18.08,42.3015702959273
18.0872229010091,42.3015704872766
18.09,42.3015705608488
18.0965286262614,42.3015707338127
18.1,42.301570825782
18.1093057252523,42.3015710723329
18.11,42.3015710907281
18.1186114505046,42.3015713189027
18.12,42.3015713556956
18.1279171757569,42.3015715654845
18.13,42.3015716206759
18.1372229010091,42.3015718120753
18.14,42.3015718856667
18.1465286262614,42.3015720586757
18.15,42.301572150669
18.1593057252523,42.301572397284
18.16,42.301572415684
18.1686114505046,42.3015726439171
18.17,42.3015726807194
18.1779171757569,42.301572890562
18.18,42.3015729457675
18.1872229010091,42.3015731372159
18.19,42.3015732108262
18.1965286262614,42.3015733838796
18.2,42.3015734758966
18.2027917175757,42.3015735498982
18.2055834351514,42.3015736239015
18.21,42.3015737409797
18.2102228301554,42.3015737468868
18.2168320866059,42.3015739220985
18.22,42.3015740060831
18.2264848350207,42.3015741780089
18.23,42.3015742712054
18.2361375834355,42.3015744339338
18.24,42.301574536342
18.2457903318503,42.3015746898712
18.25,42.301574801492
18.2528958245244,42.301574878277
18.2557916490489,42.3015749550636
18.2599770697963,42.3015750660485
18.26,42.3015750666566
18.2654567473573,42.3015752113585
18.27,42.3015753318397
18.2728884242542,42.3015754084386
18.28,42.3015755970378
18.2828884242542,42.3015756736415
18.29,42.3015758622526
18.2928884242543,42.3015759388611
18.3,42.301576127484
18.303,42.3015762070567
18.306,42.3015762866309
18.31,42.3015763927326
18.3101898576281,42.3015763977687
18.3155433515563,42.3015765397771
18.32,42.3015766579993
18.3226855471829,42.301576729241
18.33,42.3015769232831
18.3326855471829,42.3015769945291
18.34,42.3015771885824
18.3426855471829,42.3015772598324
18.35,42.3015774538967
18.3509,42.3015774777757
18.3518,42.3015775016548
18.3546010305019,42.3015775759736
18.3582413869642,42.3015776725637
18.36,42.3015777192261
18.3634300439699,42.3015778102388
18.37,42.3015779845704
18.37114340195,42.3015780149108
18.38,42.3015782499284
18.38114340195,42.3015782802704
18.39,42.3015785153004
18.39114340195,42.3015785456439
18.4,42.3015787806855
18.4009,42.3015788045708
18.4018,42.3015788284562
18.4045030905895,42.301578900195
18.4081166021417,42.3015789960975
18.41,42.3015790460835
18.4134247931105,42.3015791369798
18.42,42.3015793114936
18.4213958041443,42.3015793485406
18.43,42.3015795769148
18.4313958041443,42.3015796139633
18.44,42.3015798423469
18.4413958041443,42.3015798793969
18.45,42.3015801077895
18.4509,42.3015801316798
18.4518,42.3015801555702
18.4548315502549,42.3015802360429
18.4585034566884,42.3015803335152
18.46,42.301580373242
18.4634104767029,42.3015804637762
18.47,42.3015806387041
18.4704658440709,42.3015806510707
18.48,42.3015809041749
18.4801864957834,42.3015809091259
18.4899071474959,42.3015811671896
18.49,42.3015811696546
18.4996277992084,42.301581425261
18.5,42.3015814351426
18.5008748586541,42.3015814583693
18.5017497173083,42.301581481596
18.5047234838136,42.3015815605473
18.5083632578725,42.3015816571817
18.51,42.3015817006367
18.5133458401354,42.3015817894686
18.52,42.3015819661383
18.5206181360925,42.3015819825501
18.53,42.3015822316467
18.5305735988086,42.3015822468764
18.54,42.3015824971618
18.5405290615246,42.3015825112094
18.55,42.3015827626831
18.5529866388148,42.3015828419858
18.5559732776296,42.301582921289
18.55989078986,42.3015830253101
18.56,42.30158302821
18.5647458066042,42.3015831542258
18.57,42.301583293742
18.5711062913617,42.3015833231179
18.5799372192273,42.3015835576117
18.58,42.3015835592788
18.5887681470928,42.3015837921089
18.59,42.3015838248198
18.5975990749584,42.301584026609
18.6,42.3015840903646
18.6026492783597,42.3015841607152
18.6052985567193,42.3015842310662
18.6093731253551,42.3015843392658
18.61,42.3015843559124
18.6150107542003,42.301584488973
18.62,42.3015846214631
18.6228754871018,42.3015846978223
18.63,42.3015848870162
18.6328754871018,42.3015849633761
18.64,42.3015851525713
18.6428754871018,42.3015852289315
18.65,42.3015854181276
18.653,42.3015854977946
18.656,42.3015855774617
18.6597208006228,42.3015856762703
18.66,42.3015856836846
18.6642062498791,42.3015857953847
18.67,42.3015859492422
18.6700323905062,42.3015859501023
18.6779343830437,42.3015861599459
18.68,42.3015862147999
18.6879343830437,42.3015864255033
18.69,42.3015864803573
18.6979343830437,42.3015866910606
18.7,42.3015867459145
18.7009,42.3015867698147
18.7018,42.3015867937149
18.7039696011886,42.3015868513302
18.7061392023772,42.3015869089456
18.7096537932866,42.3015870022781
18.71,42.3015870114719
18.7131683841961,42.3015870956107
18.7166829751056,42.3015871889434
18.72,42.3015872770297
18.7210399615084,42.3015873046467
18.7267661180304,42.3015874567096
18.73,42.3015875425881
18.7344662876236,42.3015876611943
18.74,42.3015878081472
18.7444662876236,42.3015879267539
18.75,42.3015880737076
18.7509,42.3015880976081
18.7518,42.3015881215086
18.7527,42.3015881454092
18.7539549286699,42.3015881787356
18.7552098573397,42.3015882120621
18.7564647860096,42.3015882453888
18.7580524205797,42.3015882875511
18.7592147293698,42.3015883184182
18.76,42.3015883392725
18.7603770381599,42.3015883492855
18.7618379640501,42.3015883880832
18.7632988899403,42.3015884268812
18.7647598158305,42.3015884656792
18.7662207417206,42.3015885044774
18.7676816676108,42.3015885432757
18.769142593501,42.3015885820741
18.77,42.3015886048447
18.7714609258902,42.3015886436434
18.7725837453446,42.3015886734627
18.7740441158965,42.3015887122465
18.7755044864483,42.3015887510301
18.7769648570002,42.3015887898136
18.7784252275521,42.301588828597
18.78,42.3015888704183
18.7802443944296,42.3015888769086
18.7820635613071,42.3015889252198
18.7838827281847,42.3015889735306
18.7857018950622,42.3015890218407
18.7870993068766,42.3015890589503
18.788496718691,42.3015890960594
18.7898941305055,42.3015891331681
18.79,42.3015891359794
18.7923408707313,42.3015891981408
18.7947876109571,42.301589263112
18.7981442187758,42.3015893522409
18.8,42.3015894015164
18.8047455331031,42.3015895275158
18.8061092018944,42.3015895637212
18.8074728706858,42.3015895999258
18.8091296300057,42.3015896439105
18.81,42.3015896670171
18.8104332777091,42.3015896785197
18.8117369254126,42.3015897131279
18.8130990855139,42.3015897492886
18.8144612456152,42.3015897854484
18.8158234057165,42.3015898216071
18.8171855658178,42.3015898577647
18.8182338311926,42.3015898855896
18.8195477506337,42.301589920465
18.82,42.3015899324689
18.8212836899052,42.3015899665409
18.8225673798104,42.3015900006119
18.8238510697156,42.3015900346822
18.8251347596208,42.3015900687516
18.826418449526,42.3015901028201
18.8277702162287,42.3015901386946
18.8291219829314,42.301590174568
18.83,42.3015901978685
18.8304737496341,42.3015902104405
18.8314818725395,42.301590237193
18.8324899954449,42.3015902639449
18.8334981183503,42.3015902906962
18.8347231605716,42.3015903232029
18.8359482027928,42.3015903557089
18.8371732450141,42.301590388214
18.8385206920759,42.3015904239661
18.8398681391377,42.3015904597171
18.84,42.3015904632157
18.8412155861994,42.3015904954672
18.8437087986835,42.3015905616141
18.8455820307231,42.3015906113103
18.848089869252,42.3015906778398
18.85,42.3015907285109
18.8509755112024,42.3015907543882
18.8519510224048,42.301590780265
18.8529265336072,42.3015908061414
18.8539020448096,42.3015908320173
18.8548775560119,42.3015908578928
18.8558530672143,42.301590883768
18.8570492107407,42.3015909154948
18.8582453542672,42.3015909472212
18.8594414977936,42.3015909789471
18.86,42.3015909937603
18.8610496117243,42.301591021599
18.8623294081354,42.3015910555423
18.8638858130772,42.3015910968214
18.8654422180191,42.3015911380999
18.8662399768414,42.3015911592575
18.8670377356638,42.301591180415
18.8678354944861,42.3015912015723
18.8689088589511,42.3015912300387
18.869982223416,42.3015912585048
18.87,42.3015912589763
18.871055587881,42.3015912869706
18.872128952346,42.3015913154361
18.8738512790336,42.3015913611111
18.8755736057213,42.301591406785
18.877295932409,42.301591452458
18.8790182590966,42.30159149813
18.88,42.3015915241629
18.8807405857843,42.3015915438008
18.882462912472,42.3015915894706
18.8841852391596,42.3015916351394
18.8859075658473,42.3015916808071
18.887629892535,42.3015917264738
18.8897883381196,42.3015917837023
18.89,42.3015917893142
18.8919467837042,42.3015918409292
18.8941052292888,42.3015918981543
18.8974403000941,42.3015919865707
18.9,42.3015920544281
18.9010005212416,42.3015920809511
18.9020010424832,42.3015921074736
18.9034809339246,42.3015921467027
18.9049608253661,42.3015921859308
18.9064407168076,42.3015922251579
18.907920608249,42.301592264384
18.9094004996905,42.301592303609
18.91,42.3015923194986
18.9112399025115,42.3015923523613
18.9126711565164,42.3015923902947
18.9144979643461,42.30159243871
18.9163247721758,42.3015924871235
18.9181515800055,42.3015925355351
18.9199783878352,42.3015925839451
18.92,42.3015925845178
18.9218051956649,42.3015926323535
18.9236320034946,42.3015926807605
18.9254588113243,42.301592729166
18.9265749871303,42.301592758741
18.9276911629362,42.3015927883155
18.9288073387422,42.3015928178894
18.93,42.3015928494894
18.9302909284075,42.3015928571975
18.9314193987353,42.301592887096
18.9326728699123,42.3015929203058
18.9339263410892,42.3015929535149
18.9351798122662,42.3015929867232
18.9365157277967,42.3015930221151
18.9378516433272,42.3015930575061
18.9391875588577,42.3015930928964
18.94,42.3015931144187
18.9406505469838,42.3015931316521
18.9421135351099,42.3015931704069
18.943576523236,42.3015932091608
18.9455319352112,42.3015932609573
18.9474873471863,42.3015933127523
18.95,42.3015933793054
18.9519032873709,42.3015934297164
18.9538065747418,42.3015934801262
18.9557098621126,42.3015935305347
18.9576131494835,42.301593580942
18.9595164368544,42.3015936313483
18.96,42.3015936441547
18.96200231252,42.3015936971823
18.9644881881856,42.3015937630147
18.9669740638512,42.3015938288458
18.9686981892296,42.3015938745036
18.97,42.3015939089774
18.9704223146081,42.3015939201608
18.9717705415347,42.3015939558635
18.9734395496312,42.3015940000605
18.9751085577277,42.3015940442572
18.9777787142345,42.3015941149647
18.98,42.3015941737854
18.9804488707412,42.3015941856717
18.9839598765695,42.3015942786447
18.9888322997122,42.3015944076689
18.99,42.3015944385903
18.9947113635589,42.3015945633512
19,42.3015947034015
19.0028868609947,42.301594779851
19.0057737219895,42.3015948563018
19.0086605829842,42.3015949327539
19.01,42.3015949682258
19.0115474439789,42.3015950092072
19.0144343049736,42.3015950856621
19.0173211659684,42.3015951621183
19.02,42.3015952330664
19.0202080269631,42.3015952385759
19.0230948879578,42.301595315035
19.0278593457815,42.3015954412257
19.03,42.3015954979239
19.0341000802822,42.3015956065222
19.04,42.3015957627971
19.0428799602526,42.3015958390821
19.05,42.3015960276838
19.0587798799704,42.3015962602599
19.06,42.301596292581
19.0675597599409,42.3015964928416
19.07,42.3015965574853
19.0763396399113,42.3015967254281
19.08,42.3015968223953
19.0851195198817,42.3015969580181
19.09,42.3015970873092
19.0938993998522,42.3015971906103
19.1,42.3015973522253
19.1087798799704,42.301597584819
19.11,42.301597617142
19.1175597599409,42.3015978174124
19.12,42.3015978820584
19.1263396399113,42.3015980500061
19.13,42.3015981469753
19.1351195198817,42.3015982826003
19.14,42.3015984118927
19.1438993998522,42.3015985151946
19.15,42.3015986768103
19.1526339639911,42.3015987465886
19.1552679279823,42.3015988163668
19.1579018919734,42.301598886145
19.16,42.3015989417274
19.1618554674844,42.3015989908818
19.1673303477642,42.3015991359203
19.17,42.3015992066437
19.1739498290716,42.3015993112809
19.18,42.3015994715594
19.1820882010493,42.301599526879
19.19,42.3015997364745
19.1920882010493,42.3015997917939
19.2,42.3016000013883
19.203,42.3016000808621
19.206,42.3016001603358
19.21,42.3016002663004
19.2100193067791,42.3016002668119
19.214947654353,42.301600397369
19.22,42.3016005312104
19.2212134060338,42.3016005633546
19.2297327939958,42.3016007890398
19.23,42.3016007961182
19.2382521819578,42.3016010147229
19.24,42.3016010610235
19.2467715699198,42.3016012404057
19.25,42.3016013259285
19.258519387962,42.3016015516113
19.26,42.3016015908333
19.267038775924,42.3016017772919
19.27,42.3016018557353
19.275558163886,42.3016020029719
19.28,42.301602120637
19.284077551848,42.301602228652
19.29,42.3016023855386
19.29259693981,42.3016024543318
19.3,42.3016026504394
19.3025558163886,42.3016027181429
19.3051116327772,42.3016027858464
19.31,42.3016029153386
19.3102538271555,42.3016029220625
19.317825391489,42.3016031226318
19.32,42.3016031802367
19.327825391489,42.3016033875295
19.33,42.3016034451346
19.337825391489,42.3016036524298
19.34,42.301603710036
19.347825391489,42.3016039173352
19.35,42.3016039749426
19.353,42.3016040544163
19.356,42.3016041338901
19.36,42.3016042398553
19.3607369514268,42.3016042593781
19.366994955344,42.301604425161
19.37,42.3016045047688
19.3754610602222,42.3016046494397
19.38,42.3016047696831
19.3839271651004,42.30160487372
19.39,42.3016050345998
19.3923932699786,42.3016050980018
19.4,42.3016052995177
19.4025398314635,42.3016053668023
19.4050796629269,42.3016054340869
19.4083731602453,42.3016055213373
19.41,42.3016055644351
19.4126203855192,42.3016056338536
19.4183448459687,42.3016057855051
19.42,42.3016058293532
19.4262370085642,42.3016059945835
19.43,42.301606094273
19.4362370085642,42.3016062595057
19.44,42.3016063591971
19.4462370085642,42.301606524433
19.45,42.3016066241265
19.4509,42.3016066479705
19.4518,42.3016066718146
19.4547653682742,42.3016067503775
19.4577307365484,42.3016068289406
19.46,42.3016068890616
19.4640518397103,42.3016069964099
19.47,42.3016071540003
19.4736630078305,42.3016072510489
19.48,42.3016074189448
19.4832741759507,42.3016075056935
19.49,42.3016076838953
19.4928853440709,42.3016077603437
19.5,42.3016079488521
19.5028833504361,42.3016080252495
19.5057667008721,42.3016081016474
19.51,42.3016082138144
19.5131864605431,42.3016082982447
19.52,42.3016084787822
19.5231864605432,42.3016085632145
19.53,42.3016087437565
19.5331864605432,42.3016088281908
19.54,42.301609008737
19.5431864605432,42.3016090931732
19.55,42.3016092737233
19.5509,42.3016092975723
19.5518,42.3016093214214
19.5545456803312,42.3016093941793
19.5588183566903,42.3016095074014
19.56,42.301609538714
19.56499511544,42.3016096710808
19.57,42.3016098037076
19.5734955541772,42.3016098963384
19.58,42.3016100687046
19.5819959929145,42.3016101215979
19.59,42.3016103337006
19.5904964316517,42.3016103468557
19.598996870389,42.3016105721051
19.6,42.3016105986858
19.6025501316212,42.3016106662572
19.6051002632423,42.3016107338268
19.6076503948635,42.3016108013942
19.61,42.3016108636464
19.6111289034585,42.3016108935557
19.61646740428,42.3016110349869
19.62,42.3016111285673
19.623189300702,42.3016112130477
19.629911197124,42.3016113910831
19.63,42.301611393435
19.6351647735624,42.3016115302091
19.64,42.3016116582408
19.6404183500008,42.3016116693176
19.6457286687022,42.3016118099102
19.65,42.3016119229816
19.6553103187014,42.3016120635407
19.66,42.3016121876575
19.6641000505824,42.3016122961585
19.67,42.3016124522751
19.6728897824634,42.3016125287343
19.68,42.301612716843
19.6816795143443,42.301612761273
19.69,42.3016129813662
19.6904692462253,42.3016129937777
19.6992589781063,42.3016132262489
19.7,42.3016132458459
19.7026369195643,42.3016133155796
19.7052738391286,42.30161338531
19.7086094672037,42.3016134735122
19.71,42.3016135102796
19.7130187378646,42.3016135900953
19.7193632974431,42.3016137578307
19.72,42.3016137746625
19.7279892273011,42.3016139858433
19.73,42.3016140389887
19.7366151571591,42.3016142138118
19.74,42.3016143032551
19.7452410870171,42.3016144417339
19.75,42.301614567457
19.7507763336872,42.3016145879651
19.7515526673744,42.3016146084727
19.7531275980572,42.3016146500748
19.7550336864743,42.3016147004219
19.7569397748913,42.3016147507664
19.7588458633084,42.3016148011082
19.76,42.3016148315888
19.7611377441249,42.3016148616355
19.7634296249414,42.301614922159
19.7679690394173,42.3016150420233
19.77,42.3016150956463
19.7734909703565,42.3016151878102
19.78,42.3016153596295
19.780495369912,42.3016153727045
19.7896121335791,42.301615613305
19.79,42.3016156235398
19.7987288972461,42.3016158538445
19.8,42.3016158873772
19.8027350291001,42.3016159595267
19.8054700582002,42.301616031671
19.8074497000943,42.3016160838865
19.81,42.3016161511498
19.8107890872728,42.3016161719609
19.8130638534419,42.3016162319522
19.815338619611,42.3016162919401
19.8186502946975,42.3016163792661
19.8196186744623,42.3016164048
19.82,42.3016164148545
19.820930165122,42.30161643938
19.821860330244,42.3016164639049
19.8227904953661,42.3016164884292
19.8237206604881,42.3016165129529
19.8250874424847,42.3016165489868
19.8264542244814,42.3016165850193
19.827821006478,42.3016166210504
19.8295472756847,42.3016166665564
19.83,42.3016166784903
19.8312735448915,42.3016167120602
19.8329998140982,42.3016167575618
19.8347260833049,42.3016168030613
19.8364523525116,42.3016168485585
19.8381786217183,42.3016168940534
19.84,42.3016169420525
19.8402638499486,42.3016169490055
19.8423490781789,42.3016170039544
19.8444343064092,42.3016170589
19.8476172913512,42.3016171427651
19.85,42.3016172055396
19.8509548954826,42.301617230696
19.8519097909652,42.3016172558517
19.8528646864477,42.3016172810067
19.8541227935896,42.3016173141483
19.8553809007314,42.3016173472887
19.8566390078732,42.301617380428
19.8579755770268,42.3016174156328
19.8593121461804,42.3016174508362
19.86,42.3016174689529
19.860648715334,42.3016174860384
19.8619852844876,42.3016175212393
19.8633218536412,42.301617556439
19.8649293672942,42.3016175987724
19.8665368809471,42.3016176411041
19.8675777538575,42.3016176685131
19.8686186267678,42.3016176959214
19.8696594996782,42.301617723329
19.87,42.3016177322947
19.8710408729104,42.3016177597014
19.8720817458207,42.3016177871073
19.872857721849,42.3016178075382
19.8739666833646,42.3016178367357
19.8754114181609,42.3016178747727
19.876522430532,42.3016179040225
19.8776334429031,42.3016179332717
19.8787444552742,42.3016179625201
19.8798554676453,42.3016179917678
19.88,42.3016179955726
19.8809664800163,42.3016180210148
19.8820774923874,42.3016180502611
19.8831885047585,42.3016180795066
19.8842995171296,42.3016181087515
19.8854105295007,42.3016181379956
19.8865215418717,42.301618167239
19.8876325542428,42.3016181964817
19.8891338345902,42.3016182359953
19.89,42.3016182587921
19.8903001013003,42.3016182666905
19.8914663680105,42.3016182973849
19.8931154822278,42.3016183407857
19.8944103148167,42.3016183748615
19.8960052774633,42.3016184168345
19.8976002401098,42.3016184588059
19.8995498080054,42.3016185101067
19.9,42.3016185219527
19.9007030797061,42.3016185404527
19.9014061594123,42.3016185589525
19.9021092391184,42.3016185774519
19.9028123188245,42.3016185959511
19.9035266714238,42.3016186147466
19.9042410240231,42.3016186335418
19.9049553766223,42.3016186523367
19.9056697292216,42.3016186711313
19.9064660545642,42.3016186920822
19.9072623799069,42.3016187130327
19.9080587052495,42.3016187339829
19.9088550305921,42.3016187549327
19.91,42.301618785054
19.9100315102814,42.301618785883
19.9109055054796,42.3016188088751
19.9117795006777,42.3016188318667
19.9126534958758,42.301618854858
19.9135491577713,42.3016188784187
19.9144448196668,42.3016189019789
19.9153404815623,42.3016189255386
19.9165745034545,42.3016189579979
19.9178085253468,42.3016189904563
19.9187811147292,42.3016190160377
19.92,42.3016190480963
19.9201608483086,42.3016190523268
19.9215405818879,42.3016190886149
19.9229203154672,42.3016191249019
19.9243000490465,42.3016191611877
19.9256797826259,42.3016191974724
19.9273659762264,42.301619241815
19.9286679285449,42.3016192760519
19.9299698808635,42.3016193102878
19.93,42.3016193110798
19.9315841368845,42.3016193527346
19.9331983929056,42.3016193951799
19.9355212940844,42.3016194562559
19.9372169881045,42.3016195008387
19.9389126821247,42.3016195454198
19.94,42.3016195740054
19.9406083761449,42.3016195899993
19.9429782543541,42.3016196523002
19.9453481325633,42.3016197145978
19.9477180107725,42.3016197768922
19.95,42.3016198368733
19.9505591238465,42.3016198515691
19.9511182476929,42.3016198662648
19.9516773715394,42.3016198809603
19.9523628001159,42.3016198989752
19.9530777466909,42.3016199177657
19.9537926932659,42.3016199365558
19.9545076398409,42.3016199553457
19.9552225864159,42.3016199741352
19.9561599020611,42.3016199987685
19.9570972177064,42.3016200234012
19.9580345333516,42.3016200480334
19.9589718489968,42.3016200726651
19.9599028517454,42.3016200971305
19.96,42.3016200996833
19.960833854494,42.3016201215953
19.9617648572426,42.3016201460597
19.9626958599912,42.3016201705235
19.9636268627397,42.301620194987
19.9645578654883,42.3016202194499
19.9654888682369,42.3016202439123
19.9665805933195,42.3016202725971
19.9676723184021,42.3016203012813
19.9687640434847,42.3016203299648
19.9699864398012,42.3016203620807
19.97,42.3016203624369
19.9712088361177,42.3016203941957
19.9724312324343,42.30162042631
19.9739738275873,42.3016204668352
19.9750964151069,42.3016204963257
19.976814399879,42.3016205414559
19.9780965953315,42.3016205751372
19.9793787907841,42.3016206088176
19.98,42.301620625135
19.9809486885706,42.301620650054
19.982518586357,42.3016206912891
19.9845182544567,42.3016207438107
19.9865179225564,42.3016207963301
19.988517590656,42.3016208488472
19.99,42.3016208877783
19.9905172587557,42.3016209013622
19.9925169268554,42.3016209538751
19.9951382508559,42.3016210227098
19.9977595748564,42.3016210915408
20,42.3016211503672
20.0011719685956,42.3016211811382
20.0018762846912,42.3016211996303
20.0025806007867,42.3016212181221
20.0032849168823,42.3016212366136
20.0039803717397,42.3016212548723
20.0046758265972,42.3016212731306
20.0053712814546,42.3016212913887
20.0060667363121,42.3016213096466
20.0068330951921,42.3016213297655
20.0075994540722,42.3016213498842
20.0083658129522,42.3016213700025
20.0091321718323,42.3016213901205
20.01,42.3016214129018
20.0101579568656,42.3016214170483
20.011183741899,42.3016214439755
20.0119551490266,42.3016214642248
20.0127265561542,42.3016214844738
20.0136402358204,42.301621508457
20.0145539154866,42.3016215324397
20.0154675951527,42.301621556422
20.0163812748189,42.3016215804038
20.0176169052956,42.3016216128352
20.0185332196507,42.3016216368851
20.0194495340057,42.3016216609345
20.02,42.3016216753818
20.0205082496748,42.3016216887208
20.0215669653438,42.3016217165065
20.0226256810129,42.3016217442916
20.0241236726077,42.3016217836041
20.0256216642025,42.3016218229154
20.0271196557972,42.3016218622254
20.028617647392,42.3016219015342
20.03,42.3016219378075
20.0301156389868,42.3016219408418
20.0316136305816,42.3016219801482
20.0331116221764,42.3016220194534
20.0353796423289,42.3016220789608
20.0370154432932,42.3016221218785
20.0389890033077,42.3016221736559
20.04,42.3016222001791
20.0409625633222,42.3016222254312
20.0429361233368,42.3016222772045
20.0449096833513,42.3016223289757
20.0468832433659,42.3016223807448
20.0497611088832,42.3016224562313
20.05,42.3016224624972
20.0502590078966,42.3016224692907
20.0505180157931,42.3016224760842
20.0508814122537,42.3016224856156
20.0512448087143,42.301622495147
20.0519073877618,42.3016225125253
20.0523672464273,42.3016225245865
20.0528271050929,42.3016225366476
20.0532869637584,42.3016225487085
20.0540052493066,42.3016225675473
20.0548108614124,42.301622588676
20.0556164735182,42.3016226098045
20.056422085624,42.3016226309327
20.0569910275961,42.3016226458537
20.0578263712925,42.3016226677611
20.0584849657623,42.3016226850328
20.0591435602321,42.3016227023044
20.0598021547019,42.3016227195757
20.06,42.3016227247641
20.0604607491717,42.3016227368468
20.0612860901315,42.3016227584905
20.0621114310914,42.3016227801338
20.0629367720512,42.3016228017769
20.063762113011,42.3016228234195
20.0644257676551,42.3016228408221
20.0650894222992,42.3016228582245
20.0657530769434,42.3016228756266
20.0664167315875,42.3016228930285
20.0670803862317,42.3016229104302
20.0678792911644,42.301622931378
20.068544198909,42.3016229488121
20.0692091066536,42.301622966246
20.0698740143982,42.3016229836796
20.07,42.3016229869828
20.0707230943311,42.3016230059417
20.0720286798318,42.3016230401722
20.0733342653324,42.3016230744015
20.074639850833,42.3016231086297
20.076324340066,42.3016231527897
20.0780088292989,42.3016231969477
20.08,42.3016232491425
20.0800844612263,42.3016232513564
20.0821600931538,42.3016233057617
20.0842357250812,42.3016233601637
20.0863113570087,42.3016234145623
20.0890919349734,42.3016234874308
20.09,42.3016235112264
20.0918725129381,42.301623560293
20.0946530909028,42.301623633149
20.0985802791168,42.3016237360373
20.1,42.3016237732294
20.1098123248783,42.301624030234
20.11,42.3016240351487
20.1196246497567,42.3016242871565
20.12,42.3016242969829
20.1230132025943,42.3016243758626
20.1264017554319,42.3016244645597
20.1297903082695,42.3016245532477
20.13,42.3016245587356
20.1323907795805,42.3016246213032
20.1349912508915,42.3016246893536
20.1375917222025,42.3016247573988
20.14,42.3016248204104
20.1401921935134,42.3016248254389
20.1436173257435,42.3016249150477
20.1470424579736,42.3016250046475
20.15,42.301625082008
20.1541903562336,42.3016251916035
20.1583807124671,42.301625301185
20.16,42.3016253435272
20.1615786452096,42.3016253848045
20.1639596091327,42.3016254470567
20.1663405730559,42.3016255093044
20.1694734150842,42.301625591202
20.17,42.301625604967
20.1726062571125,42.3016256730913
20.1757390991408,42.3016257549722
20.18,42.3016258663225
20.1802045107195,42.3016258716666
20.1846699222982,42.301625988343
20.1891353338769,42.3016261050012
20.19,42.3016261275883
20.1952300041853,42.301626264194
20.2,42.3016263887628
20.2085119494994,42.3016266110013
20.21,42.3016266498459
20.2170238989988,42.3016268331723
20.22,42.3016269108361
20.2214715129019,42.3016269492336
20.2259191268051,42.3016270652776
20.23,42.3016271717383
20.231843218281,42.3016272198192
20.2364786154214,42.3016273407227
20.24,42.3016274325582
20.2411140125618,42.3016274616089
20.2447372610619,42.3016275560873
20.2483605095619,42.3016276505552
20.25,42.3016276932977
20.2516379062784,42.3016277359966
20.2532758125569,42.3016277786934
20.2553249789666,42.3016278321077
20.2569304896577,42.3016278739552
20.2585360003488,42.3016279158006
20.26,42.3016279539559
20.2601415110399,42.3016279576439
20.2627403142654,42.3016280253701
20.2647709652403,42.3016280782862
20.2668016162151,42.3016281311988
20.2692682668967,42.3016281954675
20.27,42.3016282145318
20.2717349175783,42.3016282597309
20.2749188339581,42.3016283426733
20.2793724350922,42.3016284586761
20.28,42.3016284750208
20.2838260362263,42.3016285746605
20.2882796373605,42.3016286906268
20.29,42.301628735418
20.2927332384946,42.3016288065746
20.2971868396288,42.3016289225039
20.3,42.3016289957223
20.3022507575391,42.3016290542975
20.3045015150783,42.3016291128679
20.3067522726174,42.3016291714335
20.31,42.3016292559321
20.3117714434666,42.3016293020169
20.3182168908775,42.3016294696731
20.32,42.3016295160478
20.3246623382884,42.3016296372917
20.3286877850502,42.301629741959
20.33,42.3016297760757
20.3327132318121,42.3016298466135
20.3357690109911,42.3016299260498
20.3388247901701,42.3016300054786
20.34,42.3016300360238
20.3418805693491,42.3016300848999
20.344936348528,42.3016301643137
20.347992127707,42.30163024372
20.35,42.3016302958916
20.3537773119964,42.3016303940306
20.3575546239929,42.3016304921579
20.36,42.3016305556779
20.3613319359893,42.3016305902736
20.3651092479857,42.3016306883777
20.3688865599822,42.30163078647
20.37,42.3016308153824
20.3726638719786,42.3016308845498
20.3764411839751,42.301630982617
20.38,42.3016310749995
20.3828086940542,42.3016311479013
20.3891762041332,42.3016313131476
20.39,42.3016313345235
20.3970765662604,42.30163151812
20.4,42.3016315939528
20.4009,42.301631617297
20.4018,42.3016316406405
20.4027,42.3016316639833
20.4036,42.3016316873255
20.4044668677602,42.3016317098077
20.4053337355205,42.3016317322893
20.4062006032807,42.3016317547702
20.4074400978073,42.3016317869135
20.4086795923339,42.3016318190555
20.4099190868605,42.3016318511961
20.41,42.3016318532942
20.4111585813871,42.3016318833355
20.4123980759137,42.3016319154736
20.4136375704403,42.3016319476105
20.4149399236942,42.3016319813756
20.4162422769481,42.3016320151394
20.417544630202,42.3016320489017
20.4187163802684,42.3016320792771
20.4198881303348,42.3016321096515
20.42,42.3016321125513
20.4210598804013,42.3016321400247
20.4223798954998,42.3016321742399
20.4236999105983,42.3016322084538
20.4250199256968,42.3016322426664
20.4263399407954,42.3016322768777
20.4276599558939,42.3016323110877
20.4289676271275,42.3016323449766
20.43,42.30163237173
20.4302752983611,42.3016323788641
20.4315829695947,42.3016324127505
20.4332095750976,42.3016324548999
20.434405577794,42.30163248589
20.4360322244152,42.3016325280371
20.4376588710364,42.3016325701823
20.4392855176577,42.3016326123256
20.44,42.3016326308359
20.4409121642789,42.301632654467
20.4425388109002,42.3016326966066
20.444716942129,42.3016327530299
20.4468950733579,42.3016328094497
20.4490732045868,42.3016328658662
20.45,42.3016328898704
20.4506594616988,42.3016329069502
20.4513189233977,42.3016329240297
20.4519783850965,42.3016329411089
20.4529428769653,42.3016329660873
20.4539070509466,42.3016329910568
20.4548712249279,42.3016330160255
20.4558353989091,42.3016330409936
20.4566755402569,42.3016330627492
20.4575156816046,42.3016330845043
20.4583558229523,42.3016331062588
20.4593864926454,42.3016331329462
20.46,42.3016331488315
20.4611203409899,42.3016331778393
20.4622406819799,42.3016332068461
20.4633610229698,42.3016332358521
20.4644813639597,42.3016332648571
20.4656017049497,42.3016332938612
20.4672767624283,42.3016333372242
20.468951819907,42.3016333805851
20.47,42.3016334077173
20.4706268773856,42.3016334239437
20.4723019348643,42.3016334673001
20.4739769923429,42.3016335106541
20.4756520498216,42.3016335540057
20.4773271073002,42.3016335973548
20.4795776234202,42.3016336555926
20.48,42.3016336665222
20.4818281395402,42.3016337138259
20.4840786556603,42.3016337720549
20.4876936810641,42.3016338655796
20.49,42.3016339252405
20.4913087064679,42.3016339590926
20.4949237318717,42.3016340525944
20.4985387572755,42.3016341460847
20.5,42.3016341838715
20.5066499841688,42.3016343558123
20.51,42.3016344424151
20.5166499841688,42.3016346142984
20.5199654150151,42.3016346999795
20.52,42.3016347008733
20.5232808458614,42.301634785652
20.5265962767078,42.3016348713165
20.5290647863939,42.301634935093
20.53,42.301634959254
20.5315332960799,42.301634998865
20.534001805766,42.3016350626328
20.5364703154521,42.3016351263964
20.5389388251382,42.3016351901556
20.54,42.3016352175634
20.5414073348243,42.3016352539105
20.5438758445103,42.3016353176613
20.5463443541964,42.3016353814079
20.5495280200615,42.3016354636164
20.55,42.3016354758032
20.5521828544485,42.301635532164
20.554365708897,42.3016355885215
20.5560701676026,42.3016356325255
20.5577746263082,42.3016356765273
20.5594790850137,42.3016357205273
20.56,42.3016357339741
20.5611835437193,42.3016357645252
20.5628880024249,42.3016358085211
20.5653154124515,42.3016358711748
20.5687831148036,42.301635960672
20.57,42.3016359920762
20.5722508171557,42.3016360501603
20.5757185195078,42.3016361396394
20.58,42.3016362501035
20.5808510377566,42.3016362720588
20.5859835560055,42.3016364044565
20.59,42.3016365080487
20.5911160742543,42.3016365368321
20.5962485925032,42.3016366691859
20.6,42.3016367659107
20.6015910235791,42.3016368069294
20.6031820471582,42.3016368479461
20.6049020230904,42.3016368922849
20.6066219990225,42.3016369366212
20.6085624619277,42.301636986638
20.61,42.3016370236896
20.6105029248329,42.3016370366517
20.6128844755069,42.3016370980298
20.614729310933,42.3016371455723
20.6165741463592,42.3016371931118
20.6184189817854,42.3016372406484
20.62,42.3016372813847
20.620659820248,42.3016372983849
20.6233975008928,42.3016373689165
20.6261351815376,42.3016374394409
20.63,42.3016375389887
20.630849694337,42.3016375608727
20.64,42.3016377964943
20.6402127348196,42.3016378019713
20.6495757753023,42.3016380429818
20.65,42.3016380538995
20.6528089121448,42.3016381261842
20.6556178242896,42.3016381984609
20.6584267364344,42.3016382707296
20.66,42.3016383112037
20.6622837291958,42.3016383699508
20.6688649381812,42.3016385392185
20.67,42.3016385684079
20.6754461471667,42.3016387084453
20.68,42.3016388255198
20.6807435798128,42.3016388446348
20.686041012459,42.3016389808013
20.69,42.3016390825491
20.6929798207225,42.3016391591233
20.699918628986,42.3016393374057
20.7,42.3016393394962
20.7027243755362,42.301639409484
20.7044928537722,42.3016394549121
20.7062613320082,42.3016395003376
20.7084648194486,42.3016395569331
20.71,42.3016395963611
20.7106683068889,42.3016396135246
20.7155959291603,42.3016397400646
20.72,42.3016398531423
20.7205235514318,42.3016398665837
20.7254511737033,42.3016399930808
20.73,42.3016401098333
20.732069651058,42.3016401629473
20.74,42.3016403664274
20.7406970834803,42.3016403843105
20.7493245159027,42.3016406056002
20.75,42.301640622923
20.750776468918,42.3016406428349
20.751552937836,42.3016406627463
20.7534232929814,42.3016407107062
20.7552936481269,42.3016407586627
20.7571640032723,42.3016408066159
20.7590343584177,42.3016408545658
20.76,42.3016408793204
20.7616791061576,42.3016409223627
20.7643238538976,42.301640990153
20.7669686016375,42.3016410579368
20.7696133493774,42.3016411257145
20.77,42.3016411356229
20.7722580971174,42.301641193487
20.7749028448573,42.301641261255
20.7762583889173,42.3016412959873
20.7776139329772,42.3016413307187
20.7785807521731,42.3016413554896
20.7795475713689,42.3016413802601
20.78,42.3016413918514
20.7804056341359,42.3016414022437
20.7812636969028,42.301641424227
20.7821217596697,42.3016414462099
20.7829798224367,42.3016414681924
20.7838378852036,42.3016414901746
20.7846959479706,42.3016415121564
20.7855540107375,42.3016415341378
20.7864120735044,42.3016415561188
20.7872701362714,42.3016415780995
20.7881281990383,42.3016416000798
20.7889862618053,42.3016416220596
20.7898443245722,42.3016416440392
20.79,42.3016416480268
20.7907023873391,42.3016416660183
20.7915604501061,42.301641687997
20.792418512873,42.3016417099754
20.7934963248835,42.3016417375818
20.794574136894,42.3016417651877
20.7956519489045,42.3016417927929
20.7967297609149,42.3016418203975
20.7978075729254,42.3016418480015
20.7988853849359,42.3016418756049
20.8,42.3016419041502
20.8011126600737,42.3016419326447
20.8025484387612,42.3016419694132
20.8039842174488,42.3016420061805
20.8054199961364,42.3016420429467
20.8072037867814,42.301642088623
20.8089875774264,42.3016421342976
20.81,42.3016421602202
20.8107713680715,42.3016421799704
20.8125551587165,42.3016422256415
20.8143389493615,42.3016422713109
20.8161227400066,42.3016423169785
20.8179065306516,42.3016423626444
20.8196903212966,42.3016424083086
20.82,42.301642416236
20.8214741119417,42.301642453971
20.8236776859339,42.3016425103769
20.8258812599261,42.30164256678
20.8293175511384,42.3016426547308
20.83,42.301642672197
20.8327538423508,42.301642742675
20.8361901335631,42.3016428306126
20.8396264247754,42.3016429185437
20.84,42.3016429281027
20.8439063023934,42.3016430280521
20.8481861800115,42.3016431375502
20.85,42.3016431839526
20.8501088687735,42.3016431867377
20.8502177375471,42.3016431895228
20.8503266063206,42.3016431923079
20.8505359265938,42.3016431976627
20.850745246867,42.3016432030175
20.8509545671402,42.3016432083723
20.8514452716622,42.3016432209253
20.8521612465468,42.3016432392411
20.8528772214314,42.3016432575568
20.853593196316,42.3016432758725
20.8546515720633,42.3016433029474
20.856148582553,42.3016433412436
20.8576455930426,42.3016433795404
20.8591426035323,42.3016434178379
20.86,42.3016434397727
20.860639614022,42.3016434561362
20.8612455732252,42.3016434716388
20.8618515324285,42.3016434871415
20.8624574916318,42.3016435026442
20.8629053535168,42.3016435141023
20.8633532154019,42.3016435255603
20.864043875386,42.3016435432301
20.8658859046439,42.3016435903558
20.8673555790283,42.3016436279541
20.8694521911469,42.3016436815881
20.87,42.3016436956009
20.8715488032655,42.3016437352168
20.8736454153841,42.3016437888388
20.8757420275027,42.301643842453
20.8790731961851,42.3016439276191
20.88,42.30164395131
20.8824043648675,42.3016440127613
20.8897010131209,42.3016441991695
20.89,42.3016442068051
20.8997010131209,42.3016444544366
20.9,42.3016444620652
20.91,42.3016447170862
20.91,42.3016447170862
20.92,42.3016449718642
20.92,42.3016449718642
20.93,42.3016452263917
20.93,42.3016452263917
20.94,42.3016454806584
20.94,42.3016454806584
20.95,42.3016457346526
20.96,42.3016459883636
20.97,42.3016462417821
20.97,42.3016462417821
20.98,42.3016464948992
20.98,42.3016464948992
20.99,42.3016467477065
20.99,42.3016467477065
21,42.3016470001966
21.01,42.3016472523632
21.02,42.3016475042017
21.02,42.3016475042017
21.03,42.3016477557078
21.03,42.3016477557078
21.04,42.3016480068777
21.04,42.3016480068777
21.05,42.3016482577082
21.06,42.3016485081966
21.06,42.3016485081966
21.07,42.3016487583406
21.07,42.3016487583406
21.08,42.3016490081379
21.08,42.3016490081379
21.09,42.3016492575862
21.09,42.3016492575862
21.1,42.3016495066831
21.11,42.301649755427
21.11,42.301649755427
21.12,42.3016500038166
21.12,42.3016500038166
21.123,42.3016500782642
21.126,42.3016501526798
21.1289722367355,42.3016502263752
21.13,42.3016502518508
21.1319444734709,42.301650300039
21.14,42.3016504995286
21.1403695904635,42.3016505086756
21.148794707456,42.3016507170587
21.15,42.301650746849
21.1584251169926,42.3016509549415
21.16,42.3016509938114
21.1668502339851,42.3016511627792
21.17,42.3016512404149
21.1752753509777,42.3016513703622
21.18,42.3016514866593
21.1837004679703,42.3016515776901
21.19,42.301651732544
21.1921255849628,42.3016517847624
21.2,42.3016519780683
21.2084251169926,42.3016521846453
21.21,42.3016522232318
21.2168502339851,42.3016523909659
21.22,42.3016524680339
21.2252753509777,42.30165259703
21.23,42.3016527124747
21.2337004679703,42.3016528028377
21.236228003068,42.3016528645299
21.2387555381658,42.3016529261991
21.24,42.3016529565541
21.2452463662226,42.3016530844624
21.25,42.3016532002717
21.26,42.3016534436276
21.2668986294959,42.3016536112989
21.27,42.3016536866216
21.2737972589919,42.3016537787979
21.28,42.3016539292539
21.2806958884878,42.3016539461249
21.2875945179837,42.3016541132798
21.29,42.3016541715245
21.2944931474796,42.3016542802624
21.3,42.3016544134334
21.3086335228522,42.3016546219952
21.31,42.3016546549808
21.3172670457045,42.3016548302876
21.32,42.3016548961667
21.3259005685567,42.3016550383107
21.33,42.3016551369916
21.3345340914089,42.3016552460648
21.34,42.3016553774554
21.3431676142611,42.3016554535498
21.35,42.3016556175582
21.3586335228522,42.3016558245609
21.36,42.3016558572997
21.3672670457045,42.3016560312944
21.37,42.3016560966802
21.3759005685567,42.3016562377591
21.38,42.3016563357
21.3845340914089,42.301656443955
21.39,42.3016565743592
21.3931676142611,42.301656649882
21.4,42.3016568126577
21.4086335228522,42.301657018103
21.41,42.3016570505954
21.4172670457045,42.3016572232794
21.42,42.3016572881723
21.4259005685567,42.3016574281872
21.43,42.3016575253889
21.4345340914089,42.3016576328263
21.44,42.3016577622452
21.4431676142611,42.3016578371969
21.45,42.301657998741
21.4586335228522,42.3016582026303
21.46,42.3016582348764
21.4672670457044,42.3016584062509
21.47,42.3016584706514
21.4759005685567,42.3016586096031
21.48,42.3016587060663
21.4845340914089,42.301658812687
21.49,42.3016589411213
21.4931676142611,42.3016590155025
21.5,42.3016591758162
21.5086335228522,42.3016593781509
21.51,42.301659410151
21.5172670457045,42.3016595802172
21.52,42.3016596441258
21.5259005685567,42.3016597820155
21.53,42.3016598777409
21.5345340914089,42.3016599835457
21.54,42.3016601109965
21.5431676142611,42.3016601848079
21.55,42.3016603438925
21.5558394677693,42.3016604797248
21.56,42.3016605764283
21.5616789355386,42.3016606154341
21.57,42.3016608086026
21.5794690008448,42.3016610281146
21.58,42.3016610404147
21.580535922866,42.3016610528278
21.581071845732,42.3016610652399
21.5819588402518,42.3016610857806
21.5834373370976,42.3016611200127
21.5882815393419,42.3016612321167
21.59,42.3016612718647
21.5931257415862,42.3016613441358
21.5992776581865,42.3016614862727
21.6,42.3016615029531
21.6086522361904,42.301661702605
21.61,42.3016617336806
21.6173044723808,42.3016619019874
21.62,42.3016619640483
21.6259567085712,42.3016621011011
21.63,42.3016621940573
21.6346089447616,42.3016622999467
21.64,42.3016624237086
21.643261180952,42.3016624985248
21.65,42.3016626530027
21.6586522361904,42.3016628511057
21.66,42.3016628819404
21.6673044723808,42.3016630489424
21.67,42.3016631105223
21.6786522361904,42.3016633080105
21.68,42.3016633387495
21.6873044723808,42.3016635052332
21.69,42.3016635666219
21.6959567085712,42.3016637021905
21.7,42.30166379414
21.7086522361904,42.3016639907083
21.71,42.301664021304
21.7173044723808,42.3016641870114
21.72,42.3016642481138
21.7259567085712,42.3016643830497
21.73,42.30166447457
21.7346089447616,42.3016645788233
21.74,42.3016647006724
21.7486522361904,42.3016648960159
21.75,42.3016649264207
21.7525956708571,42.3016649849595
21.754849995717,42.3016650357806
21.7558175676795,42.3016650575877
21.756785139642,42.3016650793915
21.7574670481674,42.3016650947561
21.7581489566928,42.3016651101192
21.76,42.3016651518161
21.760737063753,42.3016651684171
21.761474127506,42.3016651850169
21.7620301995057,42.3016651975399
21.7623994549613,42.3016652058554
21.7627687104169,42.3016652141707
21.7631379658725,42.3016652224858
21.763507221328,42.3016652308006
21.7638764767836,42.3016652391152
21.7653531510061,42.3016652723628
21.7668298252285,42.3016653056053
21.7692226112592,42.3016653594588
21.77,42.3016653769517
21.7701894717241,42.3016653812149
21.771156332189,42.3016654029682
21.772123192654,42.3016654247187
21.7730900531189,42.3016654464669
21.7736966701328,42.3016654601109
21.7743032871468,42.3016654737541
21.7747832172521,42.3016654845475
21.7751962172628,42.3016654938353
21.7756092172734,42.3016655031228
21.776022217284,42.30166551241
21.7775974174928,42.3016655478282
21.7791726177016,42.3016655832402
21.78,42.3016656018378
21.7802886022399,42.3016656083245
21.7812785779592,42.3016656305738
21.7822685536786,42.3016656528208
21.7830376300845,42.3016656701021
21.7838067064904,42.3016656873823
21.7844014963087,42.3016657007456
21.7849962861271,42.3016657141081
21.7857518195368,42.3016657310808
21.7868352742095,42.3016657554175
21.7879187288821,42.3016657797512
21.788819342703,42.3016657999762
21.7897199565239,42.3016658201993
21.79,42.3016658264872
21.7906205703448,42.3016658404206
21.7911004469655,42.3016658511944
21.7915803235862,42.3016658619677
21.7920602002069,42.3016658727406
21.7925400768276,42.3016658835129
21.7933749519853,42.3016659022529
21.7942098271431,42.3016659209913
21.7953684698179,42.3016659469937
21.7961668431648,42.3016659649089
21.7969652165117,42.3016659828227
21.7977635898585,42.301666000735
21.7981916633488,42.3016660103386
21.7986197368392,42.3016660199419
21.7990478103295,42.3016660295448
21.7996218985849,42.3016660424225
21.8,42.3016660509035
21.8009487746409,42.3016660721835
21.8020985721353,42.3016660979694
21.8032483696298,42.3016661237521
21.8043981671243,42.3016661495316
21.8055479646188,42.3016661753082
21.8063852223437,42.3016661940763
21.8072224800685,42.3016662128428
21.8080597377934,42.3016662316076
21.8094663232203,42.3016662631287
21.81,42.3016662750869
21.8108729086471,42.301666294645
21.8119354921055,42.3016663184505
21.8132278752417,42.3016663474009
21.8141955846501,42.3016663690758
21.8151632940585,42.3016663907486
21.8166309844794,42.3016664236147
21.8180986749004,42.3016664564756
21.8195663653214,42.3016664893315
21.82,42.3016664990379
21.8212553531071,42.301666527135
21.8229443408928,42.3016665649317
21.8246333286785,42.3016666027215
21.8263223164642,42.3016666405042
21.8280113042499,42.30166667828
21.83,42.3016667227501
21.8321120087326,42.301666769967
21.8342240174651,42.3016668171729
21.8363360261977,42.3016668643678
21.8384480349302,42.3016669115517
21.84,42.3016669462168
21.8411833761092,42.301666972645
21.8439187172882,42.3016670337198
21.8478057249846,42.3016671204773
21.85,42.3016671694368
21.8548683882859,42.3016672780199
21.8597367765717,42.3016673865448
21.86,42.3016673924109
21.8646051648576,42.3016674950119
21.87,42.3016676151407
21.8716507155082,42.3016676518837
21.8772278030354,42.3016677759751
21.88,42.3016678376296
21.8828048905626,42.3016678999928
21.89,42.3016680598826
21.8921708581511,42.3016681080997
21.9,42.3016682819021
21.9093659675885,42.3016684896345
21.91,42.3016685036897
21.918731935177,42.301668697165
21.92,42.3016687252472
21.9242233486494,42.30166881875
21.9297147621217,42.3016689402672
21.93,42.3016689465772
21.935206175594,42.3016690617175
21.94,42.3016691676854
21.9429034035703,42.301669231841
21.95,42.3016693885746
21.9576972279763,42.3016695584496
21.96,42.3016696092457
21.9637161521722,42.3016696911944
21.9679647573228,42.3016697848474
21.97,42.3016698296968
21.9722133624733,42.3016698784614
21.9743221672961,42.3016699249127
21.9755196092535,42.301669951285
21.976717051211,42.3016699776544
21.9779144931685,42.3016700040209
21.9790143306279,42.3016700282357
21.98,42.3016700499347
21.9810998374594,42.3016700741448
21.9828761863464,42.3016701132415
21.9883816878915,42.3016702343748
21.99,42.3016702699696
21.9938871894366,42.3016703554473
21.9993926909817,42.3016704764593
22,42.3016704898043
22.0055055015451,42.3016706107495
22.01,42.3016707094405
22.0110110030902,42.3016707316349
22.0180372547958,42.3016708858258
22.02,42.3016709288811
22.0250635065015,42.3016710399213
22.03,42.3016711481289
22.0320897582071,42.3016711939223
22.0391160099128,42.3016713478299
22.04,42.3016713671869
22.0491160099128,42.3016715667179
22.05,42.3016715860585
22.06,42.3016718047477
22.06,42.3016718047477
22.07,42.3016720232592
22.07,42.3016720232592
22.08,42.301672241598
22.08,42.301672241598
22.09,42.3016724597691
22.09,42.3016724597691
22.1,42.3016726777775
22.11,42.3016728956279
22.11,42.301672895628
22.12,42.3016731133252
22.12,42.3016731133252
22.13,42.3016733308736
22.13,42.3016733308736
22.14,42.3016735482767
22.14,42.3016735482767
22.15,42.3016737655379
22.16,42.3016739826606
22.16,42.3016739826606
22.17,42.3016741996482
22.17,42.3016741996482
22.18,42.3016744165039
22.18,42.3016744165039
22.19,42.3016746332304
22.19,42.3016746332304
22.2,42.30167484983
22.21,42.301675066305
22.22,42.3016752826578
22.22,42.3016752826578
22.23,42.3016754988906
22.23,42.3016754988906
22.24,42.3016757150048
22.24,42.3016757150048
22.25,42.3016759310019
22.26,42.3016761468827
22.27,42.3016763626483
22.27,42.3016763626483
22.28,42.3016765782991
22.28,42.3016765782991
22.29,42.3016767938354
22.29,42.3016767938354
22.3,42.3016770092563
22.303,42.3016770738598
22.3046534211132,42.3016771094609
22.3063068422265,42.3016771450589
22.3079602633397,42.3016771806539
22.3091728819963,42.3016772067575
22.31,42.3016772245618
22.3102748798684,42.3016772304786
22.3113768777405,42.3016772541984
22.3124788756126,42.3016772779169
22.3135808734847,42.3016773016342
22.3144138021428,42.3016773195598
22.3154823532583,42.301677342555
22.3165509043738,42.3016773655491
22.3176194554893,42.301677388542
22.3186880066047,42.3016774115337
22.32,42.301677439762
22.3202731247667,42.3016774456382
22.3223467088286,42.3016774902483
22.3244202928904,42.3016775348541
22.3257071326586,42.3016775625337
22.3269939724267,42.3016775902116
22.3282808121948,42.3016776178878
22.3292402751287,42.3016776385221
22.33,42.3016776548603
22.3305559190726,42.3016776668153
22.3322192268689,42.3016777025831
22.3338825346652,42.3016777383487
22.3355458424615,42.3016777741122
22.3372091502578,42.3016778098735
22.3388724580541,42.3016778456327
22.34,42.3016778698725
22.3405357658504,42.30167788139
22.3421990736467,42.3016779171454
22.343862381443,42.301677952899
22.3455256892392,42.3016779886509
22.3468320913214,42.3016780167302
22.3481384934035,42.3016780448083
22.3494448954856,42.3016780728856
22.35,42.3016780848156
22.350252540407,42.301678090243
22.3505050808141,42.3016780956704
22.3507576212211,42.3016781010977
22.3510842110252,42.3016781081164
22.3514108008293,42.301678115135
22.352824573523,42.301678145517
22.3538625449047,42.3016781678221
22.3545132767033,42.3016781818053
22.355164008502,42.3016781957881
22.3556433493071,42.3016782060878
22.3561226901122,42.3016782163874
22.3568006152131,42.3016782309535
22.357478540314,42.3016782455193
22.3584877868062,42.3016782672033
22.3594970332983,42.3016782888868
22.36,42.3016782996928
22.3605062797905,42.3016783105698
22.3615155262827,42.3016783322524
22.3622878659759,42.301678348845
22.3630602056692,42.3016783654373
22.3638325453625,42.3016783820292
22.3649127204633,42.3016784052336
22.3660094592681,42.301678428793
22.3671061980729,42.3016784523517
22.3682029368777,42.3016784759096
22.3692996756825,42.301678499467
22.37,42.3016785145093
22.3703964144873,42.3016785230239
22.3714931532922,42.3016785465802
22.372589892097,42.3016785701359
22.3736866309018,42.3016785936911
22.3747833697066,42.3016786172457
22.3758801085114,42.3016786407998
22.3769768473162,42.3016786643534
22.3789831372236,42.3016787074395
22.38,42.3016787292769
22.3826749490229,42.3016787867216
22.3837824925627,42.3016788105061
22.3848900361024,42.3016788342907
22.3875333658241,42.3016788910572
22.39,42.3016789440302
22.3901766955458,42.301678947825
22.3936558770354,42.301679022546
22.3989726513733,42.3016791367386
22.4,42.3016791588047
22.40896354033,42.3016793513416
22.41,42.3016793736062
22.4158330216869,42.3016794989142
22.42,42.3016795884398
22.4227025030437,42.3016796465065
22.4279925390389,42.3016797601818
22.43,42.3016798033239
22.433282575034,42.3016798738756
22.44,42.3016800182786
22.443282575034,42.3016800888577
22.45,42.3016802333213
22.46,42.3016804484627
22.47,42.3016806637083
22.47,42.3016806637083
22.48,42.3016808790615
22.48,42.3016808790616
22.49,42.3016810945241
22.49,42.3016810945241
22.5,42.3016813100965
22.51,42.3016815257783
22.52,42.3016817415683
22.52,42.3016817415683
22.53,42.3016819574648
22.53,42.3016819574648
22.54,42.3016821734662
22.54,42.3016821734662
22.55,42.3016823895706
22.56,42.301682605776
22.56,42.301682605776
22.57,42.3016828220803
22.57,42.3016828220803
22.58,42.3016830384817
22.58,42.3016830384817
22.59,42.3016832549784
22.59,42.3016832549784
22.6,42.3016834715685
22.61,42.3016836882501
22.61,42.3016836882502
22.62,42.3016839050212
22.62,42.3016839050212
22.63,42.3016841218796
22.63,42.3016841218796
22.64,42.3016843388228
22.64,42.3016843388229
22.65,42.3016845558484
22.66,42.3016847729528
22.66,42.3016847729528
22.67,42.3016849901321
22.67,42.3016849901321
22.68,42.3016852073818
22.68,42.3016852073818
22.69,42.3016854246973
22.69,42.3016854246973
22.7,42.301685642074
22.71,42.3016858595077
22.72,42.3016860769945
22.72,42.3016860769945
22.73,42.3016862945309
22.73,42.3016862945309
22.74,42.3016865121138
22.74,42.3016865121138
22.75,42.3016867297403
22.76,42.3016869474096
22.77,42.3016871651231
22.77,42.3016871651231
22.78,42.3016873828804
22.78,42.3016873828804
22.79,42.3016876006809
22.79,42.301687600681
22.8,42.3016878185276
22.8041751962601,42.3016879094987
22.8083503925202,42.3016880004822
22.81,42.3016880364335
22.8125255887803,42.3016880914806
22.8177651340853,42.3016882057013
22.82,42.3016882544296
22.8247218389368,42.3016883574014
22.83,42.3016884725374
22.8330702422949,42.301688539527
22.84,42.3016886907734
22.8414186456529,42.3016887217441
22.8497670490109,42.3016889040558
22.85,42.3016889091444
22.858348403358,42.3016890915554
22.86,42.3016891276541
22.866696806716,42.3016892740654
22.87,42.3016893463082
22.875045210074,42.3016894566828
22.88,42.3016895651192
22.883393613432,42.3016896394111
22.89,42.3016897840888
22.89174201679,42.3016898222498
22.9,42.3016900032156
22.908348403358,42.3016901862703
22.91,42.3016902224975
22.916696806716,42.3016903694331
22.92,42.3016904419365
22.925045210074,42.3016905527115
22.93,42.301690661544
22.933393613432,42.3016907361086
22.94,42.3016908813203
22.94174201679,42.3016909196227
22.95,42.301691101263
22.958348403358,42.3016912850053
22.96,42.3016913213691
22.966696806716,42.3016914688612
22.97,42.3016915416405
22.975045210074,42.3016916528387
22.98,42.3016917620887
22.983393613432,42.3016918369405
22.99,42.3016919827139
22.99174201679,42.301692021165
23,42.3016922035131
23.008348403358,42.3016923879762
23.01,42.3016924244833
23.016696806716,42.3016925725582
23.02,42.3016926456261
23.025045210074,42.3016927572667
23.03,42.3016928669531
23.033393613432,42.3016929421048
23.04,42.3016930884642
23.04174201679,42.3016931270703
23.05,42.301693310156
23.0514390415699,42.3016933420732
23.0528780831397,42.3016933739942
23.0543171247096,42.3016934059194
23.0560607339991,42.3016934446068
23.0578043432886,42.3016934833001
23.0595479525781,42.3016935219993
23.06,42.3016935320334
23.0612915618676,42.3016935607043
23.0620102282042,42.3016935766592
23.0627288945409,42.3016935926151
23.0633668475819,42.3016936067799
23.0640048006229,42.3016936209454
23.0646427536639,42.3016936351117
23.066515815515,42.3016936767089
23.0678692435487,42.3016937067699
23.0697296572,42.3016937480965
23.07,42.3016937541022
23.0720205350715,42.3016937989924
23.0748879180011,42.3016938627074
23.0777553009306,42.301693926433
23.08,42.3016939763266
23.0806226838601,42.3016939901682
23.0845402493208,42.3016940772619
23.0884578147814,42.3016941643724
23.09,42.3016941986687
23.0923753802421,42.3016942514991
23.0962929457028,42.3016943386431
23.1,42.3016944211195
23.1083958722526,42.3016946079671
23.11,42.3016946436746
23.1167917445052,42.301694794886
23.12,42.3016948663324
23.1251876167579,42.3016949818816
23.13,42.301695089099
23.1335834890105,42.3016951689523
23.14,42.3016953119679
23.1419793612631,42.3016953560933
23.15,42.3016955349338
23.1583958722526,42.3016957222047
23.16,42.3016957579922
23.1667917445052,42.3016959095394
23.17,42.3016959811427
23.1719212470378,42.3016960240267
23.1770507495704,42.3016961385357
23.18,42.30169620438
23.1852106175607,42.3016963207184
23.19,42.301696427662
23.1916049672927,42.3016964635019
23.1993904176046,42.3016966373694
23.2,42.3016966509836
23.2023356350936,42.301696703148
23.2046712701871,42.3016967553139
23.2091607465527,42.3016968555898
23.21,42.3016968743359
23.2136502229183,42.3016969558718
23.215680774957,42.3016970012311
23.2177113269957,42.3016970465919
23.22,42.3016970977207
23.2211987393397,42.3016971245014
23.2246861516837,42.3016972024174
23.2281735640277,42.3016972803408
23.23,42.301697321154
23.2381735640277,42.3016975038267
23.24,42.301697544653
23.2481735640277,42.3016977273879
23.25,42.3016977682288
23.26,42.301697991886
23.27,42.3016982156093
23.27,42.3016982156093
23.28,42.3016984393846
23.28,42.3016984393846
23.29,42.3016986631951
23.29,42.3016986631951
23.3,42.3016988870341
23.31,42.3016991108993
23.31,42.3016991108993
23.32,42.3016993347887
23.32,42.3016993347887
23.33,42.3016995587001
23.33,42.3016995587001
23.34,42.3016997826311
23.34,42.3016997826311
23.35,42.3017000065789
23.36,42.3017002305395
23.36,42.3017002305394
23.37,42.301700454505
23.37,42.3017004545049
23.38,42.3017006784564
23.38,42.3017006784564
23.39,42.3017009023741
23.39,42.3017009023741
23.4,42.3017011262499
23.41,42.3017013500835
23.41,42.3017013500835
23.42,42.3017015738782
23.42,42.3017015738782
23.43,42.3017017976277
23.43,42.3017017976277
23.44,42.3017020213185
23.44,42.3017020213185
23.45,42.3017022449345
23.46,42.3017024684588
23.47,42.3017026918764
23.47,42.3017026918764
23.4710246220216,42.3017027147618
23.4720492440433,42.301702737646
23.473398458438,42.3017027677777
23.4744187471188,42.3017027905621
23.4763241994864,42.3017028331096
23.478229651854,42.3017028756521
23.4792781067988,42.3017028990583
23.48,42.3017029151732
23.4803265617436,42.3017029224628
23.4830194305737,42.301702982567
23.4857122994039,42.3017030426582
23.488405168234,42.3017031027356
23.49,42.3017031383092
23.4926529780594,42.301703197474
23.4969007878848,42.3017032921757
23.5,42.3017033612463
23.5038515612836,42.3017034470552
23.5077031225673,42.3017035328314
23.51,42.3017035839684
23.5177031225673,42.3017037553798
23.52,42.3017038064642
23.5277031225673,42.3017039776966
23.53,42.3017040287266
23.5377031225673,42.3017041997728
23.54,42.3017042507462
23.5477031225673,42.3017044215991
23.55,42.3017044725139
23.56,42.3017046940209
23.56,42.3017046940209
23.5679967505603,42.3017048709582
23.57,42.3017049152545
23.5779967505603,42.301705091966
23.58,42.3017051362052
23.5879967505603,42.3017053126875
23.59,42.3017053568689
23.5979967505603,42.3017055331183
23.6,42.3017055772408
23.61,42.301705797316
23.61,42.301705797316
23.62,42.3017060170877
23.62,42.3017060170877
23.63,42.301706236552
23.64,42.3017064557061
23.65,42.3017066745475
23.66,42.3017068930734
23.66,42.3017068930734
23.67,42.3017071112807
23.68,42.3017073291656
23.69,42.3017075467235
23.6909,42.3017075662874
23.6918,42.3017075858487
23.6931404945658,42.3017076149789
23.695953213012,42.3017076760833
23.6970849150609,42.3017077006619
23.6982166171098,42.3017077252365
23.6997831391419,42.3017077592466
23.7,42.3017077639542
23.7035294167814,42.3017078405484
23.7041234736896,42.3017078534364
23.7047175305978,42.3017078663233
23.7064173720612,42.3017079031915
23.7081172135246,42.3017079400506
23.709817054988,42.3017079769006
23.71,42.301707980866
23.7118671977274,42.3017080213322
23.7127739362149,42.301708040979
23.7136806747024,42.3017080606231
23.7154861106674,42.301708099729
23.7172915466324,42.3017081388244
23.7190969825974,42.3017081779094
23.72,42.3017081974545
23.7209024185624,42.3017082169841
23.7219148142138,42.3017082388905
23.7229272098651,42.3017082607937
23.7239396055165,42.3017082826938
23.7249520011679,42.301708304591
23.7264854862185,42.301708337754
23.7277041788823,42.301708364105
23.7286613211975,42.3017083847979
23.73,42.3017084137354
23.7317889607483,42.3017084523986
23.7324699274987,42.3017084671133
23.7331508942491,42.3017084818267
23.7342035992718,42.3017085045696
23.7352563042945,42.3017085273095
23.7363090093172,42.3017085500464
23.7372374678564,42.3017085700975
23.7381659263956,42.3017085901464
23.74,42.3017086297441
23.7400816963885,42.3017086315078
23.7419974663814,42.3017086728592
23.743230273854,42.3017086994637
23.7444630813266,42.3017087260642
23.7456958887992,42.3017087526608
23.7469286962719,42.3017087792534
23.7488251697713,42.3017088201539
23.75,42.3017088454862
23.7515895286168,42.3017088797545
23.7531790572335,42.301708914016
23.7550735654264,42.3017089548427
23.7569680736192,42.3017089956599
23.7587866395887,42.3017090348318
23.76,42.3017090609627
23.7606052055582,42.3017090739949
23.7624237715277,42.3017091131492
23.7642423374972,42.3017091522949
23.7670354509112,42.3017092124011
23.7691821560356,42.3017092585828
23.77,42.3017092761738
23.7719725114212,42.3017093185933
23.774123603359,42.3017093648415
23.7777571530203,42.3017094429347
23.78,42.3017094911214
23.7813907026816,42.3017095209935
23.7842475831016,42.301709582343
23.7871044635217,42.3017096436711
23.79,42.3017097058074
23.7915978856333,42.3017097400876
23.7960913077448,42.3017098364514
23.8,42.3017099202325
23.8044934221116,42.3017100164979
23.81,42.301710134397
23.8101622499785,42.3017101378696
23.8175900177347,42.3017102967752
23.82,42.3017103483032
23.8231582705445,42.3017104158102
23.8255976263581,42.3017104679354
23.8268527958294,42.3017104947514
23.8281079653007,42.3017105215642
23.8293631347719,42.3017105483736
23.83,42.3017105619754
23.8305244789767,42.3017105731762
23.8316858231815,42.301710597976
23.8328471673863,42.301710622773
23.8335729575005,42.3017106382688
23.8342987476146,42.3017106537634
23.8350245377288,42.301710669257
23.8357503278429,42.3017106847496
23.836476117957,42.3017107002411
23.8372340745968,42.301710716418
23.8379920312365,42.3017107325938
23.8387499878763,42.3017107487685
23.839507944516,42.301710764942
23.84,42.301710775441
23.8407985744472,42.3017107924792
23.8418144579444,42.3017108141521
23.8428303414416,42.3017108358229
23.8438462249388,42.3017108574917
23.844862108436,42.3017108791584
23.8456133815404,42.3017108951802
23.8463646546449,42.3017109112009
23.847690629221,42.3017109394743
23.8490166037972,42.3017109677442
23.85,42.3017109887081
23.8513393164738,42.3017110172563
23.8522768771361,42.3017110372388
23.8532144377984,42.3017110572196
23.8545535410474,42.3017110857549
23.8558926442964,42.3017111142866
23.8572317475454,42.3017111428149
23.8584126614163,42.3017111679701
23.8595935752871,42.3017111931225
23.86,42.3017112017784
23.8607744891579,42.3017112182722
23.8622904281792,42.3017112505528
23.8638063672005,42.3017112828288
23.8653223062217,42.3017113151003
23.866838245243,42.3017113473672
23.8683541842643,42.3017113796295
23.87,42.3017114146507
23.8703328864051,42.3017114217335
23.8718869639629,42.3017114547967
23.8741743423419,42.3017115034521
23.8758733970499,42.3017115395865
23.8780831635418,42.3017115865739
23.88,42.3017116273248
23.8802929300337,42.3017116335516
23.8825026965256,42.3017116805198
23.8847124630176,42.3017117274784
23.8869222295095,42.3017117744274
23.89,42.3017118398024
23.8909796029337,42.3017118606063
23.895036976358,42.3017119467532
23.8990943497822,42.3017120328683
23.9,42.3017120520859
23.9040573734242,42.3017121381626
23.9071605287309,42.3017122039745
23.91,42.3017122641779
23.9102636840376,42.3017122697678
23.9148979092073,42.301712367988
23.92,42.3017124760759
23.9231746967795,42.3017125433063
23.93,42.3017126877786
23.9314514843516,42.3017127184908
23.9397282719238,42.301712893543
23.94,42.3017128992878
23.9497282719238,42.301713104868
23.95,42.3017131106076
23.96,42.3017133217406
23.97,42.3017135326952
23.97,42.3017135326952
23.98,42.3017137434787
23.98,42.3017137434787
23.99,42.3017139541001
23.99,42.3017139541
24,42.3017141645692
24.01,42.3017143748964
24.02,42.3017145850911
24.02,42.3017145850911
24.03,42.3017147951612
24.03,42.3017147951612
24.033,42.3017148581587
24.0341568732916,42.3017148824492
24.0353137465831,42.3017149067382
24.0364706198747,42.3017149310259
24.0381569208676,42.3017149664265
24.0392775339434,42.3017149899504
24.0399380238996,42.3017150038149
24.04,42.3017150051159
24.0405985138558,42.3017150176792
24.041259003812,42.3017150315431
24.0420586567063,42.3017150483277
24.0430414067319,42.3017150689548
24.0440241567575,42.3017150895814
24.0452346135395,42.3017151149865
24.0464450703216,42.3017151403912
24.0476555271036,42.3017151657955
24.0488659838857,42.3017151911997
24.05,42.3017152149997
24.050182470953,42.3017152188293
24.0503649419059,42.3017152226589
24.0506761568673,42.3017152291905
24.0509873718287,42.3017152357222
24.05129858679,42.3017152422538
24.0519916349649,42.3017152567992
24.0522928162331,42.3017152631203
24.0525939975013,42.3017152694413
24.0528951787694,42.3017152757624
24.0531963600376,42.3017152820835
24.0539645689027,42.3017152982064
24.0547327777679,42.3017153143295
24.0560085805221,42.3017153411064
24.0572843832762,42.3017153678841
24.0585601860304,42.3017153946627
24.0598359887846,42.3017154214423
24.06,42.3017154248851
24.0611117915388,42.3017154482231
24.0627535296939,42.301715482687
24.0640412281377,42.3017155097202
24.0653289265816,42.3017155367548
24.0669221744537,42.301715570206
24.0685154223257,42.3017156036594
24.07,42.301715634833
24.0709269136937,42.3017156542976
24.0726200212309,42.3017156898536
24.0746614622768,42.3017157327282
24.0767029033226,42.3017157756064
24.0787443443685,42.3017158184883
24.08,42.3017158448661
24.0807857854144,42.301715861374
24.0828272264603,42.3017159042634
24.0848686675062,42.3017159471566
24.086910108552,42.3017159900535
24.0897303758268,42.3017160493224
24.09,42.3017160549891
24.0925506431016,42.3017161085989
24.0953709103763,42.301716167883
24.0992074570282,42.3017162485431
24.1,42.3017162652076
24.1038365466518,42.3017163458874
24.1076730933037,42.3017164265847
24.11,42.3017164755377
24.1115096399555,42.301716507301
24.1153461866073,42.3017165880374
24.12,42.3017166860014
24.1219374181439,42.3017167267944
24.13,42.3017168966208
24.1313779046743,42.3017169256553
24.14,42.3017171074122
24.1408183912046,42.3017171246711
24.15,42.3017173183872
24.1594404865304,42.301717517733
24.16,42.3017175295531
24.1688809730607,42.3017177172523
24.17,42.3017177409138
24.178321459591,42.3017179169447
24.18,42.3017179524685
24.1877619461214,42.30171811681
24.19,42.3017181642173
24.1972024326517,42.3017183168486
24.2,42.3017183761607
24.2094404865303,42.3017185764241
24.21,42.3017185882987
24.2188809730607,42.3017187768629
24.22,42.3017188006334
24.228321459591,42.3017189774747
24.23,42.3017190131619
24.2377619461214,42.301719178258
24.24,42.3017192258826
24.2472024326517,42.3017193792123
24.25,42.3017194387953
24.2594404865303,42.3017196399706
24.26,42.3017196518992
24.2688809730607,42.3017198413183
24.27,42.3017198651963
24.278321459591,42.3017200428358
24.28,42.3017200786837
24.2877619461214,42.3017202445216
24.29,42.3017202923598
24.2972024326517,42.3017204463755
24.3,42.3017205062244
24.3094404865303,42.3017207082955
24.31,42.301720720277
24.3188809730607,42.3017209105358
24.32,42.3017209345195
24.328321459591,42.3017211129434
24.33,42.3017211489493
24.3377619461214,42.3017213155171
24.34,42.3017213635655
24.3472024326517,42.3017215182568
24.35,42.3017215783679
24.3594404865303,42.3017217813224
24.36,42.3017217933563
24.3688809730607,42.3017219844443
24.37,42.3017220085324
24.378321459591,42.3017221877318
24.38,42.301722223894
24.3877619461214,42.3017223911838
24.39,42.3017224394402
24.3972024326517,42.3017225948003
24.4,42.3017226551709
24.4094404865304,42.3017228590006
24.41,42.3017228710863
24.4188809730607,42.3017230629972
24.42,42.3017230871889
24.428321459591,42.3017232671593
24.43,42.301723303477
24.4377619461214,42.3017234714861
24.44,42.3017235199499
24.4472024326517,42.3017236759777
24.45,42.3017237366077
24.4594404865303,42.3017239413127
24.46,42.3017239534502
24.4688809730607,42.3017241461836
24.47,42.3017241704789
24.478321459591,42.3017243512194
24.48,42.3017243876924
24.4877619461214,42.3017245564194
24.49,42.3017246050901
24.4972024326517,42.3017247617837
24.5,42.3017248226724
24.5094404865303,42.3017250282499
24.51,42.3017250404391
24.5188809730607,42.3017252339932
24.52,42.3017252583918
24.528321459591,42.3017254399013
24.53,42.3017254765294
24.5377619461214,42.3017256459738
24.54,42.3017256948515
24.5472024326517,42.301725852211
24.55,42.3017259133584
24.5594404865303,42.3017261198092
24.56,42.3017261320502
24.5688809730607,42.3017263264259
24.57,42.3017263509281
24.578321459591,42.3017265332077
24.58,42.3017265699912
24.5877619461214,42.3017267401543
24.59,42.3017267892392
24.5972024326517,42.3017269472658
24.6,42.3017270086723
24.6094404865303,42.3017272159976
24.61,42.3017272282905
24.6188809730607,42.3017274234887
24.62,42.3017274480945
24.628321459591,42.3017276311448
24.63,42.3017276680837
24.6377619461214,42.3017278389656
24.64,42.3017278882578
24.6472024326517,42.3017280469513
24.65,42.3017281086169
24.6594404865304,42.3017283168164
24.66,42.301728329161
24.6688809730607,42.3017285251814
24.67,42.3017285498908
24.678321459591,42.3017287337114
24.68,42.3017287708057
24.6877619461214,42.3017289424063
24.69,42.3017289919057
24.6972024326517,42.3017291512662
24.7,42.3017292131909
24.7094404865303,42.3017294222649
24.71,42.3017294346614
24.7188809730607,42.3017296315047
24.72,42.3017296563178
24.728321459591,42.3017298409098
24.73,42.3017298781598
24.7377619461214,42.3017300504803
24.74,42.3017301001874
24.7472024326517,42.3017302602163
24.75,42.3017303224007
24.7594404865303,42.3017305323508
24.76,42.3017305447992
24.7661088440306,42.3017306807496
24.77,42.3017307673817
24.7754741684339,42.3017308893049
24.78,42.3017309901478
24.7848394928371,42.3017310980212
24.79,42.3017312130975
24.7942048172404,42.3017313068986
24.8,42.3017314362307
24.8093653244033,42.3017316453687
24.81,42.3017316595475
24.8187306488065,42.3017318546673
24.82,42.3017318830475
24.8280959732098,42.3017320641268
24.83,42.3017321067308
24.837461297613,42.3017322737471
24.84,42.3017323305976
24.8468266220163,42.3017324835283
24.85,42.3017325546477
24.8593653244033,42.3017327646442
24.86,42.3017327788812
24.8687306488065,42.3017329748013
24.87,42.3017330032978
24.8780959732098,42.3017331851192
24.88,42.3017332278978
24.887461297613,42.3017333955982
24.89,42.3017334526814
24.8968266220163,42.3017336062382
24.9,42.3017336776488
24.9093653244033,42.3017338885045
24.91,42.3017339027997
24.9187306488065,42.3017340995208
24.92,42.3017341281337
24.9280959732098,42.301734310698
24.93,42.3017343536513
24.937461297613,42.3017345220365
24.94,42.3017345793528
24.9468266220163,42.3017347335363
24.95,42.3017348052383
24.9559740866068,42.3017349402717
24.96,42.3017350313065
24.9619481732136,42.3017350753695
24.9679222598205,42.3017352105314
24.97,42.3017352575546
24.9738963464273,42.3017353457572
24.9798704330341,42.3017354810472
24.98,42.3017354839821
24.9878906582988,42.301735662775
24.99,42.301735710589
24.9978906582988,42.3017358895237
25,42.3017359373758
25.01,42.3017361643426
25.02,42.3017363914878
25.02,42.3017363914878
25.03,42.3017366188113
25.03,42.3017366188113
25.0349124601877,42.3017367305483
25.0398249203754,42.3017368423283
25.04,42.3017368463129
25.044737380563,42.3017369541511
25.0496498407507,42.3017370660171
25.05,42.3017370739926
25.0544342023552,42.3017371750072
25.0588684047104,42.3017372760557
25.06,42.3017373018484
25.0633026070656,42.301737377138
25.0654001936306,42.3017374249665
25.0674977801955,42.3017374728025
25.0689681593833,42.3017375063391
25.07,42.3017375298754
25.0729084396256,42.3017375962252
25.0758168792513,42.3017376625865
25.08,42.3017377580512
25.080213308386,42.3017377629198
25.086451890605,42.3017379053342
25.09,42.3017379863511
25.096451890605,42.3017381337098
25.1,42.301738214768
25.11,42.3017384433011
25.11,42.3017384433011
25.12,42.301738671947
25.12,42.301738671947
25.13,42.3017389006986
25.13,42.3017389006986
25.14,42.3017391295485
25.14,42.3017391295485
25.15,42.3017393584943
25.16,42.301739587535
25.16,42.301739587535
25.17,42.30173981667
25.17,42.30173981667
25.18,42.3017400458966
25.18,42.3017400458966
25.19,42.3017402752122
25.19,42.3017402752122
25.2,42.3017405046159
25.2034183069883,42.301740583053
25.2068366139767,42.3017406614997
25.21,42.3017407341044
25.2151588711575,42.3017408525253
25.22,42.3017409636713
25.221071003608,42.3017409882624
25.2228446433431,42.3017410289881
25.2246182830783,42.3017410697152
25.2261029373754,42.3017411038074
25.2275875916726,42.3017411379001
25.23,42.3017411932983
25.2319312525146,42.3017412376482
25.2362749133566,42.3017413374003
25.24,42.3017414229495
25.2406185741985,42.3017414371557
25.2481006703741,42.3017416089927
25.25,42.3017416526146
25.2574820961756,42.3017418244593
25.26,42.3017418822903
25.2674820961756,42.3017420541419
25.27,42.3017421119757
25.2704820961756,42.3017421230492
25.2734820961756,42.301742191958
25.2777384218618,42.3017422897276
25.28,42.301742341679
25.281994747548,42.3017423875022
25.2885989853977,42.3017425392231
25.29,42.3017425714108
25.2952032232474,42.3017426909583
25.3,42.3017428011761
25.3066042378497,42.3017429529379
25.31,42.3017430309761
25.3132084756995,42.3017431047137
25.32,42.3017432608083
25.3232084756995,42.3017433345556
25.33,42.3017434906681
25.3332084756995,42.3017435644223
25.34,42.3017437205471
25.3432084756995,42.3017437943068
25.35,42.3017439504434
25.36,42.3017441803558
25.36,42.3017441803558
25.37,42.3017444102828
25.37,42.3017444102828
25.38,42.301744640226
25.38,42.301744640226
25.39,42.3017448701869
25.39,42.3017448701869
25.4,42.3017451001662
25.4034133220205,42.3017451786694
25.4068266440409,42.3017452571736
25.41,42.3017453301592
25.4150360611071,42.301745445987
25.42,42.3017455601575
25.4250360611071,42.3017456759856
25.43,42.3017457901527
25.4350360611071,42.301745905973
25.44,42.3017460201292
25.4450360611071,42.3017461359378
25.45,42.3017462500826
25.46,42.3017464800167
25.47,42.3017467099345
25.47,42.3017467099345
25.48,42.3017469398423
25.48,42.3017469398423
25.49,42.3017471697436
25.49,42.3017471697436
25.5,42.3017473996403
25.5024941974084,42.3017474569799
25.5049883948168,42.3017475143173
25.5087292485435,42.3017476003075
25.51,42.3017476295163
25.5166471148523,42.3017477822888
25.52,42.3017478593406
25.5266471148523,42.3017480120784
25.53,42.3017480891128
25.5366471148523,42.3017482418154
25.54,42.3017483188317
25.5466471148523,42.3017484714983
25.55,42.3017485484963
25.56,42.3017487781055
25.57,42.3017490076511
25.57,42.3017490076511
25.58,42.3017492371323
25.58,42.3017492371323
25.59,42.301749466548
25.59,42.301749466548
25.6,42.3017496958974
25.61,42.3017499251794
25.61,42.3017499251794
25.62,42.3017501543924
25.62,42.3017501543924
25.63,42.3017503835356
25.63,42.3017503835356
25.64,42.3017506126084
25.64,42.3017506126084
25.65,42.3017508416105
25.6555232435981,42.3017509680612
25.66,42.3017510705325
25.6610464871961,42.3017510944834
25.6692216322507,42.3017512815519
25.67,42.3017512993596
25.6792216322507,42.3017515102896
25.68,42.3017515280901
25.6892216322507,42.3017517389381
25.69,42.301751756732
25.6992216322508,42.3017519675021
25.7,42.3017519852894
25.71,42.3017522137625
25.7174839459917,42.3017523846789
25.72,42.301752442126
25.7274839459917,42.3017526129595
25.73,42.3017526703799
25.7374839459917,42.3017528411375
25.74,42.301752898534
25.7404839459917,42.3017529095732
25.7434839459917,42.3017529780004
25.75,42.3017531265911
25.7513694688401,42.3017531578147
25.7527389376802,42.3017531890382
25.7541084065202,42.3017532202624
25.7562109308456,42.3017532682027
25.7593439867072,42.3017533396458
25.76,42.3017533546057
25.7651125068561,42.3017534712024
25.7681125068561,42.3017535396309
25.77,42.3017535826873
25.7735692970594,42.3017536641142
25.7771385941187,42.3017537455488
25.78,42.3017538108366
25.7807078911781,42.3017538269887
25.7835763925728,42.3017538924397
25.7864448939675,42.3017539578867
25.79,42.3017540389858
25.790687833534,42.3017540546743
25.7962823441817,42.301754182241
25.8,42.3017542669688
25.8055945106477,42.3017543943959
25.8079123369789,42.301754447161
25.81,42.3017544946715
25.8102301633101,42.3017544999086
25.8105068881245,42.3017545062049
25.8107836129388,42.301754512501
25.8121672370108,42.3017545439776
25.815686930083,42.3017546240192
25.8192066231552,42.3017547040184
25.82,42.3017547220451
25.8208249386,42.3017547407867
25.8224432540449,42.3017547775461
25.8251446980987,42.3017548388881
25.8278461421524,42.3017549002046
25.83,42.3017549490738
25.8395515500563,42.3017551655939
25.84,42.3017551757517
25.8463669500318,42.301755319893
25.85,42.3017554020796
25.8568153999755,42.3017555561363
25.86,42.3017556280659
25.863630799951,42.3017557100304
25.87,42.3017558537052
25.8704461999264,42.3017558637653
25.8786764361339,42.3017560492011
25.88,42.3017560790004
25.8886764361339,42.301756274194
25.89,42.3017563039479
25.8986764361339,42.3017564988493
25.9,42.3017565285594
25.91,42.3017567528432
25.91,42.3017567528432
25.92,42.3017569767788
25.92,42.3017569767788
25.93,42.3017572003662
25.93,42.3017572003662
25.94,42.3017574236054
25.94,42.3017574236054
25.95,42.3017576464966
25.96,42.3017578690399
25.97,42.3017580912358
25.97,42.3017580912358
25.98,42.3017583130846
25.98,42.3017583130846
25.99,42.3017585345864
25.99,42.3017585345864
26,42.301758755741
26.01,42.3017589765493
26.02,42.3017591970127
26.02,42.3017591970127
26.03,42.301759417132
26.03,42.301759417132
26.04,42.3017596369071
26.04,42.3017596369071
26.05,42.3017598563381
26.06,42.3017600754251
26.07,42.301760294169
26.07,42.301760294169
26.08,42.3017605125699
26.08,42.3017605125699
26.09,42.3017607306278
26.09,42.3017607306278
26.1,42.3017609483426
26.11,42.3017611657144
26.11,42.3017611657144
26.12,42.3017613827438
26.12,42.3017613827438
26.13,42.3017615994311
26.13,42.3017615994311
26.14,42.3017618157761
26.14,42.3017618157761
26.15,42.3017620317786
26.16,42.3017622474379
26.16,42.3017622474379
26.17,42.3017624627526
26.17,42.3017624627526
26.18,42.3017626777218
26.18,42.3017626777218
26.19,42.3017628923452
26.19,42.3017628923452
26.2,42.3017631066226
26.21,42.301763320554
26.22,42.3017635341399
26.22,42.30176353414
26.23,42.3017637473806
26.23,42.3017637473806
26.24,42.3017639602759
26.24,42.3017639602759
26.25,42.3017641728255
26.26,42.3017643850297
26.27,42.3017645968889
26.27,42.3017645968889
26.28,42.3017648084032
26.28,42.3017648084032
26.29,42.3017650195727
26.29,42.3017650195727
26.3,42.301765230397
26.31,42.3017654408766
26.32,42.3017656510129
26.32,42.301765651013
26.33,42.3017658608066
26.33,42.3017658608067
26.34,42.3017660702576
26.34,42.3017660702577
26.35,42.3017662793659
26.36,42.3017664881313
26.36,42.3017664881313
26.37,42.3017666965546
26.37,42.3017666965546
26.38,42.3017669046359
26.38,42.3017669046359
26.39,42.3017671123752
26.39,42.3017671123752
26.4,42.3017673197723
26.41,42.3017675268273
26.41,42.3017675268273
26.42,42.3017677335407
26.42,42.3017677335407
26.43,42.3017679399128
26.43,42.3017679399128
26.44,42.3017681459436
26.44,42.3017681459436
26.45,42.3017683516328
26.46,42.301768556981
26.47,42.3017687619896
26.47,42.3017687619897
26.48,42.3017689666596
26.48,42.3017689666596
26.49,42.3017691709909
26.49,42.3017691709909
26.5,42.3017693749833
26.5029125979953,42.3017694343343
26.5058251959906,42.3017694936562
26.51,42.3017695786346
26.5110449657303,42.3017695998954
26.52,42.3017697819368
26.5210449657303,42.3017698031609
26.53,42.3017699848862
26.5310449657303,42.3017700060732
26.54,42.3017701874813
26.5410449657303,42.3017702086313
26.55,42.3017703897218
26.5531358268099,42.3017704530677
26.5562716536198,42.3017705163787
26.56,42.3017705916076
26.5625584081389,42.301770643202
26.57,42.3017707931476
26.5725584081389,42.3017708446552
26.58,42.3017709943494
26.5825584081389,42.3017710457708
26.59,42.3017711952143
26.5925584081389,42.3017712465495
26.6,42.3017713957424
26.61,42.3017715959317
26.61,42.3017715959317
26.62,42.3017717957796
26.62,42.3017717957796
26.63,42.301771995287
26.63,42.301771995287
26.64,42.3017721944539
26.64,42.3017721944539
26.65,42.3017723932803
26.66,42.3017725917661
26.66,42.3017725917661
26.67,42.3017727899118
26.67,42.3017727899118
26.68,42.3017729877177
26.68,42.3017729877177
26.69,42.3017731851836
26.69,42.3017731851836
26.7,42.3017733823094
26.71,42.3017735790951
26.72,42.3017737755414
26.72,42.3017737755414
26.73,42.3017739716485
26.73,42.3017739716485
26.74,42.3017741674163
26.74,42.3017741674163
26.75,42.3017743628447
26.76,42.301774557934
26.77,42.3017747526858
26.77,42.3017747526858
26.78,42.3017749471009
26.78,42.3017749471009
26.79,42.3017751411793
26.79,42.3017751411793
26.8,42.301775334921
26.81,42.3017755283259
26.82,42.3017757213946
26.82,42.3017757213946
26.83,42.3017759141274
26.83,42.3017759141274
26.84,42.3017761065242
26.84,42.3017761065242
26.85,42.3017762985848
26.86,42.3017764903092
26.86,42.3017764903092
26.87,42.301776681698
26.87,42.301776681698
26.88,42.3017768727515
26.88,42.3017768727515
26.89,42.3017770634696
26.89,42.3017770634696
26.9,42.3017772538521
26.91,42.3017774438994
26.91,42.3017774438994
26.9175389968952,42.3017775869554
26.92,42.3017776336131
26.9275389968952,42.3017777764185
26.93,42.3017778229963
26.9375389968952,42.3017779655616
26.94,42.3017780120622
26.9475389968952,42.3017781543911
26.95,42.3017782008145
26.9535341474045,42.3017782674502
26.9570682948089,42.301778334044
26.96,42.3017783892539
26.9667701611611,42.3017785166375
26.9693394330888,42.3017785649412
26.97,42.3017785773569
26.9719087050166,42.3017786132236
26.9778018186283,42.3017787238846
26.98,42.3017787651318
26.98369493224,42.3017788344267
26.99,42.3017789525664
26.9935392580835,42.3017790188233
26.9941166333225,42.3017790296286
26.9946940085615,42.3017790404327
26.9952713838005,42.3017790512357
26.996199118114,42.3017790685916
26.9976185460722,42.3017790951403
27,42.301779139667
27.0038715769724,42.3017792120132
27.0085389876794,42.3017792991624
27.01,42.301779326427
27.0166873709943,42.3017794511301
27.02,42.3017795128486
27.0266873709943,42.301779637334
27.03,42.3017796989463
27.0366873709943,42.3017798232177
27.04,42.3017798847242
27.0466873709943,42.3017800087829
27.05,42.3017800701843
27.06,42.3017802553291
27.07,42.3017804401452
27.07,42.3017804401452
27.08,42.3017806246363
27.08,42.3017806246363
27.09,42.3017808088066
27.09,42.3017808088066
27.1,42.301780992662
27.11,42.3017811762118
27.11,42.3017811762118
27.1130247802054,42.3017812316731
27.1160495604107,42.301781287108
27.1168587567728,42.3017813019337
27.117667953135,42.3017813167575
27.1187779613588,42.3017813370891
27.12,42.3017813594693
27.1210096950542,42.3017813779579
27.1216540323019,42.3017813897553
27.1222983695497,42.3017814015519
27.1229427067975,42.3017814133476
27.1244461167192,42.3017814408672
27.1250695766457,42.3017814522784
27.1256930365721,42.301781463689
27.1261877110093,42.3017814727422
27.1273412551394,42.301781493852
27.12894798227,42.3017815232518
27.129564076022,42.301781534524
27.13,42.3017815424995
27.1301801697739,42.3017815457957
27.130670183963,42.3017815547603
27.1311601981521,42.3017815637245
27.1316502123411,42.3017815726883
27.1331476862009,42.3017816000788
27.1346451600606,42.3017816274651
27.1357877629396,42.3017816483583
27.1369303658187,42.301781669249
27.1374901390621,42.3017816794827
27.1378532111107,42.30178168612
27.1382162831592,42.3017816927571
27.1385793552078,42.3017816993939
27.1389290865806,42.3017817057866
27.1392788179534,42.3017817121791
27.1396285493262,42.3017817185714
27.14,42.3017817253603
27.1401637171036,42.3017817283525
27.140829687034,42.3017817405236
27.1419128550446,42.3017817603175
27.1426552413387,42.3017817738827
27.1430668731881,42.3017817814038
27.1434785050376,42.3017817889246
27.143890136887,42.3017817964452
27.1443398958981,42.3017818046619
27.1447896549091,42.3017818128784
27.1452394139202,42.3017818210944
27.1459192803161,42.3017818335134
27.146599146712,42.3017818459315
27.1472790131079,42.3017818583489
27.1481631902316,42.3017818744966
27.148869953671,42.3017818874033
27.1495767171103,42.301781900309
27.15,42.3017819080378
27.1508881536127,42.3017819242537
27.1517763072253,42.3017819404681
27.152664460838,42.3017819566812
27.1535526144507,42.3017819728929
27.1541936295159,42.3017819845927
27.1548346445811,42.3017819962918
27.1556835562824,42.3017820117842
27.1565324679836,42.3017820272754
27.1573813796849,42.3017820427654
27.1582302913862,42.3017820582541
27.1590792030874,42.3017820737415
27.1597346005173,42.3017820856977
27.16,42.3017820905391
27.1603899979471,42.3017820976531
27.1607831190002,42.3017821048239
27.1611762400533,42.3017821119945
27.1614876516867,42.3017821176745
27.1617301090552,42.3017821220967
27.1620278658835,42.3017821275274
27.1623256227117,42.301782132958
27.16262337954,42.3017821383884
27.1629211363683,42.3017821438187
27.1637527567748,42.3017821589842
27.1651290097731,42.3017821840791
27.1670440044803,42.3017822189911
27.1689589991874,42.3017822538952
27.17,42.3017822728658
27.1703697433191,42.3017822796031
27.1707929665586,42.3017822873145
27.1712161897981,42.3017822950255
27.1715021728337,42.3017823002357
27.1717881558693,42.3017823054458
27.1732180710471,42.3017823314926
27.1757374750023,42.301782377371
27.1767568147369,42.3017823959279
27.1773846582824,42.301782407356
27.1775730113461,42.3017824107843
27.1777613644097,42.3017824142124
27.178609184398,42.3017824296417
27.18,42.3017824549479
27.1820813044589,42.3017824928061
27.187768362147,42.3017825961804
27.19,42.3017826367158
27.1934554198351,42.3017826994463
27.1991424775232,42.3017828026038
27.2,42.301782818149
27.2056870576881,42.3017829211793
27.21,42.3017829992407
27.2113741153762,42.3017830240978
27.2170611730643,42.3017831269055
27.22,42.3017831799887
27.2253674631394,42.3017832768627
27.23,42.301783360395
27.2353674631394,42.3017834570887
27.24,42.3017835404662
27.2453674631394,42.3017836369807
27.25,42.3017837202035
27.26,42.3017838996053
27.27,42.3017840786622
27.27,42.3017840786622
27.28,42.3017842573742
27.28,42.3017842573742
27.29,42.3017844357414
27.29,42.3017844357414
27.3,42.3017846137636
27.3025341058033,42.3017846588215
27.3050682116067,42.3017847038575
27.3089829922509,42.3017847733869
27.31,42.3017847914409
27.3174719664629,42.3017849239709
27.32,42.3017849687666
27.3259609406749,42.3017850743037
27.33,42.3017851457448
27.334449914887,42.3017852243861
27.34,42.3017853223731
27.342938889099,42.3017853742149
27.35,42.3017854986473
27.358488974212,42.3017856480043
27.36,42.3017856745622
27.3669779484241,42.3017857971001
27.37,42.3017858501162
27.3754669226361,42.3017859459412
27.38,42.3017860253186
27.3839558968482,42.3017860945296
27.39,42.3017862001687
27.3924448710602,42.3017862428633
27.4,42.3017863746632
27.408488974212,42.3017865225089
27.41,42.3017865487979
27.4169779484241,42.3017866700937
27.42,42.3017867225719
27.4254669226361,42.3017868174235
27.43,42.3017868959937
27.4339558968482,42.3017869645002
27.44,42.3017870690626
27.4424448710602,42.3017871113216
27.45,42.3017872417756
27.4525850143645,42.3017872863638
27.455170028729,42.3017873309277
27.4593606721712,42.3017874031205
27.46,42.3017874141288
27.4688245078193,42.3017875659276
27.47,42.3017875861283
27.4782883434674,42.3017877284297
27.48,42.3017877577884
27.4877521791155,42.3017878906317
27.49,42.3017879291135
27.4972160147636,42.3017880525333
27.5,42.301788100103
27.5094638356481,42.3017882616152
27.51,42.3017882707563
27.5189276712962,42.3017884228178
27.52,42.3017884410643
27.5283915069443,42.3017885837176
27.53,42.3017886110349
27.5378553425924,42.3017887443178
27.54,42.3017887806708
27.5473191782405,42.3017889046174
27.55,42.301788949971
27.5594638356481,42.3017891098845
27.56,42.301789118935
27.5689276712962,42.3017892694897
27.57,42.3017892875552
27.5783915069443,42.3017894287933
27.58,42.3017894558394
27.5878553425924,42.3017895877984
27.59,42.3017896237902
27.5973191782405,42.3017897465042
27.6,42.3017897914065
27.6022433821696,42.301789828964
27.6044867643393,42.3017898665045
27.6076776664287,42.3017899198708
27.61,42.3017899586885
27.6137225093852,42.30179002087
27.6171445774956,42.3017900779902
27.62,42.3017901256202
27.620566645606,42.3017901350686
27.6298346195239,42.3017902894413
27.63,42.3017902921932
27.6367853166786,42.3017904050116
27.64,42.3017904584039
27.6406614085165,42.3017904693848
27.6410630574447,42.3017904760522
27.641291333345,42.3017904798414
27.6415196092454,42.3017904836304
27.6419119533907,42.3017904901422
27.6424107010779,42.3017904984192
27.6431414292435,42.3017905105444
27.6443673397782,42.301790530882
27.6477191096141,42.3017905864592
27.65,42.3017906242563
27.6553783800533,42.3017907133078
27.66,42.3017907897457
27.6633489751866,42.3017908450869
27.67,42.3017909548748
27.6733489751866,42.3017910100962
27.68,42.3017911196468
27.6833489751866,42.301791174749
27.69,42.3017912840635
27.6933489751866,42.3017913390471
27.7,42.3017914481268
27.71,42.3017916118387
27.72,42.3017917752013
27.72,42.3017917752013
27.73,42.3017919382191
27.73,42.3017919382191
27.74,42.3017921008981
27.74,42.3017921008981
27.743,42.3017921496367
27.746,42.3017921983458
27.7483305188913,42.3017922361646
27.7489326958549,42.3017922459336
27.7495348728186,42.3017922557015
27.75,42.3017922632455
27.7513487110039,42.3017922851172
27.7535607925536,42.3017923209808
27.7563598330691,42.3017923663478
27.7571995452238,42.3017923799558
27.7576799274488,42.3017923877402
27.7581603096738,42.3017923955244
27.7586406918989,42.3017924033084
27.7591210741239,42.301792411092
27.7599973596969,42.3017924252898
27.76,42.3017924253325
27.7615977988924,42.3017924512171
27.7631982380879,42.3017924771397
27.765244099483,42.3017925102688
27.7660072500017,42.3017925226242
27.7667704005204,42.301792534978
27.7673224714862,42.301792543914
27.767874542452,42.3017925528493
27.7685674008282,42.3017925640623
27.77,42.3017925872441
27.7703815429031,42.3017925934175
27.7709158367818,42.301792602062
27.7714501306605,42.3017926107062
27.7719844245391,42.3017926193499
27.7723763230613,42.3017926256897
27.7728488343029,42.3017926333333
27.7737813542582,42.301792648417
27.7753778519542,42.3017926742368
27.775994128364,42.3017926842022
27.7766104047739,42.3017926941668
27.7772266811837,42.3017927041306
27.7778429575935,42.3017927140936
27.7784592340033,42.3017927240558
27.7789877059008,42.3017927325982
27.7795161777984,42.3017927411401
27.7798966501179,42.3017927472896
27.78,42.30179274896
27.7801970097687,42.3017927521441
27.7804973694195,42.3017927569985
27.7807977290702,42.3017927618527
27.7812860326015,42.301792769744
27.7821138500747,42.301792783121
27.7829416675479,42.3017927964968
27.7837694850211,42.3017928098712
27.7845973024943,42.3017928232441
27.785222902477,42.3017928333495
27.7858485024598,42.3017928434542
27.7864741024426,42.3017928535583
27.7870997024254,42.3017928636617
27.7877253024081,42.3017928737645
27.7883509023909,42.3017928838667
27.7889765023737,42.3017928939682
27.7896021023565,42.3017929040689
27.79,42.3017929104929
27.7902277023392,42.301792914169
27.7910461624891,42.3017929273815
27.791583142001,42.3017929360494
27.792120121513,42.3017929447168
27.792657101025,42.3017929533836
27.7933560526757,42.3017929646641
27.7940206763722,42.3017929753898
27.7946853000686,42.3017929861148
27.795349923765,42.301792996839
27.7960145474614,42.3017930075625
27.7966791711578,42.3017930182852
27.7973027304297,42.3017930283446
27.7979262897016,42.3017930384034
27.7985498489734,42.3017930484615
27.7991734082453,42.301793058519
27.7999964720806,42.3017930717934
27.8,42.3017930718503
27.8006422145239,42.3017930822072
27.8012844290477,42.3017930925635
27.8019266435716,42.3017931029191
27.8024241899094,42.3017931109414
27.8031595297026,42.3017931227971
27.8038948694958,42.3017931346519
27.8044514151718,42.3017931436237
27.8048913832486,42.3017931507159
27.8054793552055,42.3017931601933
27.8064169791978,42.3017931753057
27.8071476480314,42.3017931870815
27.807878316865,42.3017931988564
27.8084296148624,42.3017932077402
27.8089809128597,42.3017932166235
27.8095477850512,42.3017932257572
27.81,42.3017932330432
27.8101146572426,42.3017932348905
27.8106815294341,42.3017932440232
27.8111052553721,42.3017932508494
27.8116909414593,42.3017932602844
27.8127169722945,42.3017932768117
27.8134361059034,42.3017932883947
27.8141552395123,42.3017932999768
27.8147231764215,42.3017933091233
27.8152911133306,42.3017933182693
27.8157751247655,42.3017933260633
27.8162591362004,42.301793333857
27.8167431476352,42.3017933416504
27.8172271590701,42.3017933494435
27.817711170505,42.3017933572362
27.818494224885,42.3017933698428
27.819277279265,42.3017933824486
27.8199020316389,42.3017933925054
27.82,42.3017933940824
27.8203708966813,42.3017934000524
27.8209692976322,42.3017934096841
27.8217006613284,42.3017934214552
27.8224320250245,42.3017934332256
27.822945754427,42.3017934414929
27.8234594838295,42.3017934497599
27.8239732132319,42.3017934580266
27.8249290588868,42.3017934734065
27.8256455548882,42.3017934849344
27.8262147951419,42.3017934940926
27.8267840353957,42.3017935032503
27.8275189720518,42.3017935150731
27.8281403005588,42.3017935250677
27.8287616290658,42.3017935350618
27.8293829575728,42.3017935450553
27.83,42.3017935549795
27.8300042860798,42.3017935550484
27.8306256145868,42.3017935650409
27.8312310329359,42.3017935747771
27.8318364512849,42.3017935845129
27.8324418696339,42.3017935942481
27.8330472879829,42.3017936039829
27.8338991745771,42.30179361768
27.8347510611713,42.3017936313761
27.8354133541788,42.3017936420235
27.8360756471864,42.3017936526702
27.8369321381023,42.3017936664381
27.8377886290182,42.301793680205
27.8384418349755,42.3017936907038
27.8390950409328,42.3017937012021
27.8399880471662,42.3017937155536
27.84,42.3017937157457
27.8408810533996,42.3017937299041
27.841591119721,42.3017937413142
27.8423011860424,42.3017937527236
27.8433541331004,42.3017937696414
27.8444070801584,42.3017937865579
27.8451537647242,42.3017937985533
27.8460777297527,42.3017938133957
27.8472304120921,42.3017938319109
27.8480459493807,42.3017938450097
27.8488614866694,42.3017938581078
27.8498044990857,42.3017938732522
27.85,42.3017938763918
27.8509430124164,42.3017938915351
27.8518860248327,42.3017939066774
27.8528832618841,42.3017939226894
27.8538804989354,42.3017939387003
27.8548777359868,42.3017939547101
27.8559379002633,42.301793971729
27.8569980645398,42.3017939887467
27.8580582288162,42.3017940057633
27.8592451212451,42.3017940248126
27.86,42.3017940369274
27.8604320136739,42.3017940438604
27.8616189061028,42.3017940629068
27.86315850073,42.301794087611
27.8643225604678,42.3017941062878
27.8656775293944,42.301794128026
27.8670324983209,42.3017941497623
27.8683874672474,42.3017941714969
27.8697424361739,42.3017941932296
27.87,42.3017941973606
27.8710974051004,42.3017942149606
27.8715453613425,42.3017942221445
27.8719933175846,42.3017942293283
27.8724412738266,42.3017942365118
27.8728892300687,42.3017942436951
27.8732267084979,42.3017942491067
27.8740700326373,42.3017942626293
27.875723980712,42.3017942891485
27.8773779287867,42.3017943156657
27.8790318768613,42.3017943421808
27.88,42.3017943577004
27.880685824936,42.3017943686942
27.881082135248,42.301794375047
27.88147844556,42.3017943813996
27.8817780226411,42.3017943862016
27.8822563804331,42.3017943938692
27.8825956522637,42.3017943993073
27.8834021738629,42.3017944122347
27.8853327408117,42.3017944431776
27.8872633077604,42.3017944741191
27.8891938747092,42.3017945050596
27.89,42.3017945179788
27.8921851330167,42.3017945529977
27.8951763913242,42.3017946009341
27.8981676496317,42.3017946488692
27.9,42.3017946782322
27.9059578639583,42.3017947737037
27.91,42.301794838475
27.9119157279166,42.3017948691722
27.92,42.3017949987104
27.9216595313281,42.3017950253014
27.93,42.3017951589415
27.9314033347396,42.3017951814272
27.94,42.3017953191735
27.9411471381512,42.3017953375547
27.95,42.3017954794129
27.9597438034115,42.3017956355609
27.96,42.3017956396668
27.9694876068231,42.3017957917286
27.97,42.3017957999413
27.9792314102346,42.3017959479143
27.98,42.3017959602348
27.9889752136461,42.301796104119
27.99,42.3017961205486
27.9987190170576,42.3017962603472
28,42.3017962808876
28.0097438034115,42.3017964371444
28.01,42.3017964412534
28.0194876068231,42.3017965934442
28.02,42.3017966016645
28.0292314102346,42.3017967497819
28.03,42.3017967621151
28.0389752136461,42.3017969061561
28.04,42.3017969226045
28.0487190170576,42.3017970625705
28.05,42.3017970831367
28.0597438034115,42.3017972395978
28.06,42.3017972437124
28.0694876068231,42.3017973961215
28.07,42.301797404354
28.0792314102346,42.3017975527009
28.08,42.3017975650539
28.0889752136461,42.3017977093342
28.09,42.3017977258108
28.0987190170576,42.3017978660255
28.1,42.3017978866292
28.1097438034115,42.3017980433865
28.11,42.301798047509
28.1194876068231,42.3017982002247
28.12,42.3017982084742
28.1292314102346,42.301798357135
28.13,42.3017983695147
28.1389752136461,42.3017985141139
28.14,42.3017985306277
28.1487190170576,42.3017986711645
28.15,42.3017986918166
28.1597438034115,42.3017988489475
28.16,42.3017988530803
28.1694876068231,42.3017990061725
28.17,42.3017990144427
28.1792314102346,42.3017991634801
28.18,42.3017991758915
28.1889752136461,42.3017993208647
28.19,42.3017993374216
28.1987190170576,42.3017994783281
28.2,42.3017994990349
28.2097438034115,42.3017996565847
28.21,42.3017996607285
28.2194876068231,42.3017998142336
28.22,42.3017998225262
28.2292314102346,42.3017999719689
28.23,42.3017999844142
28.2389752136461,42.3018001297845
28.24,42.3018001463869
28.2487190170576,42.3018002876818
28.25,42.3018003084458
28.2597438034115,42.3018004664324
28.26,42.3018004705877
28.2694876068231,42.3018006245203
28.27,42.3018006328361
28.2792314102346,42.3018007826968
28.28,42.301800795177
28.2889752136461,42.3018009409555
28.29,42.3018009576046
28.2987190170576,42.3018010992975
28.3,42.3018011201201
28.3097438034115,42.3018012785529
28.31,42.30180128272
28.3194876068231,42.3018014370874
28.32,42.3018014454266
28.3292314102346,42.3018015957105
28.33,42.3018016082259
28.3389752136461,42.3018017544159
28.34,42.301801771112
28.3487190170576,42.3018019132043
28.35,42.3018019340856
28.3597438034115,42.3018020929644
28.36,42.3018020971432
28.3694876068231,42.3018022519434
28.37,42.301802260306
28.3792314102346,42.3018024110091
28.38,42.3018024235594
28.3889752136461,42.3018025701542
28.39,42.3018025868963
28.3987190170576,42.3018027293781
28.4,42.3018027503163
28.4097438034115,42.3018029096249
28.41,42.3018029138149
28.4194876068231,42.3018030690268
28.42,42.3018030774114
28.4292314102346,42.3018032285088
28.43,42.3018032410917
28.4389752136461,42.3018033880639
28.44,42.3018034048488
28.4487190170576,42.3018035476916
28.45,42.3018035686824
28.4597438034115,42.3018037283874
28.46,42.3018037325877
28.4694876068231,42.301803888177
28.47,42.3018038965819
28.4792314102346,42.3018040480387
28.48,42.3018040606511
28.4889752136461,42.301804207965
28.49,42.3018042247885
28.4987190170576,42.3018043679543
28.5,42.3018043889918
28.5097438034115,42.3018045490451
28.51,42.3018045532544
28.5194876068231,42.3018047091674
28.52,42.3018047175893
28.5292314102346,42.301804869344
28.53,42.3018048819805
28.5389752136461,42.301805029565
28.54,42.3018050464183
28.5487190170576,42.3018051898267
28.55,42.3018052108984
28.5597438034115,42.3018053711979
28.56,42.3018053754133
28.5694876068231,42.3018055315428
28.57,42.3018055399757
28.5792314102346,42.3018056919189
28.58,42.3018057045702
28.5889752136461,42.3018058523171
28.59,42.3018058691877
28.5987190170576,42.3018060127344
28.6,42.3018060338249
28.6097438034115,42.3018061942568
28.61,42.3018061984755
28.6194876068231,42.3018063547163
28.62,42.3018063631548
28.6292314102346,42.301806515191
28.63,42.3018065278495
28.6389752136461,42.3018066756745
28.64,42.3018066925533
28.6487190170576,42.3018068361662
28.65,42.3018068572658
28.6597438034115,42.3018070177624
28.66,42.3018070219827
28.6694876068231,42.3018071782798
28.67,42.3018071867211
28.6792314102346,42.3018073388059
28.68,42.3018073514682
28.6889752136461,42.3018074993349
28.69,42.3018075162182
28.6987190170576,42.3018076598669
28.7,42.3018076809715
28.7097438034115,42.3018078415033
28.71,42.3018078457244
28.7194876068231,42.3018080020534
28.72,42.3018080104964
28.7292314102346,42.3018081626102
28.73,42.3018081752747
28.7389752136461,42.3018083231679
28.74,42.3018083400541
28.7487190170576,42.3018084837268
28.75,42.3018085048348
28.7597438034115,42.301808665392
28.76,42.3018086696138
28.7694876068231,42.3018088259661
28.77,42.3018088344103
28.7792314102346,42.301808986546
28.78,42.3018089992123
28.7889752136461,42.3018091471262
28.79,42.3018091640148
28.7987190170576,42.3018093077079
28.8,42.3018093288188
28.8097438034115,42.3018094894
28.81,42.3018094936224
28.812666944435,42.301809537578
28.8155900854584,42.3018095857568
28.8185132264819,42.3018096339365
28.82,42.3018096584422
28.8214363675054,42.3018096821173
28.8243595085288,42.3018097302987
28.8272826495523,42.301809778481
28.83,42.3018098232722
28.8302057905757,42.3018098266644
28.8343402917903,42.3018098948167
28.8384747930049,42.3018099629709
28.84,42.3018099881133
28.8443679980694,42.3018100601193
28.85,42.3018101529625
28.8517679615193,42.3018101821074
28.8535359230386,42.3018102112527
28.8577556008113,42.3018102808162
28.86,42.3018103178169
28.861975278584,42.3018103503812
28.8661949563566,42.3018104199465
28.87,42.3018104826767
28.8719174372014,42.301810514288
28.8776399180462,42.3018106086299
28.88,42.3018106475388
28.883362398891,42.3018107029724
28.89,42.3018108124004
28.891777481711,42.3018108417037
28.9,42.3018109772564
28.90841508282,42.3018111159797
28.91,42.3018111421067
28.910939607666,42.3018111575958
28.913464132512,42.3018111992112
28.9182095378147,42.301811277435
28.92,42.3018113069486
28.9251024221049,42.3018113910545
28.927170287392,42.3018114251385
28.9292381526791,42.3018114592215
28.93,42.3018114717784
28.9313060179661,42.3018114933041
28.9327709343773,42.3018115174483
28.9342358507884,42.301811541592
28.9361786130022,42.3018115736103
28.9381213752159,42.3018116056277
28.94,42.3018116365872
28.9411455444234,42.3018116554652
28.9441697136308,42.3018117052998
28.9471938828383,42.3018117551313
28.95,42.3018118013668
28.9523796580639,42.3018118405734
28.9541359164044,42.3018118695075
28.9564750818038,42.3018119080429
28.9582197542232,42.3018119367831
28.96,42.3018119661078
28.9604432025874,42.3018119734082
28.9626666509516,42.3018120100309
28.9648900993157,42.3018120466512
28.9671135476799,42.3018120832691
28.9693369960441,42.3018121198845
28.97,42.3018121308023
28.9715604444083,42.3018121564974
28.9737838927724,42.3018121931075
28.9756141184395,42.3018122232408
28.9774443441066,42.3018122533725
28.9792745697736,42.3018122835023
28.98,42.3018122954441
28.9815118601174,42.301812320331
28.9837491504611,42.3018123571567
28.9865782495898,42.3018124037196
28.9894073487186,42.3018124502782
28.99,42.301812460031
28.9922364478473,42.3018124968327
28.995065546976,42.3018125433823
28.9978946461047,42.3018125899276
29,42.3018126245629
29.0007212558042,42.3018126364278
29.0014425116084,42.3018126482925
29.0021637674126,42.3018126601569
29.0033811589551,42.301812680182
29.0051651652578,42.3018127095263
29.0069491715604,42.3018127388691
29.0087331778631,42.3018127682105
29.01,42.3018127890448
29.0105171841657,42.3018127975502
29.0118443329108,42.3018128193755
29.0131714816558,42.3018128411999
29.0150739137708,42.3018128724833
29.0169763458858,42.301812903765
29.0188787780008,42.3018129350452
29.02,42.3018129534798
29.0207812101157,42.3018129663237
29.0226836422307,42.3018129976006
29.0257371837645,42.3018130477988
29.0287907252983,42.3018130979932
29.03,42.3018131178702
29.031844266832,42.3018131481836
29.0348978083658,42.3018131983697
29.0387022599841,42.3018132608918
29.04,42.3018132822174
29.0441902716774,42.301813351071
29.0496782833706,42.3018134412364
29.05,42.3018134465216
29.051543664805,42.3018134718806
29.0530873296099,42.3018134972387
29.0546309944149,42.3018135225957
29.0561746592198,42.3018135479517
29.0577183240248,42.3018135733068
29.0597604811486,42.3018136068482
29.06,42.3018136107821
29.0618026382725,42.301813640388
29.0638447953963,42.3018136739259
29.0658869525201,42.3018137074619
29.067929109644,42.3018137409961
29.07,42.3018137750005
29.0705634840742,42.3018137842527
29.0731978585044,42.3018138275064
29.0766810028677,42.3018138846915
29.08,42.301813939177
29.080164147231,42.3018139418716
29.0836472915944,42.3018139990467
29.0888985741334,42.301814085236
29.09,42.3018141033122
29.0941498566725,42.3018141714139
29.0994011392115,42.301814257579
29.1,42.3018142674045
29.1015395966097,42.3018142926641
29.1030791932194,42.3018143179226
29.1046187898291,42.3018143431801
29.1061583864388,42.3018143684366
29.1076979830484,42.301814393692
29.1097023492392,42.3018144265702
29.11,42.3018144314524
29.11170671543,42.3018144594467
29.1137110816208,42.3018144923213
29.1157154478116,42.3018145251941
29.1177198140023,42.3018145580653
29.12,42.3018145954578
29.1203557473686,42.3018146012915
29.1229916807349,42.3018146445149
29.1262281893624,42.3018146975824
29.1294646979899,42.3018147506457
29.13,42.3018147594217
29.1327012066174,42.3018148037048
29.138061460045,42.3018148915702
29.14,42.3018149233438
29.1445451319514,42.3018149978349
29.15,42.3018150872239
29.1517331506287,42.3018151156223
29.1534663012574,42.3018151440195
29.1555977073666,42.3018151789402
29.1577291134758,42.3018152138591
29.159860519585,42.3018152487763
29.16,42.3018152510613
29.1619919256942,42.3018152836918
29.1641233318033,42.3018153186052
29.1662547379125,42.3018153535167
29.1690350078525,42.3018153990537
29.17,42.3018154148582
29.1718152777924,42.3018154445877
29.175743969722,42.3018155089245
29.1796726616516,42.3018155732552
29.18,42.301815578615
29.1836013535811,42.30181563758
29.19,42.301815742332
29.1918766400211,42.3018157730512
29.2,42.3018159060089
29.2009,42.3018159207379
29.2018,42.3018159354667
29.2035780183736,42.3018159645636
29.2057796696687,42.3018160005917
29.2079813209639,42.3018160366182
29.21,42.3018160696491
29.210182972259,42.3018160726429
29.2123846235542,42.3018161086658
29.2145862748493,42.3018161446869
29.2167879261444,42.3018161807064
29.2198840051381,42.301816231356
29.22,42.3018162332535
29.2229800841318,42.3018162820021
29.2260761631255,42.3018163326445
29.2291722421192,42.3018163832831
29.23,42.3018163968211
29.2329408790423,42.3018164449171
29.2395805760245,42.3018165534913
29.24,42.3018165603492
29.2476719906091,42.3018166857782
29.25,42.3018167238329
29.2514732743286,42.3018167479138
29.2529465486573,42.3018167719937
29.2544198229859,42.3018167960722
29.2553832636905,42.3018168118176
29.2563467043951,42.3018168275625
29.2573101450998,42.3018168433069
29.2586087382895,42.3018168645274
29.2599073314792,42.3018168857469
29.26,42.3018168872611
29.2612059246689,42.3018169069655
29.2625045178586,42.301816928183
29.2634362353267,42.3018169434055
29.2643679527948,42.3018169586274
29.2652996702629,42.3018169738488
29.2667984952392,42.3018169983338
29.2678716619581,42.3018170158643
29.268944828677,42.3018170333941
29.27,42.3018170506291
29.2703415086717,42.3018170562071
29.2724067902402,42.3018170899385
29.2744720718088,42.301817123667
29.278100705429,42.3018171829195
29.28,42.3018172139297
29.2808418140314,42.3018172276733
29.2835829226338,42.3018172724216
29.2874569297524,42.3018173356552
29.29,42.3018173771586
29.291330936871,42.301817398878
29.2952049439897,42.3018174620902
29.3,42.3018175403171
29.3004400117567,42.3018175474947
29.3008800235134,42.3018175546722
29.3013200352701,42.3018175618496
29.3018853735541,42.301817571071
29.3025993495109,42.3018175827167
29.3036361194782,42.3018175996268
29.3043210727005,42.3018176107983
29.3050060259228,42.3018176219694
29.3056909791451,42.3018176331403
29.3066146695053,42.3018176482042
29.3075383598654,42.3018176632677
29.3086732973107,42.3018176817754
29.309808234756,42.3018177002824
29.31,42.3018177034094
29.3109431722013,42.3018177187887
29.3120781096466,42.3018177372943
29.3132130470919,42.301817755799
29.314576125554,42.3018177780226
29.3159392040161,42.3018178002452
29.3177065322634,42.3018178290569
29.3194738605107,42.301817857867
29.32,42.3018178664436
29.3219138220281,42.3018178976396
29.3243537835455,42.3018179374092
29.3274042603097,42.3018179871259
29.33,42.3018180294282
29.3304547370738,42.3018180368386
29.3346340417022,42.3018181049414
29.34,42.3018181923714
29.3405110319472,42.3018182006973
29.3484982711736,42.3018183308176
29.35,42.30181835528
29.3520982074258,42.3018183894577
29.3541964148516,42.3018184236341
29.3562946222774,42.3018184578091
29.3583928297032,42.3018184919828
29.36,42.3018185181582
29.360491037129,42.3018185261554
29.3625892445548,42.3018185603269
29.3654807721502,42.3018186074164
29.3683722997457,42.3018186545037
29.37,42.3018186810091
29.3712638273411,42.3018187015888
29.3756640722577,42.3018187732374
29.38,42.3018188438337
29.3812886550306,42.3018188648142
29.3869132378034,42.3018189563818
29.39,42.3018190066297
29.3942480879053,42.3018190757767
29.4,42.3018191693908
29.4066227756642,42.3018192771606
29.41,42.3018193321086
29.4132455513284,42.3018193849083
29.4198683269926,42.3018194926311
29.42,42.3018194947725
29.4227293967662,42.3018195391594
29.4255904665398,42.3018195856825
29.4284515363134,42.3018196322002
29.43,42.301819657374
29.4306952004805,42.3018196686755
29.4329388646475,42.3018197051473
29.4351825288146,42.3018197416156
29.4379210115532,42.3018197861218
29.44,42.3018198199063
29.4406594942917,42.3018198306227
29.4467353711355,42.3018199293382
29.45,42.3018199823686
29.450295116013,42.3018199871621
29.450590232026,42.3018199919555
29.450885348039,42.3018199967489
29.4512504626653,42.3018200026791
29.4517637478901,42.3018200110158
29.4523843702206,42.3018200210956
29.4530049925511,42.3018200311751
29.4538750216136,42.3018200453048
29.4547450506762,42.301820059434
29.4556150797387,42.3018200735627
29.4564851088013,42.3018200876909
29.4573551378638,42.3018201018186
29.4585160911373,42.3018201206698
29.4596770444108,42.3018201395201
29.46,42.3018201447638
29.4608379976843,42.3018201583697
29.4619989509577,42.3018201772185
29.4631599042312,42.3018201960665
29.4647818516398,42.3018202223974
29.4664037990485,42.3018202487269
29.4680257464571,42.3018202750549
29.47,42.3018203070999
29.470583366985,42.3018203165684
29.4731409875128,42.3018203580786
29.4756986080407,42.3018203995857
29.4789238270319,42.3018204519228
29.48,42.3018204693853
29.482149046023,42.3018205042553
29.4853742650141,42.3018205565838
29.4885994840053,42.3018206089085
29.49,42.3018206316287
29.4930652504177,42.301820681353
29.4993097660708,42.3018207826422
29.5,42.3018207938375
29.501588596842,42.3018208196031
29.5031771936841,42.3018208453679
29.5051549931217,42.3018208774438
29.5071327925593,42.3018209095186
29.509110591997,42.3018209415922
29.51,42.3018209560153
29.5110883914346,42.3018209736649
29.5130661908722,42.3018210057365
29.5150439903098,42.3018210378071
29.5170217897475,42.3018210698766
29.5189995891851,42.3018211019451
29.52,42.3018211181656
29.5216489370162,42.3018211449006
29.5242982848474,42.3018211878545
29.5269476326785,42.3018212308066
29.5295969805096,42.3018212737568
29.53,42.3018212802903
29.5322463283408,42.3018213167053
29.5348956761719,42.3018213596521
29.537545024003,42.3018214025973
29.54,42.3018214423901
29.5413701846912,42.3018214645988
29.5451953453794,42.3018215265966
29.5490205060676,42.3018215885906
29.55,42.3018216044645
29.5518926769159,42.3018216351369
29.5537853538319,42.3018216658084
29.5565326458921,42.3018217103274
29.5592799379523,42.3018217548444
29.56,42.3018217665118
29.5620272300125,42.3018217993591
29.5647745220727,42.301821843872
29.5675218141329,42.301821888383
29.57,42.301821928532
29.5711104343431,42.3018219465216
29.5759616505051,42.3018220251094
29.58,42.3018220905237
29.5826736134366,42.3018221338287
29.59,42.3018222524836
29.5918476568105,42.3018222824045
29.6,42.3018224144066
29.6015126338857,42.3018224388959
29.6030252677713,42.3018224633839
29.604537901657,42.3018224878707
29.6060505355426,42.3018225123562
29.6075631694283,42.3018225368405
29.6090758033139,42.3018225613235
29.61,42.3018225762817
29.6105884371996,42.3018225858053
29.6121010710853,42.3018226102857
29.6136137049709,42.3018226347648
29.6151263388566,42.3018226592424
29.6166389727422,42.3018226837186
29.6181516066279,42.3018227081933
29.6196642405135,42.3018227326665
29.62,42.3018227380986
29.6211768743992,42.3018227571382
29.6226895082849,42.3018227816084
29.6242021421705,42.3018228060771
29.6257147760562,42.3018228305442
29.6270628177713,42.3018228523477
29.6284108594863,42.3018228741498
29.6297589012014,42.3018228959506
29.63,42.3018228998496
29.6311069429165,42.3018229177501
29.6324549846316,42.3018229395484
29.6338874008422,42.3018229627097
29.6353198170528,42.3018229858695
29.6370574525403,42.3018230139622
29.6387950880277,42.3018230420527
29.64,42.3018230615299
29.6410189311003,42.301823078
29.6432427741729,42.301823113944
29.6464657266742,42.3018231660306
29.6496886791755,42.3018232181101
29.65,42.3018232231403
29.6506460801974,42.3018232335793
29.6512921603948,42.301823244018
29.6519382405923,42.3018232544565
29.6524051361485,42.3018232619997
29.6530819315763,42.3018232729339
29.6539573982038,42.3018232870772
29.6545531191239,42.301823296701
29.6551488400439,42.3018233063245
29.655880932524,42.3018233181507
29.6568958304824,42.3018233345447
29.6579107284409,42.3018233509383
29.6589256263993,42.3018233673312
29.6599405243577,42.3018233837235
29.66,42.3018233846841
29.6609554223162,42.3018234001152
29.6623175799408,42.3018234221147
29.6636797375653,42.3018234441132
29.6650418951899,42.3018234661108
29.6664040528145,42.3018234881073
29.6677662104391,42.3018235101029
29.6691283680637,42.3018235320976
29.67,42.3018235461713
29.670817876214,42.3018235593767
29.6725073843643,42.3018235866546
29.6741968925146,42.3018236139312
29.6758864006649,42.3018236412065
29.6780343316385,42.3018236758809
29.68,42.3018237076112
29.6801822626121,42.3018237105532
29.6823301935856,42.3018237452238
29.6844781245592,42.3018237798926
29.6866260555328,42.3018238145598
29.6887739865063,42.3018238492252
29.69,42.3018238690112
29.6914043446042,42.3018238916745
29.6940347027021,42.3018239341218
29.6966650608,42.3018239765673
29.7,42.3018240303794
29.7020198576069,42.30182406297
29.7040397152138,42.3018240955593
29.7060595728208,42.3018241281473
29.7080794304277,42.3018241607344
29.71,42.3018241917186
29.7100992880346,42.3018241933204
29.7121191456415,42.3018242259054
29.7141390032484,42.3018242584893
29.7161588608553,42.3018242910721
29.7181787184623,42.301824323654
29.72,42.3018243530317
29.7201985760692,42.3018243562348
29.7222184336761,42.3018243888146
29.724238291283,42.3018244213933
29.7262581488899,42.3018244539711
29.7282780064968,42.3018244865478
29.73,42.3018245143197
29.7310549251895,42.3018245313328
29.7344741844031,42.301824586475
29.7378934436168,42.3018246416142
29.74,42.3018246755832
29.7413127028304,42.3018246967503
29.744731962044,42.3018247518838
29.7481512212576,42.3018248070144
29.75,42.3018248368219
29.7566159627988,42.3018249434814
29.76,42.3018249980323
29.7666159627988,42.3018251046717
29.77,42.3018251592142
29.7766159627988,42.3018252658404
29.78,42.3018253203771
29.7866159627988,42.3018254269918
29.79,42.3018254815225
29.7966159627988,42.301825588125
29.8,42.3018256426493
29.803,42.3018256909853
29.8050791504363,42.3018257244826
29.8071583008726,42.3018257579783
29.8092374513089,42.3018257914725
29.81,42.3018258037564
29.8113166017452,42.301825824965
29.8133957521815,42.3018258584564
29.8154749026178,42.3018258919464
29.81797287691,42.3018259321804
29.82,42.3018259648289
29.8204708512022,42.3018259724121
29.8235486927504,42.3018260219798
29.8266265342986,42.3018260715439
29.8297043758468,42.3018261211043
29.83,42.3018261258643
29.832782217395,42.3018261706609
29.8376317271274,42.301826248738
29.84,42.3018262868643
29.8455014701513,42.3018263754226
29.85,42.3018264478303
29.8517806876658,42.3018264764912
29.8535613753317,42.3018265051508
29.8553420629975,42.3018265338091
29.8571227506633,42.3018265624661
29.8589034383292,42.3018265911219
29.86,42.3018266087678
29.860684125995,42.3018266197765
29.8624648136608,42.30182664843
29.8642455013267,42.3018266770824
29.8660261889925,42.3018267057336
29.8678068766583,42.3018267343835
29.8695875643242,42.3018267630322
29.87,42.3018267696675
29.87136825199,42.3018267916796
29.8731489396558,42.3018268203263
29.8749296273216,42.3018268489719
29.877263121475,42.3018268865086
29.8795966156283,42.3018269240432
29.88,42.3018269305314
29.8830121525032,42.3018269789787
29.886427689378,42.3018270339117
29.8898432262529,42.3018270888413
29.89,42.3018270913625
29.8932587631277,42.3018271437665
29.8966743000026,42.3018271986893
29.9,42.3018272521644
29.9014377526403,42.3018272752812
29.9028755052805,42.3018272983973
29.9044128469413,42.3018273231135
29.9059501886021,42.301827347829
29.9074875302628,42.3018273725436
29.9090248719236,42.3018273972573
29.91,42.3018274129326
29.9105622135844,42.3018274219701
29.9120995552452,42.3018274466823
29.9136368969059,42.3018274713936
29.9151742385667,42.3018274961042
29.9167115802275,42.3018275208138
29.9182489218883,42.3018275455226
29.92,42.3018275736655
29.9202516945349,42.3018275777106
29.9222544671816,42.3018276098973
29.9242572398283,42.3018276420826
29.9262600124749,42.3018276742664
29.9282627851216,42.3018277064487
29.93,42.3018277343627
29.9315392882158,42.3018277590955
29.9348157913101,42.3018278117397
29.9372406502866,42.3018278506985
29.939665509263,42.3018278896555
29.94,42.3018278950292
29.9433887058582,42.3018279494678
29.9471119024533,42.3018280092793
29.95,42.3018280556742
29.9537231965952,42.3018281154818
29.9583696652814,42.3018281901169
29.96,42.3018282163039
29.9643715726847,42.3018282865201
29.97,42.3018283769268
29.9716189453022,42.3018284029317
29.9788663179197,42.3018285193486
29.98,42.3018285375596
29.9888663179197,42.301828679984
29.99,42.3018286981962
29.9988663179197,42.3018288406393
30,42.3018288588548
30.003,42.3018289070637
30.006,42.3018289552716
30.0082923286928,42.3018289921069
30.01,42.301829019547
30.0105846573855,42.3018290289416
30.0128769860783,42.3018290657756
30.015169314771,42.3018291026088
30.0174616434638,42.3018291394409
30.0197539721566,42.3018291762716
30.02,42.3018291802245
30.0226265839069,42.3018292224238
30.0254991956571,42.3018292685754
30.0283718074074,42.3018293147255
30.03,42.301829340882
30.0312444191577,42.3018293608727
30.0351101454273,42.3018294229703
30.0399389403017,42.3018295005307
30.04,42.3018295015114
30.0460570952304,42.3018295987866
30.05,42.3018296621043
30.0511819269528,42.3018296810846
30.0523638539057,42.3018297000643
30.0538385310016,42.3018297237441
30.0550091527415,42.3018297425408
30.0561797744814,42.3018297613368
30.0577940988568,42.3018297872562
30.0594084232323,42.3018298131744
30.06,42.3018298226719
30.0610227476078,42.3018298390914
30.0626370719832,42.3018298650076
30.0642513963587,42.3018298909229
30.0658657207342,42.301829916837
30.0674800451096,42.3018299427499
30.0690943694851,42.3018299686616
30.07,42.3018299831975
30.0707086938606,42.3018299945722
30.0727451094158,42.3018300272562
30.0747815249711,42.3018300599386
30.0768179405263,42.3018300926193
30.0788543560816,42.3018301252981
30.08,42.3018301436818
30.0808907716368,42.3018301579753
30.0829271871921,42.3018301906513
30.0849636027473,42.301830223326
30.0870000183026,42.3018302559992
30.09,42.3018303041298
30.0904064051349,42.3018303106498
30.0938127919671,42.3018303652973
30.0972191787994,42.3018304199418
30.1,42.3018304645493
30.1034063868323,42.3018305191895
30.1082576168473,42.3018305970032
30.11,42.3018306249504
30.1147763091282,42.3018307015604
30.12,42.3018307853517
30.1239235706625,42.3018308482924
30.13,42.3018309457791
30.1330708321968,42.3018309950495
30.14,42.3018311062369
30.1422180937311,42.3018311418314
30.15,42.3018312667201
30.1527441784603,42.3018313107625
30.1554883569206,42.3018313548051
30.1576627024834,42.3018313897023
30.1598370480463,42.3018314245994
30.16,42.3018314272147
30.1620113936091,42.3018314594963
30.1641857391719,42.3018314943942
30.1663600847348,42.3018315292923
30.1685344302976,42.3018315641899
30.17,42.3018315877115
30.1712630134543,42.3018316079818
30.173991596611,42.3018316517734
30.1767201797677,42.301831695564
30.1794487629243,42.3018317393528
30.18,42.301831748199
30.1834485253361,42.3018318035381
30.1882866821623,42.3018318811758
30.19,42.3018319086685
30.1941079512703,42.3018319745822
30.2,42.3018320691176
30.2010589674333,42.3018320861078
30.2021179348666,42.3018321030975
30.2034075524813,42.3018321237871
30.2044042715437,42.3018321397772
30.205400990606,42.3018321557669
30.2066861051024,42.3018321763825
30.2079712195987,42.3018321969975
30.2096379083951,42.3018322237325
30.21,42.3018322295405
30.2108476618239,42.3018322431371
30.2127416458536,42.3018322735162
30.2141357339604,42.3018322958764
30.2159868539839,42.3018323255657
30.2178379740074,42.3018323552537
30.2196890940309,42.3018323849402
30.22,42.3018323899261
30.2215402140543,42.3018324146254
30.2233913340778,42.30183244431
30.2258908208868,42.3018324843904
30.2283903076959,42.3018325244684
30.23,42.3018325502777
30.2308897945049,42.301832564544
30.233389281314,42.3018326046181
30.2376149350029,42.3018326723636
30.24,42.3018327105985
30.2431699818073,42.301832761414
30.25,42.3018328708991
30.2529452993763,42.3018329181119
30.2558905987526,42.3018329653239
30.2582298742709,42.3018330028212
30.26,42.3018330311954
30.2605691497891,42.3018330403185
30.2629084253074,42.3018330778163
30.2658737597169,42.3018331253502
30.2688390941263,42.3018331728848
30.27,42.3018331914944
30.2724934480595,42.3018332314658
30.2761478019926,42.3018332900517
30.2798021559258,42.3018333486419
30.28,42.301833351814
30.2834565098589,42.3018334072352
30.287110863792,42.3018334658364
30.29,42.3018335121715
30.2921981986802,42.3018335474276
30.2986728125306,42.3018336512879
30.3,42.3018336725803
30.3086690338815,42.301833811684
30.31,42.3018338330444
30.317338067763,42.3018339508329
30.32,42.3018339935743
30.3260071016445,42.3018340900542
30.33,42.3018341542079
30.334676135526,42.3018342293593
30.34,42.3018343149497
30.3433451694074,42.3018343687421
30.35,42.3018344757866
30.3526007101644,42.3018345176289
30.3552014203289,42.3018345594751
30.3583972499212,42.3018346109017
30.36,42.3018346366947
30.3615930795135,42.3018346623332
30.3654726250708,42.3018347247756
30.3693521706282,42.3018347872245
30.37,42.301834797653
30.3732317161855,42.3018348496778
30.3771112617428,42.3018349121389
30.38,42.3018349586515
30.3809908073001,42.3018349746052
30.3860712816557,42.3018350564129
30.39,42.301835119677
30.3924811273292,42.301835159631
30.4,42.3018352807151
30.4026343526449,42.3018353231402
30.4052687052898,42.3018353655653
30.4072693914898,42.3018353977854
30.4092700776898,42.3018354300054
30.41,42.3018354417604
30.4112707638898,42.3018354622253
30.4132714500898,42.301835494446
30.4152721362898,42.301835526667
30.4177578038323,42.3018355666986
30.42,42.3018356028089
30.4202434713748,42.3018356067299
30.4227291389174,42.3018356467614
30.4252148064599,42.3018356867928
30.4283663734797,42.3018357375485
30.43,42.3018357638579
30.4315179404994,42.3018357883043
30.4346695075192,42.301835839062
30.4378210745389,42.3018358898212
30.44,42.3018359249156
30.4409726415587,42.3018359405814
30.4459404074042,42.3018360205983
30.45,42.3018360859913
30.4523598526417,42.3018361240064
30.4547197052833,42.3018361620232
30.457079557925,42.3018362000419
30.4594394105667,42.3018362380628
30.46,42.3018362470951
30.4617992632083,42.3018362760861
30.46415911585,42.3018363141134
30.4665189684916,42.3018363521443
30.4688788211333,42.3018363901781
30.47,42.3018364082493
30.4722439183223,42.301836444419
30.4756090155112,42.3018364986693
30.4789741127002,42.3018365529285
30.48,42.3018365694716
30.4823392098891,42.3018366071958
30.485704307078,42.3018366614742
30.4898000123353,42.3018367275515
30.49,42.3018367307783
30.4951518059055,42.301836813916
30.5,42.3018368921843
30.5087540573962,42.3018370335819
30.51,42.3018370537136
30.5175081147924,42.3018371750684
30.52,42.3018372153643
30.5262621721886,42.3018373166732
30.53,42.301837377177
30.5350162295848,42.3018374584091
30.54,42.3018375391581
30.5437702869809,42.3018376002704
30.55,42.3018377012949
30.5526262172189,42.3018377438992
30.5552524344377,42.3018377865113
30.5586469355355,42.3018378416004
30.56,42.3018378635625
30.5627676165857,42.3018379084905
30.5681794234568,42.3018379963686
30.57,42.3018380259384
30.5752573548653,42.3018381113437
30.58,42.3018381884122
30.5842905133411,42.3018382581519
30.59,42.3018383509857
30.593323671817,42.3018384050405
30.6,42.3018385136541
30.6027099475428,42.3018385577524
30.6054198950855,42.3018386018568
30.6081298426283,42.3018386459673
30.61,42.301838676412
30.610839790171,42.3018386900842
30.614124080282,42.301838743561
30.6174083703931,42.3018387970486
30.62,42.3018388392631
30.6213578839802,42.3018388613842
30.626427592678,42.3018389439935
30.63,42.3018390022226
30.6314973013758,42.3018390266325
30.6382779938783,42.3018391372117
30.64,42.3018391653033
30.6465245445767,42.3018392717743
30.65,42.301839328515
30.653,42.3018393775111
30.656,42.3018394265189
30.66,42.3018394918809
30.6615771775476,42.3018395176585
30.6698906639564,42.3018396535927
30.67,42.301839655381
30.6798906639564,42.3018398172235
30.68,42.3018398190135
30.6898906639564,42.3018399810086
30.69,42.3018399828003
30.6998906639564,42.3018401449581
30.7,42.3018401467516
30.71,42.3018403108761
30.7173182005986,42.3018404310565
30.72,42.301840475112
30.7271011086118,42.301840591803
30.73,42.3018406394586
30.736884016625,42.3018407526688
30.74,42.3018408039341
30.7466669246382,42.3018409136603
30.75,42.3018409685397
30.7597829080132,42.3018411296943
30.76,42.3018411332716
30.7674778665952,42.3018412565191
30.77,42.3018412981029
30.7773484964806,42.3018414193042
30.78,42.3018414630541
30.7872191263659,42.3018415822136
30.79,42.3018416281345
30.7970897562512,42.3018417452581
30.8,42.3018417933591
30.8029611889656,42.3018418423194
30.8059223779312,42.3018418912923
30.8088835668968,42.3018419402774
30.81,42.301841958749
30.8126180058654,42.3018420020705
30.8126696264327,42.3018420029248
30.812721247,42.3018420037791
30.8128581293943,42.3018420060446
30.8129950117887,42.3018420083101
30.813131894183,42.3018420105756
30.8133578557359,42.3018420143155
30.8136491810902,42.3018420191373
30.8139405064445,42.3018420239592
30.8143393448398,42.3018420305607
30.8147381832352,42.3018420371624
30.815038940032,42.3018420421407
30.8153396968289,42.301842047119
30.8156404536258,42.3018420520974
30.8165429198581,42.3018420670359
30.8184551342077,42.3018420986882
30.82,42.3018421242581
30.8218691652195,42.3018421551914
30.8252831962314,42.3018422116765
30.826307405535,42.3018422286172
30.826614668326,42.3018422336989
30.8269219311171,42.3018422387803
30.8271141213053,42.3018422419586
30.8273063114934,42.3018422451368
30.8281049557712,42.3018422583426
30.828903600049,42.3018422715467
30.83,42.3018422896706
30.8309772897934,42.3018423058225
30.8345320381413,42.3018423645489
30.84,42.3018424548035
30.8402344401787,42.301842458671
30.8459368422161,42.3018425526836
30.85,42.3018426196025
30.8516392442535,42.3018426465841
30.857341646291,42.3018427403743
30.86,42.3018427840586
30.8630440483284,42.3018428340506
30.8687464503658,42.3018429276166
30.87,42.3018429481702
30.8744488524032,42.3018430210706
30.88,42.3018431119415
30.8801512544407,42.3018431144161
30.8858536564781,42.3018432076507
30.89,42.3018432753722
30.8915560585155,42.3018433007715
30.8996835485784,42.3018434333
30.9,42.3018434384555
30.9096835485784,42.3018435960468
30.91,42.3018436011915
30.9196835485784,42.3018437584639
30.92,42.3018437635985
30.9296835485784,42.3018439205619
30.93,42.3018439256864
30.9396835485784,42.3018440823405
30.94,42.3018440874549
30.9496835485784,42.3018442437991
30.95,42.3018442489033
30.9596835485784,42.3018444049373
30.96,42.3018444100314
30.9696835485784,42.3018445657546
30.97,42.3018445708386
30.9796835485784,42.3018447262506
30.98,42.3018447313244
30.9896835485784,42.3018448864249
30.99,42.3018448914885
30.9996835485784,42.3018450462769
31,42.3018450513303
31.0096835485784,42.3018452058063
31.01,42.3018452108494
31.0196835485784,42.3018453650125
31.02,42.3018453700454
31.0296835485784,42.301845523895
31.03,42.3018455289177
31.0396835485784,42.3018456824535
31.04,42.3018456874659
31.0496835485784,42.3018458406875
31.05,42.3018458456896
31.0596835485784,42.3018459985965
31.06,42.3018460035883
31.0696835485784,42.30184615618
31.07,42.3018461611615
31.0796835485784,42.3018463134376
31.08,42.3018463184088
31.0896835485784,42.3018464703689
31.09,42.3018464753297
31.0996835485784,42.3018466269733
31.1,42.3018466319238
31.1096835485784,42.3018467832505
31.11,42.3018467881907
31.1196835485784,42.3018469392
31.12,42.3018469441298
31.1296835485784,42.3018470948214
31.13,42.3018470997407
31.1396835485784,42.3018472501141
31.14,42.3018472550231
31.1496835485784,42.3018474050779
31.15,42.3018474099764
31.1596835485784,42.3018475597122
31.16,42.3018475646003
31.1696835485784,42.3018477140166
31.17,42.3018477188943
31.1796835485784,42.3018478679908
31.18,42.301847872858
31.1896835485784,42.3018480216343
31.19,42.301848026491
31.1996835485784,42.3018481749466
31.2,42.3018481797928
31.2096835485784,42.3018483279274
31.21,42.3018483327632
31.2196835485784,42.3018484805763
31.22,42.3018484854015
31.2296835485784,42.3018486328929
31.23,42.3018486377076
31.2396835485784,42.3018487848767
31.24,42.3018487896808
31.2496835485784,42.3018489365274
31.25,42.301848941321
31.2596835485784,42.3018490878446
31.26,42.3018490926276
31.2696835485784,42.3018492388279
31.27,42.3018492436004
31.2796835485784,42.301849389477
31.28,42.3018493942389
31.2896835485784,42.3018495397914
31.29,42.3018495445427
31.2996835485784,42.3018496897708
31.3,42.3018496945115
31.3096835485784,42.3018498394148
31.31,42.3018498441449
31.3196835485784,42.3018499887231
31.32,42.3018499934425
31.3296835485784,42.3018501376953
31.33,42.3018501424041
31.3396835485784,42.301850286331
31.34,42.3018502910292
31.3496835485784,42.30185043463
31.35,42.3018504393175
31.3596835485784,42.3018505825918
31.36,42.3018505872686
31.3696835485784,42.3018507302161
31.37,42.3018507348823
31.3796835485784,42.3018508775026
31.38,42.301850882158
31.3896835485784,42.301851024451
31.39,42.3018510290957
31.3996835485784,42.3018511710609
31.4,42.3018511756948
31.4096835485784,42.3018513173319
31.41,42.3018513219551
31.4196835485784,42.3018514632638
31.42,42.3018514678763
31.4296835485784,42.3018516088562
31.43,42.301851613458
31.4396835485784,42.3018517541089
31.44,42.3018517586999
31.4496835485784,42.3018518990215
31.45,42.3018519036017
31.4596835485784,42.3018520435937
31.46,42.3018520481632
31.4696835485784,42.3018521878252
31.47,42.3018521923839
31.4796835485784,42.3018523317157
31.48,42.3018523362636
31.4896835485785,42.3018524752648
31.49,42.3018524798019
31.4996835485785,42.3018526184724
31.5,42.3018526229986
31.5096835485785,42.301852761338
31.51,42.3018527658534
31.5196835485785,42.3018529038614
31.52,42.301852908366
31.5296835485785,42.3018530460423
31.53,42.3018530505361
31.5396835485785,42.3018531878805
31.54,42.3018531923634
31.5496835485785,42.3018533293755
31.55,42.3018533338476
31.5596835485785,42.3018534705272
31.56,42.3018534749884
31.5696835485785,42.3018536113353
31.57,42.3018536157856
31.5796835485785,42.3018537517994
31.58,42.3018537562388
31.5896835485785,42.3018538919193
31.59,42.3018538963478
31.5996835485785,42.3018540316948
31.6,42.3018540361124
31.6096835485785,42.3018541711255
31.61,42.3018541755322
31.6196835485785,42.3018543102112
31.62,42.3018543146069
31.6296835485785,42.3018544489516
31.63,42.3018544533364
31.6396835485785,42.3018545873464
31.64,42.3018545917203
31.6496835485785,42.3018547253954
31.65,42.3018547297583
31.6596835485785,42.3018548630983
31.66,42.3018548674502
31.6696835485785,42.3018550004548
31.67,42.3018550047958
31.6796835485785,42.3018551374647
31.68,42.3018551417948
31.6896835485785,42.3018552741278
31.69,42.3018552784468
31.6996835485785,42.3018554104437
31.7,42.3018554147518
31.7096835485785,42.3018555464122
31.71,42.3018555507093
31.7196835485785,42.3018556820331
31.72,42.3018556863192
31.7296835485785,42.3018558173061
31.73,42.3018558215811
31.7396835485785,42.301855952231
31.74,42.3018559564949
31.7496835485785,42.3018560868074
31.75,42.3018560910603
31.7596835485785,42.3018562210351
31.76,42.3018562252771
31.7696835485785,42.301856354914
31.77,42.3018563591449
31.7796835485785,42.3018564884437
31.78,42.3018564926636
31.7896835485785,42.3018566216241
31.79,42.3018566258328
31.7996835485785,42.3018567544547
31.8,42.3018567586524
31.8096835485785,42.3018568869355
31.81,42.3018568911221
31.8196835485785,42.3018570190662
31.82,42.3018570232417
31.8296835485785,42.3018571508465
31.83,42.3018571550109
31.8396835485785,42.3018572822761
31.84,42.3018572864295
31.8496835485785,42.3018574133549
31.85,42.3018574174971
31.8596835485785,42.3018575440826
31.86,42.3018575482137
31.8696835485785,42.301857674459
31.87,42.301857678579
31.8796835485785,42.3018578044838
31.88,42.3018578085926
31.8896835485785,42.3018579341568
31.89,42.3018579382545
31.8996835485785,42.3018580634777
31.9,42.3018580675643
31.9096835485785,42.3018581924463
31.91,42.3018581965217
31.9196835485785,42.3018583210624
31.92,42.3018583251267
31.9296835485785,42.3018584493258
31.93,42.3018584533789
31.9396835485785,42.3018585772362
31.94,42.3018585812781
31.9496835485785,42.3018587047933
31.95,42.3018587088241
31.9596835485785,42.301858831997
31.96,42.3018588360166
31.9696835485785,42.3018589588471
31.97,42.3018589628554
31.9796835485785,42.3018590853432
31.98,42.3018590893403
31.9896835485785,42.3018592114852
31.99,42.3018592154711
31.9996835485785,42.3018593372728
32,42.3018593412475
32.0096835485785,42.3018594627058
32.01,42.3018594666692
32.0196835485785,42.3018595877839
32.02,42.3018595917362
32.0296835485785,42.3018597125071
32.03,42.3018597164481
32.0396835485785,42.3018598368749
32.04,42.3018598408047
32.0496835485785,42.3018599608873
32.05,42.3018599648058
32.0596835485785,42.3018600845439
32.06,42.3018600884512
32.0696835485785,42.3018602078446
32.07,42.3018602117406
32.0796835485785,42.3018603307892
32.08,42.3018603346739
32.0896835485785,42.3018604533773
32.09,42.3018604572507
32.0996835485785,42.3018605756088
32.1,42.301860579471
32.1096835485785,42.3018606974835
32.11,42.3018607013344
32.1196835485785,42.3018608190012
32.12,42.3018608228407
32.1296835485785,42.3018609401616
32.13,42.3018609439898
32.1396835485785,42.3018610609645
32.14,42.3018610647814
32.1496835485785,42.3018611814097
32.15,42.3018611852153
32.1596835485785,42.301861301497
32.16,42.3018613052913
32.1696835485785,42.3018614212262
32.17,42.3018614250091
32.1796835485785,42.3018615405971
32.18,42.3018615443686
32.1896835485785,42.3018616596094
32.19,42.3018616633696
32.1996835485785,42.3018617782629
32.2,42.3018617820118
32.2096835485785,42.3018618965575
32.21,42.301861900295
32.2196835485785,42.3018620144929
32.22,42.301862018219
32.2296835485785,42.3018621320689
32.23,42.3018621357837
32.2396835485785,42.3018622492854
32.24,42.3018622529887
32.2496835485785,42.301862366142
32.25,42.301862369834
32.2596835485785,42.3018624826387
32.26,42.3018624863193
32.2696835485785,42.3018625987751
32.27,42.3018626024443
32.2796835485785,42.3018627145512
32.28,42.3018627182089
32.2896835485785,42.3018628299666
32.29,42.301862833613
32.2996835485785,42.3018629450213
32.3,42.3018629486562
32.3096835485785,42.3018630597149
32.31,42.3018630633384
32.3196835485785,42.3018631740474
32.32,42.3018631776595
32.3296835485785,42.3018632880185
32.33,42.3018632916191
32.3396835485785,42.301863401628
32.34,42.3018634052172
32.3496835485785,42.3018635148757
32.35,42.3018635184534
32.3596835485785,42.3018636277615
32.36,42.3018636313278
32.3696835485785,42.3018637402851
32.37,42.3018637438399
32.3796835485785,42.3018638524464
32.38,42.3018638559897
32.3896835485785,42.3018639642452
32.39,42.301863967777
32.3996835485785,42.3018640756813
32.4,42.3018640792016
32.4096835485784,42.3018641867545
32.41,42.3018641902633
32.4196835485784,42.3018642974646
32.42,42.3018643009619
32.4296835485784,42.3018644078114
32.43,42.3018644112973
32.4396835485784,42.3018645177949
32.44,42.3018645212693
32.4496835485784,42.3018646274147
32.45,42.3018646308776
32.4596835485784,42.3018647366708
32.46,42.3018647401222
32.4696835485784,42.301864845563
32.47,42.3018648490028
32.4796835485784,42.301864954091
32.48,42.3018649575193
32.4896835485784,42.3018650622548
32.49,42.3018650656715
32.4996835485784,42.3018651700541
32.5,42.3018651734593
32.5096835485784,42.3018652774888
32.51,42.3018652808824
32.5196835485784,42.3018653845587
32.52,42.3018653879408
32.5296835485784,42.3018654912637
32.53,42.3018654946343
32.5396835485784,42.3018655976036
32.54,42.3018656009626
32.5496835485784,42.3018657035782
32.55,42.3018657069257
32.5596835485784,42.3018658091875
32.56,42.3018658125234
32.5696835485784,42.3018659144312
32.57,42.3018659177555
32.5796835485784,42.3018660193092
32.58,42.301866022622
32.5896835485784,42.3018661238214
32.59,42.3018661271226
32.5996835485784,42.3018662279676
32.6,42.3018662312572
32.6096835485784,42.3018663317476
32.61,42.3018663350256
32.6196835485784,42.3018664351614
32.62,42.3018664384278
32.6296835485784,42.3018665382087
32.63,42.3018665414635
32.6396835485784,42.3018666408895
32.64,42.3018666441328
32.6496835485784,42.3018667432037
32.65,42.3018667464353
32.6596835485784,42.301866845151
32.66,42.301866848371
32.6696835485784,42.3018669467314
32.67,42.3018669499397
32.6796835485784,42.3018670479447
32.68,42.3018670511414
32.6896835485784,42.3018671487908
32.69,42.3018671519759
32.6996835485784,42.3018672492696
32.7,42.3018672524431
32.7096835485784,42.301867349381
32.71,42.3018673525429
32.7196835485784,42.3018674491248
32.72,42.3018674522751
32.7296835485784,42.301867548501
32.73,42.3018675516396
32.7396835485784,42.3018676475094
32.74,42.3018676506364
32.7496835485784,42.30186774615
32.75,42.3018677492653
32.7596835485784,42.3018678444226
32.76,42.3018678475262
32.7696835485784,42.301867942327
32.77,42.3018679454191
32.7796835485784,42.3018680398634
32.78,42.3018680429437
32.7896835485784,42.3018681370314
32.79,42.3018681401001
32.7996835485784,42.3018682338311
32.8,42.3018682368881
32.8096835485784,42.3018683302623
32.81,42.3018683333076
32.8196835485784,42.3018684263249
32.82,42.3018684293586
32.8296835485784,42.301868522019
32.83,42.301868525041
32.8396835485784,42.3018686173443
32.84,42.3018686203547
32.8496835485784,42.3018687123009
32.85,42.3018687152996
32.8596835485784,42.3018688068886
32.86,42.3018688098756
32.8696835485784,42.3018689011074
32.87,42.3018689040827
32.8796835485784,42.3018689949571
32.88,42.3018689979208
32.8896835485784,42.3018690884379
32.89,42.3018690913898
32.8996835485784,42.3018691815495
32.9,42.3018691844898
32.9096835485784,42.3018692742919
32.91,42.3018692772205
32.9196835485783,42.3018693666651
32.92,42.3018693695821
32.9296835485783,42.3018694586691
32.93,42.3018694615743
32.9396835485783,42.3018695503037
32.94,42.3018695531972
32.9496835485783,42.3018696415689
32.95,42.3018696444508
32.9596835485783,42.3018697324648
32.96,42.3018697353349
32.9696835485783,42.3018698229912
32.97,42.3018698258497
32.9796835485783,42.3018699131481
32.98,42.3018699159949
32.9896835485783,42.3018700029356
32.99,42.3018700057707
32.9996835485783,42.3018700923535
33,42.3018700951769
33.0096835485783,42.3018701814019
33.01,42.3018701842136
33.0196835485783,42.3018702700807
33.02,42.3018702728807
33.0296835485783,42.30187035839
33.03,42.3018703611783
33.0396835485783,42.3018704463297
33.04,42.3018704491063
33.0496835485783,42.3018705338997
33.05,42.3018705366647
33.0596835485783,42.3018706211003
33.06,42.3018706238535
33.0696835485783,42.3018707079312
33.07,42.3018707106727
33.0796835485783,42.3018707943926
33.08,42.3018707971224
33.0896835485783,42.3018708804844
33.09,42.3018708832026
33.0996835485783,42.3018709662067
33.1,42.3018709689131
33.1096835485783,42.3018710515595
33.11,42.3018710542542
33.1196835485783,42.3018711365428
33.12,42.3018711392258
33.1296835485783,42.3018712211566
33.13,42.3018712238279
33.1396835485783,42.3018713054009
33.14,42.3018713080606
33.1496835485783,42.3018713892759
33.15,42.3018713919239
33.1596835485783,42.3018714727815
33.16,42.3018714754178
33.1696835485783,42.3018715559178
33.17,42.3018715585425
33.1796835485783,42.3018716386849
33.18,42.3018716412978
33.1896835485783,42.3018717210828
33.19,42.301871723684
33.1996835485783,42.3018718031115
33.2,42.301871805701
33.2096835485783,42.3018718847711
33.21,42.301871887349
33.2196835485783,42.3018719660617
33.22,42.3018719686279
33.2296835485783,42.3018720469834
33.23,42.301872049538
33.2396835485783,42.3018721275363
33.24,42.3018721300791
33.2496835485783,42.3018722077203
33.25,42.3018722102515
33.2596835485783,42.3018722875357
33.26,42.3018722900552
33.2696835485783,42.3018723669824
33.27,42.3018723694903
33.2796835485783,42.3018724460607
33.28,42.3018724485569
33.2896835485783,42.3018725247705
33.29,42.3018725272551
33.2996835485783,42.3018726031121
33.3,42.301872605585
33.3096835485783,42.3018726810855
33.31,42.3018726835467
33.3196835485783,42.3018727586908
33.32,42.3018727611403
33.3296835485783,42.3018728359281
33.33,42.301872838366
33.3396835485783,42.3018729127976
33.34,42.3018729152239
33.3496835485783,42.3018729892994
33.35,42.3018729917141
33.3596835485783,42.3018730654336
33.36,42.3018730678367
33.3696835485783,42.3018731412004
33.37,42.3018731435919
33.3796835485783,42.3018732166
33.38,42.3018732189798
33.3896835485783,42.3018732916323
33.39,42.3018732940005
33.3996835485783,42.3018733662977
33.4,42.3018733686543
33.4096835485783,42.3018734405963
33.41,42.3018734429413
33.4196835485782,42.3018735145282
33.42,42.3018735168616
33.4296835485782,42.3018735880936
33.43,42.3018735904154
33.4396835485782,42.3018736612928
33.44,42.3018736636029
33.4496835485782,42.3018737341257
33.45,42.3018737364243
33.4596835485782,42.3018738065927
33.46,42.3018738088797
33.4696835485782,42.301873878694
33.47,42.3018738809694
33.4796835485782,42.3018739504296
33.48,42.3018739526935
33.4896835485782,42.3018740217999
33.49,42.3018740240523
33.4996835485782,42.3018740928051
33.5,42.3018740950459
33.5096835485782,42.3018741634453
33.51,42.3018741656745
33.5196835485782,42.3018742337207
33.52,42.3018742359384
33.5296835485782,42.3018743036316
33.53,42.3018743058378
33.5396835485782,42.3018743731783
33.54,42.3018743753729
33.5496835485782,42.3018744423609
33.55,42.301874444544
33.5596835485782,42.3018745111796
33.56,42.3018745133512
33.5696835485782,42.3018745796348
33.57,42.3018745817949
33.5796835485782,42.3018746477266
33.58,42.3018746498753
33.5896835485782,42.3018747154554
33.59,42.3018747175925
33.5996835485782,42.3018747828213
33.6,42.301874784947
33.6096835485782,42.3018748498247
33.61,42.3018748519389
33.6196835485782,42.3018749164658
33.62,42.3018749185685
33.6296835485782,42.3018749827449
33.63,42.3018749848362
33.6396835485782,42.3018750486623
33.64,42.3018750507421
33.6496835485782,42.3018751142182
33.65,42.3018751162865
33.6596835485782,42.3018751794129
33.66,42.3018751814699
33.6696835485782,42.3018752442468
33.67,42.3018752462923
33.6796835485782,42.3018753087201
33.68,42.3018753107542
33.6896835485782,42.3018753728332
33.69,42.3018753748559
33.6996835485782,42.3018754365863
33.7,42.3018754385976
33.7096835485782,42.3018754999798
33.71,42.3018755019798
33.7196835485782,42.301875563014
33.72,42.3018755650026
33.7296835485782,42.3018756256892
33.73,42.3018756276665
33.7396835485782,42.3018756880058
33.74,42.3018756899717
33.7496835485782,42.3018757499641
33.75,42.3018757519187
33.7596835485782,42.3018758115644
33.76,42.3018758135077
33.7696835485782,42.3018758728071
33.77,42.3018758747391
33.7796835485782,42.3018759336926
33.78,42.3018759356133
33.7896835485782,42.3018759942212
33.79,42.3018759961306
33.7996835485782,42.3018760543933
33.8,42.3018760562914
33.8096835485782,42.3018761142092
33.81,42.301876116096
33.8196835485782,42.3018761736693
33.82,42.3018761755449
33.8296835485782,42.3018762327741
33.83,42.3018762346385
33.8396835485782,42.3018762915238
33.84,42.301876293377
33.8496835485782,42.301876349919
33.85,42.3018763517609
33.8596835485782,42.3018764079599
33.86,42.3018764097906
33.8696835485782,42.3018764656471
33.87,42.3018764674666
33.8796835485782,42.3018765229808
33.88,42.3018765247892
33.8896835485782,42.3018765799616
33.89,42.3018765817588
33.8996835485782,42.3018766365898
33.9,42.3018766383758
33.9096835485782,42.3018766928658
33.91,42.3018766946407
33.9196835485781,42.3018767487902
33.92,42.301876750554
33.9296835485781,42.3018768043633
33.93,42.301876806116
33.9396835485781,42.3018768595856
33.94,42.3018768613271
33.9496835485781,42.3018769144574
33.95,42.3018769161879
33.9596835485781,42.3018769689794
33.96,42.3018769706988
33.9696835485781,42.3018770231519
33.97,42.3018770248603
33.9796835485781,42.3018770769754
33.98,42.3018770786727
33.9896835485781,42.3018771304503
33.99,42.3018771321367
33.9996835485781,42.3018771835772
34,42.3018771852526
34.0096835485781,42.3018772363566
34.01,42.3018772380209
34.0196835485781,42.3018772887888
34.02,42.3018772904421
34.0296835485781,42.3018773408744
34.03,42.3018773425168
34.0396835485781,42.3018773926139
34.04,42.3018773942453
34.0496835485781,42.3018774440078
34.05,42.3018774456283
34.0596835485781,42.3018774950565
34.06,42.3018774966661
34.0696835485781,42.3018775457607
34.07,42.3018775473594
34.0796835485781,42.3018775961208
34.08,42.3018775977086
34.0896835485781,42.3018776461373
34.09,42.3018776477143
34.0996835485781,42.3018776958108
34.1,42.3018776973769
34.1096835485781,42.3018777451418
34.11,42.3018777466971
34.1196835485781,42.3018777941308
34.12,42.3018777956753
34.1296835485781,42.3018778427784
34.13,42.3018778443121
34.1396835485781,42.3018778910852
34.14,42.3018778926081
34.1496835485781,42.3018779390516
34.15,42.3018779405637
34.1596835485781,42.3018779866782
34.16,42.3018779881797
34.1696835485781,42.3018780339657
34.17,42.3018780354564
34.1796835485781,42.3018780809146
34.18,42.3018780823946
34.1896835485781,42.3018781275254
34.19,42.3018781289947
34.1996835485781,42.3018781737987
34.2,42.3018781752574
34.2096835485781,42.3018782197352
34.21,42.3018782211832
34.2196835485781,42.3018782653354
34.22,42.3018782667728
34.2296835485781,42.3018783106
34.23,42.3018783120267
34.2396835485781,42.3018783555295
34.24,42.3018783569456
34.2496835485781,42.3018784001245
34.25,42.3018784015301
34.2596835485781,42.3018784443857
34.26,42.3018784457807
34.2696835485781,42.3018784883137
34.27,42.3018784896982
34.2796835485781,42.3018785319091
34.28,42.301878533283
34.2896835485781,42.3018785751725
34.29,42.301878576536
34.2996835485781,42.3018786181046
34.3,42.3018786194576
34.3096835485781,42.3018786607061
34.31,42.3018786620487
34.3196835485781,42.3018787029776
34.32,42.3018787043097
34.3296835485781,42.3018787449197
34.33,42.3018787462414
34.3396835485781,42.3018787865331
34.34,42.3018787878444
34.3496835485781,42.3018788278185
34.35,42.3018788291194
34.3596835485781,42.3018788687765
34.36,42.3018788700671
34.3696835485781,42.3018789094079
34.37,42.3018789106882
34.3796835485781,42.3018789497133
34.38,42.3018789509832
34.3896835485781,42.3018789896933
34.39,42.301878990953
34.3996835485781,42.3018790293488
34.4,42.3018790305983
34.4096835485781,42.3018790686804
34.41,42.3018790699196
34.419683548578,42.3018791076888
34.42,42.3018791089178
34.429683548578,42.3018791463747
34.43,42.3018791475935
34.439683548578,42.3018791847389
34.44,42.3018791859475
34.449683548578,42.301879222782
34.45,42.3018792239805
34.459683548578,42.3018792605048
34.46,42.3018792616932
34.469683548578,42.3018792979081
34.47,42.3018792990863
34.479683548578,42.3018793349925
34.48,42.3018793361607
34.489683548578,42.3018793717588
34.49,42.301879372917
34.499683548578,42.3018794082078
34.5,42.3018794093559
34.509683548578,42.3018794443402
34.51,42.3018794454783
34.519683548578,42.3018794801569
34.52,42.301879481285
34.529683548578,42.3018795156584
34.53,42.3018795167766
34.539683548578,42.3018795508457
34.54,42.301879551954
34.549683548578,42.3018795857196
34.55,42.3018795868179
34.559683548578,42.3018796202807
34.56,42.3018796213691
34.569683548578,42.3018796545299
34.57,42.3018796556085
34.579683548578,42.301879688468
34.58,42.3018796895368
34.589683548578,42.3018797220958
34.59,42.3018797231547
34.599683548578,42.301879755414
34.6,42.3018797564632
34.609683548578,42.3018797884236
34.61,42.301879789463
34.619683548578,42.3018798211253
34.62,42.301879822155
34.629683548578,42.30187985352
34.63,42.30187985454
34.639683548578,42.3018798856084
34.64,42.3018798866188
34.649683548578,42.3018799173915
34.65,42.3018799183922
34.659683548578,42.3018799488701
34.66,42.3018799498611
34.669683548578,42.3018799800449
34.67,42.3018799810264
34.679683548578,42.3018800109169
34.68,42.3018800118888
34.689683548578,42.301880041487
34.69,42.3018800424493
34.699683548578,42.301880071756
34.7,42.3018800727088
34.709683548578,42.3018801017247
34.71,42.301880102668
34.719683548578,42.3018801313941
34.72,42.3018801323279
34.729683548578,42.301880160765
34.73,42.3018801616894
34.739683548578,42.3018801898383
34.74,42.3018801907534
34.749683548578,42.3018802186149
34.75,42.3018802195206
34.759683548578,42.3018802470958
34.76,42.3018802479922
34.769683548578,42.3018802752818
34.77,42.3018802761689
34.779683548578,42.3018803031739
34.78,42.3018803040517
34.789683548578,42.301880330773
34.79,42.3018803316415
34.799683548578,42.3018803580799
34.8,42.3018803589392
34.809683548578,42.3018803850957
34.81,42.3018803859458
34.819683548578,42.3018804118213
34.82,42.3018804126622
34.829683548578,42.3018804382576
34.83,42.3018804390894
34.839683548578,42.3018804644056
34.84,42.3018804652283
34.849683548578,42.3018804902663
34.85,42.3018804910799
34.859683548578,42.3018805158406
34.86,42.3018805166451
34.869683548578,42.3018805411294
34.87,42.301880541925
34.879683548578,42.3018805661339
34.88,42.3018805669205
34.889683548578,42.3018805908549
34.89,42.3018805916325
34.899683548578,42.3018806152935
34.9,42.3018806160622
34.909683548578,42.3018806394507
34.91,42.3018806402105
34.919683548578,42.3018806633275
34.92,42.3018806640784
34.9296835485779,42.3018806869249
34.93,42.301880687667
34.9396835485779,42.3018807102439
34.94,42.3018807109772
34.9496835485779,42.3018807332856
34.95,42.3018807340102
34.9596835485779,42.301880756051
34.96,42.3018807567668
34.9696835485779,42.3018807785412
34.97,42.3018807792483
34.9796835485779,42.3018808007572
34.98,42.3018808014556
34.9896835485779,42.3018808227
34.99,42.3018808233899
34.9996835485779,42.3018808443709
35,42.3018808450522
35.0096835485779,42.3018808657708
35.01,42.3018808664435
35.0196835485779,42.3018808869008
35.02,42.301880887565
35.0296835485779,42.301880907762
35.03,42.3018809084177
35.0396835485779,42.3018809283556
35.04,42.3018809290029
35.0496835485779,42.3018809486826
35.05,42.3018809493215
35.0596835485779,42.3018809687442
35.06,42.3018809693747
35.0696835485779,42.3018809885415
35.07,42.3018809891637
35.0796835485779,42.3018810080757
35.08,42.3018810086895
35.0896835485779,42.3018810273479
35.09,42.3018810279534
35.0996835485779,42.3018810463592
35.1,42.3018810469565
35.1096835485779,42.3018810651108
35.11,42.3018810656999
35.1196835485779,42.301881083604
35.12,42.3018810841849
35.1296835485779,42.3018811018398
35.13,42.3018811024126
35.1396835485779,42.3018811198195
35.14,42.3018811203842
35.1496835485779,42.3018811375443
35.15,42.301881138101
35.1596835485779,42.3018811550153
35.16,42.301881155564
35.1696835485779,42.301881172234
35.17,42.3018811727747
35.1796835485779,42.3018811892013
35.18,42.3018811897341
35.1896835485779,42.3018812059187
35.19,42.3018812064436
35.1996835485779,42.3018812223873
35.2,42.3018812229043
35.2096835485779,42.3018812386084
35.21,42.3018812391176
35.2196835485779,42.3018812545833
35.22,42.3018812550848
35.2296835485779,42.3018812703132
35.23,42.301881270807
35.2396835485779,42.3018812857995
35.24,42.3018812862856
35.2496835485779,42.3018813010435
35.25,42.3018813015219
35.2596835485779,42.3018813160464
35.26,42.3018813165172
35.2696835485779,42.3018813308096
35.27,42.3018813312729
35.2796835485779,42.3018813453345
35.28,42.3018813457902
35.2896835485779,42.3018813596223
35.29,42.3018813600705
35.2996835485779,42.3018813736743
35.3,42.3018813741152
35.3096835485779,42.3018813874921
35.31,42.3018813879255
35.3196835485779,42.3018814010769
35.32,42.301881401503
35.3296835485779,42.3018814144301
35.33,42.3018814148489
35.3396835485779,42.3018814275531
35.34,42.3018814279646
35.3496835485779,42.3018814404473
35.35,42.3018814408516
35.3596835485779,42.3018814531141
35.36,42.3018814535113
35.3696835485779,42.301881465555
35.37,42.3018814659449
35.3796835485779,42.3018814777712
35.38,42.3018814781541
35.3896835485779,42.3018814897643
35.39,42.3018814901402
35.3996835485779,42.3018815015357
35.4,42.3018815019046
35.4096835485779,42.3018815130868
35.41,42.3018815134488
35.4196835485779,42.3018815244191
35.42,42.3018815247742
35.4296835485778,42.3018815355341
35.43,42.3018815358822
35.4396835485778,42.3018815464331
35.44,42.3018815467745
35.4496835485778,42.3018815571176
35.45,42.3018815574523
35.4596835485778,42.3018815675892
35.46,42.3018815679171
35.4696835485778,42.3018815778492
35.47,42.3018815781704
35.4796835485778,42.3018815878991
35.48,42.3018815882137
35.4896835485778,42.3018815977404
35.49,42.3018815980485
35.4996835485778,42.3018816073746
35.5,42.3018816076761
35.5096835485778,42.301881616803
35.51,42.301881617098
35.5196835485778,42.3018816260272
35.52,42.3018816263158
35.5296835485778,42.3018816350485
35.53,42.3018816353307
35.5396835485778,42.3018816438685
35.54,42.3018816441443
35.5496835485778,42.3018816524884
35.55,42.301881652758
35.5596835485778,42.3018816609098
35.56,42.3018816611731
35.5696835485778,42.3018816691341
35.57,42.3018816693911
35.5796835485778,42.3018816771625
35.58,42.3018816774134
35.5896835485778,42.3018816849965
35.59,42.3018816852412
35.5996835485778,42.3018816926373
35.6,42.301881692876
35.6096835485778,42.3018817000863
35.61,42.3018817003189
35.6196835485778,42.3018817073448
35.62,42.3018817075714
35.6296835485778,42.301881714414
35.63,42.3018817146346
35.6396835485778,42.3018817212951
35.64,42.3018817215098
35.6496835485778,42.3018817279893
35.65,42.3018817281981
35.6596835485778,42.3018817344978
35.66,42.3018817347007
35.6696835485778,42.3018817408215
35.67,42.3018817410186
35.6796835485778,42.3018817469616
35.68,42.3018817471529
35.6896835485778,42.3018817529189
35.69,42.3018817531045
35.6996835485778,42.3018817586946
35.7,42.3018817588744
35.7096835485778,42.3018817642893
35.71,42.3018817644634
35.7196835485778,42.3018817697039
35.72,42.3018817698723
35.7296835485778,42.3018817749391
35.73,42.3018817751019
35.7396835485778,42.3018817799956
35.74,42.3018817801527
35.7496835485778,42.3018817848738
35.75,42.3018817850253
35.7596835485778,42.3018817895743
35.76,42.3018817897201
35.7696835485778,42.3018817940973
35.77,42.3018817942376
35.7796835485778,42.3018817984432
35.78,42.3018817985778
35.7896835485778,42.301881802612
35.79,42.301881802741
35.7996835485778,42.3018818066037
35.8,42.3018818067271
35.8096835485778,42.3018818104182
35.81,42.301881810536
35.8196835485778,42.3018818140551
35.82,42.3018818141673
35.8296835485778,42.3018818175139
35.83,42.3018818176205
35.8396835485778,42.3018818207941
35.84,42.301881820895
35.8496835485778,42.3018818238946
35.85,42.3018818239898
35.8596835485778,42.3018818268144
35.86,42.3018818269038
35.8696835485778,42.3018818295519
35.87,42.3018818296356
35.8796835485778,42.3018818321054
35.88,42.3018818321832
35.8896835485778,42.3018818344725
35.89,42.3018818345443
35.8996835485778,42.3018818366496
35.9,42.3018818367154
35.904652648159,42.3018818376598
35.9096217477403,42.3018818386215
35.91,42.3018818386927
35.9132878789149,42.3018818393006
35.9169540100895,42.3018818399576
35.92,42.3018818404899
35.9206201412641,42.301881840597
35.93,42.3018818421762
35.9300237927495,42.3018818421801
35.9394274442348,42.3018818437009
35.94,42.3018818437917
35.9488310957201,42.3018818451696
35.95,42.3018818453488
35.9582347472055,42.30188184659
35.96,42.3018818468514
35.9676383986908,42.3018818479625
35.97,42.3018818482997
35.9770420501762,42.3018818492865
35.98,42.3018818496928
35.9864457016615,42.3018818505609
35.99,42.3018818510295
35.9958493531468,42.3018818517848
36,42.3018818523089
36.0052530046322,42.3018818529575
36.01,42.3018818535299
36.0146566561175,42.3018818540782
36.02,42.3018818546916
36.0240603076028,42.3018818551461
36.03,42.3018818557932
36.0334639590882,42.3018818561606
36.04,42.3018818568339
36.0428676105735,42.3018818571209
36.05,42.3018818578129
36.0522712620588,42.3018818580265
36.06,42.3018818587294
36.0616749135442,42.3018818588768
36.07,42.3018818595829
36.0710785650295,42.3018818596711
36.08,42.3018818603725
36.0804822165148,42.301881860409
36.0898858680002,42.3018818610897
36.09,42.3018818610976
36.0992895194855,42.3018818617128
36.1,42.3018818617576
36.1086931709709,42.3018818622791
36.11,42.3018818623533
36.1180968224562,42.3018818627885
36.12,42.3018818628847
36.1275004739415,42.3018818632403
36.13,42.3018818633507
36.1369041254269,42.3018818636337
36.14,42.3018818637504
36.1463077769122,42.3018818639678
36.15,42.3018818640827
36.1557114283975,42.3018818642418
36.16,42.3018818643465
36.1651150798829,42.3018818644545
36.17,42.3018818645406
36.1745187313682,42.301881864605
36.18,42.3018818646635
36.1839223828535,42.301881864692
36.19,42.3018818647139
36.1933260343389,42.3018818647142
36.2,42.3018818646898
36.2027296858242,42.30188186467
36.21,42.3018818645893
36.2121333373095,42.3018818645577
36.22,42.3018818644097
36.2215369887949,42.3018818643749
36.23,42.3018818641476
36.2309406402802,42.3018818641185
36.24,42.3018818638015
36.2403442917656,42.3018818637881
36.2455762489317,42.3018818635762
36.25,42.3018818633861
36.2508082060978,42.3018818633506
36.2560401632639,42.3018818631169
36.26,42.3018818629375
36.2660401632639,42.3018818626636
36.27,42.3018818624845
36.2760401632639,42.3018818622139
36.28,42.3018818620383
36.2860401632639,42.3018818617729
36.29,42.3018818616005
36.2960401632639,42.3018818613395
36.3,42.3018818611696
36.3060401632639,42.3018818609118
36.31,42.3018818607437
36.3160401632638,42.3018818604886
36.32,42.3018818603223
36.3260401632638,42.3018818600698
36.33,42.3018818599052
36.3360401632638,42.3018818596556
36.34,42.3018818594929
36.3460401632638,42.3018818592461
36.35,42.3018818590852
36.3560401632638,42.3018818588412
36.36,42.3018818586822
36.3660401632638,42.3018818584409
36.37,42.3018818582836
36.3760401632638,42.3018818580447
36.38,42.3018818578889
36.3860401632638,42.3018818576523
36.39,42.3018818574978
36.3960401632638,42.3018818572629
36.4,42.3018818571095
36.4060401632638,42.3018818568761
36.41,42.3018818567234
36.4160401632638,42.3018818564908
36.42,42.3018818563385
36.4260401632638,42.3018818561061
36.43,42.3018818559537
36.4360401632638,42.3018818557208
36.44,42.3018818555676
36.4460401632638,42.301881855333
36.45,42.3018818551784
36.4560401632638,42.3018818549408
36.46,42.3018818547838
36.4660401632638,42.3018818545415
36.47,42.3018818543808
36.4760401632638,42.3018818541343
36.48,42.3018818539729
36.4827000639065,42.3018818538644
36.4893599645492,42.3018818536067
36.49,42.301881853583
36.4960198651919,42.3018818533694
36.5,42.3018818532377
36.5026797658347,42.3018818531529
36.5093396664774,42.3018818529538
36.51,42.3018818529349
36.5145243139522,42.3018818528093
36.5197089614271,42.3018818526744
36.52,42.3018818526671
36.524893608902,42.3018818525496
36.53,42.3018818524375
36.5311362756814,42.3018818524141
36.5364104643339,42.3018818523131
36.54,42.3018818522516
36.5416846529864,42.3018818522249
36.5469588416389,42.3018818521494
36.55,42.3018818521111
36.5522330302914,42.3018818520852
36.5597824926126,42.3018818520096
36.56,42.3018818520077
36.565724879268,42.3018818519624
36.57,42.3018818519352
36.5737086514322,42.3018818519164
36.58,42.3018818518941
36.5816924235964,42.3018818518902
36.59,42.3018818518825
36.5916924235964,42.3018818518833
36.6,42.3018818518983
36.6016924235964,42.3018818519037
36.61,42.3018818519406
36.6116924235964,42.3018818519503
36.62,42.3018818520085
36.6216924235964,42.3018818520225
36.63,42.3018818521014
36.6316924235964,42.3018818521196
36.64,42.3018818522187
36.6416924235964,42.3018818522409
36.65,42.3018818523596
36.6516924235964,42.3018818523858
36.66,42.3018818525237
36.6616924235964,42.3018818525537
36.67,42.3018818527106
36.6716924235964,42.3018818527445
36.68,42.30188185292
36.6816924235964,42.3018818529576
36.69,42.3018818531517
36.6916924235964,42.3018818531931
36.7,42.3018818534056
36.7016924235963,42.3018818534508
36.71,42.3018818536817
36.7116924235963,42.3018818537306
36.72,42.3018818539799
36.7216924235963,42.3018818540325
36.73,42.3018818543002
36.7316924235963,42.3018818543565
36.74,42.3018818546424
36.7416924235963,42.3018818547025
36.75,42.3018818550067
36.7516924235963,42.3018818550705
36.76,42.3018818553928
36.7616924235963,42.3018818554603
36.77,42.3018818558007
36.7716924235963,42.3018818558719
36.78,42.3018818562303
36.7816924235963,42.3018818563052
36.79,42.3018818566815
36.7916924235963,42.30188185676
36.8,42.3018818571541
36.8016924235963,42.3018818572362
36.81,42.301881857648
36.8116924235963,42.3018818577337
36.82,42.301881858163
36.8216924235963,42.3018818582523
36.83,42.301881858699
36.8316924235963,42.3018818587918
36.84,42.3018818592559
36.8416924235963,42.3018818593522
36.85,42.3018818598334
36.8516924235963,42.3018818599332
36.86,42.3018818604314
36.8616924235963,42.3018818605346
36.87,42.3018818610498
36.8716924235963,42.3018818611564
36.88,42.3018818616883
36.8816924235963,42.3018818617984
36.89,42.3018818623469
36.8916924235963,42.3018818624603
36.9,42.3018818630254
36.9016924235963,42.3018818631422
36.91,42.3018818637236
36.9116924235963,42.3018818638437
36.92,42.3018818644414
36.9216924235963,42.3018818645648
36.93,42.3018818651787
36.9316924235963,42.3018818653053
36.94,42.3018818659352
36.9416924235963,42.3018818660652
36.95,42.301881866711
36.9516924235963,42.3018818668442
36.96,42.3018818675059
36.9616924235963,42.3018818676423
36.97,42.3018818683197
36.9716924235963,42.3018818684593
36.98,42.3018818691525
36.9816924235963,42.3018818692952
36.99,42.301881870004
36.9916924235963,42.3018818701499
37,42.3018818708741
37.0016924235963,42.3018818710233
37.01,42.301881871763
37.0116924235963,42.3018818719152
37.02,42.3018818726703
37.0216924235963,42.3018818728257
37.03,42.3018818735961
37.0316924235963,42.3018818737547
37.04,42.3018818745404
37.0416924235963,42.301881874702
37.05,42.301881875503
37.0516924235963,42.3018818756677
37.06,42.3018818764839
37.0616924235963,42.3018818766517
37.07,42.301881877483
37.0716924235963,42.3018818776539
37.08,42.3018818785004
37.0816924235963,42.3018818786744
37.09,42.301881879536
37.0916924235963,42.301881879713
37.1,42.3018818805897
37.1016924235963,42.3018818807698
37.11,42.3018818816615
37.1116924235963,42.3018818818447
37.12,42.3018818827514
37.1216924235963,42.3018818829377
37.13,42.3018818838594
37.1316924235963,42.3018818840487
37.14,42.3018818849854
37.1416924235963,42.3018818851778
37.15,42.3018818861295
37.1516924235963,42.3018818863249
37.16,42.3018818872916
37.1616924235963,42.30188188749
37.17,42.3018818884716
37.1716924235963,42.3018818886731
37.18,42.3018818896696
37.1816924235963,42.3018818898742
37.19,42.3018818908856
37.1916924235963,42.3018818910931
37.2,42.3018818921195
37.2016924235962,42.30188189233
37.21,42.3018818933712
37.2116924235962,42.3018818935848
37.22,42.3018818946409
37.2216924235962,42.3018818948575
37.23,42.3018818959284
37.2316924235962,42.301881896148
37.24,42.3018818972337
37.2416924235962,42.3018818974563
37.25,42.3018818985568
37.2516924235962,42.3018818987824
37.26,42.3018818998976
37.2616924235962,42.3018819001263
37.27,42.3018819012562
37.2716924235962,42.3018819014878
37.28,42.3018819026324
37.2816924235962,42.301881902867
37.29,42.3018819040262
37.2916924235962,42.3018819042639
37.3,42.3018819054376
37.3016924235962,42.3018819056783
37.31,42.3018819068666
37.3116924235962,42.3018819071102
37.32,42.301881908313
37.3216924235962,42.3018819085595
37.33,42.3018819097768
37.3316924235962,42.3018819100263
37.34,42.301881911258
37.3416924235962,42.3018819115103
37.35,42.3018819127564
37.3516924235962,42.3018819130117
37.36,42.301881914272
37.3616924235962,42.3018819145302
37.37,42.3018819158047
37.3716924235962,42.3018819160658
37.38,42.3018819173544
37.3816924235962,42.3018819176184
37.39,42.3018819189211
37.3916924235962,42.3018819191879
37.4,42.3018819205046
37.4016924235962,42.3018819207743
37.41,42.3018819221048
37.4116924235962,42.3018819223773
37.42,42.3018819237217
37.4216924235962,42.301881923997
37.43,42.3018819253551
37.4316924235962,42.3018819256332
37.44,42.3018819270049
37.4416924235962,42.3018819272857
37.45,42.301881928671
37.4516924235962,42.3018819289546
37.46,42.3018819303533
37.4616924235962,42.3018819306396
37.47,42.3018819320516
37.4716924235962,42.3018819323405
37.48,42.3018819337657
37.4816924235962,42.3018819340574
37.49,42.3018819354957
37.4916924235962,42.30188193579
37.5,42.3018819372413
37.5016924235962,42.3018819375383
37.51,42.3018819390023
37.5116924235962,42.3018819393019
37.52,42.3018819407787
37.5216924235962,42.3018819410809
37.53,42.3018819425703
37.5316924235962,42.301881942875
37.54,42.3018819443769
37.5416924235962,42.3018819446841
37.55,42.3018819461984
37.5516924235962,42.3018819465081
37.56,42.3018819480345
37.5616924235962,42.3018819483467
37.57,42.3018819498852
37.5716924235962,42.3018819501998
37.58,42.3018819517502
37.5816924235962,42.3018819520673
37.59,42.3018819536295
37.5916924235962,42.3018819539489
37.6,42.3018819555228
37.6016924235962,42.3018819558446
37.61,42.3018819574298
37.6116924235962,42.301881957754
37.62,42.3018819593506
37.6216924235962,42.301881959677
37.63,42.3018819612848
37.6316924235962,42.3018819616135
37.64,42.3018819632324
37.6416924235962,42.3018819635633
37.65,42.301881965193
37.6516924235962,42.3018819655261
37.66,42.3018819671666
37.6616924235962,42.3018819675018
37.67,42.3018819691529
37.6716924235962,42.3018819694903
37.68,42.3018819711517
37.6816924235962,42.3018819714912
37.69,42.3018819731628
37.6916924235962,42.3018819735044
37.7,42.3018819751861
37.7016924235961,42.3018819755297
37.71,42.3018819772213
37.7116924235961,42.301881977567
37.72,42.3018819792683
37.7216924235961,42.3018819796159
37.73,42.3018819813269
37.7316924235961,42.3018819816764
37.74,42.3018819833968
37.7416924235961,42.3018819837482
37.75,42.3018819854778
37.7516924235961,42.3018819858311
37.76,42.3018819875698
37.7616924235961,42.301881987925
37.77,42.3018819896726
37.7716924235961,42.3018819900295
37.78,42.3018819917859
37.7816924235961,42.3018819921446
37.79,42.3018819939095
37.7916924235961,42.3018819942699
37.8,42.3018819960432
37.8016924235961,42.3018819964053
37.81,42.3018819981869
37.8116924235961,42.3018819985507
37.82,42.3018820003403
37.8216924235961,42.3018820007057
37.83,42.3018820025032
37.8316924235961,42.3018820028702
37.84,42.3018820046754
37.8416924235961,42.3018820050439
37.85,42.3018820068567
37.8516924235961,42.3018820072267
37.86,42.3018820090468
37.8616924235961,42.3018820094183
37.87,42.3018820112456
37.8716924235961,42.3018820116186
37.88,42.3018820134529
37.8816924235961,42.3018820138273
37.89,42.3018820156684
37.8916924235961,42.3018820160442
37.9,42.301882017892
37.9016924235961,42.3018820182691
37.91,42.3018820201233
37.9116924235961,42.3018820205017
37.92,42.3018820223623
37.9216924235961,42.301882022742
37.93,42.3018820246086
37.9316924235961,42.3018820249895
37.94,42.3018820268622
37.9416924235961,42.3018820272443
37.95,42.3018820291226
37.9516924235961,42.3018820295059
37.96,42.3018820313899
37.9616924235961,42.3018820317742
37.97,42.3018820336636
37.9716924235961,42.3018820340491
37.98,42.3018820359437
37.9816924235961,42.3018820363302
37.99,42.3018820382298
37.9916924235961,42.3018820386173
38,42.3018820405219
38.0016924235961,42.3018820409103
38.01,42.3018820428195
38.0116924235961,42.301882043209
38.02,42.3018820451227
38.0216924235961,42.301882045513
38.03,42.301882047431
38.0316924235961,42.3018820478222
38.04,42.3018820497444
38.0416924235961,42.3018820501364
38.05,42.3018820520625
38.0516924235961,42.3018820524553
38.06,42.3018820543852
38.0616924235961,42.3018820547787
38.07,42.3018820567122
38.0716924235961,42.3018820571065
38.08,42.3018820590433
38.0816924235961,42.3018820594383
38.09,42.3018820613784
38.0916924235961,42.301882061774
38.1,42.3018820637171
38.1016924235961,42.3018820641133
38.11,42.3018820660593
38.1116924235961,42.301882066456
38.12,42.3018820684047
38.1216924235961,42.3018820688019
38.13,42.3018820707531
38.1316924235961,42.3018820711508
38.14,42.3018820731043
38.1416924235961,42.3018820735024
38.15,42.301882075458
38.1516924235961,42.3018820758566
38.16,42.3018820778141
38.1616924235961,42.3018820782131
38.17,42.3018820801723
38.1716924235961,42.3018820805716
38.18,42.3018820825323
38.1816924235961,42.3018820829319
38.19,42.3018820848941
38.1916924235961,42.3018820852939
38.2,42.3018820872573
38.2016924235961,42.3018820876574
38.21,42.3018820896216
38.211692423596,42.3018820900219
38.22,42.301882091987
38.221692423596,42.3018820923874
38.23,42.3018820943531
38.231692423596,42.3018820947537
38.24,42.3018820967198
38.241692423596,42.3018820971204
38.25,42.3018820990868
38.251692423596,42.3018820994874
38.26,42.3018821014538
38.261692423596,42.3018821018544
38.27,42.3018821038207
38.271692423596,42.3018821042212
38.28,42.3018821061872
38.281692423596,42.3018821065876
38.29,42.301882108553
38.291692423596,42.3018821089534
38.3,42.3018821109181
38.301692423596,42.3018821113182
38.31,42.301882113282
38.311692423596,42.301882113682
38.32,42.3018821156447
38.321692423596,42.3018821160444
38.33,42.3018821180058
38.331692423596,42.3018821184053
38.34,42.3018821203652
38.341692423596,42.3018821207643
38.35,42.3018821227225
38.351692423596,42.3018821231213
38.36,42.3018821250777
38.361692423596,42.301882125476
38.37,42.3018821274303
38.371692423596,42.3018821278283
38.38,42.3018821297803
38.381692423596,42.3018821301778
38.39,42.3018821321274
38.391692423596,42.3018821325243
38.4,42.3018821344714
38.401692423596,42.3018821348677
38.41,42.3018821368119
38.411692423596,42.3018821372077
38.42,42.3018821391488
38.421692423596,42.301882139544
38.43,42.301882141482
38.431692423596,42.3018821418764
38.44,42.301882143811
38.441692423596,42.3018821442047
38.45,42.3018821461357
38.451692423596,42.3018821465287
38.46,42.3018821484559
38.461692423596,42.3018821488482
38.47,42.3018821507714
38.471692423596,42.3018821511628
38.48,42.3018821530819
38.481692423596,42.3018821534724
38.49,42.3018821553871
38.491692423596,42.3018821557767
38.5,42.3018821576869
38.501692423596,42.3018821580756
38.51,42.3018821599811
38.511692423596,42.3018821603688
38.52,42.3018821622694
38.521692423596,42.301882162656
38.53,42.3018821645515
38.531692423596,42.3018821649371
38.54,42.3018821668273
38.541692423596,42.3018821672118
38.55,42.3018821690965
38.551692423596,42.3018821694799
38.56,42.301882171359
38.561692423596,42.3018821717412
38.57,42.3018821736144
38.571692423596,42.3018821739954
38.58,42.3018821758626
38.581692423596,42.3018821762424
38.59,42.3018821781033
38.591692423596,42.3018821784818
38.6,42.3018821803364
38.601692423596,42.3018821807135
38.61,42.3018821825615
38.611692423596,42.3018821829373
38.62,42.3018821847785
38.621692423596,42.3018821851529
38.63,42.3018821869872
38.631692423596,42.3018821873601
38.64,42.3018821891872
38.641692423596,42.3018821895587
38.65,42.3018821913786
38.651692423596,42.3018821917485
38.66,42.3018821935609
38.661692423596,42.3018821939293
38.67,42.301882195734
38.671692423596,42.3018821961008
38.68,42.3018821978976
38.681692423596,42.3018821982628
38.69,42.3018822000516
38.691692423596,42.3018822004152
38.7,42.3018822021957
38.701692423596,42.3018822025576
38.71,42.3018822043297
38.7116924235959,42.3018822046899
38.72,42.3018822064535
38.7216924235959,42.3018822068119
38.73,42.3018822085667
38.7316924235959,42.3018822089233
38.74,42.3018822106692
38.7416924235959,42.301882211024
38.75,42.3018822127608
38.7516924235959,42.3018822131137
38.76,42.3018822148413
38.7616924235959,42.3018822151923
38.77,42.3018822169104
38.7716924235959,42.3018822172594
38.78,42.3018822189679
38.7816924235959,42.301882219315
38.79,42.3018822210137
38.7916924235959,42.3018822213588
38.8,42.3018822230475
38.8016924235959,42.3018822233905
38.81,42.3018822250692
38.8116924235959,42.3018822254101
38.82,42.3018822270784
38.8216924235959,42.3018822274172
38.83,42.3018822290751
38.8316924235959,42.3018822294117
38.84,42.301882231059
38.8416924235959,42.3018822313934
38.85,42.3018822330298
38.8516924235959,42.3018822333621
38.86,42.3018822349875
38.8616924235959,42.3018822353175
38.87,42.3018822369318
38.8716924235959,42.3018822372595
38.88,42.3018822388625
38.8816924235959,42.3018822391879
38.89,42.3018822407793
38.8916924235959,42.3018822411024
38.9,42.3018822426822
38.9016924235959,42.3018822430029
38.91,42.3018822445709
38.9116924235959,42.3018822448891
38.92,42.3018822464452
38.9216924235959,42.301882246761
38.93,42.3018822483049
38.9316924235959,42.3018822486182
38.94,42.3018822501498
38.9416924235959,42.3018822504605
38.95,42.3018822519796
38.9516924235959,42.3018822522878
38.96,42.3018822537943
38.9616924235959,42.3018822540999
38.97,42.3018822555936
38.9716924235959,42.3018822558966
38.98,42.3018822573773
38.9816924235959,42.3018822576776
38.99,42.3018822591451
38.9916924235959,42.3018822594427
39,42.3018822608969
39.0016924235959,42.3018822611918
39.01,42.3018822626325
39.0116924235959,42.3018822629247
39.02,42.3018822643517
39.0216924235959,42.3018822646411
39.03,42.3018822660543
39.0316924235959,42.3018822663408
39.04,42.30188226774
39.0416924235959,42.3018822680236
39.05,42.3018822694087
39.0516924235959,42.3018822696894
39.06,42.30188227106
39.0616924235959,42.3018822713378
39.07,42.3018822726939
39.0716924235959,42.3018822729687
39.08,42.3018822743101
39.0816924235959,42.3018822745819
39.09,42.3018822759084
39.0916924235959,42.3018822761771
39.1,42.3018822774885
39.1016924235959,42.3018822777541
39.11,42.3018822790502
39.1116924235959,42.3018822793127
39.12,42.3018822805933
39.1216924235959,42.3018822808526
39.13,42.3018822821176
39.1316924235959,42.3018822823737
39.14,42.3018822836227
39.1416924235959,42.3018822838756
39.15,42.3018822851085
39.1516924235959,42.3018822853581
39.16,42.3018822865747
39.1616924235959,42.3018822868209
39.17,42.3018822880211
39.1716924235959,42.3018822882639
39.18,42.3018822894473
39.1816924235959,42.3018822896866
39.19,42.301882290853
39.1916924235959,42.3018822910889
39.2,42.3018822922381
39.2016924235959,42.3018822924705
39.21,42.3018822936022
39.2116924235958,42.301882293831
39.22,42.301882294945
39.2216924235958,42.3018822951701
39.23,42.3018822962662
39.2316924235958,42.3018822964876
39.24,42.3018822975655
39.2416924235958,42.3018822977832
39.25,42.3018822988425
39.2516924235958,42.3018822990564
39.26,42.3018823000969
39.2616924235958,42.301882300307
39.27,42.3018823013285
39.2716924235958,42.3018823015346
39.28,42.3018823025367
39.2816924235958,42.3018823027388
39.29,42.3018823037212
39.2916924235958,42.3018823039194
39.3,42.3018823048818
39.3016924235958,42.3018823050758
39.31,42.3018823060179
39.3116924235958,42.3018823062077
39.32,42.3018823071292
39.3216924235958,42.3018823073148
39.33,42.3018823082153
39.3316924235958,42.3018823083966
39.34,42.3018823092758
39.3416924235958,42.3018823094527
39.35,42.3018823103104
39.3516924235958,42.3018823104828
39.36,42.3018823113185
39.3616924235958,42.3018823114865
39.37,42.3018823123
39.3716924235958,42.3018823124634
39.38,42.3018823132543
39.3816924235958,42.3018823134131
39.39,42.3018823141812
39.3916924235958,42.3018823143354
39.4,42.3018823150804
39.4016924235958,42.3018823152299
39.41,42.3018823159517
39.4116924235958,42.3018823160963
39.42,42.3018823167947
39.4216924235958,42.3018823169346
39.43,42.3018823176093
39.4316924235958,42.3018823177444
39.44,42.3018823183954
39.4416924235958,42.3018823185257
39.45,42.301882319153
39.4516924235958,42.3018823192783
39.46,42.3018823198818
39.4616924235958,42.3018823200023
39.47,42.3018823205819
39.4716924235958,42.3018823206976
39.48,42.3018823212533
39.4816924235958,42.3018823213641
39.49,42.3018823218959
39.4916924235958,42.3018823220018
39.5,42.3018823225096
39.5016924235958,42.3018823226107
39.51,42.3018823230946
39.5116924235958,42.3018823231907
39.52,42.3018823236506
39.5216924235958,42.3018823237418
39.53,42.3018823241776
39.5316924235958,42.301882324264
39.54,42.3018823246757
39.5416924235958,42.3018823247572
39.55,42.3018823251449
39.5516924235958,42.3018823252214
39.56,42.301882325585
39.5616924235958,42.3018823256566
39.57,42.3018823259961
39.5716924235958,42.3018823260628
39.58,42.3018823263782
39.5816924235958,42.30188232644
39.59,42.301882326731
39.5916924235958,42.3018823267877
39.6,42.3018823270537
39.6016924235958,42.3018823271053
39.61,42.3018823273446
39.6116924235958,42.3018823273905
39.62,42.3018823276005
39.6216924235958,42.30188232764
39.63,42.3018823278181
39.6316924235958,42.301882327851
39.64,42.3018823279967
39.6416924235958,42.3018823280232
39.65,42.3018823281385
39.6516924235958,42.3018823281591
39.66,42.3018823282468
39.6616924235958,42.301882328262
39.67,42.3018823283245
39.6716924235958,42.3018823283348
39.68,42.3018823283743
39.6816924235958,42.3018823283802
39.69,42.3018823283987
39.6916924235958,42.3018823284005
39.7,42.3018823283999
39.7016924235958,42.3018823283979
39.71,42.3018823283797
39.7116924235957,42.3018823283743
39.72,42.3018823283398
39.7216924235957,42.3018823283313
39.73,42.3018823282821
39.7316924235957,42.3018823282706
39.74,42.3018823282079
39.7416924235957,42.3018823281938
39.75,42.3018823281187
39.7516924235957,42.3018823281021
39.76,42.3018823280154
39.7616924235957,42.3018823279966
39.77,42.301882327899
39.7716924235957,42.3018823278781
39.78,42.3018823277703
39.7816924235957,42.3018823277474
39.79,42.3018823276301
39.7916924235957,42.3018823276052
39.8,42.3018823274788
39.8016924235957,42.3018823274522
39.81,42.3018823273172
39.8116924235957,42.3018823272888
39.82,42.3018823271455
39.8216924235957,42.3018823271155
39.83,42.3018823269643
39.8316924235957,42.3018823269327
39.84,42.3018823267738
39.8416924235957,42.3018823267407
39.85,42.3018823265744
39.8516924235957,42.3018823265398
39.86,42.3018823263663
39.8616924235957,42.3018823263302
39.87,42.3018823261496
39.8716924235957,42.3018823261121
39.88,42.3018823259246
39.8816924235957,42.3018823258857
39.89,42.3018823256914
39.8916924235957,42.3018823256511
39.9,42.30188232545
39.9016924235957,42.3018823254084
39.91,42.3018823252007
39.9116924235957,42.3018823251576
39.92,42.3018823249433
39.9216924235957,42.301882324899
39.93,42.301882324678
39.9316924235957,42.3018823246324
39.94,42.3018823244049
39.9416924235957,42.3018823243579
39.95,42.301882324124
39.9516924235957,42.3018823240757
39.96,42.3018823238353
39.9616924235957,42.3018823237857
39.97,42.3018823235389
39.9716924235957,42.301882323488
39.98,42.301882323235
39.9816924235957,42.3018823231828
39.99,42.3018823229234
39.9916924235957,42.30188232287
40,42.3018823226044
40.0016924235957,42.3018823225497
40.01,42.301882322278
40.0116924235957,42.3018823222221
40.02,42.3018823219444
40.0216924235957,42.3018823218872
40.03,42.3018823216035
40.0316924235957,42.3018823215451
40.04,42.3018823212555
40.0416924235957,42.301882321196
40.05,42.3018823209005
40.0516924235957,42.3018823208397
40.06,42.3018823205384
40.0616924235957,42.3018823204765
40.07,42.3018823201693
40.0716924235957,42.3018823201062
40.08,42.3018823197933
40.0816924235957,42.301882319729
40.09,42.3018823194103
40.0916924235957,42.3018823193447
40.1,42.3018823190202
40.1016924235957,42.3018823189535
40.11,42.3018823186231
40.1116924235957,42.3018823185552
40.12,42.3018823182189
40.1216924235957,42.3018823181498
40.13,42.3018823178076
40.1316924235957,42.3018823177373
40.14,42.3018823173892
40.1416924235957,42.3018823173177
40.15,42.3018823169636
40.1516924235957,42.3018823168909
40.16,42.3018823165308
40.1616924235957,42.3018823164568
40.17,42.3018823160908
40.1716924235957,42.3018823160156
40.18,42.3018823156435
40.1816924235957,42.3018823155671
40.19,42.3018823151891
40.1916924235957,42.3018823151114
40.2,42.3018823147274
40.2016924235957,42.3018823146486
40.21,42.3018823142586
40.2116924235957,42.3018823141785
40.22,42.3018823137826
40.2216924235956,42.3018823137013
40.23,42.3018823132995
40.2316924235956,42.301882313217
40.24,42.3018823128093
40.2416924235956,42.3018823127256
40.25,42.301882312312
40.2516924235956,42.3018823122272
40.26,42.3018823118077
40.2616924235956,42.3018823117217
40.27,42.3018823112965
40.2716924235956,42.3018823112093
40.28,42.3018823107784
40.2816924235956,42.30188231069
40.29,42.3018823102534
40.2916924235956,42.3018823101639
40.3,42.3018823097216
40.3016924235956,42.3018823096309
40.31,42.3018823091831
40.3116924235956,42.3018823090912
40.32,42.3018823086378
40.3216924235956,42.3018823085449
40.33,42.3018823080859
40.3316924235956,42.3018823079919
40.34,42.3018823075274
40.3416924235956,42.3018823074323
40.35,42.3018823069624
40.3516924235956,42.3018823068662
40.36,42.3018823063909
40.3616924235956,42.3018823062935
40.37,42.301882305813
40.3716924235956,42.3018823057145
40.38,42.3018823052286
40.3816924235956,42.3018823051291
40.39,42.3018823046379
40.3916924235956,42.3018823045373
40.4,42.3018823040409
40.4016924235956,42.3018823039393
40.41,42.3018823034377
40.4116924235956,42.301882303335
40.42,42.3018823028282
40.4216924235956,42.3018823027245
40.43,42.3018823022126
40.4316924235956,42.3018823021078
40.44,42.3018823015908
40.4416924235956,42.301882301485
40.45,42.3018823009629
40.4516924235956,42.3018823008561
40.46,42.301882300329
40.4616924235956,42.3018823002211
40.47,42.301882299689
40.4716924235956,42.3018822995801
40.48,42.3018822990431
40.4816924235956,42.3018822989332
40.49,42.3018822983911
40.4916924235956,42.3018822982802
40.5,42.3018822977333
40.5016924235956,42.3018822976214
40.51,42.3018822970695
40.5116924235956,42.3018822969566
40.52,42.3018822963999
40.5216924235956,42.301882296286
40.53,42.3018822957244
40.5316924235956,42.3018822956095
40.54,42.3018822950431
40.5416924235956,42.3018822949272
40.55,42.3018822943559
40.5516924235956,42.3018822942391
40.56,42.3018822936631
40.5616924235956,42.3018822935452
40.57,42.3018822929644
40.5716924235956,42.3018822928456
40.58,42.3018822922601
40.5816924235956,42.3018822921403
40.59,42.3018822915501
40.5916924235956,42.3018822914293
40.6,42.3018822908344
40.6016924235956,42.3018822907127
40.61,42.301882290113
40.6116924235956,42.3018822899904
40.62,42.3018822893861
40.6216924235956,42.3018822892625
40.63,42.3018822886536
40.6316924235956,42.3018822885291
40.64,42.3018822879155
40.6416924235956,42.3018822877901
40.65,42.3018822871719
40.6516924235956,42.3018822870456
40.66,42.3018822864229
40.6616924235956,42.3018822862956
40.67,42.3018822856683
40.6716924235956,42.3018822855401
40.68,42.3018822849084
40.6816924235956,42.3018822847793
40.69,42.3018822841431
40.6916924235956,42.301882284013
40.7,42.3018822833724
40.7016924235956,42.3018822832414
40.71,42.3018822825964
40.7116924235956,42.3018822824645
40.72,42.3018822818151
40.7216924235955,42.3018822816824
40.73,42.3018822810286
40.7316924235955,42.301882280895
40.74,42.3018822802369
40.7416924235955,42.3018822801024
40.75,42.3018822794401
40.7516924235955,42.3018822793047
40.76,42.3018822786381
40.7616924235955,42.3018822785019
40.77,42.3018822778311
40.7716924235955,42.301882277694
40.78,42.3018822770191
40.7816924235955,42.3018822768812
40.79,42.3018822762021
40.7916924235955,42.3018822760633
40.8,42.3018822753802
40.8016924235955,42.3018822752406
40.81,42.3018822745534
40.8116924235955,42.301882274413
40.82,42.3018822737218
40.8216924235955,42.3018822735806
40.83,42.3018822728854
40.8316924235955,42.3018822727434
40.84,42.3018822720444
40.8416924235955,42.3018822719015
40.85,42.3018822711986
40.8516924235955,42.3018822710551
40.86,42.3018822703483
40.8616924235955,42.301882270204
40.87,42.3018822694935
40.8716924235955,42.3018822693484
40.88,42.3018822686341
40.8816924235955,42.3018822684883
40.89,42.3018822677704
40.8916924235955,42.3018822676238
40.9,42.3018822669023
40.9016924235955,42.301882266755
40.91,42.3018822660299
40.9116924235955,42.3018822658818
40.92,42.3018822651533
40.9216924235955,42.3018822650045
40.93,42.3018822642725
40.9316924235955,42.301882264123
40.94,42.3018822633876
40.9416924235955,42.3018822632374
40.95,42.3018822624987
40.9516924235955,42.3018822623478
40.96,42.3018822616058
40.9616924235955,42.3018822614543
40.97,42.301882260709
40.9716924235955,42.3018822605568
40.98,42.3018822598084
40.9816924235955,42.3018822596556
40.99,42.301882258904
40.9916924235955,42.3018822587506
41,42.3018822579959
41.0016924235955,42.3018822578419
41.01,42.3018822570842
41.0116924235955,42.3018822569295
41.02,42.3018822561689
41.0216924235955,42.3018822560137
41.03,42.3018822552502
41.0316924235955,42.3018822550944
41.04,42.301882254328
41.0416924235955,42.3018822541716
41.05,42.3018822534026
41.0516924235955,42.3018822532456
41.06,42.3018822524738
41.0616924235955,42.3018822523163
41.07,42.3018822515419
41.0716924235955,42.3018822513838
41.08,42.3018822506068
41.0816924235955,42.3018822504483
41.09,42.3018822496687
41.0916924235955,42.3018822495097
41.1,42.3018822487277
41.1016924235955,42.3018822485681
41.11,42.3018822477837
41.1116924235955,42.3018822476237
41.12,42.301882246837
41.1216924235955,42.3018822466765
41.13,42.3018822458875
41.1316924235955,42.3018822457265
41.14,42.3018822449353
41.1416924235955,42.3018822447739
41.15,42.3018822439806
41.1516924235955,42.3018822438187
41.16,42.3018822430233
41.1616924235955,42.3018822428611
41.17,42.3018822420637
41.1716924235955,42.301882241901
41.18,42.3018822411017
41.1816924235955,42.3018822409386
41.19,42.3018822401374
41.1916924235955,42.301882239974
41.2,42.3018822391709
41.2016924235955,42.3018822390072
41.21,42.3018822382024
41.2116924235955,42.3018822380382
41.22,42.3018822372318
41.2216924235954,42.3018822370673
41.23,42.3018822362592
41.2316924235954,42.3018822360945
41.24,42.3018822352849
41.2416924235954,42.3018822351198
41.25,42.3018822343087
41.2516924235954,42.3018822341433
41.26,42.3018822333308
41.2616924235954,42.3018822331651
41.27,42.3018822323513
41.2716924235954,42.3018822321854
41.28,42.3018822313703
41.2816924235954,42.3018822312041
41.29,42.3018822303878
41.2916924235954,42.3018822302214
41.3,42.301882229404
41.3016924235954,42.3018822292373
41.31,42.3018822284188
41.3116924235954,42.301882228252
41.32,42.3018822274325
41.3216924235954,42.3018822272655
41.33,42.3018822264451
41.3316924235954,42.3018822262779
41.34,42.3018822254566
41.3416924235954,42.3018822252892
41.35,42.3018822244672
41.3516924235954,42.3018822242997
41.36,42.301882223477
41.3616924235954,42.3018822233093
41.37,42.301882222486
41.3716924235954,42.3018822223182
41.38,42.3018822214943
41.3816924235954,42.3018822213264
41.39,42.301882220502
41.3916924235954,42.301882220334
41.4,42.3018822195092
41.4016924235954,42.3018822193412
41.41,42.301882218516
41.4116924235954,42.3018822183479
41.42,42.3018822175225
41.4216924235954,42.3018822173543
41.43,42.3018822165287
41.4316924235954,42.3018822163605
41.44,42.3018822155348
41.4416924235954,42.3018822153666
41.45,42.3018822145409
41.4516924235954,42.3018822143727
41.46,42.301882213547
41.4616924235954,42.3018822133788
41.47,42.3018822125532
41.4716924235954,42.301882212385
41.48,42.3018822115596
41.4816924235954,42.3018822113915
41.49,42.3018822105664
41.4916924235954,42.3018822103983
41.5,42.3018822095735
41.5016924235954,42.3018822094056
41.51,42.3018822085812
41.5116924235954,42.3018822084133
41.52,42.3018822075895
41.5216924235954,42.3018822074217
41.53,42.3018822065984
41.5316924235954,42.3018822064308
41.54,42.3018822056082
41.5416924235954,42.3018822054407
41.55,42.3018822046188
41.5516924235954,42.3018822044515
41.56,42.3018822036304
41.5616924235954,42.3018822034633
41.57,42.3018822026431
41.5716924235954,42.3018822024762
41.58,42.301882201657
41.5816924235954,42.3018822014903
41.59,42.3018822006722
41.5916924235954,42.3018822005056
41.6,42.3018821996887
41.6016924235954,42.3018821995224
41.61,42.3018821987067
41.6116924235954,42.3018821985407
41.62,42.3018821977263
41.6216924235954,42.3018821975606
41.63,42.3018821967476
41.6316924235954,42.3018821965822
41.64,42.3018821957707
41.6416924235954,42.3018821956056
41.65,42.3018821947957
41.6516924235954,42.3018821946309
41.66,42.3018821938227
41.6616924235954,42.3018821936583
41.67,42.3018821928518
41.6716924235954,42.3018821926877
41.68,42.3018821918831
41.6816924235954,42.3018821917194
41.69,42.3018821909168
41.6916924235954,42.3018821907535
41.7,42.3018821899529
41.7016924235954,42.30188218979
41.71,42.3018821889915
41.7116924235954,42.3018821888291
41.72,42.3018821880329
41.7216924235953,42.3018821878709
41.73,42.3018821870769
41.7316924235953,42.3018821869154
41.74,42.3018821861239
41.7416924235953,42.301882185963
41.75,42.3018821851739
41.7516924235953,42.3018821850135
41.76,42.3018821842271
41.7616924235953,42.3018821840672
41.77,42.3018821832835
41.7716924235953,42.3018821831241
41.78,42.3018821823433
41.7816924235953,42.3018821821845
41.79,42.3018821814066
41.7916924235953,42.3018821812484
41.8,42.3018821804735
41.8016924235953,42.3018821803159
41.81,42.3018821795441
41.8116924235953,42.3018821793872
41.82,42.3018821786187
41.8216924235953,42.3018821784624
41.83,42.3018821776973
41.8316924235953,42.3018821775417
41.84,42.30188217678
41.8416924235953,42.3018821766252
41.85,42.301882175867
41.8516924235953,42.3018821757129
41.86,42.3018821749584
41.8616924235953,42.3018821748051
41.87,42.3018821740544
41.8716924235953,42.3018821739018
41.88,42.3018821731551
41.8816924235953,42.3018821730033
41.89,42.3018821722606
41.8916924235953,42.3018821721097
41.9,42.3018821713711
41.9016924235953,42.301882171221
41.91,42.3018821704867
41.9116924235953,42.3018821703375
41.92,42.3018821696076
41.9216924235953,42.3018821694593
41.93,42.3018821687339
41.9316924235953,42.3018821685866
41.94,42.3018821678658
41.9416924235953,42.3018821677195
41.95,42.3018821670034
41.9516924235953,42.3018821668581
41.96,42.301882166147
41.9616924235953,42.3018821660026
41.97,42.3018821652965
41.9716924235953,42.3018821651532
41.98,42.3018821644522
41.9816924235953,42.30188216431
41.99,42.3018821636143
41.9916924235953,42.3018821634732
42,42.3018821627829
42.0016924235953,42.3018821626429
42.01,42.3018821619582
42.0116924235953,42.3018821618192
42.02,42.3018821611402
42.0216924235953,42.3018821610025
42.03,42.3018821603293
42.0316924235953,42.3018821601927
42.04,42.3018821595254
42.0416924235953,42.3018821593901
42.05,42.3018821587289
42.0516924235953,42.3018821585948
42.06,42.3018821579398
42.0616924235953,42.301882157807
42.07,42.3018821571582
42.0716924235953,42.3018821570267
42.08,42.3018821563844
42.0816924235953,42.3018821562542
42.09,42.3018821556184
42.0916924235953,42.3018821554896
42.1,42.3018821548605
42.1016924235953,42.301882154733
42.11,42.3018821541107
42.1116924235953,42.3018821539846
42.12,42.3018821533691
42.1216924235953,42.3018821532444
42.13,42.3018821526359
42.1316924235953,42.3018821525126
42.14,42.3018821519111
42.1416924235953,42.3018821517893
42.15,42.301882151195
42.1516924235953,42.3018821510746
42.16,42.3018821504875
42.1616924235953,42.3018821503686
42.17,42.3018821497888
42.1716924235953,42.3018821496714
42.18,42.3018821490989
42.1816924235953,42.301882148983
42.19,42.3018821484179
42.1916924235953,42.3018821483035
42.2,42.3018821477459
42.2016924235953,42.3018821476331
42.21,42.3018821470829
42.2116924235953,42.3018821469716
42.22,42.301882146429
42.2216924235953,42.3018821463192
42.23,42.3018821457842
42.2316924235952,42.301882145676
42.24,42.3018821451486
42.2416924235952,42.301882145042
42.25,42.3018821445222
42.2516924235952,42.3018821444171
42.26,42.3018821439051
42.2616924235952,42.3018821438016
42.27,42.3018821432973
42.2716924235952,42.3018821431954
42.28,42.3018821426989
42.2816924235952,42.3018821425985
42.29,42.3018821421098
42.2916924235952,42.301882142011
42.3,42.3018821415302
42.3016924235952,42.301882141433
42.31,42.30188214096
42.3116924235952,42.3018821408644
42.32,42.3018821403994
42.3216924235952,42.3018821403054
42.33,42.3018821398483
42.3316924235952,42.301882139756
42.34,42.3018821393069
42.3416924235952,42.3018821392162
42.35,42.3018821387752
42.3516924235952,42.3018821386861
42.36,42.3018821382532
42.3616924235952,42.3018821381658
42.37,42.3018821377409
42.3716924235952,42.3018821376552
42.38,42.3018821372385
42.3816924235952,42.3018821371545
42.39,42.301882136746
42.3916924235952,42.3018821366636
42.4,42.3018821362634
42.4016924235952,42.3018821361827
42.41,42.3018821357907
42.4116924235952,42.3018821357117
42.42,42.3018821353281
42.4216924235952,42.3018821352508
42.43,42.3018821348755
42.4316924235952,42.3018821347999
42.44,42.301882134433
42.4416924235952,42.3018821343591
42.45,42.3018821340007
42.4516924235952,42.3018821339285
42.46,42.3018821335785
42.4616924235952,42.301882133508
42.47,42.3018821331665
42.4716924235952,42.3018821330978
42.48,42.3018821327648
42.4816924235952,42.3018821326978
42.49,42.3018821323733
42.4916924235952,42.3018821323081
42.5,42.3018821319923
42.5016924235952,42.3018821319288
42.51,42.3018821316218
42.5116924235952,42.3018821315601
42.52,42.3018821312619
42.5216924235952,42.3018821312021
42.53,42.3018821309131
42.5316924235952,42.3018821308552
42.54,42.3018821305757
42.5416924235952,42.3018821305198
42.55,42.3018821302503
42.5516924235952,42.3018821301965
42.56,42.3018821299377
42.5616924235952,42.3018821298861
42.57,42.3018821296387
42.5716924235952,42.3018821295896
42.58,42.3018821293543
42.5816924235952,42.3018821293076
42.59,42.3018821290849
42.5916924235952,42.3018821290408
42.6,42.3018821288309
42.6016924235952,42.3018821287895
42.61,42.3018821285924
42.6116924235952,42.3018821285535
42.62,42.301882128369
42.6216924235952,42.3018821283327
42.63,42.3018821281604
42.6316924235952,42.3018821281265
42.64,42.301882127966
42.6416924235952,42.3018821279344
42.65,42.3018821277853
42.6516924235952,42.3018821277561
42.66,42.3018821276178
42.6616924235952,42.3018821275907
42.67,42.3018821274628
42.6716924235952,42.3018821274378
42.68,42.3018821273197
42.6816924235952,42.3018821272966
42.69,42.3018821271875
42.6916924235952,42.3018821271662
42.7,42.3018821270657
42.7016924235952,42.3018821270461
42.71,42.3018821269535
42.7116924235952,42.3018821269354
42.72,42.3018821268501
42.7216924235952,42.3018821268334
42.73,42.3018821267549
42.7316924235951,42.3018821267396
42.74,42.3018821266673
42.7416924235951,42.3018821266532
42.75,42.3018821265868
42.7516924235951,42.3018821265739
42.76,42.3018821265128
42.7616924235951,42.3018821265009
42.77,42.3018821264449
42.7716924235951,42.301882126434
42.78,42.3018821263827
42.7816924235951,42.3018821263727
42.79,42.3018821263257
42.7916924235951,42.3018821263166
42.8,42.3018821262737
42.8016924235951,42.3018821262654
42.81,42.3018821262264
42.8116924235951,42.3018821262188
42.82,42.3018821261834
42.8216924235951,42.3018821261765
42.83,42.3018821261445
42.8316924235951,42.3018821261383
42.84,42.3018821261095
42.8416924235951,42.301882126104
42.85,42.3018821260782
42.8516924235951,42.3018821260732
42.86,42.3018821260503
42.8616924235951,42.3018821260459
42.87,42.3018821260256
42.8716924235951,42.3018821260218
42.88,42.301882126004
42.8816924235951,42.3018821260007
42.89,42.3018821259853
42.8916924235951,42.3018821259825
42.9,42.3018821259694
42.9016924235951,42.3018821259669
42.91,42.301882125956
42.9116924235951,42.3018821259539
42.92,42.3018821259449
42.9216924235951,42.3018821259433
42.93,42.3018821259362
42.9316924235951,42.3018821259349
42.94,42.3018821259295
42.9416924235951,42.3018821259286
42.95,42.3018821259248
42.9516924235951,42.3018821259242
42.96,42.301882125922
42.9616924235951,42.3018821259217
42.97,42.3018821259209
42.9716924235951,42.3018821259208
42.98,42.3018821259213
42.9816924235951,42.3018821259215
42.99,42.3018821259232
42.9916924235951,42.3018821259237
43,42.3018821259266
43.0016924235951,42.3018821259273
43.01,42.3018821259313
43.0116924235951,42.3018821259322
43.0195329904488,42.3018821259369
43.02,42.3018821259372
43.0295329904488,42.301882125944
43.03,42.3018821259444
43.0395329904488,42.3018821259522
43.04,42.3018821259526
43.0495329904488,42.3018821259614
43.05,42.3018821259619
43.0595329904488,42.3018821259714
43.06,42.3018821259718
43.0695329904488,42.301882125982
43.07,42.3018821259825
43.0795329904488,42.3018821259931
43.08,42.3018821259936
43.0895329904488,42.3018821260047
43.09,42.3018821260052
43.0995329904488,42.3018821260166
43.1,42.3018821260171
43.1095329904488,42.3018821260288
43.11,42.3018821260294
43.1195329904488,42.3018821260412
43.12,42.3018821260418
43.1295329904488,42.3018821260538
43.13,42.3018821260544
43.1395329904488,42.3018821260666
43.14,42.3018821260672
43.1495329904488,42.3018821260795
43.15,42.3018821260801
43.1595329904488,42.3018821260925
43.16,42.3018821260931
43.1695329904488,42.3018821261056
43.17,42.3018821261062
43.1795329904488,42.3018821261187
43.18,42.3018821261193
43.1895329904488,42.3018821261319
43.19,42.3018821261325
43.1995329904488,42.3018821261451
43.2,42.3018821261457
43.2095329904488,42.3018821261582
43.21,42.3018821261589
43.2195329904488,42.3018821261715
43.22,42.3018821261721
43.2295329904488,42.3018821261847
43.23,42.3018821261853
43.2395329904488,42.3018821261979
43.24,42.3018821261985
43.2495329904488,42.3018821262111
43.25,42.3018821262117
43.2595329904488,42.3018821262243
43.26,42.3018821262249
43.2695329904488,42.3018821262375
43.27,42.3018821262381
43.2795329904488,42.3018821262507
43.28,42.3018821262513
43.2895329904488,42.3018821262638
43.29,42.3018821262644
43.2995329904488,42.3018821262769
43.3,42.3018821262776
43.3095329904488,42.30188212629
43.31,42.3018821262906
43.3195329904488,42.3018821263031
43.32,42.3018821263037
43.3295329904488,42.3018821263162
43.33,42.3018821263168
43.3395329904488,42.3018821263292
43.34,42.3018821263298
43.3495329904488,42.3018821263422
43.35,42.3018821263428
43.3595329904488,42.3018821263551
43.36,42.3018821263557
43.3695329904488,42.301882126368
43.37,42.3018821263686
43.3795329904488,42.3018821263809
43.38,42.3018821263815
43.3895329904488,42.3018821263937
43.39,42.3018821263943
43.3995329904488,42.3018821264065
43.4,42.3018821264071
43.4095329904488,42.3018821264193
43.41,42.3018821264199
43.4195329904488,42.301882126432
43.42,42.3018821264326
43.4295329904488,42.3018821264447
43.43,42.3018821264452
43.4395329904488,42.3018821264573
43.44,42.3018821264579
43.4495329904488,42.3018821264698
43.45,42.3018821264704
43.4595329904487,42.3018821264823
43.46,42.3018821264829
43.4695329904487,42.3018821264948
43.47,42.3018821264954
43.4795329904487,42.3018821265072
43.48,42.3018821265077
43.4895329904487,42.3018821265195
43.49,42.3018821265201
43.4995329904487,42.3018821265317
43.5,42.3018821265323
43.5095329904487,42.3018821265439
43.51,42.3018821265445
43.5195329904487,42.3018821265561
43.52,42.3018821265566
43.5295329904487,42.3018821265681
43.53,42.3018821265687
43.5395329904487,42.3018821265801
43.54,42.3018821265806
43.5495329904487,42.301882126592
43.55,42.3018821265925
43.5595329904487,42.3018821266038
43.56,42.3018821266044
43.5695329904487,42.3018821266155
43.57,42.3018821266161
43.5795329904487,42.3018821266272
43.58,42.3018821266277
43.5895329904487,42.3018821266388
43.59,42.3018821266393
43.5995329904487,42.3018821266503
43.6,42.3018821266508
43.6095329904487,42.3018821266617
43.61,42.3018821266622
43.6195329904487,42.301882126673
43.62,42.3018821266735
43.6295329904487,42.3018821266842
43.63,42.3018821266847
43.6395329904487,42.3018821266953
43.64,42.3018821266959
43.6495329904487,42.3018821267064
43.65,42.3018821267069
43.6595329904487,42.3018821267173
43.66,42.3018821267178
43.6695329904487,42.3018821267282
43.67,42.3018821267287
43.6795329904487,42.301882126739
43.68,42.3018821267395
43.6895329904487,42.3018821267496
43.69,42.3018821267501
43.6995329904487,42.3018821267602
43.7,42.3018821267607
43.7095329904487,42.3018821267707
43.71,42.3018821267712
43.7195329904487,42.3018821267811
43.72,42.3018821267816
43.7295329904487,42.3018821267914
43.73,42.3018821267919
43.7395329904487,42.3018821268016
43.74,42.3018821268021
43.7495329904487,42.3018821268118
43.75,42.3018821268122
43.7595329904487,42.3018821268218
43.76,42.3018821268223
43.7695329904487,42.3018821268317
43.77,42.3018821268322
43.7795329904487,42.3018821268416
43.78,42.3018821268421
43.7895329904487,42.3018821268514
43.79,42.3018821268518
43.7995329904487,42.3018821268611
43.8,42.3018821268615
43.8095329904487,42.3018821268707
43.81,42.3018821268711
43.8195329904487,42.3018821268802
43.82,42.3018821268806
43.8295329904487,42.3018821268896
43.83,42.3018821268901
43.8395329904487,42.301882126899
43.84,42.3018821268994
43.8495329904487,42.3018821269083
43.85,42.3018821269087
43.8595329904487,42.3018821269175
43.86,42.3018821269179
43.8695329904487,42.3018821269266
43.87,42.301882126927
43.8795329904487,42.3018821269357
43.88,42.3018821269361
43.8895329904487,42.3018821269446
43.89,42.3018821269451
43.8995329904487,42.3018821269536
43.9,42.301882126954
43.9095329904487,42.3018821269624
43.91,42.3018821269628
43.9195329904487,42.3018821269712
43.92,42.3018821269716
43.9295329904487,42.3018821269799
43.93,42.3018821269803
43.9395329904487,42.3018821269886
43.94,42.301882126989
43.9495329904487,42.3018821269972
43.95,42.3018821269976
43.9595329904487,42.3018821270057
43.96,42.3018821270061
43.9695329904486,42.3018821270142
43.97,42.3018821270146
43.9795329904486,42.3018821270226
43.98,42.301882127023
43.9895329904486,42.301882127031
43.99,42.3018821270313
43.9995329904486,42.3018821270393
44,42.3018821270397
44.0095329904486,42.3018821270475
44.01,42.3018821270479
44.0195329904486,42.3018821270557
44.02,42.3018821270561
44.0295329904486,42.3018821270639
44.03,42.3018821270643
44.0395329904486,42.301882127072
44.04,42.3018821270724
44.0495329904486,42.3018821270801
44.05,42.3018821270804
44.0595329904486,42.3018821270881
44.06,42.3018821270885
44.0695329904486,42.3018821270961
44.07,42.3018821270964
44.0795329904486,42.301882127104
44.08,42.3018821271044
44.0895329904486,42.3018821271119
44.09,42.3018821271123
44.0995329904486,42.3018821271197
44.1,42.3018821271201
44.1095329904486,42.3018821271275
44.11,42.3018821271279
44.1195329904486,42.3018821271353
44.12,42.3018821271357
44.1295329904486,42.301882127143
44.13,42.3018821271434
44.1395329904486,42.3018821271507
44.14,42.3018821271511
44.1495329904486,42.3018821271584
44.15,42.3018821271587
44.1595329904486,42.301882127166
44.16,42.3018821271663
44.1695329904486,42.3018821271735
44.17,42.3018821271739
44.1795329904486,42.3018821271811
44.18,42.3018821271814
44.1895329904486,42.3018821271886
44.19,42.3018821271889
44.1995329904486,42.301882127196
44.2,42.3018821271964
44.2095329904486,42.3018821272034
44.21,42.3018821272038
44.2195329904486,42.3018821272108
44.22,42.3018821272112
44.2295329904486,42.3018821272182
44.23,42.3018821272185
44.2395329904486,42.3018821272255
44.24,42.3018821272258
44.2495329904486,42.3018821272328
44.25,42.3018821272331
44.2595329904486,42.30188212724
44.26,42.3018821272403
44.2695329904486,42.3018821272472
44.27,42.3018821272476
44.2795329904486,42.3018821272544
44.28,42.3018821272547
44.2895329904486,42.3018821272615
44.29,42.3018821272619
44.2995329904486,42.3018821272686
44.3,42.301882127269
44.3095329904486,42.3018821272757
44.31,42.301882127276
44.3195329904486,42.3018821272827
44.32,42.301882127283
44.3295329904486,42.3018821272897
44.33,42.30188212729
44.3395329904486,42.3018821272967
44.34,42.301882127297
44.3495329904486,42.3018821273036
44.35,42.3018821273039
44.3595329904486,42.3018821273105
44.36,42.3018821273108
44.3695329904486,42.3018821273173
44.37,42.3018821273176
44.3795329904486,42.3018821273241
44.38,42.3018821273244
44.3895329904486,42.3018821273309
44.39,42.3018821273312
44.3995329904486,42.3018821273376
44.4,42.3018821273379
44.4095329904486,42.3018821273443
44.41,42.3018821273446
44.4195329904486,42.301882127351
44.42,42.3018821273513
44.4295329904486,42.3018821273576
44.43,42.3018821273579
44.4395329904486,42.3018821273642
44.44,42.3018821273645
44.4495329904486,42.3018821273708
44.45,42.3018821273711
44.4595329904486,42.3018821273773
44.46,42.3018821273776
44.4695329904485,42.3018821273838
44.47,42.3018821273841
44.4795329904485,42.3018821273902
44.48,42.3018821273905
44.4895329904485,42.3018821273966
44.49,42.3018821273969
44.4995329904485,42.301882127403
44.5,42.3018821274033
44.5095329904485,42.3018821274094
44.51,42.3018821274097
44.5195329904485,42.3018821274157
44.52,42.301882127416
44.5295329904485,42.3018821274219
44.53,42.3018821274222
44.5395329904485,42.3018821274282
44.54,42.3018821274284
44.5495329904485,42.3018821274344
44.55,42.3018821274346
44.5595329904485,42.3018821274405
44.56,42.3018821274408
44.5695329904485,42.3018821274466
44.57,42.3018821274469
44.5795329904485,42.3018821274527
44.58,42.301882127453
44.5895329904485,42.3018821274588
44.59,42.3018821274591
44.5995329904485,42.3018821274648
44.6,42.3018821274651
44.6095329904485,42.3018821274708
44.61,42.3018821274711
44.6195329904485,42.3018821274768
44.62,42.301882127477
44.6295329904485,42.3018821274827
44.63,42.301882127483
44.6395329904485,42.3018821274886
44.64,42.3018821274888
44.6495329904485,42.3018821274944
44.65,42.3018821274947
44.6595329904485,42.3018821275002
44.66,42.3018821275005
44.6695329904485,42.301882127506
44.67,42.3018821275063
44.6795329904485,42.3018821275118
44.68,42.3018821275121
44.6895329904485,42.3018821275175
44.69,42.3018821275178
44.6995329904485,42.3018821275232
44.7,42.3018821275235
44.7095329904485,42.3018821275289
44.71,42.3018821275291
44.7195329904485,42.3018821275345
44.72,42.3018821275348
44.7295329904485,42.3018821275401
44.73,42.3018821275404
44.7395329904485,42.3018821275457
44.74,42.301882127546
44.7495329904485,42.3018821275512
44.75,42.3018821275515
44.7595329904485,42.3018821275567
44.76,42.301882127557
44.7695329904485,42.3018821275622
44.77,42.3018821275625
44.7795329904485,42.3018821275677
44.78,42.3018821275679
44.7895329904485,42.3018821275731
44.79,42.3018821275734
44.7995329904485,42.3018821275785
44.8,42.3018821275788
44.8095329904485,42.3018821275839
44.81,42.3018821275841
44.8195329904485,42.3018821275892
44.82,42.3018821275895
44.8295329904485,42.3018821275945
44.83,42.3018821275948
44.8395329904485,42.3018821275998
44.84,42.3018821276
44.8495329904485,42.3018821276051
44.85,42.3018821276053
44.8595329904485,42.3018821276103
44.86,42.3018821276105
44.8695329904485,42.3018821276155
44.87,42.3018821276157
44.8795329904485,42.3018821276207
44.88,42.3018821276209
44.8895329904485,42.3018821276258
44.89,42.301882127626
44.8995329904485,42.3018821276309
44.9,42.3018821276312
44.9095329904485,42.301882127636
44.91,42.3018821276363
44.9195329904485,42.3018821276411
44.92,42.3018821276413
44.9295329904485,42.3018821276461
44.93,42.3018821276464
44.9395329904485,42.3018821276512
44.94,42.3018821276514
44.9495329904485,42.3018821276561
44.95,42.3018821276564
44.9595329904485,42.3018821276611
44.96,42.3018821276613
44.9695329904484,42.3018821276661
44.97,42.3018821276663
44.9795329904484,42.301882127671
44.98,42.3018821276712
44.9895329904484,42.3018821276759
44.99,42.3018821276761
44.9995329904484,42.3018821276807
45,42.301882127681
45.0095329904484,42.3018821276856
45.01,42.3018821276858
45.0195329904484,42.3018821276904
45.02,42.3018821276906
45.0295329904484,42.3018821276952
45.03,42.3018821276954
45.0395329904484,42.3018821277
45.04,42.3018821277002
45.0495329904484,42.3018821277047
45.05,42.3018821277049
45.0595329904484,42.3018821277094
45.06,42.3018821277097
45.0695329904484,42.3018821277142
45.07,42.3018821277144
45.0795329904484,42.3018821277188
45.08,42.3018821277191
45.0895329904484,42.3018821277235
45.09,42.3018821277237
45.0995329904484,42.3018821277281
45.1,42.3018821277283
45.1095329904484,42.3018821277327
45.11,42.3018821277329
45.1195329904484,42.3018821277373
45.12,42.3018821277375
45.1295329904484,42.3018821277419
45.13,42.3018821277421
45.1395329904484,42.3018821277464
45.14,42.3018821277466
45.1495329904484,42.3018821277509
45.15,42.3018821277512
45.1595329904484,42.3018821277554
45.16,42.3018821277556
45.1695329904484,42.3018821277599
45.17,42.3018821277601
45.1795329904484,42.3018821277644
45.18,42.3018821277646
45.1895329904484,42.3018821277688
45.19,42.301882127769
45.1995329904484,42.3018821277732
45.2,42.3018821277734
45.2095329904484,42.3018821277776
45.21,42.3018821277778
45.2195329904484,42.3018821277819
45.22,42.3018821277822
45.2295329904484,42.3018821277863
45.23,42.3018821277865
45.2395329904484,42.3018821277906
45.24,42.3018821277908
45.2495329904484,42.3018821277949
45.25,42.3018821277951
45.2595329904484,42.3018821277992
45.26,42.3018821277994
45.2695329904484,42.3018821278034
45.27,42.3018821278036
45.2795329904484,42.3018821278077
45.28,42.3018821278078
45.2895329904484,42.3018821278119
45.29,42.3018821278121
45.2995329904484,42.3018821278161
45.3,42.3018821278162
45.3095329904484,42.3018821278202
45.31,42.3018821278204
45.3195329904484,42.3018821278244
45.32,42.3018821278246
45.3295329904484,42.3018821278285
45.33,42.3018821278287
45.3395329904484,42.3018821278326
45.34,42.3018821278328
45.3495329904484,42.3018821278367
45.35,42.3018821278369
45.3595329904484,42.3018821278407
45.36,42.3018821278409
45.3695329904484,42.3018821278448
45.37,42.301882127845
45.3795329904484,42.3018821278488
45.38,42.301882127849
45.3895329904484,42.3018821278528
45.39,42.301882127853
45.3995329904484,42.3018821278568
45.4,42.301882127857
45.4095329904484,42.3018821278608
45.41,42.3018821278609
45.4195329904484,42.3018821278647
45.42,42.3018821278649
45.4295329904484,42.3018821278686
45.43,42.3018821278688
45.4395329904484,42.3018821278725
45.44,42.3018821278727
45.4495329904484,42.3018821278764
45.45,42.3018821278766
45.4595329904484,42.3018821278803
45.46,42.3018821278805
45.4695329904484,42.3018821278841
45.47,42.3018821278843
45.4795329904483,42.301882127888
45.48,42.3018821278881
45.4895329904483,42.3018821278918
45.49,42.3018821278919
45.4995329904483,42.3018821278956
45.5,42.3018821278957
45.5095329904483,42.3018821278993
45.51,42.3018821278995
45.5195329904483,42.3018821279031
45.52,42.3018821279033
45.5295329904483,42.3018821279068
45.53,42.301882127907
45.5395329904483,42.3018821279105
45.54,42.3018821279107
45.5495329904483,42.3018821279142
45.55,42.3018821279144
45.5595329904483,42.3018821279179
45.56,42.3018821279181
45.5695329904483,42.3018821279216
45.57,42.3018821279217
45.5795329904483,42.3018821279252
45.58,42.3018821279254
45.5895329904483,42.3018821279288
45.59,42.301882127929
45.5995329904483,42.3018821279324
45.6,42.3018821279326
45.6095329904483,42.301882127936
45.61,42.3018821279362
45.6195329904483,42.3018821279396
45.62,42.3018821279397
45.6295329904483,42.3018821279431
45.63,42.3018821279433
45.6395329904483,42.3018821279467
45.64,42.3018821279468
45.6495329904483,42.3018821279502
45.65,42.3018821279504
45.6595329904483,42.3018821279537
45.66,42.3018821279539
45.6695329904483,42.3018821279572
45.67,42.3018821279573
45.6795329904483,42.3018821279607
45.68,42.3018821279608
45.6895329904483,42.3018821279641
45.69,42.3018821279643
45.6995329904483,42.3018821279675
45.7,42.3018821279677
45.7095329904483,42.301882127971
45.71,42.3018821279711
45.7195329904483,42.3018821279744
45.72,42.3018821279745
45.7295329904483,42.3018821279777
45.73,42.3018821279779
45.7395329904483,42.3018821279811
45.74,42.3018821279813
45.7495329904483,42.3018821279845
45.75,42.3018821279846
45.7595329904483,42.3018821279878
45.76,42.301882127988
45.7695329904483,42.3018821279911
45.77,42.3018821279913
45.7795329904483,42.3018821279944
45.78,42.3018821279946
45.7895329904483,42.3018821279977
45.79,42.3018821279979
45.7995329904483,42.301882128001
45.8,42.3018821280012
45.8095329904483,42.3018821280043
45.81,42.3018821280044
45.8195329904483,42.3018821280075
45.82,42.3018821280076
45.8295329904483,42.3018821280107
45.83,42.3018821280109
45.8395329904483,42.3018821280139
45.84,42.3018821280141
45.8495329904483,42.3018821280171
45.85,42.3018821280173
45.8595329904483,42.3018821280203
45.86,42.3018821280205
45.8695329904483,42.3018821280235
45.87,42.3018821280236
45.8795329904483,42.3018821280266
45.88,42.3018821280268
45.8895329904483,42.3018821280298
45.89,42.3018821280299
45.8995329904483,42.3018821280329
45.9,42.301882128033
45.9095329904483,42.301882128036
45.91,42.3018821280361
45.9195329904483,42.3018821280391
45.92,42.3018821280392
45.9295329904483,42.3018821280422
45.93,42.3018821280423
45.9395329904483,42.3018821280452
45.94,42.3018821280454
45.9495329904483,42.3018821280483
45.95,42.3018821280484
45.9595329904483,42.3018821280513
45.96,42.3018821280515
45.9695329904483,42.3018821280543
45.97,42.3018821280545
45.9795329904482,42.3018821280573
45.98,42.3018821280575
45.9895329904482,42.3018821280603
45.99,42.3018821280605
45.9995329904482,42.3018821280633
46,42.3018821280635
46.0095329904482,42.3018821280663
46.01,42.3018821280664
46.0195329904482,42.3018821280692
46.02,42.3018821280694
46.0295329904482,42.3018821280722
46.03,42.3018821280723
46.0395329904482,42.3018821280751
46.04,42.3018821280752
46.0495329904482,42.301882128078
46.05,42.3018821280781
46.0595329904482,42.3018821280809
46.06,42.301882128081
46.0695329904482,42.3018821280838
46.07,42.3018821280839
46.0795329904482,42.3018821280867
46.08,42.3018821280868
46.0895329904482,42.3018821280895
46.09,42.3018821280897
46.0995329904482,42.3018821280923
46.1,42.3018821280925
46.1095329904482,42.3018821280952
46.11,42.3018821280953
46.1195329904482,42.301882128098
46.12,42.3018821280981
46.1295329904482,42.3018821281008
46.13,42.3018821281009
46.1395329904482,42.3018821281036
46.14,42.3018821281037
46.1495329904482,42.3018821281064
46.15,42.3018821281065
46.1595329904482,42.3018821281091
46.16,42.3018821281093
46.1695329904482,42.3018821281119
46.17,42.301882128112
46.1795329904482,42.3018821281146
46.18,42.3018821281148
46.1895329904482,42.3018821281174
46.19,42.3018821281175
46.1995329904482,42.3018821281201
46.2,42.3018821281202
46.2095329904482,42.3018821281228
46.21,42.3018821281229
46.2195329904482,42.3018821281255
46.22,42.3018821281256
46.2295329904482,42.3018821281281
46.23,42.3018821281283
46.2395329904482,42.3018821281308
46.24,42.3018821281309
46.2495329904482,42.3018821281335
46.25,42.3018821281336
46.2595329904482,42.3018821281361
46.26,42.3018821281362
46.2695329904482,42.3018821281387
46.27,42.3018821281389
46.2795329904482,42.3018821281414
46.28,42.3018821281415
46.2895329904482,42.301882128144
46.29,42.3018821281441
46.2995329904482,42.3018821281465
46.3,42.3018821281467
46.3095329904482,42.3018821281491
46.31,42.3018821281493
46.3195329904482,42.3018821281517
46.32,42.3018821281518
46.3295329904482,42.3018821281543
46.33,42.3018821281544
46.3395329904482,42.3018821281568
46.34,42.3018821281569
46.3495329904482,42.3018821281593
46.35,42.3018821281595
46.3595329904482,42.3018821281619
46.36,42.301882128162
46.3695329904482,42.3018821281644
46.37,42.3018821281645
46.3795329904482,42.3018821281669
46.38,42.301882128167
46.3895329904482,42.3018821281694
46.39,42.3018821281695
46.3995329904482,42.3018821281719
46.4,42.301882128172
46.4095329904482,42.3018821281743
46.41,42.3018821281744
46.4195329904482,42.3018821281768
46.42,42.3018821281769
46.4295329904482,42.3018821281792
46.43,42.3018821281793
46.4395329904482,42.3018821281817
46.44,42.3018821281818
46.4495329904482,42.3018821281841
46.45,42.3018821281842
46.4595329904482,42.3018821281865
46.46,42.3018821281866
46.4695329904482,42.3018821281889
46.47,42.301882128189
46.4795329904481,42.3018821281913
46.48,42.3018821281914
46.4895329904481,42.3018821281937
46.49,42.3018821281938
46.4995329904481,42.3018821281961
46.5,42.3018821281962
46.5095329904481,42.3018821281984
46.51,42.3018821281985
46.5195329904481,42.3018821282008
46.52,42.3018821282009
46.5295329904481,42.3018821282031
46.53,42.3018821282032
46.5395329904481,42.3018821282054
46.54,42.3018821282056
46.5495329904481,42.3018821282078
46.55,42.3018821282079
46.5595329904481,42.3018821282101
46.56,42.3018821282102
46.5695329904481,42.3018821282124
46.57,42.3018821282125
46.5795329904481,42.3018821282147
46.58,42.3018821282148
46.5895329904481,42.3018821282169
46.59,42.3018821282171
46.5995329904481,42.3018821282192
46.6,42.3018821282193
46.6095329904481,42.3018821282215
46.61,42.3018821282216
46.6195329904481,42.3018821282237
46.62,42.3018821282238
46.6295329904481,42.301882128226
46.63,42.3018821282261
46.6395329904481,42.3018821282282
46.64,42.3018821282283
46.6495329904481,42.3018821282304
46.65,42.3018821282305
46.6595329904481,42.3018821282326
46.66,42.3018821282327
46.6695329904481,42.3018821282348
46.67,42.3018821282349
46.6795329904481,42.301882128237
46.68,42.3018821282371
46.6895329904481,42.3018821282392
46.69,42.3018821282393
46.6995329904481,42.3018821282414
46.7,42.3018821282415
46.7095329904481,42.3018821282436
46.71,42.3018821282437
46.7195329904481,42.3018821282457
46.72,42.3018821282458
46.7295329904481,42.3018821282479
46.73,42.301882128248
46.7395329904481,42.30188212825
46.74,42.3018821282501
46.7495329904481,42.3018821282521
46.75,42.3018821282522
46.7595329904481,42.3018821282542
46.76,42.3018821282543
46.7695329904481,42.3018821282563
46.77,42.3018821282564
46.7795329904481,42.3018821282585
46.78,42.3018821282585
46.7895329904481,42.3018821282606
46.79,42.3018821282606
46.7995329904481,42.3018821282626
46.8,42.3018821282627
46.8095329904481,42.3018821282647
46.81,42.3018821282648
46.8195329904481,42.3018821282668
46.82,42.3018821282669
46.8295329904481,42.3018821282688
46.83,42.3018821282689
46.8395329904481,42.3018821282709
46.84,42.301882128271
46.8495329904481,42.3018821282729
46.85,42.301882128273
46.8595329904481,42.301882128275
46.86,42.301882128275
46.8695329904481,42.301882128277
46.87,42.3018821282771
46.8795329904481,42.301882128279
46.88,42.3018821282791
46.8895329904481,42.301882128281
46.89,42.3018821282811
46.8995329904481,42.301882128283
46.9,42.3018821282831
46.9095329904481,42.301882128285
46.91,42.3018821282851
46.9195329904481,42.301882128287
46.92,42.3018821282871
46.9295329904481,42.3018821282889
46.93,42.301882128289
46.9395329904481,42.3018821282909
46.94,42.301882128291
46.9495329904481,42.3018821282929
46.95,42.301882128293
46.9595329904481,42.3018821282948
46.96,42.3018821282949
46.9695329904481,42.3018821282968
46.97,42.3018821282968
46.979532990448,42.3018821282987
46.98,42.3018821282988
46.989532990448,42.3018821283006
46.99,42.3018821283007
46.999532990448,42.3018821283025
47,42.3018821283026
47.009532990448,42.3018821283045
47.01,42.3018821283045
47.019532990448,42.3018821283064
47.02,42.3018821283064
47.029532990448,42.3018821283082
47.03,42.3018821283083
47.039532990448,42.3018821283101
47.04,42.3018821283102
47.049532990448,42.301882128312
47.05,42.3018821283121
47.059532990448,42.3018821283139
47.06,42.301882128314
47.069532990448,42.3018821283158
47.07,42.3018821283158
47.079532990448,42.3018821283176
47.08,42.3018821283177
47.089532990448,42.3018821283195
47.09,42.3018821283195
47.099532990448,42.3018821283213
47.1,42.3018821283214
47.109532990448,42.3018821283231
47.11,42.3018821283232
47.119532990448,42.301882128325
47.12,42.3018821283251
47.129532990448,42.3018821283268
47.13,42.3018821283269
47.139532990448,42.3018821283286
47.14,42.3018821283287
47.149532990448,42.3018821283304
47.15,42.3018821283305
47.159532990448,42.3018821283322
47.16,42.3018821283323
47.169532990448,42.301882128334
47.17,42.3018821283341
47.179532990448,42.3018821283358
47.18,42.3018821283359
47.189532990448,42.3018821283376
47.19,42.3018821283376
47.199532990448,42.3018821283393
47.2,42.3018821283394
47.209532990448,42.3018821283411
47.21,42.3018821283412
47.219532990448,42.3018821283428
47.22,42.3018821283429
47.229532990448,42.3018821283446
47.23,42.3018821283447
47.239532990448,42.3018821283463
47.24,42.3018821283464
47.249532990448,42.3018821283481
47.25,42.3018821283481
47.259532990448,42.3018821283498
47.26,42.3018821283499
47.269532990448,42.3018821283515
47.27,42.3018821283516
47.279532990448,42.3018821283532
47.28,42.3018821283533
47.289532990448,42.3018821283549
47.29,42.301882128355
47.299532990448,42.3018821283567
47.3,42.3018821283567
47.309532990448,42.3018821283583
47.31,42.3018821283584
47.319532990448,42.30188212836
47.32,42.3018821283601
47.329532990448,42.3018821283617
47.33,42.3018821283618
47.339532990448,42.3018821283634
47.34,42.3018821283635
47.349532990448,42.3018821283651
47.35,42.3018821283651
47.359532990448,42.3018821283667
47.36,42.3018821283668
47.369532990448,42.3018821283684
47.37,42.3018821283685
47.379532990448,42.30188212837
47.38,42.3018821283701
47.389532990448,42.3018821283717
47.39,42.3018821283718
47.399532990448,42.3018821283733
47.4,42.3018821283734
47.409532990448,42.3018821283749
47.41,42.301882128375
47.419532990448,42.3018821283766
47.42,42.3018821283767
47.429532990448,42.3018821283782
47.43,42.3018821283783
47.439532990448,42.3018821283798
47.44,42.3018821283799
47.449532990448,42.3018821283814
47.45,42.3018821283815
47.459532990448,42.301882128383
47.46,42.3018821283831
47.469532990448,42.3018821283846
47.47,42.3018821283847
47.479532990448,42.3018821283862
47.48,42.3018821283863
47.4895329904479,42.3018821283878
47.49,42.3018821283879
47.4995329904479,42.3018821283894
47.5,42.3018821283894
47.5095329904479,42.3018821283909
47.51,42.301882128391
47.5195329904479,42.3018821283925
47.52,42.3018821283926
47.5295329904479,42.3018821283941
47.53,42.3018821283941
47.5395329904479,42.3018821283956
47.54,42.3018821283957
47.5495329904479,42.3018821283972
47.55,42.3018821283972
47.5595329904479,42.3018821283987
47.56,42.3018821283988
47.5695329904479,42.3018821284002
47.57,42.3018821284003
47.5795329904479,42.3018821284018
47.58,42.3018821284019
47.5895329904479,42.3018821284033
47.59,42.3018821284034
47.5995329904479,42.3018821284048
47.6,42.3018821284049
47.6095329904479,42.3018821284064
47.61,42.3018821284064
47.6195329904479,42.3018821284078
47.62,42.3018821284079
47.6295329904479,42.3018821284094
47.63,42.3018821284094
47.6395329904479,42.3018821284109
47.64,42.3018821284109
47.6495329904479,42.3018821284123
47.65,42.3018821284124
47.6595329904479,42.3018821284138
47.66,42.3018821284139
47.6695329904479,42.3018821284153
47.67,42.3018821284154
47.6795329904479,42.3018821284168
47.68,42.3018821284169
47.6895329904479,42.3018821284183
47.69,42.3018821284183
47.6995329904479,42.3018821284197
47.7,42.3018821284198
47.7095329904479,42.3018821284212
47.71,42.3018821284213
47.7195329904479,42.3018821284227
47.72,42.3018821284227
47.7295329904479,42.3018821284241
47.73,42.3018821284242
47.7395329904479,42.3018821284256
47.74,42.3018821284256
47.7495329904479,42.301882128427
47.75,42.3018821284271
47.7595329904479,42.3018821284284
47.76,42.3018821284285
47.7695329904479,42.3018821284299
47.77,42.3018821284299
47.7795329904479,42.3018821284313
47.78,42.3018821284314
47.7895329904479,42.3018821284327
47.79,42.3018821284328
47.7995329904479,42.3018821284341
47.8,42.3018821284342
47.8095329904479,42.3018821284355
47.81,42.3018821284356
47.8195329904479,42.3018821284369
47.82,42.301882128437
47.8295329904479,42.3018821284383
47.83,42.3018821284384
47.8395329904479,42.3018821284397
47.84,42.3018821284398
47.8495329904479,42.3018821284411
47.85,42.3018821284412
47.8595329904479,42.3018821284425
47.86,42.3018821284426
47.8695329904479,42.3018821284439
47.87,42.301882128444
47.8795329904479,42.3018821284453
47.88,42.3018821284453
47.8895329904479,42.3018821284467
47.89,42.3018821284467
47.8995329904479,42.301882128448
47.9,42.3018821284481
47.9095329904479,42.3018821284494
47.91,42.3018821284494
47.9195329904479,42.3018821284507
47.92,42.3018821284508
47.9295329904479,42.3018821284521
47.93,42.3018821284522
47.9395329904479,42.3018821284534
47.94,42.3018821284535
47.9495329904479,42.3018821284548
47.95,42.3018821284548
47.9595329904479,42.3018821284561
47.96,42.3018821284562
47.9695329904479,42.3018821284575
47.97,42.3018821284575
47.9795329904479,42.3018821284588
47.98,42.3018821284589
47.9895329904478,42.3018821284601
47.99,42.3018821284602
47.9995329904478,42.3018821284614
48,42.3018821284615
48.0095329904478,42.3018821284628
48.01,42.3018821284628
48.0195329904478,42.3018821284641
48.02,42.3018821284641
48.0295329904478,42.3018821284654
48.03,42.3018821284655
48.0395329904478,42.3018821284667
48.04,42.3018821284668
48.0495329904478,42.301882128468
48.05,42.3018821284681
48.0595329904478,42.3018821284693
48.06,42.3018821284693
48.0695329904478,42.3018821284706
48.07,42.3018821284707
48.0795329904478,42.3018821284719
48.08,42.3018821284719
48.0895329904478,42.3018821284732
48.09,42.3018821284732
48.0995329904478,42.3018821284744
48.1,42.3018821284745
48.1095329904478,42.3018821284757
48.11,42.3018821284758
48.1195329904478,42.301882128477
48.12,42.301882128477
48.1295329904478,42.3018821284782
48.13,42.3018821284783
48.1395329904478,42.3018821284795
48.14,42.3018821284796
48.1495329904478,42.3018821284808
48.15,42.3018821284808
48.1595329904478,42.301882128482
48.16,42.3018821284821
48.1695329904478,42.3018821284833
48.17,42.3018821284833
48.1795329904478,42.3018821284845
48.18,42.3018821284846
48.1895329904478,42.3018821284858
48.19,42.3018821284858
48.1995329904478,42.301882128487
48.2,42.3018821284871
48.2095329904478,42.3018821284882
48.21,42.3018821284883
48.2195329904478,42.3018821284895
48.22,42.3018821284895
48.2295329904478,42.3018821284907
48.23,42.3018821284908
48.2395329904478,42.3018821284919
48.24,42.301882128492
48.2495329904478,42.3018821284931
48.25,42.3018821284932
48.2595329904478,42.3018821284944
48.26,42.3018821284944
48.2695329904478,42.3018821284956
48.27,42.3018821284956
48.2795329904478,42.3018821284968
48.28,42.3018821284968
48.2895329904478,42.301882128498
48.29,42.301882128498
48.2995329904478,42.3018821284992
48.3,42.3018821284992
48.3095329904478,42.3018821285004
48.31,42.3018821285004
48.3195329904478,42.3018821285016
48.32,42.3018821285016
48.3295329904478,42.3018821285028
48.33,42.3018821285028
48.3395329904478,42.301882128504
48.34,42.301882128504
48.3495329904478,42.3018821285051
48.35,42.3018821285052
48.3595329904478,42.3018821285063
48.36,42.3018821285064
48.3695329904478,42.3018821285075
48.37,42.3018821285075
48.3795329904478,42.3018821285087
48.38,42.3018821285087
48.3895329904478,42.3018821285098
48.39,42.3018821285099
48.3995329904478,42.301882128511
48.4,42.3018821285111
48.4095329904478,42.3018821285122
48.41,42.3018821285122
48.4195329904478,42.3018821285133
48.42,42.3018821285134
48.4295329904478,42.3018821285145
48.43,42.3018821285145
48.4395329904478,42.3018821285156
48.44,42.3018821285157
48.4495329904478,42.3018821285168
48.45,42.3018821285168
48.4595329904478,42.3018821285179
48.46,42.301882128518
48.4695329904478,42.3018821285191
48.47,42.3018821285191
48.4795329904478,42.3018821285202
48.48,42.3018821285202
48.4895329904477,42.3018821285213
48.49,42.3018821285214
48.4995329904477,42.3018821285225
48.5,42.3018821285225
48.5095329904477,42.3018821285236
48.51,42.3018821285236
48.5195329904477,42.3018821285247
48.52,42.3018821285248
48.5295329904477,42.3018821285258
48.53,42.3018821285259
48.5395329904477,42.3018821285269
48.54,42.301882128527
48.5495329904477,42.3018821285281
48.55,42.3018821285281
48.5595329904477,42.3018821285292
48.56,42.3018821285292
48.5695329904477,42.3018821285303
48.57,42.3018821285303
48.5795329904477,42.3018821285314
48.58,42.3018821285314
48.5895329904477,42.3018821285325
48.59,42.3018821285325
48.5995329904477,42.3018821285336
48.6,42.3018821285336
48.6095329904477,42.3018821285347
48.61,42.3018821285347
48.6195329904477,42.3018821285358
48.62,42.3018821285358
48.6295329904477,42.3018821285369
48.63,42.3018821285369
48.6395329904477,42.3018821285379
48.64,42.301882128538
48.6495329904477,42.301882128539
48.65,42.3018821285391
48.6595329904477,42.3018821285401
48.66,42.3018821285402
48.6695329904477,42.3018821285412
48.67,42.3018821285412
48.6795329904477,42.3018821285423
48.68,42.3018821285423
48.6895329904477,42.3018821285433
48.69,42.3018821285434
48.6995329904477,42.3018821285444
48.7,42.3018821285444
48.7095329904477,42.3018821285455
48.71,42.3018821285455
48.7195329904477,42.3018821285465
48.72,42.3018821285466
48.7295329904477,42.3018821285476
48.73,42.3018821285476
48.7395329904477,42.3018821285486
48.74,42.3018821285487
48.7495329904477,42.3018821285497
48.75,42.3018821285497
48.7595329904477,42.3018821285508
48.76,42.3018821285508
48.7695329904477,42.3018821285518
48.77,42.3018821285518
48.7795329904477,42.3018821285528
48.78,42.3018821285529
48.7895329904477,42.3018821285539
48.79,42.3018821285539
48.7995329904477,42.3018821285549
48.8,42.301882128555
48.8095329904477,42.301882128556
48.81,42.301882128556
48.8195329904477,42.301882128557
48.82,42.301882128557
48.8295329904477,42.301882128558
48.83,42.3018821285581
48.8395329904477,42.3018821285591
48.84,42.3018821285591
48.8495329904477,42.3018821285601
48.85,42.3018821285601
48.8595329904477,42.3018821285611
48.86,42.3018821285612
48.8695329904477,42.3018821285621
48.87,42.3018821285622
48.8795329904477,42.3018821285631
48.88,42.3018821285632
48.8895329904477,42.3018821285641
48.89,42.3018821285642
48.8995329904477,42.3018821285652
48.9,42.3018821285652
48.9095329904477,42.3018821285662
48.91,42.3018821285662
48.9195329904477,42.3018821285672
48.92,42.3018821285672
48.9295329904477,42.3018821285682
48.93,42.3018821285682
48.9395329904477,42.3018821285692
48.94,42.3018821285692
48.9495329904477,42.3018821285702
48.95,42.3018821285702
48.9595329904477,42.3018821285712
48.96,42.3018821285712
48.9695329904477,42.3018821285722
48.97,42.3018821285722
48.9795329904477,42.3018821285732
48.98,42.3018821285732
48.9895329904476,42.3018821285741
48.99,42.3018821285742
48.9995329904476,42.3018821285751
49,42.3018821285752
49.0095329904476,42.3018821285761
49.01,42.3018821285762
49.0195329904476,42.3018821285771
49.02,42.3018821285772
49.0295329904476,42.3018821285781
49.03,42.3018821285781
49.0395329904476,42.3018821285791
49.04,42.3018821285791
49.0495329904476,42.30188212858
49.05,42.3018821285801
49.0595329904476,42.301882128581
49.06,42.301882128581
49.0695329904476,42.301882128582
49.07,42.301882128582
49.0795329904476,42.3018821285829
49.08,42.301882128583
49.0895329904476,42.3018821285839
49.09,42.3018821285839
49.0995329904476,42.3018821285849
49.1,42.3018821285849
49.1095329904476,42.3018821285858
49.11,42.3018821285859
49.1195329904476,42.3018821285868
49.12,42.3018821285868
49.1295329904476,42.3018821285877
49.13,42.3018821285878
49.1395329904476,42.3018821285887
49.14,42.3018821285887
49.1495329904476,42.3018821285896
49.15,42.3018821285897
49.1595329904476,42.3018821285906
49.16,42.3018821285906
49.1695329904476,42.3018821285915
49.17,42.3018821285916
49.1795329904476,42.3018821285925
49.18,42.3018821285925
49.1895329904476,42.3018821285934
49.19,42.3018821285935
49.1995329904476,42.3018821285944
49.2,42.3018821285944
49.2095329904476,42.3018821285953
49.21,42.3018821285953
49.2195329904476,42.3018821285962
49.22,42.3018821285963
49.2295329904476,42.3018821285972
49.23,42.3018821285972
49.2395329904476,42.3018821285981
49.24,42.3018821285981
49.2495329904476,42.301882128599
49.25,42.3018821285991
49.2595329904476,42.3018821285999
49.26,42.3018821286
49.2695329904476,42.3018821286009
49.27,42.3018821286009
49.2795329904476,42.3018821286018
49.28,42.3018821286018
49.2895329904476,42.3018821286027
49.29,42.3018821286028
49.2995329904476,42.3018821286036
49.3,42.3018821286037
49.3095329904476,42.3018821286045
49.31,42.3018821286046
49.3195329904476,42.3018821286054
49.32,42.3018821286055
49.3295329904476,42.3018821286064
49.33,42.3018821286064
49.3395329904476,42.3018821286073
49.34,42.3018821286073
49.3495329904476,42.3018821286082
49.35,42.3018821286082
49.3595329904476,42.3018821286091
49.36,42.3018821286091
49.3695329904476,42.30188212861
49.37,42.30188212861
49.3795329904476,42.3018821286109
49.38,42.3018821286109
49.3895329904476,42.3018821286118
49.39,42.3018821286118
49.3995329904476,42.3018821286127
49.4,42.3018821286127
49.4095329904476,42.3018821286136
49.41,42.3018821286136
49.4195329904476,42.3018821286145
49.42,42.3018821286145
49.4295329904476,42.3018821286154
49.43,42.3018821286154
49.4395329904476,42.3018821286162
49.44,42.3018821286163
49.4495329904476,42.3018821286171
49.45,42.3018821286172
49.4595329904476,42.301882128618
49.46,42.3018821286181
49.4695329904476,42.3018821286189
49.47,42.301882128619
49.4795329904476,42.3018821286198
49.48,42.3018821286198
49.4895329904476,42.3018821286207
49.49,42.3018821286207
49.4995329904475,42.3018821286215
49.5,42.3018821286216
49.5095329904475,42.3018821286224
49.51,42.3018821286225
49.5195329904475,42.3018821286233
49.52,42.3018821286233
49.5295329904475,42.3018821286242
49.53,42.3018821286242
49.5395329904475,42.301882128625
49.54,42.3018821286251
49.5495329904475,42.3018821286259
49.55,42.3018821286259
49.5595329904475,42.3018821286268
49.56,42.3018821286268
49.5695329904475,42.3018821286276
49.57,42.3018821286277
49.5795329904475,42.3018821286285
49.58,42.3018821286285
49.5895329904475,42.3018821286294
49.59,42.3018821286294
49.5995329904475,42.3018821286302
49.6,42.3018821286302
49.6095329904475,42.3018821286311
49.61,42.3018821286311
49.6195329904475,42.3018821286319
49.62,42.301882128632
49.6295329904475,42.3018821286328
49.63,42.3018821286328
49.6395329904475,42.3018821286336
49.64,42.3018821286337
49.6495329904475,42.3018821286345
49.65,42.3018821286345
49.6595329904475,42.3018821286353
49.66,42.3018821286354
49.6695329904475,42.3018821286362
49.67,42.3018821286362
49.6795329904475,42.301882128637
49.68,42.3018821286371
49.6895329904475,42.3018821286378
49.69,42.3018821286379
49.6995329904475,42.3018821286387
49.7,42.3018821286387
49.7095329904475,42.3018821286395
49.71,42.3018821286396
49.7195329904475,42.3018821286404
49.72,42.3018821286404
49.7295329904475,42.3018821286412
49.73,42.3018821286412
49.7395329904475,42.301882128642
49.74,42.3018821286421
49.7495329904475,42.3018821286429
49.75,42.3018821286429
49.7595329904475,42.3018821286437
49.76,42.3018821286437
49.7695329904475,42.3018821286445
49.77,42.3018821286446
49.7795329904475,42.3018821286454
49.78,42.3018821286454
49.7895329904475,42.3018821286462
49.79,42.3018821286462
49.7995329904475,42.301882128647
49.8,42.3018821286471
49.8095329904475,42.3018821286478
49.81,42.3018821286479
49.8195329904475,42.3018821286487
49.82,42.3018821286487
49.8295329904475,42.3018821286495
49.83,42.3018821286495
49.8395329904475,42.3018821286503
49.84,42.3018821286503
49.8495329904475,42.3018821286511
49.85,42.3018821286512
49.8595329904475,42.3018821286519
49.86,42.301882128652
49.8695329904475,42.3018821286527
49.87,42.3018821286528
49.8795329904475,42.3018821286536
49.88,42.3018821286536
49.8895329904475,42.3018821286544
49.89,42.3018821286544
49.8995329904475,42.3018821286552
49.9,42.3018821286552
49.9095329904475,42.301882128656
49.91,42.301882128656
49.9195329904475,42.3018821286568
49.92,42.3018821286568
49.9295329904475,42.3018821286576
49.93,42.3018821286576
49.9395329904475,42.3018821286584
49.94,42.3018821286584
49.9495329904475,42.3018821286592
49.95,42.3018821286592
49.9595329904475,42.30188212866
49.96,42.30188212866
49.9695329904475,42.3018821286608
49.97,42.3018821286608
49.9795329904475,42.3018821286616
49.98,42.3018821286616
49.9895329904475,42.3018821286624
49.99,42.3018821286624
49.9995329904474,42.3018821286632
50,42.3018821286632
50.0095329904474,42.301882128664
50.01,42.301882128664
50.0195329904474,42.3018821286648
50.02,42.3018821286648
50.0295329904474,42.3018821286656
50.03,42.3018821286656
50.0395329904474,42.3018821286663
50.04,42.3018821286664
50.0495329904474,42.3018821286671
50.05,42.3018821286672
50.0595329904474,42.3018821286679
50.06,42.301882128668
50.0695329904474,42.3018821286687
50.07,42.3018821286687
50.0795329904474,42.3018821286695
50.08,42.3018821286695
50.0895329904474,42.3018821286703
50.09,42.3018821286703
50.0995329904474,42.3018821286711
50.1,42.3018821286711
50.1095329904474,42.3018821286718
50.11,42.3018821286719
50.1195329904474,42.3018821286726
50.12,42.3018821286726
50.1295329904474,42.3018821286734
50.13,42.3018821286734
50.1395329904474,42.3018821286742
50.14,42.3018821286742
50.1495329904474,42.3018821286749
50.15,42.301882128675
50.1595329904474,42.3018821286757
50.16,42.3018821286757
50.1695329904474,42.3018821286765
50.17,42.3018821286765
50.1795329904474,42.3018821286773
50.18,42.3018821286773
50.1895329904474,42.301882128678
50.19,42.3018821286781
50.1995329904474,42.3018821286788
50.2,42.3018821286788
50.2095329904474,42.3018821286795
50.21,42.3018821286796
50.2195329904474,42.3018821286803
50.22,42.3018821286803
50.2295329904474,42.3018821286811
50.23,42.3018821286811
50.2395329904474,42.3018821286818
50.24,42.3018821286819
50.2495329904474,42.3018821286826
50.25,42.3018821286826
50.2595329904474,42.3018821286834
50.26,42.3018821286834
50.2695329904474,42.3018821286841
50.27,42.3018821286842
50.2795329904474,42.3018821286849
50.28,42.3018821286849
50.2895329904474,42.3018821286856
50.29,42.3018821286857
50.2995329904474,42.3018821286864
50.3,42.3018821286864
50.3095329904474,42.3018821286871
50.31,42.3018821286872
50.3195329904474,42.3018821286879
50.32,42.3018821286879
50.3295329904474,42.3018821286886
50.33,42.3018821286887
50.3395329904474,42.3018821286894
50.34,42.3018821286894
50.3495329904474,42.3018821286901
50.35,42.3018821286902
50.3595329904474,42.3018821286909
50.36,42.3018821286909
50.3695329904474,42.3018821286916
50.37,42.3018821286917
50.3795329904474,42.3018821286924
50.38,42.3018821286924
50.3895329904474,42.3018821286931
50.39,42.3018821286932
50.3995329904474,42.3018821286939
50.4,42.3018821286939
50.4095329904474,42.3018821286946
50.41,42.3018821286946
50.4195329904474,42.3018821286953
50.42,42.3018821286954
50.4295329904474,42.3018821286961
50.43,42.3018821286961
50.4395329904474,42.3018821286968
50.44,42.3018821286969
50.4495329904474,42.3018821286976
50.45,42.3018821286976
50.4595329904474,42.3018821286983
50.46,42.3018821286983
50.4695329904474,42.301882128699
50.47,42.3018821286991
50.4795329904474,42.3018821286998
50.48,42.3018821286998
50.4895329904474,42.3018821287005
50.49,42.3018821287005
50.4995329904473,42.3018821287012
50.5,42.3018821287013
50.5095329904473,42.301882128702
50.51,42.301882128702
50.5195329904473,42.3018821287027
50.52,42.3018821287027
50.5295329904473,42.3018821287034
50.53,42.3018821287034
50.5395329904473,42.3018821287041
50.54,42.3018821287042
50.5495329904473,42.3018821287049
50.55,42.3018821287049
50.5595329904473,42.3018821287056
50.56,42.3018821287056
50.5695329904473,42.3018821287063
50.57,42.3018821287064
50.5795329904473,42.301882128707
50.58,42.3018821287071
50.5895329904473,42.3018821287078
50.59,42.3018821287078
50.5995329904473,42.3018821287085
50.6,42.3018821287085
50.6095329904473,42.3018821287092
50.61,42.3018821287092
50.6195329904473,42.3018821287099
50.62,42.3018821287099
50.6295329904473,42.3018821287106
50.63,42.3018821287107
50.6395329904473,42.3018821287114
50.64,42.3018821287114
50.6495329904473,42.3018821287121
50.65,42.3018821287121
50.6595329904473,42.3018821287128
50.66,42.3018821287128
50.6695329904473,42.3018821287135
50.67,42.3018821287135
50.6795329904473,42.3018821287142
50.68,42.3018821287142
50.6895329904473,42.3018821287149
50.69,42.301882128715
50.6995329904473,42.3018821287156
50.7,42.3018821287157
50.7095329904473,42.3018821287163
50.71,42.3018821287164
50.7195329904473,42.301882128717
50.72,42.3018821287171
50.7295329904473,42.3018821287178
50.73,42.3018821287178
50.7395329904473,42.3018821287185
50.74,42.3018821287185
50.7495329904473,42.3018821287192
50.75,42.3018821287192
50.7595329904473,42.3018821287199
50.76,42.3018821287199
50.7695329904473,42.3018821287206
50.77,42.3018821287206
50.7795329904473,42.3018821287213
50.78,42.3018821287213
50.7895329904473,42.301882128722
50.79,42.301882128722
50.7995329904473,42.3018821287227
50.8,42.3018821287227
50.8095329904473,42.3018821287234
50.81,42.3018821287234
50.8195329904473,42.3018821287241
50.82,42.3018821287241
50.8295329904473,42.3018821287248
50.83,42.3018821287248
50.8395329904473,42.3018821287255
50.84,42.3018821287255
50.8495329904473,42.3018821287262
50.85,42.3018821287262
50.8595329904473,42.3018821287269
50.86,42.3018821287269
50.8695329904473,42.3018821287276
50.87,42.3018821287276
50.8795329904473,42.3018821287283
50.88,42.3018821287283
50.8895329904473,42.301882128729
50.89,42.301882128729
50.8995329904473,42.3018821287296
50.9,42.3018821287297
50.9095329904473,42.3018821287303
50.91,42.3018821287304
50.9195329904473,42.301882128731
50.92,42.3018821287311
50.9295329904473,42.3018821287317
50.93,42.3018821287317
50.9395329904473,42.3018821287324
50.94,42.3018821287324
50.9495329904473,42.3018821287331
50.95,42.3018821287331
50.9595329904473,42.3018821287338
50.96,42.3018821287338
50.9695329904473,42.3018821287345
50.97,42.3018821287345
50.9795329904473,42.3018821287351
50.98,42.3018821287352
50.9895329904473,42.3018821287358
50.99,42.3018821287359
50.9995329904472,42.3018821287365
51,42.3018821287366
51.0095329904472,42.3018821287372
51.01,42.3018821287372
51.0195329904472,42.3018821287379
51.02,42.3018821287379
51.0295329904472,42.3018821287386
51.03,42.3018821287386
51.0395329904472,42.3018821287392
51.04,42.3018821287393
51.0495329904472,42.3018821287399
51.05,42.30188212874
51.0595329904472,42.3018821287406
51.06,42.3018821287406
51.0695329904472,42.3018821287413
51.07,42.3018821287413
51.0795329904472,42.301882128742
51.08,42.301882128742
51.0895329904472,42.3018821287426
51.09,42.3018821287427
51.0995329904472,42.3018821287433
51.1,42.3018821287433
51.1095329904472,42.301882128744
51.11,42.301882128744
51.1195329904472,42.3018821287447
51.12,42.3018821287447
51.1295329904472,42.3018821287453
51.13,42.3018821287454
51.1395329904472,42.301882128746
51.14,42.301882128746
51.1495329904472,42.3018821287467
51.15,42.3018821287467
51.1595329904472,42.3018821287473
51.16,42.3018821287474
51.1695329904472,42.301882128748
51.17,42.301882128748
51.1795329904472,42.3018821287487
51.18,42.3018821287487
51.1895329904472,42.3018821287493
51.19,42.3018821287494
51.1995329904472,42.30188212875
51.2,42.30188212875
51.2095329904472,42.3018821287507
51.21,42.3018821287507
51.2195329904472,42.3018821287514
51.22,42.3018821287514
51.2295329904472,42.301882128752
51.23,42.301882128752
51.2395329904472,42.3018821287527
51.24,42.3018821287527
51.2495329904472,42.3018821287533
51.25,42.3018821287534
51.2595329904472,42.301882128754
51.26,42.301882128754
51.2695329904472,42.3018821287547
51.27,42.3018821287547
51.2795329904472,42.3018821287553
51.28,42.3018821287554
51.2895329904472,42.301882128756
51.29,42.301882128756
51.2995329904472,42.3018821287566
51.3,42.3018821287567
51.3095329904472,42.3018821287573
51.31,42.3018821287573
51.3195329904472,42.301882128758
51.32,42.301882128758
51.3295329904472,42.3018821287586
51.33,42.3018821287586
51.3395329904472,42.3018821287593
51.34,42.3018821287593
51.3495329904472,42.3018821287599
51.35,42.30188212876
51.3595329904472,42.3018821287606
51.36,42.3018821287606
51.3695329904472,42.3018821287612
51.37,42.3018821287613
51.3795329904472,42.3018821287619
51.38,42.3018821287619
51.3895329904472,42.3018821287625
51.39,42.3018821287626
51.3995329904472,42.3018821287632
51.4,42.3018821287632
51.4095329904472,42.3018821287639
51.41,42.3018821287639
51.4195329904472,42.3018821287645
51.42,42.3018821287645
51.4295329904472,42.3018821287652
51.43,42.3018821287652
51.4395329904472,42.3018821287658
51.44,42.3018821287658
51.4495329904472,42.3018821287665
51.45,42.3018821287665
51.4595329904472,42.3018821287671
51.46,42.3018821287671
51.4695329904472,42.3018821287677
51.47,42.3018821287678
51.4795329904472,42.3018821287684
51.48,42.3018821287684
51.4895329904472,42.3018821287691
51.49,42.3018821287691
51.4995329904472,42.3018821287697
51.5,42.3018821287697
51.5095329904471,42.3018821287703
51.51,42.3018821287704
51.5195329904471,42.301882128771
51.52,42.301882128771
51.5295329904471,42.3018821287716
51.53,42.3018821287717
51.5395329904471,42.3018821287723
51.54,42.3018821287723
51.5495329904471,42.3018821287729
51.55,42.3018821287729
51.5595329904471,42.3018821287736
51.56,42.3018821287736
51.5695329904471,42.3018821287742
51.57,42.3018821287742
51.5795329904471,42.3018821287748
51.58,42.3018821287749
51.5895329904471,42.3018821287755
51.59,42.3018821287755
51.5995329904471,42.3018821287761
51.6,42.3018821287761
51.6095329904471,42.3018821287768
51.61,42.3018821287768
51.6195329904471,42.3018821287774
51.62,42.3018821287774
51.6295329904471,42.301882128778
51.63,42.3018821287781
51.6395329904471,42.3018821287787
51.64,42.3018821287787
51.6495329904471,42.3018821287793
51.65,42.3018821287793
51.6595329904471,42.3018821287799
51.66,42.30188212878
51.6695329904471,42.3018821287806
51.67,42.3018821287806
51.6795329904471,42.3018821287812
51.68,42.3018821287812
51.6895329904471,42.3018821287818
51.69,42.3018821287819
51.6995329904471,42.3018821287825
51.7,42.3018821287825
51.7095329904471,42.3018821287831
51.71,42.3018821287831
51.7195329904471,42.3018821287837
51.72,42.3018821287838
51.7295329904471,42.3018821287844
51.73,42.3018821287844
51.7395329904471,42.301882128785
51.74,42.301882128785
51.7495329904471,42.3018821287856
51.75,42.3018821287857
51.7595329904471,42.3018821287863
51.76,42.3018821287863
51.7695329904471,42.3018821287869
51.77,42.3018821287869
51.7795329904471,42.3018821287875
51.78,42.3018821287876
51.7895329904471,42.3018821287882
51.79,42.3018821287882
51.7995329904471,42.3018821287888
51.8,42.3018821287888
51.8095329904471,42.3018821287894
51.81,42.3018821287894
51.8195329904471,42.30188212879
51.82,42.3018821287901
51.8295329904471,42.3018821287907
51.83,42.3018821287907
51.8395329904471,42.3018821287913
51.84,42.3018821287913
51.8495329904471,42.3018821287919
51.85,42.3018821287919
51.8595329904471,42.3018821287925
51.86,42.3018821287926
51.8695329904471,42.3018821287932
51.87,42.3018821287932
51.8795329904471,42.3018821287938
51.88,42.3018821287938
51.8895329904471,42.3018821287944
51.89,42.3018821287944
51.8995329904471,42.301882128795
51.9,42.3018821287951
51.9095329904471,42.3018821287957
51.91,42.3018821287957
51.9195329904471,42.3018821287963
51.92,42.3018821287963
51.9295329904471,42.3018821287969
51.93,42.3018821287969
51.9395329904471,42.3018821287975
51.94,42.3018821287976
51.9495329904471,42.3018821287981
51.95,42.3018821287982
51.9595329904471,42.3018821287988
51.96,42.3018821287988
51.9695329904471,42.3018821287994
51.97,42.3018821287994
51.9795329904471,42.3018821288
51.98,42.3018821288
51.9895329904471,42.3018821288006
51.99,42.3018821288006
51.9995329904471,42.3018821288012
52,42.3018821288013
52.009532990447,42.3018821288018
52.01,42.3018821288019
52.019532990447,42.3018821288025
52.02,42.3018821288025
52.029532990447,42.3018821288031
52.03,42.3018821288031
52.039532990447,42.3018821288037
52.04,42.3018821288037
52.049532990447,42.3018821288043
52.05,42.3018821288043
52.059532990447,42.3018821288049
52.06,42.3018821288049
52.069532990447,42.3018821288055
52.07,42.3018821288056
52.079532990447,42.3018821288061
52.08,42.3018821288062
52.089532990447,42.3018821288068
52.09,42.3018821288068
52.099532990447,42.3018821288074
52.1,42.3018821288074
52.109532990447,42.301882128808
52.11,42.301882128808
52.119532990447,42.3018821288086
52.12,42.3018821288086
52.129532990447,42.3018821288092
52.13,42.3018821288092
52.139532990447,42.3018821288098
52.14,42.3018821288099
52.149532990447,42.3018821288104
52.15,42.3018821288104
52.159532990447,42.301882128811
52.16,42.3018821288111
52.169532990447,42.3018821288116
52.17,42.3018821288117
52.179532990447,42.3018821288123
52.18,42.3018821288123
52.189532990447,42.3018821288129
52.19,42.3018821288129
52.199532990447,42.3018821288135
52.2,42.3018821288135
52.209532990447,42.3018821288141
52.21,42.3018821288141
52.219532990447,42.3018821288147
52.22,42.3018821288147
52.229532990447,42.3018821288153
52.23,42.3018821288153
52.239532990447,42.3018821288159
52.24,42.3018821288159
52.249532990447,42.3018821288165
52.25,42.3018821288165
52.259532990447,42.3018821288171
52.26,42.3018821288171
52.269532990447,42.3018821288177
52.27,42.3018821288177
52.279532990447,42.3018821288183
52.28,42.3018821288183
52.289532990447,42.3018821288189
52.29,42.3018821288189
52.299532990447,42.3018821288195
52.3,42.3018821288195
52.309532990447,42.3018821288201
52.31,42.3018821288201
52.319532990447,42.3018821288207
52.32,42.3018821288208
52.329532990447,42.3018821288213
52.33,42.3018821288214
52.339532990447,42.3018821288219
52.34,42.301882128822
52.349532990447,42.3018821288225
52.35,42.3018821288225
52.359532990447,42.3018821288231
52.36,42.3018821288232
52.369532990447,42.3018821288237
52.37,42.3018821288238
52.379532990447,42.3018821288243
52.38,42.3018821288244
52.389532990447,42.3018821288249
52.39,42.3018821288249
52.399532990447,42.3018821288255
52.4,42.3018821288255
52.409532990447,42.3018821288261
52.41,42.3018821288262
52.419532990447,42.3018821288267
52.42,42.3018821288267
52.429532990447,42.3018821288273
52.43,42.3018821288273
52.439532990447,42.3018821288279
52.44,42.3018821288279
52.449532990447,42.3018821288285
52.45,42.3018821288285
52.459532990447,42.3018821288291
52.46,42.3018821288291
52.469532990447,42.3018821288297
52.47,42.3018821288297
52.479532990447,42.3018821288303
52.48,42.3018821288303
52.489532990447,42.3018821288309
52.49,42.3018821288309
52.499532990447,42.3018821288315
52.5,42.3018821288315
52.5095329904469,42.3018821288321
52.51,42.3018821288321
52.5195329904469,42.3018821288327
52.52,42.3018821288327
52.5295329904469,42.3018821288333
52.53,42.3018821288333
52.5395329904469,42.3018821288339
52.54,42.3018821288339
52.5495329904469,42.3018821288345
52.55,42.3018821288345
52.5595329904469,42.301882128835
52.56,42.3018821288351
52.5695329904469,42.3018821288356
52.57,42.3018821288357
52.5795329904469,42.3018821288362
52.58,42.3018821288363
52.5895329904469,42.3018821288368
52.59,42.3018821288369
52.5995329904469,42.3018821288374
52.6,42.3018821288374
52.6095329904469,42.301882128838
52.61,42.301882128838
52.6195329904469,42.3018821288386
52.62,42.3018821288386
52.6295329904469,42.3018821288392
52.63,42.3018821288392
52.6395329904469,42.3018821288398
52.64,42.3018821288398
52.6495329904469,42.3018821288404
52.65,42.3018821288404
52.6595329904469,42.3018821288409
52.66,42.301882128841
52.6695329904469,42.3018821288415
52.67,42.3018821288416
52.6795329904469,42.3018821288421
52.68,42.3018821288421
52.6895329904469,42.3018821288427
52.69,42.3018821288427
52.6995329904469,42.3018821288433
52.7,42.3018821288433
52.7095329904469,42.3018821288439
52.71,42.3018821288439
52.7195329904469,42.3018821288445
52.72,42.3018821288445
52.7295329904469,42.301882128845
52.73,42.3018821288451
52.7395329904469,42.3018821288456
52.74,42.3018821288457
52.7495329904469,42.3018821288462
52.75,42.3018821288463
52.7595329904469,42.3018821288468
52.76,42.3018821288468
52.7695329904469,42.3018821288474
52.77,42.3018821288474
52.7795329904469,42.301882128848
52.78,42.301882128848
52.7895329904469,42.3018821288486
52.79,42.3018821288486
52.7995329904469,42.3018821288491
52.8,42.3018821288492
52.8095329904469,42.3018821288497
52.81,42.3018821288497
52.8195329904469,42.3018821288503
52.82,42.3018821288503
52.8295329904469,42.3018821288509
52.83,42.3018821288509
52.8395329904469,42.3018821288515
52.84,42.3018821288515
52.8495329904469,42.301882128852
52.85,42.3018821288521
52.8595329904469,42.3018821288526
52.86,42.3018821288527
52.8695329904469,42.3018821288532
52.87,42.3018821288532
52.8795329904469,42.3018821288538
52.88,42.3018821288538
52.8895329904469,42.3018821288544
52.89,42.3018821288544
52.8995329904469,42.3018821288549
52.9,42.301882128855
52.9095329904469,42.3018821288555
52.91,42.3018821288556
52.9195329904469,42.3018821288561
52.92,42.3018821288561
52.9295329904469,42.3018821288567
52.93,42.3018821288567
52.9395329904469,42.3018821288573
52.94,42.3018821288573
52.9495329904469,42.3018821288578
52.95,42.3018821288579
52.9595329904469,42.3018821288584
52.96,42.3018821288585
52.9695329904469,42.301882128859
52.97,42.301882128859
52.9795329904469,42.3018821288596
52.98,42.3018821288596
52.9895329904469,42.3018821288602
52.99,42.3018821288602
52.9995329904469,42.3018821288607
53,42.3018821288608
53.0095329904468,42.3018821288613
53.01,42.3018821288613
53.0195329904468,42.3018821288619
53.02,42.3018821288619
53.0295329904468,42.3018821288625
53.03,42.3018821288625
53.0395329904468,42.301882128863
53.04,42.3018821288631
53.0495329904468,42.3018821288636
53.05,42.3018821288636
53.0595329904468,42.3018821288642
53.06,42.3018821288642
53.0695329904468,42.3018821288647
53.07,42.3018821288648
53.0795329904468,42.3018821288653
53.08,42.3018821288654
53.0895329904468,42.3018821288659
53.09,42.3018821288659
53.0995329904468,42.3018821288665
53.1,42.3018821288665
53.1095329904468,42.301882128867
53.11,42.3018821288671
53.1195329904468,42.3018821288676
53.12,42.3018821288677
53.1295329904468,42.3018821288682
53.13,42.3018821288682
53.1395329904468,42.3018821288688
53.14,42.3018821288688
53.1495329904468,42.3018821288693
53.15,42.3018821288694
53.1595329904468,42.3018821288699
53.16,42.3018821288699
53.1695329904468,42.3018821288705
53.17,42.3018821288705
53.1795329904468,42.3018821288711
53.18,42.3018821288711
53.1895329904468,42.3018821288716
53.19,42.3018821288716
53.1995329904468,42.3018821288722
53.2,42.3018821288722
53.2095329904468,42.3018821288728
53.21,42.3018821288728
53.2195329904468,42.3018821288733
53.22,42.3018821288734
53.2295329904468,42.3018821288739
53.23,42.3018821288739
53.2395329904468,42.3018821288745
53.24,42.3018821288745
53.2495329904468,42.301882128875
53.25,42.3018821288751
53.2595329904468,42.3018821288756
53.26,42.3018821288756
53.2695329904468,42.3018821288762
53.27,42.3018821288762
53.2795329904468,42.3018821288767
53.28,42.3018821288768
53.2895329904468,42.3018821288773
53.29,42.3018821288773
53.2995329904468,42.3018821288779
53.3,42.3018821288779
53.3095329904468,42.3018821288784
53.31,42.3018821288785
53.3195329904468,42.301882128879
53.32,42.301882128879
53.3295329904468,42.3018821288796
53.33,42.3018821288796
53.3395329904468,42.3018821288801
53.34,42.3018821288802
53.3495329904468,42.3018821288807
53.35,42.3018821288807
53.3595329904468,42.3018821288813
53.36,42.3018821288813
53.3695329904468,42.3018821288818
53.37,42.3018821288819
53.3795329904468,42.3018821288824
53.38,42.3018821288824
53.3895329904468,42.301882128883
53.39,42.301882128883
53.3995329904468,42.3018821288835
53.4,42.3018821288836
53.4095329904468,42.3018821288841
53.41,42.3018821288841
53.4195329904468,42.3018821288847
53.42,42.3018821288847
53.4295329904468,42.3018821288852
53.43,42.3018821288853
53.4395329904468,42.3018821288858
53.44,42.3018821288858
53.4495329904468,42.3018821288863
53.45,42.3018821288864
53.4595329904468,42.3018821288869
53.46,42.3018821288869
53.4695329904468,42.3018821288875
53.47,42.3018821288875
53.4795329904468,42.301882128888
53.48,42.3018821288881
53.4895329904468,42.3018821288886
53.49,42.3018821288886
53.4995329904468,42.3018821288892
53.5,42.3018821288892
53.5095329904468,42.3018821288897
53.51,42.3018821288898
53.5195329904467,42.3018821288903
53.52,42.3018821288903
53.5295329904467,42.3018821288908
53.53,42.3018821288909
53.5395329904467,42.3018821288914
53.54,42.3018821288914
53.5495329904467,42.301882128892
53.55,42.301882128892
53.5595329904467,42.3018821288925
53.56,42.3018821288926
53.5695329904467,42.3018821288931
53.57,42.3018821288931
53.5795329904467,42.3018821288937
53.58,42.3018821288937
53.5895329904467,42.3018821288942
53.59,42.3018821288942
53.5995329904467,42.3018821288948
53.6,42.3018821288948
53.6095329904467,42.3018821288953
53.61,42.3018821288954
53.6195329904467,42.3018821288959
53.62,42.3018821288959
53.6295329904467,42.3018821288964
53.63,42.3018821288965
53.6395329904467,42.301882128897
53.64,42.301882128897
53.6495329904467,42.3018821288976
53.65,42.3018821288976
53.6595329904467,42.3018821288981
53.66,42.3018821288981
53.6695329904467,42.3018821288987
53.67,42.3018821288987
53.6795329904467,42.3018821288992
53.68,42.3018821288993
53.6895329904467,42.3018821288998
53.69,42.3018821288998
53.6995329904467,42.3018821289004
53.7,42.3018821289004
53.7095329904467,42.3018821289009
53.71,42.3018821289009
53.7195329904467,42.3018821289015
53.72,42.3018821289015
53.7295329904467,42.301882128902
53.73,42.301882128902
53.7395329904467,42.3018821289026
53.74,42.3018821289026
53.7495329904467,42.3018821289031
53.75,42.3018821289032
53.7595329904467,42.3018821289037
53.76,42.3018821289037
53.7695329904467,42.3018821289042
53.77,42.3018821289043
53.7795329904467,42.3018821289048
53.78,42.3018821289048
53.7895329904467,42.3018821289053
53.79,42.3018821289054
53.7995329904467,42.3018821289059
53.8,42.3018821289059
53.8095329904467,42.3018821289065
53.81,42.3018821289065
53.8195329904467,42.301882128907
53.82,42.301882128907
53.8295329904467,42.3018821289076
53.83,42.3018821289076
53.8395329904467,42.3018821289081
53.84,42.3018821289081
53.8495329904467,42.3018821289087
53.85,42.3018821289087
53.8595329904467,42.3018821289092
53.86,42.3018821289092
53.8695329904467,42.3018821289098
53.87,42.3018821289098
53.8795329904467,42.3018821289103
53.88,42.3018821289104
53.8895329904467,42.3018821289109
53.89,42.3018821289109
53.8995329904467,42.3018821289114
53.9,42.3018821289115
53.9095329904467,42.301882128912
53.91,42.301882128912
53.9195329904467,42.3018821289125
53.92,42.3018821289126
53.9295329904467,42.3018821289131
53.93,42.3018821289131
53.9395329904467,42.3018821289136
53.94,42.3018821289137
53.9495329904467,42.3018821289142
53.95,42.3018821289142
53.9595329904467,42.3018821289147
53.96,42.3018821289148
53.9695329904467,42.3018821289153
53.97,42.3018821289153
53.9795329904467,42.3018821289158
53.98,42.3018821289159
53.9895329904467,42.3018821289164
53.99,42.3018821289164
53.9995329904467,42.3018821289169
54,42.301882128917
54.0095329904467,42.3018821289175
54.01,42.3018821289175
54.0195329904466,42.301882128918
54.02,42.3018821289181
54.0295329904466,42.3018821289186
54.03,42.3018821289186
54.0395329904466,42.3018821289191
54.04,42.3018821289192
54.0495329904466,42.3018821289197
54.05,42.3018821289197
54.0595329904466,42.3018821289202
54.06,42.3018821289203
54.0695329904466,42.3018821289208
54.07,42.3018821289208
54.0795329904466,42.3018821289213
54.08,42.3018821289214
54.0895329904466,42.3018821289219
54.09,42.3018821289219
54.0995329904466,42.3018821289224
54.1,42.3018821289225
54.1095329904466,42.301882128923
54.11,42.301882128923
54.1195329904466,42.3018821289235
54.12,42.3018821289235
54.1295329904466,42.3018821289241
54.13,42.3018821289241
54.1395329904466,42.3018821289246
54.14,42.3018821289246
54.1495329904466,42.3018821289252
54.15,42.3018821289252
54.1595329904466,42.3018821289257
54.16,42.3018821289257
54.1695329904466,42.3018821289263
54.17,42.3018821289263
54.1795329904466,42.3018821289268
54.18,42.3018821289268
54.1895329904466,42.3018821289273
54.19,42.3018821289274
54.1995329904466,42.3018821289279
54.2,42.3018821289279
54.2095329904466,42.3018821289284
54.21,42.3018821289285
54.2195329904466,42.301882128929
54.22,42.301882128929
54.2295329904466,42.3018821289295
54.23,42.3018821289296
54.2395329904466,42.3018821289301
54.24,42.3018821289301
54.2495329904466,42.3018821289306
54.25,42.3018821289307
54.2595329904466,42.3018821289312
54.26,42.3018821289312
54.2695329904466,42.3018821289317
54.27,42.3018821289317
54.2795329904466,42.3018821289322
54.28,42.3018821289323
54.2895329904466,42.3018821289328
54.29,42.3018821289328
54.2995329904466,42.3018821289333
54.3,42.3018821289334
54.3095329904466,42.3018821289339
54.31,42.3018821289339
54.3195329904466,42.3018821289344
54.32,42.3018821289344
54.3295329904466,42.301882128935
54.33,42.301882128935
54.3395329904466,42.3018821289355
54.34,42.3018821289355
54.3495329904466,42.3018821289361
54.35,42.3018821289361
54.3595329904466,42.3018821289366
54.36,42.3018821289366
54.3695329904466,42.3018821289371
54.37,42.3018821289372
54.3795329904466,42.3018821289377
54.38,42.3018821289377
54.3895329904466,42.3018821289382
54.39,42.3018821289382
54.3995329904466,42.3018821289388
54.4,42.3018821289388
54.4095329904466,42.3018821289393
54.41,42.3018821289393
54.4195329904466,42.3018821289398
54.42,42.3018821289399
54.4295329904466,42.3018821289404
54.43,42.3018821289404
54.4395329904466,42.3018821289409
54.44,42.3018821289409
54.4495329904466,42.3018821289415
54.45,42.3018821289415
54.4595329904466,42.301882128942
54.46,42.301882128942
54.4695329904466,42.3018821289426
54.47,42.3018821289426
54.4795329904466,42.3018821289431
54.48,42.3018821289431
54.4895329904466,42.3018821289436
54.49,42.3018821289437
54.4995329904466,42.3018821289442
54.5,42.3018821289442
54.5095329904466,42.3018821289447
54.51,42.3018821289447
54.5195329904465,42.3018821289452
54.52,42.3018821289453
54.5295329904465,42.3018821289458
54.53,42.3018821289458
54.5395329904465,42.3018821289463
54.54,42.3018821289463
54.5495329904465,42.3018821289469
54.55,42.3018821289469
54.5595329904465,42.3018821289474
54.56,42.3018821289474
54.5695329904465,42.3018821289479
54.57,42.301882128948
54.5795329904465,42.3018821289485
54.58,42.3018821289485
54.5895329904465,42.301882128949
54.59,42.301882128949
54.5995329904465,42.3018821289496
54.6,42.3018821289496
54.6095329904465,42.3018821289501
54.61,42.3018821289501
54.6195329904465,42.3018821289506
54.62,42.3018821289507
54.6295329904465,42.3018821289512
54.63,42.3018821289512
54.6395329904465,42.3018821289517
54.64,42.3018821289517
54.6495329904465,42.3018821289522
54.65,42.3018821289523
54.6595329904465,42.3018821289528
54.66,42.3018821289528
54.6695329904465,42.3018821289533
54.67,42.3018821289533
54.6795329904465,42.3018821289538
54.68,42.3018821289539
54.6895329904465,42.3018821289544
54.69,42.3018821289544
54.6995329904465,42.3018821289549
54.7,42.301882128955
54.7095329904465,42.3018821289555
54.71,42.3018821289555
54.7195329904465,42.301882128956
54.72,42.301882128956
54.7295329904465,42.3018821289565
54.73,42.3018821289566
54.7395329904465,42.3018821289571
54.74,42.3018821289571
54.7495329904465,42.3018821289576
54.75,42.3018821289576
54.7595329904465,42.3018821289581
54.76,42.3018821289582
54.7695329904465,42.3018821289587
54.77,42.3018821289587
54.7795329904465,42.3018821289592
54.78,42.3018821289592
54.7895329904465,42.3018821289597
54.79,42.3018821289598
54.7995329904465,42.3018821289603
54.8,42.3018821289603
54.8095329904465,42.3018821289608
54.81,42.3018821289608
54.8195329904465,42.3018821289613
54.82,42.3018821289614
54.8295329904465,42.3018821289619
54.83,42.3018821289619
54.8395329904465,42.3018821289624
54.84,42.3018821289624
54.8495329904465,42.3018821289629
54.85,42.301882128963
54.8595329904465,42.3018821289635
54.86,42.3018821289635
54.8695329904465,42.301882128964
54.87,42.301882128964
54.8795329904465,42.3018821289645
54.88,42.3018821289646
54.8895329904465,42.3018821289651
54.89,42.3018821289651
54.8995329904465,42.3018821289656
54.9,42.3018821289656
54.9095329904465,42.3018821289661
54.91,42.3018821289662
54.9195329904465,42.3018821289667
54.92,42.3018821289667
54.9295329904465,42.3018821289672
54.93,42.3018821289672
54.9395329904465,42.3018821289677
54.94,42.3018821289678
54.9495329904465,42.3018821289683
54.95,42.3018821289683
54.9595329904465,42.3018821289688
54.96,42.3018821289688
54.9695329904465,42.3018821289693
54.97,42.3018821289694
54.9795329904465,42.3018821289699
54.98,42.3018821289699
54.9895329904465,42.3018821289704
54.99,42.3018821289704
54.9995329904465,42.3018821289709
55,42.301882128971
55.0095329904465,42.3018821289715
55.01,42.3018821289715
55.0195329904465,42.301882128972
55.02,42.301882128972
55.0295329904464,42.3018821289725
55.03,42.3018821289726
55.0395329904464,42.3018821289731
55.04,42.3018821289731
55.0495329904464,42.3018821289736
55.05,42.3018821289736
55.0595329904464,42.3018821289741
55.06,42.3018821289741
55.0695329904464,42.3018821289746
55.07,42.3018821289747
55.0795329904464,42.3018821289752
55.08,42.3018821289752
55.0895329904464,42.3018821289757
55.09,42.3018821289757
55.0995329904464,42.3018821289762
55.1,42.3018821289763
55.1095329904464,42.3018821289768
55.11,42.3018821289768
55.1195329904464,42.3018821289773
55.12,42.3018821289773
55.1295329904464,42.3018821289778
55.13,42.3018821289779
55.1395329904464,42.3018821289783
55.14,42.3018821289784
55.1495329904464,42.3018821289789
55.15,42.3018821289789
55.1595329904464,42.3018821289794
55.16,42.3018821289794
55.1695329904464,42.3018821289799
55.17,42.30188212898
55.1795329904464,42.3018821289805
55.18,42.3018821289805
55.1895329904464,42.301882128981
55.19,42.301882128981
55.1995329904464,42.3018821289815
55.2,42.3018821289815
55.2095329904464,42.301882128982
55.21,42.3018821289821
55.2195329904464,42.3018821289826
55.22,42.3018821289826
55.2295329904464,42.3018821289831
55.23,42.3018821289831
55.2395329904464,42.3018821289836
55.24,42.3018821289837
55.2495329904464,42.3018821289842
55.25,42.3018821289842
55.2595329904464,42.3018821289847
55.26,42.3018821289847
55.2695329904464,42.3018821289852
55.27,42.3018821289852
55.2795329904464,42.3018821289857
55.28,42.3018821289858
55.2895329904464,42.3018821289863
55.29,42.3018821289863
55.2995329904464,42.3018821289868
55.3,42.3018821289868
55.3095329904464,42.3018821289873
55.31,42.3018821289873
55.3195329904464,42.3018821289878
55.32,42.3018821289879
55.3295329904464,42.3018821289884
55.33,42.3018821289884
55.3395329904464,42.3018821289889
55.34,42.3018821289889
55.3495329904464,42.3018821289894
55.35,42.3018821289895
55.3595329904464,42.30188212899
55.36,42.30188212899
55.3695329904464,42.3018821289905
55.37,42.3018821289905
55.3795329904464,42.301882128991
55.38,42.301882128991
55.3895329904464,42.3018821289915
55.39,42.3018821289916
55.3995329904464,42.3018821289921
55.4,42.3018821289921
55.4095329904464,42.3018821289926
55.41,42.3018821289926
55.4195329904464,42.3018821289931
55.42,42.3018821289931
55.4295329904464,42.3018821289936
55.43,42.3018821289937
55.4395329904464,42.3018821289942
55.44,42.3018821289942
55.4495329904464,42.3018821289947
55.45,42.3018821289947
55.4595329904464,42.3018821289952
55.46,42.3018821289952
55.4695329904464,42.3018821289957
55.47,42.3018821289958
55.4795329904464,42.3018821289963
55.48,42.3018821289963
55.4895329904464,42.3018821289968
55.49,42.3018821289968
55.4995329904464,42.3018821289973
55.5,42.3018821289973
55.5095329904464,42.3018821289978
55.51,42.3018821289979
55.5195329904464,42.3018821289984
55.52,42.3018821289984
55.5295329904463,42.3018821289989
55.53,42.3018821289989
55.5395329904463,42.3018821289994
55.54,42.3018821289994
55.5495329904463,42.3018821289999
55.55,42.3018821289999
55.5595329904463,42.3018821290004
55.56,42.3018821290005
55.5695329904463,42.301882129001
55.57,42.301882129001
55.5795329904463,42.3018821290015
55.58,42.3018821290015
55.5895329904463,42.301882129002
55.59,42.301882129002
55.5995329904463,42.3018821290025
55.6,42.3018821290026
55.6095329904463,42.3018821290031
55.61,42.3018821290031
55.6195329904463,42.3018821290036
55.62,42.3018821290036
55.6295329904463,42.3018821290041
55.63,42.3018821290041
55.6395329904463,42.3018821290046
55.64,42.3018821290046
55.6495329904463,42.3018821290051
55.65,42.3018821290052
55.6595329904463,42.3018821290057
55.66,42.3018821290057
55.6695329904463,42.3018821290062
55.67,42.3018821290062
55.6795329904463,42.3018821290067
55.68,42.3018821290067
55.6895329904463,42.3018821290072
55.69,42.3018821290073
55.6995329904463,42.3018821290078
55.7,42.3018821290078
55.7095329904463,42.3018821290083
55.71,42.3018821290083
55.7195329904463,42.3018821290088
55.72,42.3018821290088
55.7295329904463,42.3018821290093
55.73,42.3018821290093
55.7395329904463,42.3018821290098
55.74,42.3018821290099
55.7495329904463,42.3018821290103
55.75,42.3018821290104
55.7595329904463,42.3018821290109
55.76,42.3018821290109
55.7695329904463,42.3018821290114
55.77,42.3018821290114
55.7795329904463,42.3018821290119
55.78,42.3018821290119
55.7895329904463,42.3018821290124
55.79,42.3018821290125
55.7995329904463,42.301882129013
55.8,42.301882129013
55.8095329904463,42.3018821290135
55.81,42.3018821290135
55.8195329904463,42.301882129014
55.82,42.301882129014
55.8295329904463,42.3018821290145
55.83,42.3018821290145
55.8395329904463,42.301882129015
55.84,42.3018821290151
55.8495329904463,42.3018821290155
55.85,42.3018821290156
55.8595329904463,42.3018821290161
55.86,42.3018821290161
55.8695329904463,42.3018821290166
55.87,42.3018821290166
55.8795329904463,42.3018821290171
55.88,42.3018821290171
55.8895329904463,42.3018821290176
55.89,42.3018821290177
55.8995329904463,42.3018821290181
55.9,42.3018821290182
55.9095329904463,42.3018821290187
55.91,42.3018821290187
55.9195329904463,42.3018821290192
55.92,42.3018821290192
55.9295329904463,42.3018821290197
55.93,42.3018821290197
55.9395329904463,42.3018821290202
55.94,42.3018821290202
55.9495329904463,42.3018821290207
55.95,42.3018821290208
55.9595329904463,42.3018821290213
55.96,42.3018821290213
55.9695329904463,42.3018821290218
55.97,42.3018821290218
55.9795329904463,42.3018821290223
55.98,42.3018821290223
55.9895329904463,42.3018821290228
55.99,42.3018821290228
55.9995329904463,42.3018821290233
56,42.3018821290234
56.0095329904463,42.3018821290238
56.01,42.3018821290239
56.0195329904463,42.3018821290244
56.02,42.3018821290244
56.0295329904462,42.3018821290249
56.03,42.3018821290249
56.0395329904462,42.3018821290254
56.04,42.3018821290254
56.0495329904462,42.3018821290259
56.05,42.3018821290259
56.0595329904462,42.3018821290264
56.06,42.3018821290264
56.0695329904462,42.3018821290269
56.07,42.301882129027
56.0795329904462,42.3018821290275
56.08,42.3018821290275
56.0895329904462,42.301882129028
56.09,42.301882129028
56.0995329904462,42.3018821290285
56.1,42.3018821290285
56.1095329904462,42.301882129029
56.11,42.301882129029
56.1195329904462,42.3018821290295
56.12,42.3018821290295
56.1295329904462,42.30188212903
56.13,42.3018821290301
56.1395329904462,42.3018821290306
56.14,42.3018821290306
56.1495329904462,42.3018821290311
56.15,42.3018821290311
56.1595329904462,42.3018821290316
56.16,42.3018821290316
56.1695329904462,42.3018821290321
56.17,42.3018821290321
56.1795329904462,42.3018821290326
56.18,42.3018821290326
56.1895329904462,42.3018821290331
56.19,42.3018821290332
56.1995329904462,42.3018821290336
56.2,42.3018821290337
56.2095329904462,42.3018821290341
56.21,42.3018821290342
56.2195329904462,42.3018821290347
56.22,42.3018821290347
56.2295329904462,42.3018821290352
56.23,42.3018821290352
56.2395329904462,42.3018821290357
56.24,42.3018821290357
56.2495329904462,42.3018821290362
56.25,42.3018821290362
56.2595329904462,42.3018821290367
56.26,42.3018821290368
56.2695329904462,42.3018821290372
56.27,42.3018821290373
56.2795329904462,42.3018821290378
56.28,42.3018821290378
56.2895329904462,42.3018821290383
56.29,42.3018821290383
56.2995329904462,42.3018821290388
56.3,42.3018821290388
56.3095329904462,42.3018821290393
56.31,42.3018821290393
56.3195329904462,42.3018821290398
56.32,42.3018821290398
56.3295329904462,42.3018821290403
56.33,42.3018821290403
56.3395329904462,42.3018821290408
56.34,42.3018821290409
56.3495329904462,42.3018821290414
56.35,42.3018821290414
56.3595329904462,42.3018821290419
56.36,42.3018821290419
56.3695329904462,42.3018821290424
56.37,42.3018821290424
56.3795329904462,42.3018821290429
56.38,42.3018821290429
56.3895329904462,42.3018821290434
56.39,42.3018821290434
56.3995329904462,42.3018821290439
56.4,42.3018821290439
56.4095329904462,42.3018821290444
56.41,42.3018821290445
56.4195329904462,42.3018821290449
56.42,42.301882129045
56.4295329904462,42.3018821290454
56.43,42.3018821290455
56.4395329904462,42.301882129046
56.44,42.301882129046
56.4495329904462,42.3018821290465
56.45,42.3018821290465
56.4595329904462,42.301882129047
56.46,42.301882129047
56.4695329904462,42.3018821290475
56.47,42.3018821290475
56.4795329904462,42.301882129048
56.48,42.301882129048
56.4895329904462,42.3018821290485
56.49,42.3018821290486
56.4995329904462,42.301882129049
56.5,42.3018821290491
56.5095329904462,42.3018821290495
56.51,42.3018821290496
56.5195329904462,42.3018821290501
56.52,42.3018821290501
56.5295329904461,42.3018821290506
56.53,42.3018821290506
56.5395329904461,42.3018821290511
56.54,42.3018821290511
56.5495329904461,42.3018821290516
56.55,42.3018821290516
56.5595329904461,42.3018821290521
56.56,42.3018821290521
56.5695329904461,42.3018821290526
56.57,42.3018821290526
56.5795329904461,42.3018821290531
56.58,42.3018821290531
56.5895329904461,42.3018821290536
56.59,42.3018821290537
56.5995329904461,42.3018821290541
56.6,42.3018821290542
56.6095329904461,42.3018821290547
56.61,42.3018821290547
56.6195329904461,42.3018821290552
56.62,42.3018821290552
56.6295329904461,42.3018821290557
56.63,42.3018821290557
56.6395329904461,42.3018821290562
56.64,42.3018821290562
56.6495329904461,42.3018821290567
56.65,42.3018821290567
56.6595329904461,42.3018821290572
56.66,42.3018821290572
56.6695329904461,42.3018821290577
56.67,42.3018821290577
56.6795329904461,42.3018821290582
56.68,42.3018821290582
56.6895329904461,42.3018821290587
56.69,42.3018821290588
56.6995329904461,42.3018821290592
56.7,42.3018821290593
56.7095329904461,42.3018821290598
56.71,42.3018821290598
56.7195329904461,42.3018821290603
56.72,42.3018821290603
56.7295329904461,42.3018821290608
56.73,42.3018821290608
56.7395329904461,42.3018821290613
56.74,42.3018821290613
56.7495329904461,42.3018821290618
56.75,42.3018821290618
56.7595329904461,42.3018821290623
56.76,42.3018821290623
56.7695329904461,42.3018821290628
56.77,42.3018821290628
56.7795329904461,42.3018821290633
56.78,42.3018821290633
56.7895329904461,42.3018821290638
56.79,42.3018821290638
56.7995329904461,42.3018821290643
56.8,42.3018821290644
56.8095329904461,42.3018821290648
56.81,42.3018821290649
56.8195329904461,42.3018821290653
56.82,42.3018821290654
56.8295329904461,42.3018821290658
56.83,42.3018821290659
56.8395329904461,42.3018821290663
56.84,42.3018821290664
56.8495329904461,42.3018821290669
56.85,42.3018821290669
56.8595329904461,42.3018821290674
56.86,42.3018821290674
56.8695329904461,42.3018821290679
56.87,42.3018821290679
56.8795329904461,42.3018821290684
56.88,42.3018821290684
56.8895329904461,42.3018821290689
56.89,42.3018821290689
56.8995329904461,42.3018821290694
56.9,42.3018821290694
56.9095329904461,42.3018821290699
56.91,42.3018821290699
56.9195329904461,42.3018821290704
56.92,42.3018821290704
56.9295329904461,42.3018821290709
56.93,42.3018821290709
56.9395329904461,42.3018821290714
56.94,42.3018821290714
56.9495329904461,42.3018821290719
56.95,42.301882129072
56.9595329904461,42.3018821290724
56.96,42.3018821290725
56.9695329904461,42.301882129073
56.97,42.301882129073
56.9795329904461,42.3018821290734
56.98,42.3018821290735
56.9895329904461,42.301882129074
56.99,42.301882129074
56.9995329904461,42.3018821290745
57,42.3018821290745
57.0095329904461,42.301882129075
57.01,42.301882129075
57.0195329904461,42.3018821290755
57.02,42.3018821290755
57.0295329904461,42.301882129076
57.03,42.301882129076
57.039532990446,42.3018821290765
57.04,42.3018821290765
57.049532990446,42.301882129077
57.05,42.301882129077
57.059532990446,42.3018821290775
57.06,42.3018821290775
57.069532990446,42.301882129078
57.07,42.301882129078
57.079532990446,42.3018821290785
57.08,42.3018821290785
57.089532990446,42.301882129079
57.09,42.301882129079
57.099532990446,42.3018821290795
57.1,42.3018821290795
57.109532990446,42.30188212908
57.11,42.30188212908
57.119532990446,42.3018821290805
57.12,42.3018821290805
57.129532990446,42.301882129081
57.13,42.3018821290811
57.139532990446,42.3018821290815
57.14,42.3018821290816
57.149532990446,42.301882129082
57.15,42.3018821290821
57.159532990446,42.3018821290825
57.16,42.3018821290826
57.169532990446,42.3018821290831
57.17,42.3018821290831
57.179532990446,42.3018821290836
57.18,42.3018821290836
57.189532990446,42.3018821290841
57.19,42.3018821290841
57.199532990446,42.3018821290846
57.2,42.3018821290846
57.209532990446,42.3018821290851
57.21,42.3018821290851
57.219532990446,42.3018821290856
57.22,42.3018821290856
57.229532990446,42.3018821290861
57.23,42.3018821290861
57.239532990446,42.3018821290866
57.24,42.3018821290866
57.249532990446,42.3018821290871
57.25,42.3018821290871
57.259532990446,42.3018821290876
57.26,42.3018821290876
57.269532990446,42.3018821290881
57.27,42.3018821290881
57.279532990446,42.3018821290886
57.28,42.3018821290886
57.289532990446,42.3018821290891
57.29,42.3018821290891
57.299532990446,42.3018821290896
57.3,42.3018821290896
57.309532990446,42.3018821290901
57.31,42.3018821290901
57.319532990446,42.3018821290906
57.32,42.3018821290906
57.329532990446,42.3018821290911
57.33,42.3018821290911
57.339532990446,42.3018821290916
57.34,42.3018821290916
57.349532990446,42.3018821290921
57.35,42.3018821290921
57.359532990446,42.3018821290926
57.36,42.3018821290926
57.369532990446,42.3018821290931
57.37,42.3018821290931
57.379532990446,42.3018821290936
57.38,42.3018821290936
57.389532990446,42.3018821290941
57.39,42.3018821290941
57.399532990446,42.3018821290946
57.4,42.3018821290947
57.409532990446,42.3018821290951
57.41,42.3018821290951
57.419532990446,42.3018821290956
57.42,42.3018821290957
57.429532990446,42.3018821290961
57.43,42.3018821290961
57.439532990446,42.3018821290966
57.44,42.3018821290967
57.449532990446,42.3018821290971
57.45,42.3018821290972
57.459532990446,42.3018821290976
57.46,42.3018821290977
57.469532990446,42.3018821290981
57.47,42.3018821290982
57.479532990446,42.3018821290986
57.48,42.3018821290987
57.489532990446,42.3018821290991
57.49,42.3018821290992
57.499532990446,42.3018821290996
57.5,42.3018821290997
57.509532990446,42.3018821291001
57.51,42.3018821291002
57.519532990446,42.3018821291006
57.52,42.3018821291007
57.529532990446,42.3018821291011
57.53,42.3018821291012
57.5395329904459,42.3018821291016
57.54,42.3018821291017
57.5495329904459,42.3018821291021
57.55,42.3018821291022
57.5595329904459,42.3018821291026
57.56,42.3018821291027
57.5695329904459,42.3018821291031
57.57,42.3018821291032
57.5795329904459,42.3018821291036
57.58,42.3018821291037
57.5895329904459,42.3018821291041
57.59,42.3018821291042
57.5995329904459,42.3018821291046
57.6,42.3018821291047
57.6095329904459,42.3018821291051
57.61,42.3018821291052
57.6195329904459,42.3018821291056
57.62,42.3018821291057
57.6295329904459,42.3018821291061
57.63,42.3018821291062
57.6395329904459,42.3018821291066
57.64,42.3018821291067
57.6495329904459,42.3018821291071
57.65,42.3018821291072
57.6595329904459,42.3018821291076
57.66,42.3018821291077
57.6695329904459,42.3018821291081
57.67,42.3018821291082
57.6795329904459,42.3018821291086
57.68,42.3018821291087
57.6895329904459,42.3018821291091
57.69,42.3018821291092
57.6995329904459,42.3018821291096
57.7,42.3018821291097
57.7095329904459,42.3018821291101
57.71,42.3018821291102
57.7195329904459,42.3018821291106
57.72,42.3018821291107
57.7295329904459,42.3018821291111
57.73,42.3018821291111
57.7395329904459,42.3018821291116
57.74,42.3018821291117
57.7495329904459,42.3018821291121
57.75,42.3018821291122
57.7595329904459,42.3018821291126
57.76,42.3018821291127
57.7695329904459,42.3018821291131
57.77,42.3018821291131
57.7795329904459,42.3018821291136
57.78,42.3018821291136
57.7895329904459,42.3018821291141
57.79,42.3018821291142
57.7995329904459,42.3018821291146
57.8,42.3018821291146
57.8095329904459,42.3018821291151
57.81,42.3018821291151
57.8195329904459,42.3018821291156
57.82,42.3018821291156
57.8295329904459,42.3018821291161
57.83,42.3018821291161
57.8395329904459,42.3018821291166
57.84,42.3018821291166
57.8495329904459,42.3018821291171
57.85,42.3018821291171
57.8595329904459,42.3018821291176
57.86,42.3018821291176
57.8695329904459,42.3018821291181
57.87,42.3018821291181
57.8795329904459,42.3018821291186
57.88,42.3018821291186
57.8895329904459,42.3018821291191
57.89,42.3018821291191
57.8995329904459,42.3018821291196
57.9,42.3018821291196
57.9095329904459,42.3018821291201
57.91,42.3018821291201
57.9195329904459,42.3018821291206
57.92,42.3018821291206
57.9295329904459,42.3018821291211
57.93,42.3018821291211
57.9395329904459,42.3018821291216
57.94,42.3018821291216
57.9495329904459,42.3018821291221
57.95,42.3018821291221
57.9595329904459,42.3018821291226
57.96,42.3018821291226
57.9695329904459,42.3018821291231
57.97,42.3018821291231
57.9795329904459,42.3018821291236
57.98,42.3018821291236
57.9895329904459,42.3018821291241
57.99,42.3018821291241
57.9995329904459,42.3018821291246
58,42.3018821291246
58.0095329904459,42.3018821291251
58.01,42.3018821291251
58.0195329904459,42.3018821291256
58.02,42.3018821291256
58.0295329904459,42.301882129126
58.03,42.3018821291261
58.0395329904458,42.3018821291266
58.04,42.3018821291266
58.0495329904458,42.301882129127
58.05,42.3018821291271
58.0595329904458,42.3018821291275
58.06,42.3018821291276
58.0695329904458,42.301882129128
58.07,42.3018821291281
58.0795329904458,42.3018821291285
58.08,42.3018821291286
58.0895329904458,42.301882129129
58.09,42.3018821291291
58.0995329904458,42.3018821291295
58.1,42.3018821291295
58.1095329904458,42.30188212913
58.11,42.30188212913
58.1195329904458,42.3018821291305
58.12,42.3018821291305
58.1295329904458,42.301882129131
58.13,42.301882129131
58.1395329904458,42.3018821291315
58.14,42.3018821291315
58.1495329904458,42.301882129132
58.15,42.301882129132
58.1595329904458,42.3018821291325
58.16,42.3018821291325
58.1695329904458,42.301882129133
58.17,42.301882129133
58.1795329904458,42.3018821291335
58.18,42.3018821291335
58.1895329904458,42.301882129134
58.19,42.301882129134
58.1995329904458,42.3018821291345
58.2,42.3018821291345
58.2095329904458,42.301882129135
58.21,42.301882129135
58.2195329904458,42.3018821291355
58.22,42.3018821291355
58.2295329904458,42.301882129136
58.23,42.301882129136
58.2395329904458,42.3018821291365
58.24,42.3018821291365
58.2495329904458,42.3018821291369
58.25,42.301882129137
58.2595329904458,42.3018821291374
58.26,42.3018821291375
58.2695329904458,42.3018821291379
58.27,42.301882129138
58.2795329904458,42.3018821291384
58.28,42.3018821291384
58.2895329904458,42.3018821291389
58.29,42.3018821291389
58.2995329904458,42.3018821291394
58.3,42.3018821291394
58.3095329904458,42.3018821291399
58.31,42.3018821291399
58.3195329904458,42.3018821291404
58.32,42.3018821291404
58.3295329904458,42.3018821291409
58.33,42.3018821291409
58.3395329904458,42.3018821291414
58.34,42.3018821291414
58.3495329904458,42.3018821291419
58.35,42.3018821291419
58.3595329904458,42.3018821291424
58.36,42.3018821291424
58.3695329904458,42.3018821291429
58.37,42.3018821291429
58.3795329904458,42.3018821291434
58.38,42.3018821291434
58.3895329904458,42.3018821291439
58.39,42.3018821291439
58.3995329904458,42.3018821291443
58.4,42.3018821291444
58.4095329904458,42.3018821291448
58.41,42.3018821291449
58.4195329904458,42.3018821291453
58.42,42.3018821291453
58.4295329904458,42.3018821291458
58.43,42.3018821291458
58.4395329904458,42.3018821291463
58.44,42.3018821291463
58.4495329904458,42.3018821291468
58.45,42.3018821291468
58.4595329904458,42.3018821291473
58.46,42.3018821291473
58.4695329904458,42.3018821291478
58.47,42.3018821291478
58.4795329904458,42.3018821291483
58.48,42.3018821291483
58.4895329904458,42.3018821291488
58.49,42.3018821291488
58.4995329904458,42.3018821291493
58.5,42.3018821291493
58.5095329904458,42.3018821291498
58.51,42.3018821291498
58.5195329904458,42.3018821291503
58.52,42.3018821291503
58.5295329904458,42.3018821291507
58.53,42.3018821291508
58.5395329904457,42.3018821291512
58.54,42.3018821291513
58.5495329904457,42.3018821291517
58.55,42.3018821291517
58.5595329904457,42.3018821291522
58.56,42.3018821291522
58.5695329904457,42.3018821291527
58.57,42.3018821291527
58.5795329904457,42.3018821291532
58.58,42.3018821291532
58.5895329904457,42.3018821291537
58.59,42.3018821291537
58.5995329904457,42.3018821291542
58.6,42.3018821291542
58.6095329904457,42.3018821291547
58.61,42.3018821291547
58.6195329904457,42.3018821291552
58.62,42.3018821291552
58.6295329904457,42.3018821291557
58.63,42.3018821291557
58.6395329904457,42.3018821291561
58.64,42.3018821291562
58.6495329904457,42.3018821291566
58.65,42.3018821291567
58.6595329904457,42.3018821291571
58.66,42.3018821291571
58.6695329904457,42.3018821291576
58.67,42.3018821291576
58.6795329904457,42.3018821291581
58.68,42.3018821291581
58.6895329904457,42.3018821291586
58.69,42.3018821291586
58.6995329904457,42.3018821291591
58.7,42.3018821291591
58.7095329904457,42.3018821291596
58.71,42.3018821291596
58.7195329904457,42.3018821291601
58.72,42.3018821291601
58.7295329904457,42.3018821291606
58.73,42.3018821291606
58.7395329904457,42.3018821291611
58.74,42.3018821291611
58.7495329904457,42.3018821291615
58.75,42.3018821291616
58.7595329904457,42.301882129162
58.76,42.301882129162
58.7695329904457,42.3018821291625
58.77,42.3018821291625
58.7795329904457,42.301882129163
58.78,42.301882129163
58.7895329904457,42.3018821291635
58.79,42.3018821291635
58.7995329904457,42.301882129164
58.8,42.301882129164
58.8095329904457,42.3018821291645
58.81,42.3018821291645
58.8195329904457,42.301882129165
58.82,42.301882129165
58.8295329904457,42.3018821291654
58.83,42.3018821291655
58.8395329904457,42.3018821291659
58.84,42.301882129166
58.8495329904457,42.3018821291664
58.85,42.3018821291665
58.8595329904457,42.3018821291669
58.86,42.3018821291669
58.8695329904457,42.3018821291674
58.87,42.3018821291674
58.8795329904457,42.3018821291679
58.88,42.3018821291679
58.8895329904457,42.3018821291684
58.89,42.3018821291684
58.8995329904457,42.3018821291689
58.9,42.3018821291689
58.9095329904457,42.3018821291694
58.91,42.3018821291694
58.9195329904457,42.3018821291698
58.92,42.3018821291699
58.9295329904457,42.3018821291703
58.93,42.3018821291704
58.9395329904457,42.3018821291708
58.94,42.3018821291708
58.9495329904457,42.3018821291713
58.95,42.3018821291713
58.9595329904457,42.3018821291718
58.96,42.3018821291718
58.9695329904457,42.3018821291723
58.97,42.3018821291723
58.9795329904457,42.3018821291728
58.98,42.3018821291728
58.9895329904457,42.3018821291733
58.99,42.3018821291733
58.9995329904457,42.3018821291738
59,42.3018821291738
59.0095329904457,42.3018821291742
59.01,42.3018821291743
59.0195329904457,42.3018821291747
59.02,42.3018821291748
59.0295329904457,42.3018821291752
59.03,42.3018821291752
59.0395329904457,42.3018821291757
59.04,42.3018821291757
59.0495329904456,42.3018821291762
59.05,42.3018821291762
59.0595329904456,42.3018821291767
59.06,42.3018821291767
59.0695329904456,42.3018821291772
59.07,42.3018821291772
59.0795329904456,42.3018821291776
59.08,42.3018821291777
59.0895329904456,42.3018821291781
59.09,42.3018821291782
59.0995329904456,42.3018821291786
59.1,42.3018821291787
59.1095329904456,42.3018821291791
59.11,42.3018821291791
59.1195329904456,42.3018821291796
59.12,42.3018821291796
59.1295329904456,42.3018821291801
59.13,42.3018821291801
59.1395329904456,42.3018821291806
59.14,42.3018821291806
59.1495329904456,42.3018821291811
59.15,42.3018821291811
59.1595329904456,42.3018821291815
59.16,42.3018821291816
59.1695329904456,42.301882129182
59.17,42.3018821291821
59.1795329904456,42.3018821291825
59.18,42.3018821291825
59.1895329904456,42.301882129183
59.19,42.301882129183
59.1995329904456,42.3018821291835
59.2,42.3018821291835
59.2095329904456,42.301882129184
59.21,42.301882129184
59.2195329904456,42.3018821291844
59.22,42.3018821291845
59.2295329904456,42.3018821291849
59.23,42.301882129185
59.2395329904456,42.3018821291854
59.24,42.3018821291855
59.2495329904456,42.3018821291859
59.25,42.3018821291859
59.2595329904456,42.3018821291864
59.26,42.3018821291864
59.2695329904456,42.3018821291869
59.27,42.3018821291869
59.2795329904456,42.3018821291874
59.28,42.3018821291874
59.2895329904456,42.3018821291879
59.29,42.3018821291879
59.2995329904456,42.3018821291883
59.3,42.3018821291884
59.3095329904456,42.3018821291888
59.31,42.3018821291888
59.3195329904456,42.3018821291893
59.32,42.3018821291893
59.3295329904456,42.3018821291898
59.33,42.3018821291898
59.3395329904456,42.3018821291903
59.34,42.3018821291903
59.3495329904456,42.3018821291908
59.35,42.3018821291908
59.3595329904456,42.3018821291912
59.36,42.3018821291913
59.3695329904456,42.3018821291917
59.37,42.3018821291918
59.3795329904456,42.3018821291922
59.38,42.3018821291922
59.3895329904456,42.3018821291927
59.39,42.3018821291927
59.3995329904456,42.3018821291932
59.4,42.3018821291932
59.4095329904456,42.3018821291937
59.41,42.3018821291937
59.4195329904456,42.3018821291942
59.42,42.3018821291942
59.4295329904456,42.3018821291946
59.43,42.3018821291947
59.4395329904456,42.3018821291951
59.44,42.3018821291951
59.4495329904456,42.3018821291956
59.45,42.3018821291956
59.4595329904456,42.3018821291961
59.46,42.3018821291961
59.4695329904456,42.3018821291966
59.47,42.3018821291966
59.4795329904456,42.3018821291971
59.48,42.3018821291971
59.4895329904456,42.3018821291976
59.49,42.3018821291976
59.4995329904456,42.301882129198
59.5,42.301882129198
59.5095329904456,42.3018821291985
59.51,42.3018821291985
59.5195329904456,42.301882129199
59.52,42.301882129199
59.5295329904456,42.3018821291995
59.53,42.3018821291995
59.5395329904456,42.3018821292
59.54,42.3018821292
59.5495329904455,42.3018821292004
59.55,42.3018821292005
59.5595329904455,42.3018821292009
59.56,42.301882129201
59.5695329904455,42.3018821292014
59.57,42.3018821292014
59.5795329904455,42.3018821292019
59.58,42.3018821292019
59.5895329904455,42.3018821292024
59.59,42.3018821292024
59.5995329904455,42.3018821292029
59.6,42.3018821292029
59.6095329904455,42.3018821292033
59.61,42.3018821292034
59.6195329904455,42.3018821292038
59.62,42.3018821292038
59.6295329904455,42.3018821292043
59.63,42.3018821292043
59.6395329904455,42.3018821292048
59.64,42.3018821292048
59.6495329904455,42.3018821292053
59.65,42.3018821292053
59.6595329904455,42.3018821292058
59.66,42.3018821292058
59.6695329904455,42.3018821292062
59.67,42.3018821292063
59.6795329904455,42.3018821292067
59.68,42.3018821292067
59.6895329904455,42.3018821292072
59.69,42.3018821292072
59.6995329904455,42.3018821292077
59.7,42.3018821292077
59.7095329904455,42.3018821292082
59.71,42.3018821292082
59.7195329904455,42.3018821292086
59.72,42.3018821292087
59.7295329904455,42.3018821292091
59.73,42.3018821292092
59.7395329904455,42.3018821292096
59.74,42.3018821292096
59.7495329904455,42.3018821292101
59.75,42.3018821292101
59.7595329904455,42.3018821292106
59.76,42.3018821292106
59.7695329904455,42.3018821292111
59.77,42.3018821292111
59.7795329904455,42.3018821292115
59.78,42.3018821292116
59.7895329904455,42.301882129212
59.79,42.301882129212
59.7995329904455,42.3018821292125
59.8,42.3018821292125
59.8095329904455,42.301882129213
59.81,42.301882129213
59.8195329904455,42.3018821292135
59.82,42.3018821292135
59.8295329904455,42.3018821292139
59.83,42.301882129214
59.8395329904455,42.3018821292144
59.84,42.3018821292144
59.8495329904455,42.3018821292149
59.85,42.3018821292149
59.8595329904455,42.3018821292154
59.86,42.3018821292154
59.8695329904455,42.3018821292159
59.87,42.3018821292159
59.8795329904455,42.3018821292163
59.88,42.3018821292164
59.8895329904455,42.3018821292168
59.89,42.3018821292168
59.8995329904455,42.3018821292173
59.9,42.3018821292173
59.9095329904455,42.3018821292178
59.91,42.3018821292178
59.9195329904455,42.3018821292183
59.92,42.3018821292183
59.9295329904455,42.3018821292187
59.93,42.3018821292188
59.9395329904455,42.3018821292192
59.94,42.3018821292192
59.9495329904455,42.3018821292197
59.95,42.3018821292197
59.9595329904455,42.3018821292202
59.96,42.3018821292202
59.9695329904455,42.3018821292207
59.97,42.3018821292207
59.9795329904455,42.3018821292211
59.98,42.3018821292212
59.9895329904455,42.3018821292216
59.99,42.3018821292216
59.9995329904455,42.3018821292221
60,42.3018821292221
60.0095329904455,42.3018821292226
60.01,42.3018821292226
60.0195329904455,42.3018821292231
60.02,42.3018821292231
60.0295329904455,42.3018821292235
60.03,42.3018821292236
60.0395329904455,42.301882129224
60.04,42.301882129224
60.0495329904454,42.3018821292245
60.05,42.3018821292245
60.0595329904454,42.301882129225
60.06,42.301882129225
60.0695329904454,42.3018821292255
60.07,42.3018821292255
60.0795329904454,42.301882129226
60.08,42.301882129226
60.0895329904454,42.3018821292264
60.09,42.3018821292264
60.0995329904454,42.3018821292269
60.1,42.3018821292269
60.1095329904454,42.3018821292274
60.11,42.3018821292274
60.1195329904454,42.3018821292279
60.12,42.3018821292279
60.1295329904454,42.3018821292283
60.13,42.3018821292284
60.1395329904454,42.3018821292288
60.14,42.3018821292288
60.1495329904454,42.3018821292293
60.15,42.3018821292293
60.1595329904454,42.3018821292298
60.16,42.3018821292298
60.1695329904454,42.3018821292302
60.17,42.3018821292303
60.1795329904454,42.3018821292307
60.18,42.3018821292307
60.1895329904454,42.3018821292312
60.19,42.3018821292312
60.1995329904454,42.3018821292317
60.2,42.3018821292317
60.2095329904454,42.3018821292322
60.21,42.3018821292322
60.2195329904454,42.3018821292326
60.22,42.3018821292327
60.2295329904454,42.3018821292331
60.23,42.3018821292331
60.2395329904454,42.3018821292336
60.24,42.3018821292336
60.2495329904454,42.3018821292341
60.25,42.3018821292341
60.2595329904454,42.3018821292345
60.26,42.3018821292346
60.2695329904454,42.301882129235
60.27,42.301882129235
60.2795329904454,42.3018821292355
60.28,42.3018821292355
60.2895329904454,42.301882129236
60.29,42.301882129236
60.2995329904454,42.3018821292365
60.3,42.3018821292365
60.3095329904454,42.3018821292369
60.31,42.301882129237
60.3195329904454,42.3018821292374
60.32,42.3018821292374
60.3295329904454,42.3018821292379
60.33,42.3018821292379
60.3395329904454,42.3018821292384
60.34,42.3018821292384
60.3495329904454,42.3018821292388
60.35,42.3018821292389
60.3595329904454,42.3018821292393
60.36,42.3018821292394
60.3695329904454,42.3018821292398
60.37,42.3018821292398
60.3795329904454,42.3018821292403
60.38,42.3018821292403
60.3895329904454,42.3018821292408
60.39,42.3018821292408
60.3995329904454,42.3018821292412
60.4,42.3018821292412
60.4095329904454,42.3018821292417
60.41,42.3018821292417
60.4195329904454,42.3018821292422
60.42,42.3018821292422
60.4295329904454,42.3018821292427
60.43,42.3018821292427
60.4395329904454,42.3018821292431
60.44,42.3018821292432
60.4495329904454,42.3018821292436
60.45,42.3018821292436
60.4595329904454,42.3018821292441
60.46,42.3018821292441
60.4695329904454,42.3018821292446
60.47,42.3018821292446
60.4795329904454,42.301882129245
60.48,42.3018821292451
60.4895329904454,42.3018821292455
60.49,42.3018821292455
60.4995329904454,42.301882129246
60.5,42.301882129246
60.5095329904454,42.3018821292465
60.51,42.3018821292465
60.5195329904454,42.3018821292469
60.52,42.301882129247
60.5295329904454,42.3018821292474
60.53,42.3018821292474
60.5395329904454,42.3018821292479
60.54,42.3018821292479
60.5495329904453,42.3018821292484
60.55,42.3018821292484
60.5595329904453,42.3018821292488
60.56,42.3018821292489
60.5695329904453,42.3018821292493
60.57,42.3018821292493
60.5795329904453,42.3018821292498
60.58,42.3018821292498
60.5895329904453,42.3018821292503
60.59,42.3018821292503
60.5995329904453,42.3018821292507
60.6,42.3018821292508
60.6095329904453,42.3018821292512
60.61,42.3018821292512
60.6195329904453,42.3018821292517
60.62,42.3018821292517
60.6295329904453,42.3018821292522
60.63,42.3018821292522
60.6395329904453,42.3018821292526
60.64,42.3018821292527
60.6495329904453,42.3018821292531
60.65,42.3018821292531
60.6595329904453,42.3018821292536
60.66,42.3018821292536
60.6695329904453,42.3018821292541
60.67,42.3018821292541
60.6795329904453,42.3018821292545
60.68,42.3018821292546
60.6895329904453,42.301882129255
60.69,42.301882129255
60.6995329904453,42.3018821292555
60.7,42.3018821292555
60.7095329904453,42.301882129256
60.71,42.301882129256
60.7195329904453,42.3018821292564
60.72,42.3018821292565
60.7295329904453,42.3018821292569
60.73,42.3018821292569
60.7395329904453,42.3018821292574
60.74,42.3018821292574
60.7495329904453,42.3018821292579
60.75,42.3018821292579
60.7595329904453,42.3018821292583
60.76,42.3018821292584
60.7695329904453,42.3018821292588
60.77,42.3018821292588
60.7795329904453,42.3018821292593
60.78,42.3018821292593
60.7895329904453,42.3018821292597
60.79,42.3018821292598
60.7995329904453,42.3018821292602
60.8,42.3018821292602
60.8095329904453,42.3018821292607
60.81,42.3018821292607
60.8195329904453,42.3018821292612
60.82,42.3018821292612
60.8295329904453,42.3018821292616
60.83,42.3018821292617
60.8395329904453,42.3018821292621
60.84,42.3018821292621
60.8495329904453,42.3018821292626
60.85,42.3018821292626
60.8595329904453,42.3018821292631
60.86,42.3018821292631
60.8695329904453,42.3018821292635
60.87,42.3018821292636
60.8795329904453,42.301882129264
60.88,42.301882129264
60.8895329904453,42.3018821292645
60.89,42.3018821292645
60.8995329904453,42.301882129265
60.9,42.301882129265
60.9095329904453,42.3018821292654
60.91,42.3018821292655
60.9195329904453,42.3018821292659
60.92,42.3018821292659
60.9295329904453,42.3018821292664
60.93,42.3018821292664
60.9395329904453,42.3018821292668
60.94,42.3018821292669
60.9495329904453,42.3018821292673
60.95,42.3018821292673
60.9595329904453,42.3018821292678
60.96,42.3018821292678
60.9695329904453,42.3018821292683
60.97,42.3018821292683
60.9795329904453,42.3018821292687
60.98,42.3018821292688
60.9895329904453,42.3018821292692
60.99,42.3018821292692
60.9995329904453,42.3018821292697
61,42.3018821292697
61.0095329904453,42.3018821292701
61.01,42.3018821292702
61.0195329904453,42.3018821292706
61.02,42.3018821292707
61.0295329904453,42.3018821292711
61.03,42.3018821292711
61.0395329904453,42.3018821292716
61.04,42.3018821292716
61.0495329904453,42.301882129272
61.05,42.3018821292721
61.0595329904452,42.3018821292725
61.06,42.3018821292725
61.0695329904452,42.301882129273
61.07,42.301882129273
61.0795329904452,42.3018821292735
61.08,42.3018821292735
61.0895329904452,42.3018821292739
61.09,42.3018821292739
61.0995329904452,42.3018821292744
61.1,42.3018821292744
61.1095329904452,42.3018821292749
61.11,42.3018821292749
61.1195329904452,42.3018821292753
61.12,42.3018821292754
61.1295329904452,42.3018821292758
61.13,42.3018821292758
61.1395329904452,42.3018821292763
61.14,42.3018821292763
61.1495329904452,42.3018821292768
61.15,42.3018821292768
61.1595329904452,42.3018821292772
61.16,42.3018821292772
61.1695329904452,42.3018821292777
61.17,42.3018821292777
61.1795329904452,42.3018821292782
61.18,42.3018821292782
61.1895329904452,42.3018821292786
61.19,42.3018821292787
61.1995329904452,42.3018821292791
61.2,42.3018821292791
61.2095329904452,42.3018821292796
61.21,42.3018821292796
61.2195329904452,42.30188212928
61.22,42.3018821292801
61.2295329904452,42.3018821292805
61.23,42.3018821292805
61.2395329904452,42.301882129281
61.24,42.301882129281
61.2495329904452,42.3018821292815
61.25,42.3018821292815
61.2595329904452,42.3018821292819
61.26,42.3018821292819
61.2695329904452,42.3018821292824
61.27,42.3018821292824
61.2795329904452,42.3018821292829
61.28,42.3018821292829
61.2895329904452,42.3018821292833
61.29,42.3018821292834
61.2995329904452,42.3018821292838
61.3,42.3018821292838
61.3095329904452,42.3018821292843
61.31,42.3018821292843
61.3195329904452,42.3018821292847
61.32,42.3018821292848
61.3295329904452,42.3018821292852
61.33,42.3018821292852
61.3395329904452,42.3018821292857
61.34,42.3018821292857
61.3495329904452,42.3018821292861
61.35,42.3018821292862
61.3595329904452,42.3018821292866
61.36,42.3018821292866
61.3695329904452,42.3018821292871
61.37,42.3018821292871
61.3795329904452,42.3018821292876
61.38,42.3018821292876
61.3895329904452,42.301882129288
61.39,42.3018821292881
61.3995329904452,42.3018821292885
61.4,42.3018821292885
61.4095329904452,42.301882129289
61.41,42.301882129289
61.4195329904452,42.3018821292894
61.42,42.3018821292895
61.4295329904452,42.3018821292899
61.43,42.3018821292899
61.4395329904452,42.3018821292904
61.44,42.3018821292904
61.4495329904452,42.3018821292908
61.45,42.3018821292909
61.4595329904452,42.3018821292913
61.46,42.3018821292913
61.4695329904452,42.3018821292918
61.47,42.3018821292918
61.4795329904452,42.3018821292923
61.48,42.3018821292923
61.4895329904452,42.3018821292927
61.49,42.3018821292927
61.4995329904452,42.3018821292932
61.5,42.3018821292932
61.5095329904452,42.3018821292937
61.51,42.3018821292937
61.5195329904452,42.3018821292941
61.52,42.3018821292942
61.5295329904452,42.3018821292946
61.53,42.3018821292946
61.5395329904452,42.3018821292951
61.54,42.3018821292951
61.5495329904452,42.3018821292955
61.55,42.3018821292955
61.5595329904451,42.301882129296
61.56,42.301882129296
61.5695329904451,42.3018821292965
61.57,42.3018821292965
61.5795329904451,42.3018821292969
61.58,42.301882129297
61.5895329904451,42.3018821292974
61.59,42.3018821292974
61.5995329904451,42.3018821292979
61.6,42.3018821292979
61.6095329904451,42.3018821292983
61.61,42.3018821292984
61.6195329904451,42.3018821292988
61.62,42.3018821292988
61.6295329904451,42.3018821292993
61.63,42.3018821292993
61.6395329904451,42.3018821292997
61.64,42.3018821292998
61.6495329904451,42.3018821293002
61.65,42.3018821293002
61.6595329904451,42.3018821293007
61.66,42.3018821293007
61.6695329904451,42.3018821293011
61.67,42.3018821293012
61.6795329904451,42.3018821293016
61.68,42.3018821293016
61.6895329904451,42.3018821293021
61.69,42.3018821293021
61.6995329904451,42.3018821293025
61.7,42.3018821293026
61.7095329904451,42.301882129303
61.71,42.301882129303
61.7195329904451,42.3018821293035
61.72,42.3018821293035
61.7295329904451,42.3018821293039
61.73,42.301882129304
61.7395329904451,42.3018821293044
61.74,42.3018821293044
61.7495329904451,42.3018821293049
61.75,42.3018821293049
61.7595329904451,42.3018821293053
61.76,42.3018821293054
61.7695329904451,42.3018821293058
61.77,42.3018821293058
61.7795329904451,42.3018821293063
61.78,42.3018821293063
61.7895329904451,42.3018821293067
61.79,42.3018821293068
61.7995329904451,42.3018821293072
61.8,42.3018821293072
61.8095329904451,42.3018821293077
61.81,42.3018821293077
61.8195329904451,42.3018821293081
61.82,42.3018821293082
61.8295329904451,42.3018821293086
61.83,42.3018821293086
61.8395329904451,42.3018821293091
61.84,42.3018821293091
61.8495329904451,42.3018821293095
61.85,42.3018821293096
61.8595329904451,42.30188212931
61.86,42.30188212931
61.8695329904451,42.3018821293105
61.87,42.3018821293105
61.8795329904451,42.3018821293109
61.88,42.301882129311
61.8895329904451,42.3018821293114
61.89,42.3018821293114
61.8995329904451,42.3018821293119
61.9,42.3018821293119
61.9095329904451,42.3018821293123
61.91,42.3018821293124
61.9195329904451,42.3018821293128
61.92,42.3018821293128
61.9295329904451,42.3018821293133
61.93,42.3018821293133
61.9395329904451,42.3018821293137
61.94,42.3018821293137
61.9495329904451,42.3018821293142
61.95,42.3018821293142
61.9595329904451,42.3018821293147
61.96,42.3018821293147
61.9695329904451,42.3018821293151
61.97,42.3018821293151
61.9795329904451,42.3018821293156
61.98,42.3018821293156
61.9895329904451,42.301882129316
61.99,42.3018821293161
61.9995329904451,42.3018821293165
62,42.3018821293166
62.0095329904451,42.301882129317
62.01,42.301882129317
62.0195329904451,42.3018821293174
62.02,42.3018821293175
62.0295329904451,42.3018821293179
62.03,42.3018821293179
62.0395329904451,42.3018821293184
62.04,42.3018821293184
62.0495329904451,42.3018821293188
62.05,42.3018821293189
62.059532990445,42.3018821293193
62.06,42.3018821293193
62.069532990445,42.3018821293198
62.07,42.3018821293198
62.079532990445,42.3018821293202
62.08,42.3018821293203
62.089532990445,42.3018821293207
62.09,42.3018821293207
62.099532990445,42.3018821293212
62.1,42.3018821293212
62.109532990445,42.3018821293216
62.11,42.3018821293217
62.119532990445,42.3018821293221
62.12,42.3018821293221
62.129532990445,42.3018821293226
62.13,42.3018821293226
62.139532990445,42.301882129323
62.14,42.301882129323
62.149532990445,42.3018821293235
62.15,42.3018821293235
62.159532990445,42.3018821293239
62.16,42.301882129324
62.169532990445,42.3018821293244
62.17,42.3018821293244
62.179532990445,42.3018821293249
62.18,42.3018821293249
62.189532990445,42.3018821293253
62.19,42.3018821293254
62.199532990445,42.3018821293258
62.2,42.3018821293258
62.209532990445,42.3018821293263
62.21,42.3018821293263
62.219532990445,42.3018821293267
62.22,42.3018821293267
62.229532990445,42.3018821293272
62.23,42.3018821293272
62.239532990445,42.3018821293277
62.24,42.3018821293277
62.249532990445,42.3018821293281
62.25,42.3018821293281
62.259532990445,42.3018821293286
62.26,42.3018821293286
62.269532990445,42.301882129329
62.27,42.3018821293291
62.279532990445,42.3018821293295
62.28,42.3018821293295
62.289532990445,42.30188212933
62.29,42.30188212933
62.299532990445,42.3018821293304
62.3,42.3018821293305
62.309532990445,42.3018821293309
62.31,42.3018821293309
62.319532990445,42.3018821293314
62.32,42.3018821293314
62.329532990445,42.3018821293318
62.33,42.3018821293318
62.339532990445,42.3018821293323
62.34,42.3018821293323
62.349532990445,42.3018821293327
62.35,42.3018821293328
62.359532990445,42.3018821293332
62.36,42.3018821293332
62.369532990445,42.3018821293337
62.37,42.3018821293337
62.379532990445,42.3018821293341
62.38,42.3018821293342
62.389532990445,42.3018821293346
62.39,42.3018821293346
62.399532990445,42.3018821293351
62.4,42.3018821293351
62.409532990445,42.3018821293355
62.41,42.3018821293355
62.419532990445,42.301882129336
62.42,42.301882129336
62.429532990445,42.3018821293364
62.43,42.3018821293365
62.439532990445,42.3018821293369
62.44,42.3018821293369
62.449532990445,42.3018821293374
62.45,42.3018821293374
62.459532990445,42.3018821293378
62.46,42.3018821293378
62.469532990445,42.3018821293383
62.47,42.3018821293383
62.479532990445,42.3018821293387
62.48,42.3018821293388
62.489532990445,42.3018821293392
62.49,42.3018821293392
62.499532990445,42.3018821293397
62.5,42.3018821293397
62.509532990445,42.3018821293401
62.51,42.3018821293402
62.519532990445,42.3018821293406
62.52,42.3018821293406
62.529532990445,42.3018821293411
62.53,42.3018821293411
62.539532990445,42.3018821293415
62.54,42.3018821293415
62.549532990445,42.301882129342
62.55,42.301882129342
62.5595329904449,42.3018821293424
62.56,42.3018821293425
62.5695329904449,42.3018821293429
62.57,42.3018821293429
62.5795329904449,42.3018821293434
62.58,42.3018821293434
62.5895329904449,42.3018821293438
62.59,42.3018821293438
62.5995329904449,42.3018821293443
62.6,42.3018821293443
62.6095329904449,42.3018821293447
62.61,42.3018821293448
62.6195329904449,42.3018821293452
62.62,42.3018821293452
62.6295329904449,42.3018821293457
62.63,42.3018821293457
62.6395329904449,42.3018821293461
62.64,42.3018821293461
62.6495329904449,42.3018821293466
62.65,42.3018821293466
62.6595329904449,42.301882129347
62.66,42.3018821293471
62.6695329904449,42.3018821293475
62.67,42.3018821293475
62.6795329904449,42.301882129348
62.68,42.301882129348
62.6895329904449,42.3018821293484
62.69,42.3018821293484
62.6995329904449,42.3018821293489
62.7,42.3018821293489
62.7095329904449,42.3018821293493
62.71,42.3018821293494
62.7195329904449,42.3018821293498
62.72,42.3018821293498
62.7295329904449,42.3018821293503
62.73,42.3018821293503
62.7395329904449,42.3018821293507
62.74,42.3018821293507
62.7495329904449,42.3018821293512
62.75,42.3018821293512
62.7595329904449,42.3018821293516
62.76,42.3018821293517
62.7695329904449,42.3018821293521
62.77,42.3018821293521
62.7795329904449,42.3018821293526
62.78,42.3018821293526
62.7895329904449,42.301882129353
62.79,42.301882129353
62.7995329904449,42.3018821293535
62.8,42.3018821293535
62.8095329904449,42.3018821293539
62.81,42.301882129354
62.8195329904449,42.3018821293544
62.82,42.3018821293544
62.8295329904449,42.3018821293549
62.83,42.3018821293549
62.8395329904449,42.3018821293553
62.84,42.3018821293553
62.8495329904449,42.3018821293558
62.85,42.3018821293558
62.8595329904449,42.3018821293562
62.86,42.3018821293563
62.8695329904449,42.3018821293567
62.87,42.3018821293567
62.8795329904449,42.3018821293571
62.88,42.3018821293572
62.8895329904449,42.3018821293576
62.89,42.3018821293576
62.8995329904449,42.3018821293581
62.9,42.3018821293581
62.9095329904449,42.3018821293585
62.91,42.3018821293585
62.9195329904449,42.301882129359
62.92,42.301882129359
62.9295329904449,42.3018821293594
62.93,42.3018821293595
62.9395329904449,42.3018821293599
62.94,42.3018821293599
62.9495329904449,42.3018821293604
62.95,42.3018821293604
62.9595329904449,42.3018821293608
62.96,42.3018821293608
62.9695329904449,42.3018821293613
62.97,42.3018821293613
62.9795329904449,42.3018821293617
62.98,42.3018821293618
62.9895329904449,42.3018821293622
62.99,42.3018821293622
62.9995329904449,42.3018821293627
63,42.3018821293627
63.0095329904449,42.3018821293631
63.01,42.3018821293631
63.0195329904449,42.3018821293636
63.02,42.3018821293636
63.0295329904449,42.301882129364
63.03,42.3018821293641
63.0395329904449,42.3018821293645
63.04,42.3018821293645
63.0495329904449,42.3018821293649
63.05,42.301882129365
63.0595329904449,42.3018821293654
63.06,42.3018821293654
63.0695329904448,42.3018821293659
63.07,42.3018821293659
63.0795329904448,42.3018821293663
63.08,42.3018821293663
63.0895329904448,42.3018821293668
63.09,42.3018821293668
63.0995329904448,42.3018821293672
63.1,42.3018821293673
63.1095329904448,42.3018821293677
63.11,42.3018821293677
63.1195329904448,42.3018821293681
63.12,42.3018821293682
63.1295329904448,42.3018821293686
63.13,42.3018821293686
63.1395329904448,42.3018821293691
63.14,42.3018821293691
63.1495329904448,42.3018821293695
63.15,42.3018821293695
63.1595329904448,42.30188212937
63.16,42.30188212937
63.1695329904448,42.3018821293704
63.17,42.3018821293704
63.1795329904448,42.3018821293709
63.18,42.3018821293709
63.1895329904448,42.3018821293713
63.19,42.3018821293714
63.1995329904448,42.3018821293718
63.2,42.3018821293718
63.2095329904448,42.3018821293723
63.21,42.3018821293723
63.2195329904448,42.3018821293727
63.22,42.3018821293727
63.2295329904448,42.3018821293732
63.23,42.3018821293732
63.2395329904448,42.3018821293736
63.24,42.3018821293737
63.2495329904448,42.3018821293741
63.25,42.3018821293741
63.2595329904448,42.3018821293745
63.26,42.3018821293746
63.2695329904448,42.301882129375
63.27,42.301882129375
63.2795329904448,42.3018821293754
63.28,42.3018821293755
63.2895329904448,42.3018821293759
63.29,42.3018821293759
63.2995329904448,42.3018821293764
63.3,42.3018821293764
63.3095329904448,42.3018821293768
63.31,42.3018821293768
63.3195329904448,42.3018821293773
63.32,42.3018821293773
63.3295329904448,42.3018821293777
63.33,42.3018821293777
63.3395329904448,42.3018821293782
63.34,42.3018821293782
63.3495329904448,42.3018821293786
63.35,42.3018821293787
63.3595329904448,42.3018821293791
63.36,42.3018821293791
63.3695329904448,42.3018821293795
63.37,42.3018821293796
63.3795329904448,42.30188212938
63.38,42.30188212938
63.3895329904448,42.3018821293805
63.39,42.3018821293805
63.3995329904448,42.3018821293809
63.4,42.3018821293809
63.4095329904448,42.3018821293814
63.41,42.3018821293814
63.4195329904448,42.3018821293818
63.42,42.3018821293819
63.4295329904448,42.3018821293823
63.43,42.3018821293823
63.4395329904448,42.3018821293827
63.44,42.3018821293828
63.4495329904448,42.3018821293832
63.45,42.3018821293832
63.4595329904448,42.3018821293836
63.46,42.3018821293837
63.4695329904448,42.3018821293841
63.47,42.3018821293841
63.4795329904448,42.3018821293845
63.48,42.3018821293846
63.4895329904448,42.301882129385
63.49,42.301882129385
63.4995329904448,42.3018821293855
63.5,42.3018821293855
63.5095329904448,42.3018821293859
63.51,42.3018821293859
63.5195329904448,42.3018821293864
63.52,42.3018821293864
63.5295329904448,42.3018821293868
63.53,42.3018821293868
63.5395329904448,42.3018821293873
63.54,42.3018821293873
63.5495329904448,42.3018821293877
63.55,42.3018821293878
63.5595329904448,42.3018821293882
63.56,42.3018821293882
63.5695329904447,42.3018821293887
63.57,42.3018821293887
63.5795329904447,42.3018821293891
63.58,42.3018821293891
63.5895329904447,42.3018821293895
63.59,42.3018821293896
63.5995329904447,42.30188212939
63.6,42.30188212939
63.6095329904447,42.3018821293905
63.61,42.3018821293905
63.6195329904447,42.3018821293909
63.62,42.3018821293909
63.6295329904447,42.3018821293914
63.63,42.3018821293914
63.6395329904447,42.3018821293918
63.64,42.3018821293918
63.6495329904447,42.3018821293923
63.65,42.3018821293923
63.6595329904447,42.3018821293927
63.66,42.3018821293927
63.6695329904447,42.3018821293932
63.67,42.3018821293932
63.6795329904447,42.3018821293936
63.68,42.3018821293936
63.6895329904447,42.3018821293941
63.69,42.3018821293941
63.6995329904447,42.3018821293945
63.7,42.3018821293946
63.7095329904447,42.301882129395
63.71,42.301882129395
63.7195329904447,42.3018821293955
63.72,42.3018821293955
63.7295329904447,42.3018821293959
63.73,42.3018821293959
63.7395329904447,42.3018821293964
63.74,42.3018821293964
63.7495329904447,42.3018821293968
63.75,42.3018821293968
63.7595329904447,42.3018821293973
63.76,42.3018821293973
63.7695329904447,42.3018821293977
63.77,42.3018821293977
63.7795329904447,42.3018821293982
63.78,42.3018821293982
63.7895329904447,42.3018821293986
63.79,42.3018821293986
63.7995329904447,42.3018821293991
63.8,42.3018821293991
63.8095329904447,42.3018821293995
63.81,42.3018821293995
63.8195329904447,42.3018821294
63.82,42.3018821294
63.8295329904447,42.3018821294004
63.83,42.3018821294004
63.8395329904447,42.3018821294009
63.84,42.3018821294009
63.8495329904447,42.3018821294013
63.85,42.3018821294013
63.8595329904447,42.3018821294018
63.86,42.3018821294018
63.8695329904447,42.3018821294022
63.87,42.3018821294023
63.8795329904447,42.3018821294027
63.88,42.3018821294027
63.8895329904447,42.3018821294031
63.89,42.3018821294032
63.8995329904447,42.3018821294036
63.9,42.3018821294036
63.9095329904447,42.301882129404
63.91,42.3018821294041
63.9195329904447,42.3018821294045
63.92,42.3018821294045
63.9295329904447,42.301882129405
63.93,42.301882129405
63.9395329904447,42.3018821294054
63.94,42.3018821294054
63.9495329904447,42.3018821294059
63.95,42.3018821294059
63.9595329904447,42.3018821294063
63.96,42.3018821294063
63.9695329904447,42.3018821294067
63.97,42.3018821294068
63.9795329904447,42.3018821294072
63.98,42.3018821294072
63.9895329904447,42.3018821294077
63.99,42.3018821294077
63.9995329904447,42.3018821294081
64,42.3018821294081
64.0095329904447,42.3018821294086
64.01,42.3018821294086
64.0195329904447,42.301882129409
64.02,42.301882129409
64.0295329904447,42.3018821294095
64.03,42.3018821294095
64.0395329904447,42.3018821294099
64.04,42.3018821294099
64.0495329904447,42.3018821294104
64.05,42.3018821294104
64.0595329904447,42.3018821294108
64.06,42.3018821294108
64.0695329904447,42.3018821294113
64.07,42.3018821294113
64.0795329904447,42.3018821294117
64.08,42.3018821294117
64.0895329904447,42.3018821294122
64.09,42.3018821294122
64.0995329904447,42.3018821294126
64.1,42.3018821294126
64.1095329904447,42.3018821294131
64.11,42.3018821294131
64.1195329904447,42.3018821294135
64.12,42.3018821294135
64.1295329904447,42.301882129414
64.13,42.301882129414
64.1395329904447,42.3018821294144
64.14,42.3018821294144
64.1495329904447,42.3018821294149
64.15,42.3018821294149
64.1595329904447,42.3018821294153
64.16,42.3018821294153
64.1695329904448,42.3018821294158
64.17,42.3018821294158
64.1795329904448,42.3018821294162
64.18,42.3018821294162
64.1895329904448,42.3018821294167
64.19,42.3018821294167
64.1995329904448,42.3018821294171
64.2,42.3018821294171
64.2095329904448,42.3018821294176
64.21,42.3018821294176
64.2195329904448,42.301882129418
64.22,42.301882129418
64.2295329904448,42.3018821294185
64.23,42.3018821294185
64.2395329904448,42.3018821294189
64.24,42.301882129419
64.2495329904448,42.3018821294194
64.25,42.3018821294194
64.2595329904448,42.3018821294198
64.26,42.3018821294198
64.2695329904448,42.3018821294203
64.27,42.3018821294203
64.2795329904448,42.3018821294207
64.28,42.3018821294207
64.2895329904448,42.3018821294212
64.29,42.3018821294212
64.2995329904448,42.3018821294216
64.3,42.3018821294216
64.3095329904448,42.3018821294221
64.31,42.3018821294221
64.3195329904448,42.3018821294225
64.32,42.3018821294225
64.3295329904448,42.301882129423
64.33,42.301882129423
64.3395329904448,42.3018821294234
64.34,42.3018821294234
64.3495329904448,42.3018821294239
64.35,42.3018821294239
64.3595329904448,42.3018821294243
64.36,42.3018821294243
64.3695329904449,42.3018821294248
64.37,42.3018821294248
64.3795329904449,42.3018821294252
64.38,42.3018821294252
64.3895329904449,42.3018821294257
64.39,42.3018821294257
64.3995329904449,42.3018821294261
64.4,42.3018821294261
64.4095329904449,42.3018821294266
64.41,42.3018821294266
64.4195329904449,42.301882129427
64.42,42.301882129427
64.4295329904449,42.3018821294275
64.43,42.3018821294275
64.4395329904449,42.3018821294279
64.44,42.3018821294279
64.4495329904449,42.3018821294284
64.45,42.3018821294284
64.4595329904449,42.3018821294288
64.46,42.3018821294288
64.4695329904449,42.3018821294293
64.47,42.3018821294293
64.4795329904449,42.3018821294297
64.48,42.3018821294297
64.4895329904449,42.3018821294302
64.49,42.3018821294302
64.4995329904449,42.3018821294306
64.5,42.3018821294306
64.5095329904449,42.301882129431
64.51,42.3018821294311
64.5195329904449,42.3018821294315
64.52,42.3018821294315
64.5295329904449,42.3018821294319
64.53,42.301882129432
64.5395329904449,42.3018821294324
64.54,42.3018821294324
64.5495329904449,42.3018821294328
64.55,42.3018821294329
64.5595329904449,42.3018821294333
64.56,42.3018821294333
64.569532990445,42.3018821294337
64.57,42.3018821294337
64.579532990445,42.3018821294342
64.58,42.3018821294342
64.589532990445,42.3018821294346
64.59,42.3018821294346
64.599532990445,42.3018821294351
64.6,42.3018821294351
64.609532990445,42.3018821294355
64.61,42.3018821294355
64.619532990445,42.301882129436
64.62,42.301882129436
64.629532990445,42.3018821294364
64.63,42.3018821294364
64.639532990445,42.3018821294369
64.64,42.3018821294369
64.649532990445,42.3018821294373
64.65,42.3018821294373
64.659532990445,42.3018821294378
64.66,42.3018821294378
64.669532990445,42.3018821294382
64.67,42.3018821294382
64.679532990445,42.3018821294387
64.68,42.3018821294387
64.689532990445,42.3018821294391
64.69,42.3018821294391
64.699532990445,42.3018821294395
64.7,42.3018821294396
64.709532990445,42.30188212944
64.71,42.30188212944
64.719532990445,42.3018821294404
64.72,42.3018821294405
64.729532990445,42.3018821294409
64.73,42.3018821294409
64.739532990445,42.3018821294413
64.74,42.3018821294413
64.749532990445,42.3018821294418
64.75,42.3018821294418
64.7595329904451,42.3018821294422
64.76,42.3018821294422
64.7695329904451,42.3018821294427
64.77,42.3018821294427
64.7795329904451,42.3018821294431
64.78,42.3018821294431
64.7895329904451,42.3018821294436
64.79,42.3018821294436
64.7995329904451,42.301882129444
64.8,42.301882129444
64.8095329904451,42.3018821294445
64.81,42.3018821294445
64.8195329904451,42.3018821294449
64.82,42.3018821294449
64.8295329904451,42.3018821294453
64.83,42.3018821294454
64.8395329904451,42.3018821294458
64.84,42.3018821294458
64.8495329904451,42.3018821294462
64.85,42.3018821294463
64.8595329904451,42.3018821294467
64.86,42.3018821294467
64.8695329904451,42.3018821294471
64.87,42.3018821294471
64.8795329904451,42.3018821294476
64.88,42.3018821294476
64.8895329904451,42.301882129448
64.89,42.301882129448
64.8995329904451,42.3018821294485
64.9,42.3018821294485
64.9095329904451,42.3018821294489
64.91,42.3018821294489
64.9195329904451,42.3018821294494
64.92,42.3018821294494
64.9295329904451,42.3018821294498
64.93,42.3018821294498
64.9395329904451,42.3018821294502
64.94,42.3018821294503
64.9495329904451,42.3018821294507
64.95,42.3018821294507
64.9595329904452,42.3018821294511
64.96,42.3018821294512
64.9695329904452,42.3018821294516
64.97,42.3018821294516
64.9795329904452,42.301882129452
64.98,42.3018821294521
64.9895329904452,42.3018821294525
64.99,42.3018821294525
64.9995329904452,42.3018821294529
65,42.3018821294529
65.0095329904452,42.3018821294534
65.01,42.3018821294534
65.0195329904452,42.3018821294538
65.02,42.3018821294538
65.0295329904452,42.3018821294543
65.03,42.3018821294543
65.0395329904452,42.3018821294547
65.04,42.3018821294547
65.0495329904452,42.3018821294551
65.05,42.3018821294552
65.0595329904452,42.3018821294556
65.06,42.3018821294556
65.0695329904452,42.301882129456
65.07,42.301882129456
65.0795329904452,42.3018821294565
65.08,42.3018821294565
65.0895329904452,42.3018821294569
65.09,42.3018821294569
65.0995329904452,42.3018821294574
65.1,42.3018821294574
65.1095329904452,42.3018821294578
65.11,42.3018821294578
65.1195329904452,42.3018821294582
65.12,42.3018821294583
65.1295329904452,42.3018821294587
65.13,42.3018821294587
65.1395329904452,42.3018821294591
65.14,42.3018821294592
65.1495329904453,42.3018821294596
65.15,42.3018821294596
65.1595329904453,42.30188212946
65.16,42.30188212946
65.1695329904453,42.3018821294605
65.17,42.3018821294605
65.1795329904453,42.3018821294609
65.18,42.3018821294609
65.1895329904453,42.3018821294614
65.19,42.3018821294614
65.1995329904453,42.3018821294618
65.2,42.3018821294618
65.2095329904453,42.3018821294622
65.21,42.3018821294623
65.2195329904453,42.3018821294627
65.22,42.3018821294627
65.2295329904453,42.3018821294631
65.23,42.3018821294632
65.2395329904453,42.3018821294636
65.24,42.3018821294636
65.2495329904453,42.301882129464
65.25,42.301882129464
65.2595329904453,42.3018821294645
65.26,42.3018821294645
65.2695329904453,42.3018821294649
65.27,42.3018821294649
65.2795329904453,42.3018821294653
65.28,42.3018821294654
65.2895329904453,42.3018821294658
65.29,42.3018821294658
65.2995329904453,42.3018821294662
65.3,42.3018821294663
65.3095329904453,42.3018821294667
65.31,42.3018821294667
65.3195329904453,42.3018821294671
65.32,42.3018821294671
65.3295329904453,42.3018821294676
65.33,42.3018821294676
65.3395329904453,42.301882129468
65.34,42.301882129468
65.3495329904454,42.3018821294685
65.35,42.3018821294685
65.3595329904454,42.3018821294689
65.36,42.3018821294689
65.3695329904454,42.3018821294693
65.37,42.3018821294694
65.3795329904454,42.3018821294698
65.38,42.3018821294698
65.3895329904454,42.3018821294702
65.39,42.3018821294702
65.3995329904454,42.3018821294707
65.4,42.3018821294707
65.4095329904454,42.3018821294711
65.41,42.3018821294711
65.4195329904454,42.3018821294715
65.42,42.3018821294716
65.4295329904454,42.301882129472
65.43,42.301882129472
65.4395329904454,42.3018821294724
65.44,42.3018821294725
65.4495329904454,42.3018821294729
65.45,42.3018821294729
65.4595329904454,42.3018821294733
65.46,42.3018821294733
65.4695329904454,42.3018821294738
65.47,42.3018821294738
65.4795329904454,42.3018821294742
65.48,42.3018821294742
65.4895329904454,42.3018821294746
65.49,42.3018821294747
65.4995329904454,42.3018821294751
65.5,42.3018821294751
65.5095329904454,42.3018821294755
65.51,42.3018821294755
65.5195329904454,42.301882129476
65.52,42.301882129476
65.5295329904454,42.3018821294764
65.53,42.3018821294764
65.5395329904455,42.3018821294769
65.54,42.3018821294769
65.5495329904455,42.3018821294773
65.55,42.3018821294773
65.5595329904455,42.3018821294777
65.56,42.3018821294777
65.5695329904455,42.3018821294782
65.57,42.3018821294782
65.5795329904455,42.3018821294786
65.58,42.3018821294786
65.5895329904455,42.3018821294791
65.59,42.3018821294791
65.5995329904455,42.3018821294795
65.6,42.3018821294795
65.6095329904455,42.3018821294799
65.61,42.30188212948
65.6195329904455,42.3018821294804
65.62,42.3018821294804
65.6295329904455,42.3018821294808
65.63,42.3018821294808
65.6395329904455,42.3018821294813
65.64,42.3018821294813
65.6495329904455,42.3018821294817
65.65,42.3018821294817
65.6595329904455,42.3018821294821
65.66,42.3018821294822
65.6695329904455,42.3018821294826
65.67,42.3018821294826
65.6795329904455,42.301882129483
65.68,42.301882129483
65.6895329904455,42.3018821294835
65.69,42.3018821294835
65.6995329904455,42.3018821294839
65.7,42.3018821294839
65.7095329904455,42.3018821294843
65.71,42.3018821294844
65.7195329904455,42.3018821294848
65.72,42.3018821294848
65.7295329904455,42.3018821294852
65.73,42.3018821294852
65.7395329904456,42.3018821294857
65.74,42.3018821294857
65.7495329904456,42.3018821294861
65.75,42.3018821294861
65.7595329904456,42.3018821294866
65.76,42.3018821294866
65.7695329904456,42.301882129487
65.77,42.301882129487
65.7795329904456,42.3018821294874
65.78,42.3018821294875
65.7895329904456,42.3018821294879
65.79,42.3018821294879
65.7995329904456,42.3018821294883
65.8,42.3018821294883
65.8095329904456,42.3018821294887
65.81,42.3018821294888
65.8195329904456,42.3018821294892
65.82,42.3018821294892
65.8295329904456,42.3018821294896
65.83,42.3018821294896
65.8395329904456,42.3018821294901
65.84,42.3018821294901
65.8495329904456,42.3018821294905
65.85,42.3018821294905
65.8595329904456,42.301882129491
65.86,42.301882129491
65.8695329904456,42.3018821294914
65.87,42.3018821294914
65.8795329904456,42.3018821294918
65.88,42.3018821294918
65.8895329904456,42.3018821294923
65.89,42.3018821294923
65.8995329904456,42.3018821294927
65.9,42.3018821294927
65.9095329904456,42.3018821294931
65.91,42.3018821294932
65.9195329904456,42.3018821294936
65.92,42.3018821294936
65.9295329904457,42.301882129494
65.93,42.301882129494
65.9395329904457,42.3018821294945
65.94,42.3018821294945
65.9495329904457,42.3018821294949
65.95,42.3018821294949
65.9595329904457,42.3018821294953
65.96,42.3018821294954
65.9695329904457,42.3018821294958
65.97,42.3018821294958
65.9795329904457,42.3018821294962
65.98,42.3018821294962
65.9895329904457,42.3018821294967
65.99,42.3018821294967
65.9995329904457,42.3018821294971
66,42.3018821294971
66.0095329904457,42.3018821294975
66.01,42.3018821294975
66.0195329904457,42.301882129498
66.02,42.301882129498
66.0295329904457,42.3018821294984
66.03,42.3018821294984
66.0395329904457,42.3018821294988
66.04,42.3018821294989
66.0495329904457,42.3018821294993
66.05,42.3018821294993
66.0595329904457,42.3018821294997
66.06,42.3018821294998
66.0695329904457,42.3018821295002
66.07,42.3018821295002
66.0795329904457,42.3018821295006
66.08,42.3018821295006
66.0895329904457,42.301882129501
66.09,42.3018821295011
66.0995329904457,42.3018821295015
66.1,42.3018821295015
66.1095329904457,42.3018821295019
66.11,42.3018821295019
66.1195329904457,42.3018821295024
66.12,42.3018821295024
66.1295329904458,42.3018821295028
66.13,42.3018821295028
66.1395329904458,42.3018821295032
66.14,42.3018821295032
66.1495329904458,42.3018821295037
66.15,42.3018821295037
66.1595329904458,42.3018821295041
66.16,42.3018821295041
66.1695329904458,42.3018821295045
66.17,42.3018821295046
66.1795329904458,42.301882129505
66.18,42.301882129505
66.1895329904458,42.3018821295054
66.19,42.3018821295054
66.1995329904458,42.3018821295059
66.2,42.3018821295059
66.2095329904458,42.3018821295063
66.21,42.3018821295063
66.2195329904458,42.3018821295067
66.22,42.3018821295068
66.2295329904458,42.3018821295072
66.23,42.3018821295072
66.2395329904458,42.3018821295076
66.24,42.3018821295076
66.2495329904458,42.301882129508
66.25,42.3018821295081
66.2595329904458,42.3018821295085
66.26,42.3018821295085
66.2695329904458,42.3018821295089
66.27,42.3018821295089
66.2795329904458,42.3018821295094
66.28,42.3018821295094
66.2895329904458,42.3018821295098
66.29,42.3018821295098
66.2995329904458,42.3018821295102
66.3,42.3018821295102
66.3095329904458,42.3018821295107
66.31,42.3018821295107
66.3195329904459,42.3018821295111
66.32,42.3018821295111
66.3295329904459,42.3018821295115
66.33,42.3018821295116
66.3395329904459,42.301882129512
66.34,42.301882129512
66.3495329904459,42.3018821295124
66.35,42.3018821295124
66.3595329904459,42.3018821295128
66.36,42.3018821295129
66.3695329904459,42.3018821295133
66.37,42.3018821295133
66.3795329904459,42.3018821295137
66.38,42.3018821295137
66.3895329904459,42.3018821295142
66.39,42.3018821295142
66.3995329904459,42.3018821295146
66.4,42.3018821295146
66.4095329904459,42.301882129515
66.41,42.3018821295151
66.4195329904459,42.3018821295155
66.42,42.3018821295155
66.4295329904459,42.3018821295159
66.43,42.3018821295159
66.4395329904459,42.3018821295164
66.44,42.3018821295164
66.4495329904459,42.3018821295168
66.45,42.3018821295168
66.4595329904459,42.3018821295172
66.46,42.3018821295172
66.4695329904459,42.3018821295177
66.47,42.3018821295177
66.4795329904459,42.3018821295181
66.48,42.3018821295181
66.4895329904459,42.3018821295185
66.49,42.3018821295185
66.4995329904459,42.301882129519
66.5,42.301882129519
66.5095329904459,42.3018821295194
66.51,42.3018821295194
66.519532990446,42.3018821295198
66.52,42.3018821295198
66.529532990446,42.3018821295203
66.53,42.3018821295203
66.539532990446,42.3018821295207
66.54,42.3018821295207
66.549532990446,42.3018821295211
66.55,42.3018821295212
66.559532990446,42.3018821295216
66.56,42.3018821295216
66.569532990446,42.301882129522
66.57,42.301882129522
66.579532990446,42.3018821295224
66.58,42.3018821295225
66.589532990446,42.3018821295229
66.59,42.3018821295229
66.599532990446,42.3018821295233
66.6,42.3018821295233
66.609532990446,42.3018821295237
66.61,42.3018821295238
66.619532990446,42.3018821295242
66.62,42.3018821295242
66.629532990446,42.3018821295246
66.63,42.3018821295246
66.639532990446,42.301882129525
66.64,42.3018821295251
66.649532990446,42.3018821295255
66.65,42.3018821295255
66.659532990446,42.3018821295259
66.66,42.3018821295259
66.669532990446,42.3018821295264
66.67,42.3018821295264
66.679532990446,42.3018821295268
66.68,42.3018821295268
66.689532990446,42.3018821295272
66.69,42.3018821295272
66.699532990446,42.3018821295277
66.7,42.3018821295277
66.709532990446,42.3018821295281
66.71,42.3018821295281
66.7195329904461,42.3018821295285
66.72,42.3018821295286
66.7295329904461,42.301882129529
66.73,42.301882129529
66.7395329904461,42.3018821295294
66.74,42.3018821295294
66.7495329904461,42.3018821295298
66.75,42.3018821295298
66.7595329904461,42.3018821295303
66.76,42.3018821295303
66.7695329904461,42.3018821295307
66.77,42.3018821295307
66.7795329904461,42.3018821295311
66.78,42.3018821295312
66.7895329904461,42.3018821295316
66.79,42.3018821295316
66.7995329904461,42.301882129532
66.8,42.301882129532
66.8095329904461,42.3018821295324
66.81,42.3018821295325
66.8195329904461,42.3018821295329
66.82,42.3018821295329
66.8295329904461,42.3018821295333
66.83,42.3018821295333
66.8395329904461,42.3018821295337
66.84,42.3018821295338
66.8495329904461,42.3018821295342
66.85,42.3018821295342
66.8595329904461,42.3018821295346
66.86,42.3018821295346
66.8695329904461,42.301882129535
66.87,42.3018821295351
66.8795329904461,42.3018821295355
66.88,42.3018821295355
66.8895329904461,42.3018821295359
66.89,42.3018821295359
66.8995329904461,42.3018821295363
66.9,42.3018821295364
66.9095329904462,42.3018821295368
66.91,42.3018821295368
66.9195329904462,42.3018821295372
66.92,42.3018821295372
66.9295329904462,42.3018821295376
66.93,42.3018821295377
66.9395329904462,42.3018821295381
66.94,42.3018821295381
66.9495329904462,42.3018821295385
66.95,42.3018821295385
66.9595329904462,42.3018821295389
66.96,42.301882129539
66.9695329904462,42.3018821295394
66.97,42.3018821295394
66.9795329904462,42.3018821295398
66.98,42.3018821295398
66.9895329904462,42.3018821295402
66.99,42.3018821295403
66.9995329904462,42.3018821295407
67,42.3018821295407
67.0095329904462,42.3018821295411
67.01,42.3018821295411
67.0195329904462,42.3018821295415
67.02,42.3018821295416
67.0295329904462,42.301882129542
67.03,42.301882129542
67.0395329904462,42.3018821295424
67.04,42.3018821295424
67.0495329904462,42.3018821295428
67.05,42.3018821295428
67.0595329904462,42.3018821295433
67.06,42.3018821295433
67.0695329904462,42.3018821295437
67.07,42.3018821295437
67.0795329904462,42.3018821295441
67.08,42.3018821295441
67.0895329904462,42.3018821295446
67.09,42.3018821295446
67.0995329904462,42.301882129545
67.1,42.301882129545
67.1095329904463,42.3018821295454
67.11,42.3018821295454
67.1195329904463,42.3018821295459
67.12,42.3018821295459
67.1295329904463,42.3018821295463
67.13,42.3018821295463
67.1395329904463,42.3018821295467
67.14,42.3018821295467
67.1495329904463,42.3018821295471
67.15,42.3018821295472
67.1595329904463,42.3018821295476
67.16,42.3018821295476
67.1695329904463,42.301882129548
67.17,42.301882129548
67.1795329904463,42.3018821295484
67.18,42.3018821295485
67.1895329904463,42.3018821295489
67.19,42.3018821295489
67.1995329904463,42.3018821295493
67.2,42.3018821295493
67.2095329904463,42.3018821295497
67.21,42.3018821295498
67.2195329904463,42.3018821295502
67.22,42.3018821295502
67.2295329904463,42.3018821295506
67.23,42.3018821295506
67.2395329904463,42.301882129551
67.24,42.3018821295511
67.2495329904463,42.3018821295515
67.25,42.3018821295515
67.2595329904463,42.3018821295519
67.26,42.3018821295519
67.2695329904463,42.3018821295523
67.27,42.3018821295524
67.2795329904463,42.3018821295528
67.28,42.3018821295528
67.2895329904463,42.3018821295532
67.29,42.3018821295532
67.2995329904464,42.3018821295536
67.3,42.3018821295536
67.3095329904464,42.3018821295541
67.31,42.3018821295541
67.3195329904464,42.3018821295545
67.32,42.3018821295545
67.3295329904464,42.3018821295549
67.33,42.3018821295549
67.3395329904464,42.3018821295553
67.34,42.3018821295554
67.3495329904464,42.3018821295558
67.35,42.3018821295558
67.3595329904464,42.3018821295562
67.36,42.3018821295562
67.3695329904464,42.3018821295566
67.37,42.3018821295567
67.3795329904464,42.3018821295571
67.38,42.3018821295571
67.3895329904464,42.3018821295575
67.39,42.3018821295575
67.3995329904464,42.3018821295579
67.4,42.301882129558
67.4095329904464,42.3018821295584
67.41,42.3018821295584
67.4195329904464,42.3018821295588
67.42,42.3018821295588
67.4295329904464,42.3018821295592
67.43,42.3018821295592
67.4395329904464,42.3018821295597
67.44,42.3018821295597
67.4495329904464,42.3018821295601
67.45,42.3018821295601
67.4595329904464,42.3018821295605
67.46,42.3018821295605
67.4695329904464,42.3018821295609
67.47,42.301882129561
67.4795329904464,42.3018821295614
67.48,42.3018821295614
67.4895329904464,42.3018821295618
67.49,42.3018821295618
67.4995329904465,42.3018821295622
67.5,42.3018821295623
67.5095329904465,42.3018821295627
67.51,42.3018821295627
67.5195329904465,42.3018821295631
67.52,42.3018821295631
67.5295329904465,42.3018821295635
67.53,42.3018821295636
67.5395329904465,42.301882129564
67.54,42.301882129564
67.5495329904465,42.3018821295644
67.55,42.3018821295644
67.5595329904465,42.3018821295648
67.56,42.3018821295648
67.5695329904465,42.3018821295652
67.57,42.3018821295653
67.5795329904465,42.3018821295657
67.58,42.3018821295657
67.5895329904465,42.3018821295661
67.59,42.3018821295661
67.5995329904465,42.3018821295665
67.6,42.3018821295665
67.6095329904465,42.301882129567
67.61,42.301882129567
67.6195329904465,42.3018821295674
67.62,42.3018821295674
67.6295329904465,42.3018821295678
67.63,42.3018821295678
67.6395329904465,42.3018821295682
67.64,42.3018821295683
67.6495329904465,42.3018821295687
67.65,42.3018821295687
67.6595329904465,42.3018821295691
67.66,42.3018821295691
67.6695329904465,42.3018821295695
67.67,42.3018821295696
67.6795329904465,42.30188212957
67.68,42.30188212957
67.6895329904466,42.3018821295704
67.69,42.3018821295704
67.6995329904466,42.3018821295708
67.7,42.3018821295708
67.7095329904466,42.3018821295712
67.71,42.3018821295713
67.7195329904466,42.3018821295717
67.72,42.3018821295717
67.7295329904466,42.3018821295721
67.73,42.3018821295721
67.7395329904466,42.3018821295725
67.74,42.3018821295726
67.7495329904466,42.301882129573
67.75,42.301882129573
67.7595329904466,42.3018821295734
67.76,42.3018821295734
67.7695329904466,42.3018821295738
67.77,42.3018821295738
67.7795329904466,42.3018821295742
67.78,42.3018821295743
67.7895329904466,42.3018821295747
67.79,42.3018821295747
67.7995329904466,42.3018821295751
67.8,42.3018821295751
67.8095329904466,42.3018821295755
67.81,42.3018821295755
67.8195329904466,42.301882129576
67.82,42.301882129576
67.8295329904466,42.3018821295764
67.83,42.3018821295764
67.8395329904466,42.3018821295768
67.84,42.3018821295768
67.8495329904466,42.3018821295773
67.85,42.3018821295773
67.8595329904466,42.3018821295777
67.86,42.3018821295777
67.8695329904466,42.3018821295781
67.87,42.3018821295781
67.8795329904466,42.3018821295785
67.88,42.3018821295785
67.8895329904467,42.301882129579
67.89,42.301882129579
67.8995329904467,42.3018821295794
67.9,42.3018821295794
67.9095329904467,42.3018821295798
67.91,42.3018821295798
67.9195329904467,42.3018821295802
67.92,42.3018821295802
67.9295329904467,42.3018821295807
67.93,42.3018821295807
67.9395329904467,42.3018821295811
67.94,42.3018821295811
67.9495329904467,42.3018821295815
67.95,42.3018821295815
67.9595329904467,42.3018821295819
67.96,42.301882129582
67.9695329904467,42.3018821295824
67.97,42.3018821295824
67.9795329904467,42.3018821295828
67.98,42.3018821295828
67.9895329904467,42.3018821295832
67.99,42.3018821295832
67.9995329904467,42.3018821295837
68,42.3018821295837
68.0095329904467,42.3018821295841
68.01,42.3018821295841
68.0195329904467,42.3018821295845
68.02,42.3018821295845
68.0295329904467,42.3018821295849
68.03,42.301882129585
68.0395329904467,42.3018821295854
68.04,42.3018821295854
68.0495329904467,42.3018821295858
68.05,42.3018821295858
68.0595329904467,42.3018821295862
68.06,42.3018821295862
68.0695329904467,42.3018821295866
68.07,42.3018821295867
68.0795329904468,42.3018821295871
68.08,42.3018821295871
68.0895329904468,42.3018821295875
68.09,42.3018821295875
68.0995329904468,42.3018821295879
68.1,42.3018821295879
68.1095329904468,42.3018821295883
68.11,42.3018821295884
68.1195329904468,42.3018821295888
68.12,42.3018821295888
68.1295329904468,42.3018821295892
68.13,42.3018821295892
68.1395329904468,42.3018821295896
68.14,42.3018821295896
68.1495329904468,42.3018821295901
68.15,42.3018821295901
68.1595329904468,42.3018821295905
68.16,42.3018821295905
68.1695329904468,42.3018821295909
68.17,42.3018821295909
68.1795329904468,42.3018821295913
68.18,42.3018821295913
68.1895329904468,42.3018821295918
68.19,42.3018821295918
68.1995329904468,42.3018821295922
68.2,42.3018821295922
68.2095329904468,42.3018821295926
68.21,42.3018821295926
68.2195329904468,42.301882129593
68.22,42.3018821295931
68.2295329904468,42.3018821295935
68.23,42.3018821295935
68.2395329904468,42.3018821295939
68.24,42.3018821295939
68.2495329904468,42.3018821295943
68.25,42.3018821295943
68.2595329904468,42.3018821295947
68.26,42.3018821295948
68.2695329904468,42.3018821295952
68.27,42.3018821295952
68.2795329904469,42.3018821295956
68.28,42.3018821295956
68.2895329904469,42.301882129596
68.29,42.301882129596
68.2995329904469,42.3018821295964
68.3,42.3018821295964
68.3095329904469,42.3018821295969
68.31,42.3018821295969
68.3195329904469,42.3018821295973
68.32,42.3018821295973
68.3295329904469,42.3018821295977
68.33,42.3018821295977
68.3395329904469,42.3018821295981
68.34,42.3018821295982
68.3495329904469,42.3018821295986
68.35,42.3018821295986
68.3595329904469,42.301882129599
68.36,42.301882129599
68.3695329904469,42.3018821295994
68.37,42.3018821295994
68.3795329904469,42.3018821295998
68.38,42.3018821295999
68.3895329904469,42.3018821296003
68.39,42.3018821296003
68.3995329904469,42.3018821296007
68.4,42.3018821296007
68.4095329904469,42.3018821296011
68.41,42.3018821296011
68.4195329904469,42.3018821296015
68.42,42.3018821296016
68.4295329904469,42.301882129602
68.43,42.301882129602
68.4395329904469,42.3018821296024
68.44,42.3018821296024
68.4495329904469,42.3018821296028
68.45,42.3018821296028
68.4595329904469,42.3018821296032
68.46,42.3018821296033
68.469532990447,42.3018821296037
68.47,42.3018821296037
68.479532990447,42.3018821296041
68.48,42.3018821296041
68.489532990447,42.3018821296045
68.49,42.3018821296045
68.499532990447,42.3018821296049
68.5,42.301882129605
68.509532990447,42.3018821296054
68.51,42.3018821296054
68.519532990447,42.3018821296058
68.52,42.3018821296058
68.529532990447,42.3018821296062
68.53,42.3018821296062
68.539532990447,42.3018821296066
68.54,42.3018821296066
68.549532990447,42.3018821296071
68.55,42.3018821296071
68.559532990447,42.3018821296075
68.56,42.3018821296075
68.569532990447,42.3018821296079
68.57,42.3018821296079
68.579532990447,42.3018821296083
68.58,42.3018821296083
68.589532990447,42.3018821296087
68.59,42.3018821296088
68.599532990447,42.3018821296092
68.6,42.3018821296092
68.609532990447,42.3018821296096
68.61,42.3018821296096
68.619532990447,42.30188212961
68.62,42.30188212961
68.629532990447,42.3018821296104
68.63,42.3018821296105
68.639532990447,42.3018821296109
68.64,42.3018821296109
68.649532990447,42.3018821296113
68.65,42.3018821296113
68.659532990447,42.3018821296117
68.66,42.3018821296117
68.6695329904471,42.3018821296121
68.67,42.3018821296121
68.6795329904471,42.3018821296126
68.68,42.3018821296126
68.6895329904471,42.301882129613
68.69,42.301882129613
68.6995329904471,42.3018821296134
68.7,42.3018821296134
68.7095329904471,42.3018821296138
68.71,42.3018821296138
68.7195329904471,42.3018821296142
68.72,42.3018821296143
68.7295329904471,42.3018821296147
68.73,42.3018821296147
68.7395329904471,42.3018821296151
68.74,42.3018821296151
68.7495329904471,42.3018821296155
68.75,42.3018821296155
68.7595329904471,42.3018821296159
68.76,42.301882129616
68.7695329904471,42.3018821296164
68.77,42.3018821296164
68.7795329904471,42.3018821296168
68.78,42.3018821296168
68.7895329904471,42.3018821296172
68.79,42.3018821296172
68.7995329904471,42.3018821296176
68.8,42.3018821296176
68.8095329904471,42.301882129618
68.81,42.3018821296181
68.8195329904471,42.3018821296185
68.82,42.3018821296185
68.8295329904471,42.3018821296189
68.83,42.3018821296189
68.8395329904471,42.3018821296193
68.84,42.3018821296193
68.8495329904471,42.3018821296197
68.85,42.3018821296198
68.8595329904471,42.3018821296202
68.86,42.3018821296202
68.8695329904472,42.3018821296206
68.87,42.3018821296206
68.8795329904472,42.301882129621
68.88,42.301882129621
68.8895329904472,42.3018821296214
68.89,42.3018821296214
68.8995329904472,42.3018821296218
68.9,42.3018821296219
68.9095329904472,42.3018821296223
68.91,42.3018821296223
68.9195329904472,42.3018821296227
68.92,42.3018821296227
68.9295329904472,42.3018821296231
68.93,42.3018821296231
68.9395329904472,42.3018821296235
68.94,42.3018821296236
68.9495329904472,42.301882129624
68.95,42.301882129624
68.9595329904472,42.3018821296244
68.96,42.3018821296244
68.9695329904472,42.3018821296248
68.97,42.3018821296248
68.9795329904472,42.3018821296252
68.98,42.3018821296252
68.9895329904472,42.3018821296257
68.99,42.3018821296257
68.9995329904472,42.3018821296261
69,42.3018821296261
69.0095329904472,42.3018821296265
69.01,42.3018821296265
69.0195329904472,42.3018821296269
69.02,42.3018821296269
69.0295329904472,42.3018821296273
69.03,42.3018821296274
69.0395329904472,42.3018821296277
69.04,42.3018821296278
69.0495329904472,42.3018821296282
69.05,42.3018821296282
69.0595329904473,42.3018821296286
69.06,42.3018821296286
69.0695329904473,42.301882129629
69.07,42.301882129629
69.0795329904473,42.3018821296294
69.08,42.3018821296295
69.0895329904473,42.3018821296299
69.09,42.3018821296299
69.0995329904473,42.3018821296303
69.1,42.3018821296303
69.1095329904473,42.3018821296307
69.11,42.3018821296307
69.1195329904473,42.3018821296311
69.12,42.3018821296311
69.1295329904473,42.3018821296315
69.13,42.3018821296316
69.1395329904473,42.301882129632
69.14,42.301882129632
69.1495329904473,42.3018821296324
69.15,42.3018821296324
69.1595329904473,42.3018821296328
69.16,42.3018821296328
69.1695329904473,42.3018821296332
69.17,42.3018821296332
69.1795329904473,42.3018821296336
69.18,42.3018821296337
69.1895329904473,42.3018821296341
69.19,42.3018821296341
69.1995329904473,42.3018821296345
69.2,42.3018821296345
69.2095329904473,42.3018821296349
69.21,42.3018821296349
69.2195329904473,42.3018821296353
69.22,42.3018821296353
69.2295329904473,42.3018821296358
69.23,42.3018821296358
69.2395329904473,42.3018821296362
69.24,42.3018821296362
69.2495329904473,42.3018821296366
69.25,42.3018821296366
69.2595329904474,42.301882129637
69.26,42.301882129637
69.2695329904474,42.3018821296374
69.27,42.3018821296374
69.2795329904474,42.3018821296378
69.28,42.3018821296379
69.2895329904474,42.3018821296383
69.29,42.3018821296383
69.2995329904474,42.3018821296387
69.3,42.3018821296387
69.3095329904474,42.3018821296391
69.31,42.3018821296391
69.3195329904474,42.3018821296395
69.32,42.3018821296396
69.3295329904474,42.3018821296399
69.33,42.30188212964
69.3395329904474,42.3018821296404
69.34,42.3018821296404
69.3495329904474,42.3018821296408
69.35,42.3018821296408
69.3595329904474,42.3018821296412
69.36,42.3018821296412
69.3695329904474,42.3018821296416
69.37,42.3018821296416
69.3795329904474,42.3018821296421
69.38,42.3018821296421
69.3895329904474,42.3018821296425
69.39,42.3018821296425
69.3995329904474,42.3018821296429
69.4,42.3018821296429
69.4095329904474,42.3018821296433
69.41,42.3018821296433
69.4195329904474,42.3018821296437
69.42,42.3018821296437
69.4295329904474,42.3018821296441
69.43,42.3018821296442
69.4395329904474,42.3018821296446
69.44,42.3018821296446
69.4495329904475,42.301882129645
69.45,42.301882129645
69.4595329904475,42.3018821296454
69.46,42.3018821296454
69.4695329904475,42.3018821296458
69.47,42.3018821296458
69.4795329904475,42.3018821296462
69.48,42.3018821296463
69.4895329904475,42.3018821296466
69.49,42.3018821296467
69.4995329904475,42.3018821296471
69.5,42.3018821296471
69.5095329904475,42.3018821296475
69.51,42.3018821296475
69.5195329904475,42.3018821296479
69.52,42.3018821296479
69.5295329904475,42.3018821296483
69.53,42.3018821296483
69.5395329904475,42.3018821296487
69.54,42.3018821296488
69.5495329904475,42.3018821296492
69.55,42.3018821296492
69.5595329904475,42.3018821296496
69.56,42.3018821296496
69.5695329904475,42.30188212965
69.57,42.30188212965
69.5795329904475,42.3018821296504
69.58,42.3018821296504
69.5895329904475,42.3018821296508
69.59,42.3018821296509
69.5995329904475,42.3018821296513
69.6,42.3018821296513
69.6095329904475,42.3018821296517
69.61,42.3018821296517
69.6195329904475,42.3018821296521
69.62,42.3018821296521
69.6295329904475,42.3018821296525
69.63,42.3018821296525
69.6395329904475,42.3018821296529
69.64,42.3018821296529
69.6495329904476,42.3018821296534
69.65,42.3018821296534
69.6595329904476,42.3018821296538
69.66,42.3018821296538
69.6695329904476,42.3018821296542
69.67,42.3018821296542
69.6795329904476,42.3018821296546
69.68,42.3018821296546
69.6895329904476,42.301882129655
69.69,42.301882129655
69.6995329904476,42.3018821296554
69.7,42.3018821296555
69.7095329904476,42.3018821296558
69.71,42.3018821296559
69.7195329904476,42.3018821296563
69.72,42.3018821296563
69.7295329904476,42.3018821296567
69.73,42.3018821296567
69.7395329904476,42.3018821296571
69.74,42.3018821296571
69.7495329904476,42.3018821296575
69.75,42.3018821296575
69.7595329904476,42.3018821296579
69.76,42.301882129658
69.7695329904476,42.3018821296584
69.77,42.3018821296584
69.7795329904476,42.3018821296588
69.78,42.3018821296588
69.7895329904476,42.3018821296592
69.79,42.3018821296592
69.7995329904476,42.3018821296596
69.8,42.3018821296596
69.8095329904476,42.30188212966
69.81,42.30188212966
69.8195329904476,42.3018821296604
69.82,42.3018821296605
69.8295329904476,42.3018821296609
69.83,42.3018821296609
69.8395329904477,42.3018821296613
69.84,42.3018821296613
69.8495329904477,42.3018821296617
69.85,42.3018821296617
69.8595329904477,42.3018821296621
69.86,42.3018821296621
69.8695329904477,42.3018821296625
69.87,42.3018821296625
69.8795329904477,42.3018821296629
69.88,42.301882129663
69.8895329904477,42.3018821296634
69.89,42.3018821296634
69.8995329904477,42.3018821296638
69.9,42.3018821296638
69.9095329904477,42.3018821296642
69.91,42.3018821296642
69.9195329904477,42.3018821296646
69.92,42.3018821296646
69.9295329904477,42.301882129665
69.93,42.301882129665
69.9395329904477,42.3018821296654
69.94,42.3018821296655
69.9495329904477,42.3018821296659
69.95,42.3018821296659
69.9595329904477,42.3018821296663
69.96,42.3018821296663
69.9695329904477,42.3018821296667
69.97,42.3018821296667
69.9795329904477,42.3018821296671
69.98,42.3018821296671
69.9895329904477,42.3018821296675
69.99,42.3018821296675
69.9995329904477,42.3018821296679
70,42.301882129668
70.0095329904477,42.3018821296683
70.01,42.3018821296684
70.0195329904477,42.3018821296688
70.02,42.3018821296688
70.0295329904477,42.3018821296692
70.03,42.3018821296692
70.0395329904478,42.3018821296696
70.04,42.3018821296696
70.0495329904478,42.30188212967
70.05,42.30188212967
70.0595329904478,42.3018821296704
70.06,42.3018821296705
70.0695329904478,42.3018821296708
70.07,42.3018821296709
70.0795329904478,42.3018821296713
70.08,42.3018821296713
70.0895329904478,42.3018821296717
70.09,42.3018821296717
70.0995329904478,42.3018821296721
70.1,42.3018821296721
70.1095329904478,42.3018821296725
70.11,42.3018821296725
70.1195329904478,42.3018821296729
70.12,42.301882129673
70.1295329904478,42.3018821296733
70.13,42.3018821296734
70.1395329904478,42.3018821296738
70.14,42.3018821296738
70.1495329904478,42.3018821296742
70.15,42.3018821296742
70.1595329904478,42.3018821296746
70.16,42.3018821296746
70.1695329904478,42.301882129675
70.17,42.301882129675
70.1795329904478,42.3018821296754
70.18,42.3018821296754
70.1895329904478,42.3018821296758
70.19,42.3018821296759
70.1995329904478,42.3018821296762
70.2,42.3018821296763
70.2095329904478,42.3018821296767
70.21,42.3018821296767
70.2195329904478,42.3018821296771
70.22,42.3018821296771
70.2295329904479,42.3018821296775
70.23,42.3018821296775
70.2395329904479,42.3018821296779
70.24,42.3018821296779
70.2495329904479,42.3018821296783
70.25,42.3018821296784
70.2595329904479,42.3018821296787
70.26,42.3018821296788
70.2695329904479,42.3018821296792
70.27,42.3018821296792
70.2795329904479,42.3018821296796
70.28,42.3018821296796
70.2895329904479,42.30188212968
70.29,42.30188212968
70.2995329904479,42.3018821296804
70.3,42.3018821296804
70.3095329904479,42.3018821296808
70.31,42.3018821296808
70.3195329904479,42.3018821296812
70.32,42.3018821296812
70.3295329904479,42.3018821296817
70.33,42.3018821296817
70.3395329904479,42.3018821296821
70.34,42.3018821296821
70.3495329904479,42.3018821296825
70.35,42.3018821296825
70.3595329904479,42.3018821296829
70.36,42.3018821296829
70.3695329904479,42.3018821296833
70.37,42.3018821296833
70.3795329904479,42.3018821296837
70.38,42.3018821296837
70.3895329904479,42.3018821296841
70.39,42.3018821296841
70.3995329904479,42.3018821296845
70.4,42.3018821296846
70.4095329904479,42.301882129685
70.41,42.301882129685
70.4195329904479,42.3018821296854
70.42,42.3018821296854
70.429532990448,42.3018821296858
70.43,42.3018821296858
70.439532990448,42.3018821296862
70.44,42.3018821296862
70.449532990448,42.3018821296866
70.45,42.3018821296866
70.459532990448,42.301882129687
70.46,42.301882129687
70.469532990448,42.3018821296874
70.47,42.3018821296874
70.479532990448,42.3018821296879
70.48,42.3018821296879
70.489532990448,42.3018821296883
70.49,42.3018821296883
70.499532990448,42.3018821296887
70.5,42.3018821296887
70.509532990448,42.3018821296891
70.51,42.3018821296891
70.519532990448,42.3018821296895
70.52,42.3018821296895
70.529532990448,42.3018821296899
70.53,42.3018821296899
70.539532990448,42.3018821296903
70.54,42.3018821296903
70.549532990448,42.3018821296907
70.55,42.3018821296908
70.559532990448,42.3018821296911
70.56,42.3018821296912
70.569532990448,42.3018821296916
70.57,42.3018821296916
70.579532990448,42.301882129692
70.58,42.301882129692
70.589532990448,42.3018821296924
70.59,42.3018821296924
70.599532990448,42.3018821296928
70.6,42.3018821296928
70.609532990448,42.3018821296932
70.61,42.3018821296932
70.6195329904481,42.3018821296936
70.62,42.3018821296937
70.6295329904481,42.301882129694
70.63,42.3018821296941
70.6395329904481,42.3018821296945
70.64,42.3018821296945
70.6495329904481,42.3018821296949
70.65,42.3018821296949
70.6595329904481,42.3018821296953
70.66,42.3018821296953
70.6695329904481,42.3018821296957
70.67,42.3018821296957
70.6795329904481,42.3018821296961
70.68,42.3018821296961
70.6895329904481,42.3018821296965
70.69,42.3018821296965
70.6995329904481,42.3018821296969
70.7,42.3018821296969
70.7095329904481,42.3018821296973
70.71,42.3018821296974
70.7195329904481,42.3018821296978
70.72,42.3018821296978
70.7295329904481,42.3018821296982
70.73,42.3018821296982
70.7395329904481,42.3018821296986
70.74,42.3018821296986
70.7495329904481,42.301882129699
70.75,42.301882129699
70.7595329904481,42.3018821296994
70.76,42.3018821296994
70.7695329904481,42.3018821296998
70.77,42.3018821296998
70.7795329904481,42.3018821297002
70.78,42.3018821297003
70.7895329904481,42.3018821297006
70.79,42.3018821297007
70.7995329904481,42.301882129701
70.8,42.3018821297011
70.8095329904481,42.3018821297015
70.81,42.3018821297015
70.8195329904482,42.3018821297019
70.82,42.3018821297019
70.8295329904482,42.3018821297023
70.83,42.3018821297023
70.8395329904482,42.3018821297027
70.84,42.3018821297027
70.8495329904482,42.3018821297031
70.85,42.3018821297031
70.8595329904482,42.3018821297035
70.86,42.3018821297035
70.8695329904482,42.3018821297039
70.87,42.301882129704
70.8795329904482,42.3018821297044
70.88,42.3018821297044
70.8895329904482,42.3018821297048
70.89,42.3018821297048
70.8995329904482,42.3018821297052
70.9,42.3018821297052
70.9095329904482,42.3018821297056
70.91,42.3018821297056
70.9195329904482,42.301882129706
70.92,42.301882129706
70.9295329904482,42.3018821297064
70.93,42.3018821297064
70.9395329904482,42.3018821297068
70.94,42.3018821297068
70.9495329904482,42.3018821297072
70.95,42.3018821297072
70.9595329904482,42.3018821297076
70.96,42.3018821297077
70.9695329904482,42.3018821297081
70.97,42.3018821297081
70.9795329904482,42.3018821297085
70.98,42.3018821297085
70.9895329904482,42.3018821297089
70.99,42.3018821297089
70.9995329904482,42.3018821297093
71,42.3018821297093
71.0095329904482,42.3018821297097
71.01,42.3018821297097
71.0195329904483,42.3018821297101
71.02,42.3018821297101
71.0295329904483,42.3018821297105
71.03,42.3018821297105
71.0395329904483,42.3018821297109
71.04,42.3018821297109
71.0495329904483,42.3018821297113
71.05,42.3018821297114
71.0595329904483,42.3018821297117
71.06,42.3018821297118
71.0695329904483,42.3018821297122
71.07,42.3018821297122
71.0795329904483,42.3018821297126
71.08,42.3018821297126
71.0895329904483,42.301882129713
71.09,42.301882129713
71.0995329904483,42.3018821297134
71.1,42.3018821297134
71.1095329904483,42.3018821297138
71.11,42.3018821297138
71.1195329904483,42.3018821297142
71.12,42.3018821297142
71.1295329904483,42.3018821297146
71.13,42.3018821297146
71.1395329904483,42.301882129715
71.14,42.301882129715
71.1495329904483,42.3018821297154
71.15,42.3018821297155
71.1595329904483,42.3018821297158
71.16,42.3018821297159
71.1695329904483,42.3018821297163
71.17,42.3018821297163
71.1795329904483,42.3018821297167
71.18,42.3018821297167
71.1895329904483,42.3018821297171
71.19,42.3018821297171
71.1995329904483,42.3018821297175
71.2,42.3018821297175
71.2095329904484,42.3018821297179
71.21,42.3018821297179
71.2195329904484,42.3018821297183
71.22,42.3018821297183
71.2295329904484,42.3018821297187
71.23,42.3018821297187
71.2395329904484,42.3018821297191
71.24,42.3018821297191
71.2495329904484,42.3018821297195
71.25,42.3018821297196
71.2595329904484,42.3018821297199
71.26,42.30188212972
71.2695329904484,42.3018821297204
71.27,42.3018821297204
71.2795329904484,42.3018821297208
71.28,42.3018821297208
71.2895329904484,42.3018821297212
71.29,42.3018821297212
71.2995329904484,42.3018821297216
71.3,42.3018821297216
71.3095329904484,42.301882129722
71.31,42.301882129722
71.3195329904484,42.3018821297224
71.32,42.3018821297224
71.3295329904484,42.3018821297228
71.33,42.3018821297228
71.3395329904484,42.3018821297232
71.34,42.3018821297232
71.3495329904484,42.3018821297236
71.35,42.3018821297236
71.3595329904484,42.301882129724
71.36,42.3018821297241
71.3695329904484,42.3018821297245
71.37,42.3018821297245
71.3795329904484,42.3018821297249
71.38,42.3018821297249
71.3895329904484,42.3018821297253
71.39,42.3018821297253
71.3995329904484,42.3018821297257
71.4,42.3018821297257
71.4095329904485,42.3018821297261
71.41,42.3018821297261
71.4195329904485,42.3018821297265
71.42,42.3018821297265
71.4295329904485,42.3018821297269
71.43,42.3018821297269
71.4395329904485,42.3018821297273
71.44,42.3018821297273
71.4495329904485,42.3018821297277
71.45,42.3018821297277
71.4595329904485,42.3018821297281
71.46,42.3018821297281
71.4695329904485,42.3018821297285
71.47,42.3018821297285
71.4795329904485,42.3018821297289
71.48,42.301882129729
71.4895329904485,42.3018821297293
71.49,42.3018821297294
71.4995329904485,42.3018821297298
71.5,42.3018821297298
71.5095329904485,42.3018821297302
71.51,42.3018821297302
71.5195329904485,42.3018821297306
71.52,42.3018821297306
71.5295329904485,42.301882129731
71.53,42.301882129731
71.5395329904485,42.3018821297314
71.54,42.3018821297314
71.5495329904485,42.3018821297318
71.55,42.3018821297318
71.5595329904485,42.3018821297322
71.56,42.3018821297322
71.5695329904485,42.3018821297326
71.57,42.3018821297326
71.5795329904485,42.301882129733
71.58,42.301882129733
71.5895329904485,42.3018821297334
71.59,42.3018821297334
71.5995329904486,42.3018821297338
71.6,42.3018821297339
71.6095329904486,42.3018821297342
71.61,42.3018821297343
71.6195329904486,42.3018821297347
71.62,42.3018821297347
71.6295329904486,42.3018821297351
71.63,42.3018821297351
71.6395329904486,42.3018821297355
71.64,42.3018821297355
71.6495329904486,42.3018821297359
71.65,42.3018821297359
71.6595329904486,42.3018821297363
71.66,42.3018821297363
71.6695329904486,42.3018821297367
71.67,42.3018821297367
71.6795329904486,42.3018821297371
71.68,42.3018821297371
71.6895329904486,42.3018821297375
71.69,42.3018821297375
71.6995329904486,42.3018821297379
71.7,42.3018821297379
71.7095329904486,42.3018821297383
71.71,42.3018821297383
71.7195329904486,42.3018821297387
71.72,42.3018821297388
71.7295329904486,42.3018821297391
71.73,42.3018821297392
71.7395329904486,42.3018821297395
71.74,42.3018821297396
71.7495329904486,42.3018821297399
71.75,42.30188212974
71.7595329904486,42.3018821297404
71.76,42.3018821297404
71.7695329904486,42.3018821297408
71.77,42.3018821297408
71.7795329904486,42.3018821297412
71.78,42.3018821297412
71.7895329904486,42.3018821297416
71.79,42.3018821297416
71.7995329904487,42.301882129742
71.8,42.301882129742
71.8095329904487,42.3018821297424
71.81,42.3018821297424
71.8195329904487,42.3018821297428
71.82,42.3018821297428
71.8295329904487,42.3018821297432
71.83,42.3018821297432
71.8395329904487,42.3018821297436
71.84,42.3018821297436
71.8495329904487,42.301882129744
71.85,42.301882129744
71.8595329904487,42.3018821297444
71.86,42.3018821297444
71.8695329904487,42.3018821297448
71.87,42.3018821297449
71.8795329904487,42.3018821297452
71.88,42.3018821297453
71.8895329904487,42.3018821297456
71.89,42.3018821297457
71.8995329904487,42.3018821297461
71.9,42.3018821297461
71.9095329904487,42.3018821297465
71.91,42.3018821297465
71.9195329904487,42.3018821297469
71.92,42.3018821297469
71.9295329904487,42.3018821297473
71.93,42.3018821297473
71.9395329904487,42.3018821297477
71.94,42.3018821297477
71.9495329904487,42.3018821297481
71.95,42.3018821297481
71.9595329904487,42.3018821297485
71.96,42.3018821297485
71.9695329904487,42.3018821297489
71.97,42.3018821297489
71.9795329904487,42.3018821297493
71.98,42.3018821297493
71.9895329904488,42.3018821297497
71.99,42.3018821297497
71.9995329904488,42.3018821297501
72,42.3018821297501
72.0095329904488,42.3018821297505
72.01,42.3018821297505
72.0195329904488,42.3018821297509
72.02,42.3018821297509
72.0295329904488,42.3018821297513
72.03,42.3018821297513
72.0395329904488,42.3018821297517
72.04,42.3018821297518
72.0495329904488,42.3018821297521
72.05,42.3018821297522
72.0595329904488,42.3018821297525
72.06,42.3018821297526
72.0695329904488,42.301882129753
72.07,42.301882129753
72.0795329904488,42.3018821297534
72.08,42.3018821297534
72.0895329904488,42.3018821297538
72.09,42.3018821297538
72.0995329904488,42.3018821297542
72.1,42.3018821297542
72.1095329904488,42.3018821297546
72.11,42.3018821297546
72.1195329904488,42.301882129755
72.12,42.301882129755
72.1295329904488,42.3018821297554
72.13,42.3018821297554
72.1395329904488,42.3018821297558
72.14,42.3018821297558
72.1495329904488,42.3018821297562
72.15,42.3018821297562
72.1595329904488,42.3018821297566
72.16,42.3018821297566
72.1695329904488,42.301882129757
72.17,42.301882129757
72.1795329904488,42.3018821297574
72.18,42.3018821297574
72.1895329904489,42.3018821297578
72.19,42.3018821297578
72.1995329904489,42.3018821297582
72.2,42.3018821297582
72.2095329904489,42.3018821297586
72.21,42.3018821297586
72.2195329904489,42.301882129759
72.22,42.301882129759
72.2295329904489,42.3018821297594
72.23,42.3018821297594
72.2395329904489,42.3018821297598
72.24,42.3018821297599
72.2495329904489,42.3018821297602
72.25,42.3018821297603
72.2595329904489,42.3018821297606
72.26,42.3018821297607
72.2695329904489,42.301882129761
72.27,42.3018821297611
72.2795329904489,42.3018821297615
72.28,42.3018821297615
72.2895329904489,42.3018821297619
72.29,42.3018821297619
72.2995329904489,42.3018821297623
72.3,42.3018821297623
72.3095329904489,42.3018821297627
72.31,42.3018821297627
72.3195329904489,42.3018821297631
72.32,42.3018821297631
72.3295329904489,42.3018821297635
72.33,42.3018821297635
72.3395329904489,42.3018821297639
72.34,42.3018821297639
72.3495329904489,42.3018821297643
72.35,42.3018821297643
72.3595329904489,42.3018821297647
72.36,42.3018821297647
72.3695329904489,42.3018821297651
72.37,42.3018821297651
72.379532990449,42.3018821297655
72.38,42.3018821297655
72.389532990449,42.3018821297659
72.39,42.3018821297659
72.399532990449,42.3018821297663
72.4,42.3018821297663
72.409532990449,42.3018821297667
72.41,42.3018821297667
72.419532990449,42.3018821297671
72.42,42.3018821297671
72.429532990449,42.3018821297675
72.43,42.3018821297675
72.439532990449,42.3018821297679
72.44,42.3018821297679
72.449532990449,42.3018821297683
72.45,42.3018821297683
72.459532990449,42.3018821297687
72.46,42.3018821297688
72.469532990449,42.3018821297691
72.47,42.3018821297691
72.479532990449,42.3018821297695
72.48,42.3018821297696
72.489532990449,42.3018821297699
72.49,42.30188212977
72.499532990449,42.3018821297703
72.5,42.3018821297704
72.509532990449,42.3018821297707
72.51,42.3018821297708
72.519532990449,42.3018821297711
72.52,42.3018821297712
72.529532990449,42.3018821297715
72.53,42.3018821297716
72.539532990449,42.3018821297719
72.54,42.301882129772
72.549532990449,42.3018821297724
72.55,42.3018821297724
72.559532990449,42.3018821297728
72.56,42.3018821297728
72.569532990449,42.3018821297732
72.57,42.3018821297732
72.5795329904491,42.3018821297736
72.58,42.3018821297736
72.5895329904491,42.301882129774
72.59,42.301882129774
72.5995329904491,42.3018821297744
72.6,42.3018821297744
72.6095329904491,42.3018821297748
72.61,42.3018821297748
72.6195329904491,42.3018821297752
72.62,42.3018821297752
72.6295329904491,42.3018821297756
72.63,42.3018821297756
72.6395329904491,42.301882129776
72.64,42.301882129776
72.6495329904491,42.3018821297764
72.65,42.3018821297764
72.6595329904491,42.3018821297768
72.66,42.3018821297768
72.6695329904491,42.3018821297772
72.67,42.3018821297772
72.6795329904491,42.3018821297776
72.68,42.3018821297776
72.6895329904491,42.301882129778
72.69,42.301882129778
72.6995329904491,42.3018821297784
72.7,42.3018821297784
72.7095329904491,42.3018821297788
72.71,42.3018821297788
72.7195329904491,42.3018821297792
72.72,42.3018821297792
72.7295329904491,42.3018821297796
72.73,42.3018821297796
72.7395329904491,42.30188212978
72.74,42.30188212978
72.7495329904491,42.3018821297804
72.75,42.3018821297804
72.7595329904491,42.3018821297808
72.76,42.3018821297808
72.7695329904492,42.3018821297812
72.77,42.3018821297812
72.7795329904492,42.3018821297816
72.78,42.3018821297816
72.7895329904492,42.301882129782
72.79,42.301882129782
72.7995329904492,42.3018821297824
72.8,42.3018821297824
72.8095329904492,42.3018821297828
72.81,42.3018821297828
72.8195329904492,42.3018821297832
72.82,42.3018821297832
72.8295329904492,42.3018821297836
72.83,42.3018821297836
72.8395329904492,42.301882129784
72.84,42.301882129784
72.8495329904492,42.3018821297844
72.85,42.3018821297845
72.8595329904492,42.3018821297848
72.86,42.3018821297849
72.8695329904492,42.3018821297852
72.87,42.3018821297852
72.8795329904492,42.3018821297856
72.88,42.3018821297857
72.8895329904492,42.301882129786
72.89,42.3018821297861
72.8995329904492,42.3018821297864
72.9,42.3018821297865
72.9095329904492,42.3018821297868
72.91,42.3018821297869
72.9195329904492,42.3018821297872
72.92,42.3018821297873
72.9295329904492,42.3018821297876
72.93,42.3018821297877
72.9395329904492,42.301882129788
72.94,42.3018821297881
72.9495329904492,42.3018821297884
72.95,42.3018821297885
72.9595329904492,42.3018821297889
72.96,42.3018821297889
72.9695329904493,42.3018821297892
72.97,42.3018821297893
72.9795329904493,42.3018821297896
72.98,42.3018821297897
72.9895329904493,42.30188212979
72.99,42.3018821297901
72.9995329904493,42.3018821297904
73,42.3018821297905
73.0095329904493,42.3018821297908
73.01,42.3018821297909
73.0195329904493,42.3018821297913
73.02,42.3018821297913
73.0295329904493,42.3018821297916
73.03,42.3018821297917
73.0395329904493,42.301882129792
73.04,42.3018821297921
73.0495329904493,42.3018821297925
73.05,42.3018821297925
73.0595329904493,42.3018821297929
73.06,42.3018821297929
73.0695329904493,42.3018821297933
73.07,42.3018821297933
73.0795329904493,42.3018821297937
73.08,42.3018821297937
73.0895329904493,42.3018821297941
73.09,42.3018821297941
73.0995329904493,42.3018821297945
73.1,42.3018821297945
73.1095329904493,42.3018821297949
73.11,42.3018821297949
73.1195329904493,42.3018821297953
73.12,42.3018821297953
73.1295329904493,42.3018821297957
73.13,42.3018821297957
73.1395329904493,42.3018821297961
73.14,42.3018821297961
73.1495329904493,42.3018821297965
73.15,42.3018821297965
73.1595329904493,42.3018821297969
73.16,42.3018821297969
73.1695329904494,42.3018821297973
73.17,42.3018821297973
73.1795329904494,42.3018821297977
73.18,42.3018821297977
73.1895329904494,42.3018821297981
73.19,42.3018821297981
73.1995329904494,42.3018821297985
73.2,42.3018821297985
73.2095329904494,42.3018821297989
73.21,42.3018821297989
73.2195329904494,42.3018821297993
73.22,42.3018821297993
73.2295329904494,42.3018821297997
73.23,42.3018821297997
73.2395329904494,42.3018821298001
73.24,42.3018821298001
73.2495329904494,42.3018821298005
73.25,42.3018821298005
73.2595329904494,42.3018821298009
73.26,42.3018821298009
73.2695329904494,42.3018821298013
73.27,42.3018821298013
73.2795329904494,42.3018821298017
73.28,42.3018821298017
73.2895329904494,42.3018821298021
73.29,42.3018821298021
73.2995329904494,42.3018821298025
73.3,42.3018821298025
73.3095329904494,42.3018821298028
73.31,42.3018821298029
73.3195329904494,42.3018821298033
73.32,42.3018821298033
73.3295329904494,42.3018821298037
73.33,42.3018821298037
73.3395329904494,42.3018821298041
73.34,42.3018821298041
73.3495329904494,42.3018821298045
73.35,42.3018821298045
73.3595329904495,42.3018821298049
73.36,42.3018821298049
73.3695329904495,42.3018821298053
73.37,42.3018821298053
73.3795329904495,42.3018821298056
73.38,42.3018821298057
73.3895329904495,42.3018821298061
73.39,42.3018821298061
73.3995329904495,42.3018821298065
73.4,42.3018821298065
73.4095329904495,42.3018821298068
73.41,42.3018821298069
73.4195329904495,42.3018821298072
73.42,42.3018821298073
73.4295329904495,42.3018821298076
73.43,42.3018821298077
73.4395329904495,42.301882129808
73.44,42.3018821298081
73.4495329904495,42.3018821298084
73.45,42.3018821298085
73.4595329904495,42.3018821298088
73.46,42.3018821298089
73.4695329904495,42.3018821298092
73.47,42.3018821298093
73.4795329904495,42.3018821298096
73.48,42.3018821298097
73.4895329904495,42.30188212981
73.49,42.3018821298101
73.4995329904495,42.3018821298104
73.5,42.3018821298105
73.5095329904495,42.3018821298108
73.51,42.3018821298108
73.5195329904495,42.3018821298112
73.52,42.3018821298112
73.5295329904495,42.3018821298116
73.53,42.3018821298117
73.5395329904495,42.301882129812
73.54,42.301882129812
73.5495329904495,42.3018821298124
73.55,42.3018821298124
73.5595329904496,42.3018821298128
73.56,42.3018821298128
73.5695329904496,42.3018821298132
73.57,42.3018821298132
73.5795329904496,42.3018821298136
73.58,42.3018821298136
73.5895329904496,42.301882129814
73.59,42.301882129814
73.5995329904496,42.3018821298144
73.6,42.3018821298144
73.6095329904496,42.3018821298148
73.61,42.3018821298148
73.6195329904496,42.3018821298152
73.62,42.3018821298152
73.6295329904496,42.3018821298156
73.63,42.3018821298156
73.6395329904496,42.301882129816
73.64,42.301882129816
73.6495329904496,42.3018821298164
73.65,42.3018821298164
73.6595329904496,42.3018821298168
73.66,42.3018821298168
73.6695329904496,42.3018821298172
73.67,42.3018821298172
73.6795329904496,42.3018821298176
73.68,42.3018821298176
73.6895329904496,42.301882129818
73.69,42.301882129818
73.6995329904496,42.3018821298184
73.7,42.3018821298184
73.7095329904496,42.3018821298188
73.71,42.3018821298188
73.7195329904496,42.3018821298192
73.72,42.3018821298192
73.7295329904496,42.3018821298196
73.73,42.3018821298196
73.7395329904496,42.30188212982
73.74,42.30188212982
73.7495329904497,42.3018821298204
73.75,42.3018821298204
73.7595329904497,42.3018821298208
73.76,42.3018821298208
73.7695329904497,42.3018821298212
73.77,42.3018821298212
73.7795329904497,42.3018821298216
73.78,42.3018821298216
73.7895329904497,42.301882129822
73.79,42.301882129822
73.7995329904497,42.3018821298224
73.8,42.3018821298224
73.8095329904497,42.3018821298228
73.81,42.3018821298228
73.8195329904497,42.3018821298232
73.82,42.3018821298232
73.8295329904497,42.3018821298236
73.83,42.3018821298236
73.8395329904497,42.301882129824
73.84,42.301882129824
73.8495329904497,42.3018821298243
73.85,42.3018821298244
73.8595329904497,42.3018821298248
73.86,42.3018821298248
73.8695329904497,42.3018821298252
73.87,42.3018821298252
73.8795329904497,42.3018821298256
73.88,42.3018821298256
73.8895329904497,42.3018821298259
73.89,42.301882129826
73.8995329904497,42.3018821298263
73.9,42.3018821298264
73.9095329904497,42.3018821298267
73.91,42.3018821298268
73.9195329904497,42.3018821298271
73.92,42.3018821298272
73.9295329904497,42.3018821298275
73.93,42.3018821298276
73.9395329904497,42.3018821298279
73.94,42.3018821298279
73.9495329904498,42.3018821298283
73.95,42.3018821298283
73.9595329904498,42.3018821298287
73.96,42.3018821298287
73.9695329904498,42.3018821298291
73.97,42.3018821298291
73.9795329904498,42.3018821298295
73.98,42.3018821298295
73.9895329904498,42.3018821298299
73.99,42.3018821298299
73.9995329904498,42.3018821298303
74,42.3018821298303
74.0095329904498,42.3018821298307
74.01,42.3018821298307
74.0195329904498,42.3018821298311
74.02,42.3018821298311
74.0295329904498,42.3018821298315
74.03,42.3018821298315
74.0395329904498,42.3018821298319
74.04,42.3018821298319
74.0495329904498,42.3018821298323
74.05,42.3018821298323
74.0595329904498,42.3018821298327
74.06,42.3018821298327
74.0695329904498,42.3018821298331
74.07,42.3018821298331
74.0795329904498,42.3018821298335
74.08,42.3018821298335
74.0895329904498,42.3018821298339
74.09,42.3018821298339
74.0995329904498,42.3018821298343
74.1,42.3018821298343
74.1095329904498,42.3018821298347
74.11,42.3018821298347
74.1195329904498,42.3018821298351
74.12,42.3018821298351
74.1295329904498,42.3018821298355
74.13,42.3018821298355
74.1395329904499,42.3018821298359
74.14,42.3018821298359
74.1495329904499,42.3018821298363
74.15,42.3018821298363
74.1595329904499,42.3018821298366
74.16,42.3018821298367
74.1695329904499,42.301882129837
74.17,42.3018821298371
74.1795329904499,42.3018821298374
74.18,42.3018821298375
74.1895329904499,42.3018821298378
74.19,42.3018821298378
74.1995329904499,42.3018821298382
74.2,42.3018821298383
74.2095329904499,42.3018821298386
74.21,42.3018821298386
74.2195329904499,42.301882129839
74.22,42.301882129839
74.2295329904499,42.3018821298394
74.23,42.3018821298394
74.2395329904499,42.3018821298398
74.24,42.3018821298398
74.2495329904499,42.3018821298402
74.25,42.3018821298402
74.2595329904499,42.3018821298406
74.26,42.3018821298406
74.2695329904499,42.301882129841
74.27,42.301882129841
74.2795329904499,42.3018821298414
74.28,42.3018821298414
74.2895329904499,42.3018821298418
74.29,42.3018821298418
74.2995329904499,42.3018821298422
74.3,42.3018821298422
74.3095329904499,42.3018821298426
74.31,42.3018821298426
74.3195329904499,42.301882129843
74.32,42.301882129843
74.3295329904499,42.3018821298434
74.33,42.3018821298434
74.33953299045,42.3018821298438
74.34,42.3018821298438
74.34953299045,42.3018821298442
74.35,42.3018821298442
74.35953299045,42.3018821298446
74.36,42.3018821298446
74.36953299045,42.3018821298449
74.37,42.301882129845
74.37953299045,42.3018821298453
74.38,42.3018821298454
74.38953299045,42.3018821298457
74.39,42.3018821298458
74.39953299045,42.3018821298461
74.4,42.3018821298461
74.40953299045,42.3018821298465
74.41,42.3018821298465
74.41953299045,42.3018821298469
74.42,42.3018821298469
74.42953299045,42.3018821298473
74.43,42.3018821298473
74.43953299045,42.3018821298477
74.44,42.3018821298477
74.44953299045,42.3018821298481
74.45,42.3018821298481
74.45953299045,42.3018821298485
74.46,42.3018821298485
74.46953299045,42.3018821298489
74.47,42.3018821298489
74.47953299045,42.3018821298493
74.48,42.3018821298493
74.48953299045,42.3018821298497
74.49,42.3018821298497
74.49953299045,42.3018821298501
74.5,42.3018821298501
74.50953299045,42.3018821298505
74.51,42.3018821298505
74.51953299045,42.3018821298509
74.52,42.3018821298509
74.5295329904501,42.3018821298513
74.53,42.3018821298513
74.5395329904501,42.3018821298516
74.54,42.3018821298517
74.5495329904501,42.301882129852
74.55,42.301882129852
74.5595329904501,42.3018821298524
74.56,42.3018821298525
74.5695329904501,42.3018821298528
74.57,42.3018821298528
74.5795329904501,42.3018821298532
74.58,42.3018821298532
74.5895329904501,42.3018821298536
74.59,42.3018821298536
74.5995329904501,42.301882129854
74.6,42.301882129854
74.6095329904501,42.3018821298544
74.61,42.3018821298544
74.6195329904501,42.3018821298548
74.62,42.3018821298548
74.6295329904501,42.3018821298552
74.63,42.3018821298552
74.6395329904501,42.3018821298556
74.64,42.3018821298556
74.6495329904501,42.301882129856
74.65,42.301882129856
74.6595329904501,42.3018821298564
74.66,42.3018821298564
74.6695329904501,42.3018821298568
74.67,42.3018821298568
74.6795329904501,42.3018821298571
74.68,42.3018821298572
74.6895329904501,42.3018821298575
74.69,42.3018821298576
74.6995329904501,42.3018821298579
74.7,42.301882129858
74.7095329904501,42.3018821298583
74.71,42.3018821298583
74.7195329904501,42.3018821298587
74.72,42.3018821298587
74.7295329904502,42.3018821298591
74.73,42.3018821298591
74.7395329904502,42.3018821298595
74.74,42.3018821298595
74.7495329904502,42.3018821298599
74.75,42.3018821298599
74.7595329904502,42.3018821298603
74.76,42.3018821298603
74.7695329904502,42.3018821298607
74.77,42.3018821298607
74.7795329904502,42.3018821298611
74.78,42.3018821298611
74.7895329904502,42.3018821298615
74.79,42.3018821298615
74.7995329904502,42.3018821298619
74.8,42.3018821298619
74.8095329904502,42.3018821298623
74.81,42.3018821298623
74.8195329904502,42.3018821298626
74.82,42.3018821298627
74.8295329904502,42.301882129863
74.83,42.3018821298631
74.8395329904502,42.3018821298634
74.84,42.3018821298635
74.8495329904502,42.3018821298638
74.85,42.3018821298638
74.8595329904502,42.3018821298642
74.86,42.3018821298642
74.8695329904502,42.3018821298646
74.87,42.3018821298646
74.8795329904502,42.301882129865
74.88,42.301882129865
74.8895329904502,42.3018821298654
74.89,42.3018821298654
74.8995329904502,42.3018821298658
74.9,42.3018821298658
74.9095329904502,42.3018821298662
74.91,42.3018821298662
74.9195329904503,42.3018821298666
74.92,42.3018821298666
74.9295329904503,42.301882129867
74.93,42.301882129867
74.9395329904503,42.3018821298674
74.94,42.3018821298674
74.9495329904503,42.3018821298677
74.95,42.3018821298678
74.9595329904503,42.3018821298681
74.96,42.3018821298682
74.9695329904503,42.3018821298685
74.97,42.3018821298686
74.9795329904503,42.3018821298689
74.98,42.3018821298689
74.9895329904503,42.3018821298693
74.99,42.3018821298693
74.9995329904503,42.3018821298697
75,42.3018821298697
75.0095329904503,42.3018821298701
75.01,42.3018821298701
75.0195329904503,42.3018821298705
75.02,42.3018821298705
75.0295329904503,42.3018821298709
75.03,42.3018821298709
75.0395329904503,42.3018821298713
75.04,42.3018821298713
75.0495329904503,42.3018821298717
75.05,42.3018821298717
75.0595329904503,42.3018821298721
75.06,42.3018821298721
75.0695329904503,42.3018821298724
75.07,42.3018821298725
75.0795329904503,42.3018821298728
75.08,42.3018821298729
75.0895329904503,42.3018821298732
75.09,42.3018821298732
75.0995329904503,42.3018821298736
75.1,42.3018821298736
75.1095329904503,42.301882129874
75.11,42.301882129874
75.1195329904504,42.3018821298744
75.12,42.3018821298744
75.1295329904504,42.3018821298748
75.13,42.3018821298748
75.1395329904504,42.3018821298752
75.14,42.3018821298752
75.1495329904504,42.3018821298756
75.15,42.3018821298756
75.1595329904504,42.301882129876
75.16,42.301882129876
75.1695329904504,42.3018821298764
75.17,42.3018821298764
75.1795329904504,42.3018821298768
75.18,42.3018821298768
75.1895329904504,42.3018821298771
75.19,42.3018821298772
75.1995329904504,42.3018821298775
75.2,42.3018821298776
75.2095329904504,42.3018821298779
75.21,42.3018821298779
75.2195329904504,42.3018821298783
75.22,42.3018821298783
75.2295329904504,42.3018821298787
75.23,42.3018821298787
75.2395329904504,42.3018821298791
75.24,42.3018821298791
75.2495329904504,42.3018821298795
75.25,42.3018821298795
75.2595329904504,42.3018821298799
75.26,42.3018821298799
75.2695329904504,42.3018821298803
75.27,42.3018821298803
75.2795329904504,42.3018821298807
75.28,42.3018821298807
75.2895329904504,42.3018821298811
75.29,42.3018821298811
75.2995329904504,42.3018821298814
75.3,42.3018821298815
75.3095329904504,42.3018821298818
75.31,42.3018821298819
75.3195329904505,42.3018821298822
75.32,42.3018821298822
75.3295329904505,42.3018821298826
75.33,42.3018821298826
75.3395329904505,42.301882129883
75.34,42.301882129883
75.3495329904505,42.3018821298834
75.35,42.3018821298834
75.3595329904505,42.3018821298838
75.36,42.3018821298838
75.3695329904505,42.3018821298842
75.37,42.3018821298842
75.3795329904505,42.3018821298846
75.38,42.3018821298846
75.3895329904505,42.301882129885
75.39,42.301882129885
75.3995329904505,42.3018821298853
75.4,42.3018821298854
75.4095329904505,42.3018821298857
75.41,42.3018821298858
75.4195329904505,42.3018821298861
75.42,42.3018821298861
75.4295329904505,42.3018821298865
75.43,42.3018821298865
75.4395329904505,42.3018821298869
75.44,42.3018821298869
75.4495329904505,42.3018821298873
75.45,42.3018821298873
75.4595329904505,42.3018821298877
75.46,42.3018821298877
75.4695329904505,42.3018821298881
75.47,42.3018821298881
75.4795329904505,42.3018821298885
75.48,42.3018821298885
75.4895329904505,42.3018821298888
75.49,42.3018821298889
75.4995329904505,42.3018821298892
75.5,42.3018821298893
75.5095329904506,42.3018821298896
75.51,42.3018821298897
75.5195329904506,42.30188212989
75.52,42.30188212989
75.5295329904506,42.3018821298904
75.53,42.3018821298904
75.5395329904506,42.3018821298908
75.54,42.3018821298908
75.5495329904506,42.3018821298912
75.55,42.3018821298912
75.5595329904506,42.3018821298916
75.56,42.3018821298916
75.5695329904506,42.301882129892
75.57,42.301882129892
75.5795329904506,42.3018821298924
75.58,42.3018821298924
75.5895329904506,42.3018821298928
75.59,42.3018821298928
75.5995329904506,42.3018821298931
75.6,42.3018821298932
75.6095329904506,42.3018821298935
75.61,42.3018821298935
75.6195329904506,42.3018821298939
75.62,42.3018821298939
75.6295329904506,42.3018821298943
75.63,42.3018821298943
75.6395329904506,42.3018821298947
75.64,42.3018821298947
75.6495329904506,42.3018821298951
75.65,42.3018821298951
75.6595329904506,42.3018821298955
75.66,42.3018821298955
75.6695329904506,42.3018821298959
75.67,42.3018821298959
75.6795329904506,42.3018821298962
75.68,42.3018821298963
75.6895329904506,42.3018821298966
75.69,42.3018821298967
75.6995329904506,42.301882129897
75.7,42.3018821298971
75.7095329904507,42.3018821298974
75.71,42.3018821298974
75.7195329904507,42.3018821298978
75.72,42.3018821298978
75.7295329904507,42.3018821298982
75.73,42.3018821298982
75.7395329904507,42.3018821298986
75.74,42.3018821298986
75.7495329904507,42.301882129899
75.75,42.301882129899
75.7595329904507,42.3018821298993
75.76,42.3018821298994
75.7695329904507,42.3018821298998
75.77,42.3018821298998
75.7795329904507,42.3018821299001
75.78,42.3018821299002
75.7895329904507,42.3018821299005
75.79,42.3018821299005
75.7995329904507,42.3018821299009
75.8,42.3018821299009
75.8095329904507,42.3018821299013
75.81,42.3018821299013
75.8195329904507,42.3018821299017
75.82,42.3018821299017
75.8295329904507,42.3018821299021
75.83,42.3018821299021
75.8395329904507,42.3018821299025
75.84,42.3018821299025
75.8495329904507,42.3018821299029
75.85,42.3018821299029
75.8595329904507,42.3018821299032
75.86,42.3018821299033
75.8695329904507,42.3018821299036
75.87,42.3018821299037
75.8795329904507,42.301882129904
75.88,42.301882129904
75.8895329904507,42.3018821299044
75.89,42.3018821299044
75.8995329904508,42.3018821299048
75.9,42.3018821299048
75.9095329904508,42.3018821299052
75.91,42.3018821299052
75.9195329904508,42.3018821299056
75.92,42.3018821299056
75.9295329904508,42.301882129906
75.93,42.301882129906
75.9395329904508,42.3018821299063
75.94,42.3018821299064
75.9495329904508,42.3018821299067
75.95,42.3018821299068
75.9595329904508,42.3018821299071
75.96,42.3018821299071
75.9695329904508,42.3018821299075
75.97,42.3018821299075
75.9795329904508,42.3018821299079
75.98,42.3018821299079
75.9895329904508,42.3018821299083
75.99,42.3018821299083
75.9995329904508,42.3018821299087
76,42.3018821299087
76.0095329904508,42.3018821299091
76.01,42.3018821299091
76.0195329904508,42.3018821299094
76.02,42.3018821299095
76.0295329904508,42.3018821299098
76.03,42.3018821299098
76.0395329904508,42.3018821299102
76.04,42.3018821299102
76.0495329904508,42.3018821299106
76.05,42.3018821299106
76.0595329904508,42.301882129911
76.06,42.301882129911
76.0695329904508,42.3018821299114
76.07,42.3018821299114
76.0795329904508,42.3018821299118
76.08,42.3018821299118
76.0895329904508,42.3018821299122
76.09,42.3018821299122
76.0995329904509,42.3018821299125
76.1,42.3018821299126
76.1095329904509,42.3018821299129
76.11,42.3018821299129
76.1195329904509,42.3018821299133
76.12,42.3018821299133
76.1295329904509,42.3018821299137
76.13,42.3018821299137
76.1395329904509,42.3018821299141
76.14,42.3018821299141
76.1495329904509,42.3018821299145
76.15,42.3018821299145
76.1595329904509,42.3018821299149
76.16,42.3018821299149
76.1695329904509,42.3018821299153
76.17,42.3018821299153
76.1795329904509,42.3018821299156
76.18,42.3018821299157
76.1895329904509,42.301882129916
76.19,42.301882129916
76.1995329904509,42.3018821299164
76.2,42.3018821299164
76.2095329904509,42.3018821299168
76.21,42.3018821299168
76.2195329904509,42.3018821299172
76.22,42.3018821299172
76.2295329904509,42.3018821299176
76.23,42.3018821299176
76.2395329904509,42.301882129918
76.24,42.301882129918
76.2495329904509,42.3018821299183
76.25,42.3018821299184
76.2595329904509,42.3018821299187
76.26,42.3018821299187
76.2695329904509,42.3018821299191
76.27,42.3018821299191
76.2795329904509,42.3018821299195
76.28,42.3018821299195
76.289532990451,42.3018821299199
76.29,42.3018821299199
76.299532990451,42.3018821299203
76.3,42.3018821299203
76.309532990451,42.3018821299207
76.31,42.3018821299207
76.319532990451,42.301882129921
76.32,42.3018821299211
76.329532990451,42.3018821299214
76.33,42.3018821299215
76.339532990451,42.3018821299218
76.34,42.3018821299218
76.349532990451,42.3018821299222
76.35,42.3018821299222
76.359532990451,42.3018821299226
76.36,42.3018821299226
76.369532990451,42.301882129923
76.37,42.301882129923
76.379532990451,42.3018821299234
76.38,42.3018821299234
76.389532990451,42.3018821299237
76.39,42.3018821299238
76.399532990451,42.3018821299241
76.4,42.3018821299242
76.409532990451,42.3018821299245
76.41,42.3018821299245
76.419532990451,42.3018821299249
76.42,42.3018821299249
76.429532990451,42.3018821299253
76.43,42.3018821299253
76.439532990451,42.3018821299257
76.44,42.3018821299257
76.449532990451,42.3018821299261
76.45,42.3018821299261
76.459532990451,42.3018821299264
76.46,42.3018821299265
76.469532990451,42.3018821299268
76.47,42.3018821299268
76.479532990451,42.3018821299272
76.48,42.3018821299272
76.4895329904511,42.3018821299276
76.49,42.3018821299276
76.4995329904511,42.301882129928
76.5,42.301882129928
76.5095329904511,42.3018821299284
76.51,42.3018821299284
76.5195329904511,42.3018821299288
76.52,42.3018821299288
76.5295329904511,42.3018821299291
76.53,42.3018821299292
76.5395329904511,42.3018821299295
76.54,42.3018821299295
76.5495329904511,42.3018821299299
76.55,42.3018821299299
76.5595329904511,42.3018821299303
76.56,42.3018821299303
76.5695329904511,42.3018821299307
76.57,42.3018821299307
76.5795329904511,42.3018821299311
76.58,42.3018821299311
76.5895329904511,42.3018821299315
76.59,42.3018821299315
76.5995329904511,42.3018821299318
76.6,42.3018821299318
76.6095329904511,42.3018821299322
76.61,42.3018821299322
76.6195329904511,42.3018821299326
76.62,42.3018821299326
76.6295329904511,42.301882129933
76.63,42.301882129933
76.6395329904511,42.3018821299334
76.64,42.3018821299334
76.6495329904511,42.3018821299338
76.65,42.3018821299338
76.6595329904511,42.3018821299341
76.66,42.3018821299342
76.6695329904511,42.3018821299345
76.67,42.3018821299345
76.6795329904512,42.3018821299349
76.68,42.3018821299349
76.6895329904512,42.3018821299353
76.69,42.3018821299353
76.6995329904512,42.3018821299357
76.7,42.3018821299357
76.7095329904512,42.3018821299361
76.71,42.3018821299361
76.7195329904512,42.3018821299365
76.72,42.3018821299365
76.7295329904512,42.3018821299368
76.73,42.3018821299369
76.7395329904512,42.3018821299372
76.74,42.3018821299372
76.7495329904512,42.3018821299376
76.75,42.3018821299376
76.7595329904512,42.301882129938
76.76,42.301882129938
76.7695329904512,42.3018821299384
76.77,42.3018821299384
76.7795329904512,42.3018821299388
76.78,42.3018821299388
76.7895329904512,42.3018821299391
76.79,42.3018821299392
76.7995329904512,42.3018821299395
76.8,42.3018821299395
76.8095329904512,42.3018821299399
76.81,42.3018821299399
76.8195329904512,42.3018821299403
76.82,42.3018821299403
76.8295329904512,42.3018821299407
76.83,42.3018821299407
76.8395329904512,42.3018821299411
76.84,42.3018821299411
76.8495329904512,42.3018821299415
76.85,42.3018821299415
76.8595329904512,42.3018821299418
76.86,42.3018821299419
76.8695329904512,42.3018821299422
76.87,42.3018821299422
76.8795329904513,42.3018821299426
76.88,42.3018821299426
76.8895329904513,42.301882129943
76.89,42.301882129943
76.8995329904513,42.3018821299434
76.9,42.3018821299434
76.9095329904513,42.3018821299437
76.91,42.3018821299438
76.9195329904513,42.3018821299441
76.92,42.3018821299442
76.9295329904513,42.3018821299445
76.93,42.3018821299445
76.9395329904513,42.3018821299449
76.94,42.3018821299449
76.9495329904513,42.3018821299453
76.95,42.3018821299453
76.9595329904513,42.3018821299457
76.96,42.3018821299457
76.9695329904513,42.301882129946
76.97,42.3018821299461
76.9795329904513,42.3018821299464
76.98,42.3018821299465
76.9895329904513,42.3018821299468
76.99,42.3018821299468
76.9995329904513,42.3018821299472
77,42.3018821299472
77.0095329904513,42.3018821299476
77.01,42.3018821299476
77.0195329904513,42.301882129948
77.02,42.301882129948
77.0295329904513,42.3018821299484
77.03,42.3018821299484
77.0395329904513,42.3018821299487
77.04,42.3018821299487
77.0495329904513,42.3018821299491
77.05,42.3018821299491
77.0595329904513,42.3018821299495
77.06,42.3018821299495
77.0695329904513,42.3018821299499
77.07,42.3018821299499
77.0795329904514,42.3018821299503
77.08,42.3018821299503
77.0895329904514,42.3018821299506
77.09,42.3018821299507
77.0995329904514,42.301882129951
77.1,42.301882129951
77.1095329904514,42.3018821299514
77.11,42.3018821299514
77.1195329904514,42.3018821299518
77.12,42.3018821299518
77.1295329904514,42.3018821299522
77.13,42.3018821299522
77.1395329904514,42.3018821299526
77.14,42.3018821299526
77.1495329904514,42.301882129953
77.15,42.301882129953
77.1595329904514,42.3018821299533
77.16,42.3018821299533
77.1695329904514,42.3018821299537
77.17,42.3018821299537
77.1795329904514,42.3018821299541
77.18,42.3018821299541
77.1895329904514,42.3018821299545
77.19,42.3018821299545
77.1995329904514,42.3018821299548
77.2,42.3018821299549
77.2095329904514,42.3018821299552
77.21,42.3018821299553
77.2195329904514,42.3018821299556
77.22,42.3018821299556
77.2295329904514,42.301882129956
77.23,42.301882129956
77.2395329904514,42.3018821299564
77.24,42.3018821299564
77.2495329904514,42.3018821299568
77.25,42.3018821299568
77.2595329904514,42.3018821299572
77.26,42.3018821299572
77.2695329904515,42.3018821299575
77.27,42.3018821299575
77.2795329904515,42.3018821299579
77.28,42.3018821299579
77.2895329904515,42.3018821299583
77.29,42.3018821299583
77.2995329904515,42.3018821299587
77.3,42.3018821299587
77.3095329904515,42.3018821299591
77.31,42.3018821299591
77.3195329904515,42.3018821299594
77.32,42.3018821299595
77.3295329904515,42.3018821299598
77.33,42.3018821299598
77.3395329904515,42.3018821299602
77.34,42.3018821299602
77.3495329904515,42.3018821299606
77.35,42.3018821299606
77.3595329904515,42.301882129961
77.36,42.301882129961
77.3695329904515,42.3018821299613
77.37,42.3018821299614
77.3795329904515,42.3018821299617
77.38,42.3018821299617
77.3895329904515,42.3018821299621
77.39,42.3018821299621
77.3995329904515,42.3018821299625
77.4,42.3018821299625
77.4095329904515,42.3018821299629
77.41,42.3018821299629
77.4195329904515,42.3018821299633
77.42,42.3018821299633
77.4295329904515,42.3018821299636
77.43,42.3018821299637
77.4395329904515,42.301882129964
77.44,42.301882129964
77.4495329904515,42.3018821299644
77.45,42.3018821299644
77.4595329904515,42.3018821299648
77.46,42.3018821299648
77.4695329904516,42.3018821299652
77.47,42.3018821299652
77.4795329904516,42.3018821299655
77.48,42.3018821299656
77.4895329904516,42.3018821299659
77.49,42.3018821299659
77.4995329904516,42.3018821299663
77.5,42.3018821299663
77.5095329904516,42.3018821299667
77.51,42.3018821299667
77.5195329904516,42.3018821299671
77.52,42.3018821299671
77.5295329904516,42.3018821299675
77.53,42.3018821299675
77.5395329904516,42.3018821299678
77.54,42.3018821299678
77.5495329904516,42.3018821299682
77.55,42.3018821299682
77.5595329904516,42.3018821299686
77.56,42.3018821299686
77.5695329904516,42.301882129969
77.57,42.301882129969
77.5795329904516,42.3018821299694
77.58,42.3018821299694
77.5895329904516,42.3018821299697
77.59,42.3018821299698
77.5995329904516,42.3018821299701
77.6,42.3018821299701
77.6095329904516,42.3018821299705
77.61,42.3018821299705
77.6195329904516,42.3018821299709
77.62,42.3018821299709
77.6295329904516,42.3018821299713
77.63,42.3018821299713
77.6395329904516,42.3018821299716
77.64,42.3018821299717
77.6495329904516,42.301882129972
77.65,42.301882129972
77.6595329904517,42.3018821299724
77.66,42.3018821299724
77.6695329904517,42.3018821299728
77.67,42.3018821299728
77.6795329904517,42.3018821299732
77.68,42.3018821299732
77.6895329904517,42.3018821299735
77.69,42.3018821299736
77.6995329904517,42.3018821299739
77.7,42.3018821299739
77.7095329904517,42.3018821299743
77.71,42.3018821299743
77.7195329904517,42.3018821299747
77.72,42.3018821299747
77.7295329904517,42.3018821299751
77.73,42.3018821299751
77.7395329904517,42.3018821299754
77.74,42.3018821299755
77.7495329904517,42.3018821299758
77.75,42.3018821299758
77.7595329904517,42.3018821299762
77.76,42.3018821299762
77.7695329904517,42.3018821299766
77.77,42.3018821299766
77.7795329904517,42.301882129977
77.78,42.301882129977
77.7895329904517,42.3018821299774
77.79,42.3018821299774
77.7995329904517,42.3018821299777
77.8,42.3018821299777
77.8095329904517,42.3018821299781
77.81,42.3018821299781
77.8195329904517,42.3018821299785
77.82,42.3018821299785
77.8295329904517,42.3018821299789
77.83,42.3018821299789
77.8395329904517,42.3018821299792
77.84,42.3018821299793
77.8495329904517,42.3018821299796
77.85,42.3018821299796
77.8595329904518,42.30188212998
77.86,42.30188212998
77.8695329904518,42.3018821299804
77.87,42.3018821299804
77.8795329904518,42.3018821299808
77.88,42.3018821299808
77.8895329904518,42.3018821299811
77.89,42.3018821299812
77.8995329904518,42.3018821299815
77.9,42.3018821299815
77.9095329904518,42.3018821299819
77.91,42.3018821299819
77.9195329904518,42.3018821299823
77.92,42.3018821299823
77.9295329904518,42.3018821299827
77.93,42.3018821299827
77.9395329904518,42.301882129983
77.94,42.301882129983
77.9495329904518,42.3018821299834
77.95,42.3018821299834
77.9595329904518,42.3018821299838
77.96,42.3018821299838
77.9695329904518,42.3018821299842
77.97,42.3018821299842
77.9795329904518,42.3018821299845
77.98,42.3018821299846
77.9895329904518,42.3018821299849
77.99,42.301882129985
77.9995329904518,42.3018821299853
78,42.3018821299853
78.0095329904518,42.3018821299857
78.01,42.3018821299857
78.0195329904518,42.3018821299861
78.02,42.3018821299861
78.0295329904518,42.3018821299865
78.03,42.3018821299865
78.0395329904518,42.3018821299868
78.04,42.3018821299869
78.0495329904519,42.3018821299872
78.05,42.3018821299872
78.0595329904519,42.3018821299876
78.06,42.3018821299876
78.0695329904519,42.301882129988
78.07,42.301882129988
78.0795329904519,42.3018821299883
78.08,42.3018821299884
78.0895329904519,42.3018821299887
78.09,42.3018821299887
78.0995329904519,42.3018821299891
78.1,42.3018821299891
78.1095329904519,42.3018821299895
78.11,42.3018821299895
78.1195329904519,42.3018821299899
78.12,42.3018821299899
78.1295329904519,42.3018821299903
78.13,42.3018821299903
78.1395329904519,42.3018821299906
78.14,42.3018821299906
78.1495329904519,42.301882129991
78.15,42.301882129991
78.1595329904519,42.3018821299914
78.16,42.3018821299914
78.1695329904519,42.3018821299918
78.17,42.3018821299918
78.1795329904519,42.3018821299921
78.18,42.3018821299922
78.1895329904519,42.3018821299925
78.19,42.3018821299925
78.1995329904519,42.3018821299929
78.2,42.3018821299929
78.2095329904519,42.3018821299933
78.21,42.3018821299933
78.2195329904519,42.3018821299937
78.22,42.3018821299937
78.2295329904519,42.301882129994
78.23,42.301882129994
78.2395329904519,42.3018821299944
78.24,42.3018821299944
78.249532990452,42.3018821299948
78.25,42.3018821299948
78.259532990452,42.3018821299952
78.26,42.3018821299952
78.269532990452,42.3018821299955
78.27,42.3018821299956
78.279532990452,42.3018821299959
78.28,42.3018821299959
78.289532990452,42.3018821299963
78.29,42.3018821299963
78.299532990452,42.3018821299967
78.3,42.3018821299967
78.309532990452,42.3018821299971
78.31,42.3018821299971
78.319532990452,42.3018821299974
78.32,42.3018821299974
78.329532990452,42.3018821299978
78.33,42.3018821299978
78.339532990452,42.3018821299982
78.34,42.3018821299982
78.349532990452,42.3018821299986
78.35,42.3018821299986
78.359532990452,42.3018821299989
78.36,42.301882129999
78.369532990452,42.3018821299993
78.37,42.3018821299993
78.379532990452,42.3018821299997
78.38,42.3018821299997
78.389532990452,42.3018821300001
78.39,42.3018821300001
78.399532990452,42.3018821300005
78.4,42.3018821300005
78.409532990452,42.3018821300008
78.41,42.3018821300008
78.419532990452,42.3018821300012
78.42,42.3018821300012
78.429532990452,42.3018821300016
78.43,42.3018821300016
78.4395329904521,42.301882130002
78.44,42.301882130002
78.4495329904521,42.3018821300023
78.45,42.3018821300024
78.4595329904521,42.3018821300027
78.46,42.3018821300027
78.4695329904521,42.3018821300031
78.47,42.3018821300031
78.4795329904521,42.3018821300035
78.48,42.3018821300035
78.4895329904521,42.3018821300039
78.49,42.3018821300039
78.4995329904521,42.3018821300042
78.5,42.3018821300042
78.5095329904521,42.3018821300046
78.51,42.3018821300046
78.5195329904521,42.301882130005
78.52,42.301882130005
78.5295329904521,42.3018821300054
78.53,42.3018821300054
78.5395329904521,42.3018821300057
78.54,42.3018821300058
78.5495329904521,42.3018821300061
78.55,42.3018821300061
78.5595329904521,42.3018821300065
78.56,42.3018821300065
78.5695329904521,42.3018821300069
78.57,42.3018821300069
78.5795329904521,42.3018821300072
78.58,42.3018821300073
78.5895329904521,42.3018821300076
78.59,42.3018821300076
78.5995329904521,42.301882130008
78.6,42.301882130008
78.6095329904521,42.3018821300084
78.61,42.3018821300084
78.6195329904521,42.3018821300087
78.62,42.3018821300088
78.6295329904521,42.3018821300091
78.63,42.3018821300091
78.6395329904522,42.3018821300095
78.64,42.3018821300095
78.6495329904522,42.3018821300099
78.65,42.3018821300099
78.6595329904522,42.3018821300102
78.66,42.3018821300103
78.6695329904522,42.3018821300106
78.67,42.3018821300106
78.6795329904522,42.301882130011
78.68,42.301882130011
78.6895329904522,42.3018821300114
78.69,42.3018821300114
78.6995329904522,42.3018821300118
78.7,42.3018821300118
78.7095329904522,42.3018821300121
78.71,42.3018821300122
78.7195329904522,42.3018821300125
78.72,42.3018821300125
78.7295329904522,42.3018821300129
78.73,42.3018821300129
78.7395329904522,42.3018821300133
78.74,42.3018821300133
78.7495329904522,42.3018821300136
78.75,42.3018821300137
78.7595329904522,42.301882130014
78.76,42.301882130014
78.7695329904522,42.3018821300144
78.77,42.3018821300144
78.7795329904522,42.3018821300148
78.78,42.3018821300148
78.7895329904522,42.3018821300152
78.79,42.3018821300152
78.7995329904522,42.3018821300155
78.8,42.3018821300155
78.8095329904522,42.3018821300159
78.81,42.3018821300159
78.8195329904522,42.3018821300163
78.82,42.3018821300163
78.8295329904523,42.3018821300167
78.83,42.3018821300167
78.8395329904523,42.301882130017
78.84,42.301882130017
78.8495329904523,42.3018821300174
78.85,42.3018821300174
78.8595329904523,42.3018821300178
78.86,42.3018821300178
78.8695329904523,42.3018821300182
78.87,42.3018821300182
78.8795329904523,42.3018821300185
78.88,42.3018821300185
78.8895329904523,42.3018821300189
78.89,42.3018821300189
78.8995329904523,42.3018821300193
78.9,42.3018821300193
78.9095329904523,42.3018821300197
78.91,42.3018821300197
78.9195329904523,42.30188213002
78.92,42.30188213002
78.9295329904523,42.3018821300204
78.93,42.3018821300204
78.9395329904523,42.3018821300208
78.94,42.3018821300208
78.9495329904523,42.3018821300212
78.95,42.3018821300212
78.9595329904523,42.3018821300215
78.96,42.3018821300215
78.9695329904523,42.3018821300219
78.97,42.3018821300219
78.9795329904523,42.3018821300223
78.98,42.3018821300223
78.9895329904523,42.3018821300227
78.99,42.3018821300227
78.9995329904523,42.301882130023
79,42.3018821300231
79.0095329904523,42.3018821300234
79.01,42.3018821300234
79.0195329904523,42.3018821300238
79.02,42.3018821300238
79.0295329904524,42.3018821300242
79.03,42.3018821300242
79.0395329904524,42.3018821300245
79.04,42.3018821300246
79.0495329904524,42.3018821300249
79.05,42.3018821300249
79.0595329904524,42.3018821300253
79.06,42.3018821300253
79.0695329904524,42.3018821300257
79.07,42.3018821300257
79.0795329904524,42.301882130026
79.08,42.3018821300261
79.0895329904524,42.3018821300264
79.09,42.3018821300264
79.0995329904524,42.3018821300268
79.1,42.3018821300268
79.1095329904524,42.3018821300272
79.11,42.3018821300272
79.1195329904524,42.3018821300275
79.12,42.3018821300276
79.1295329904524,42.3018821300279
79.13,42.3018821300279
79.1395329904524,42.3018821300283
79.14,42.3018821300283
79.1495329904524,42.3018821300287
79.15,42.3018821300287
79.1595329904524,42.301882130029
79.16,42.3018821300291
79.1695329904524,42.3018821300294
79.17,42.3018821300294
79.1795329904524,42.3018821300298
79.18,42.3018821300298
79.1895329904524,42.3018821300302
79.19,42.3018821300302
79.1995329904524,42.3018821300305
79.2,42.3018821300305
79.2095329904524,42.3018821300309
79.21,42.3018821300309
79.2195329904524,42.3018821300313
79.22,42.3018821300313
79.2295329904525,42.3018821300317
79.23,42.3018821300317
79.2395329904525,42.301882130032
79.24,42.301882130032
79.2495329904525,42.3018821300324
79.25,42.3018821300324
79.2595329904525,42.3018821300328
79.26,42.3018821300328
79.2695329904525,42.3018821300332
79.27,42.3018821300332
79.2795329904525,42.3018821300335
79.28,42.3018821300335
79.2895329904525,42.3018821300339
79.29,42.3018821300339
79.2995329904525,42.3018821300343
79.3,42.3018821300343
79.3095329904525,42.3018821300346
79.31,42.3018821300347
79.3195329904525,42.301882130035
79.32,42.301882130035
79.3295329904525,42.3018821300354
79.33,42.3018821300354
79.3395329904525,42.3018821300358
79.34,42.3018821300358
79.3495329904525,42.3018821300361
79.35,42.3018821300362
79.3595329904525,42.3018821300365
79.36,42.3018821300365
79.3695329904525,42.3018821300369
79.37,42.3018821300369
79.3795329904525,42.3018821300373
79.38,42.3018821300373
79.3895329904525,42.3018821300376
79.39,42.3018821300377
79.3995329904525,42.301882130038
79.4,42.301882130038
79.4095329904525,42.3018821300384
79.41,42.3018821300384
79.4195329904526,42.3018821300388
79.42,42.3018821300388
79.4295329904526,42.3018821300391
79.43,42.3018821300392
79.4395329904526,42.3018821300395
79.44,42.3018821300395
79.4495329904526,42.3018821300399
79.45,42.3018821300399
79.4595329904526,42.3018821300403
79.46,42.3018821300403
79.4695329904526,42.3018821300406
79.47,42.3018821300407
79.4795329904526,42.301882130041
79.48,42.301882130041
79.4895329904526,42.3018821300414
79.49,42.3018821300414
79.4995329904526,42.3018821300417
79.5,42.3018821300418
79.5095329904526,42.3018821300421
79.51,42.3018821300421
79.5195329904526,42.3018821300425
79.52,42.3018821300425
79.5295329904526,42.3018821300429
79.53,42.3018821300429
79.5395329904526,42.3018821300432
79.54,42.3018821300433
79.5495329904526,42.3018821300436
79.55,42.3018821300436
79.5595329904526,42.301882130044
79.56,42.301882130044
79.5695329904526,42.3018821300444
79.57,42.3018821300444
79.5795329904526,42.3018821300447
79.58,42.3018821300448
79.5895329904526,42.3018821300451
79.59,42.3018821300451
79.5995329904526,42.3018821300455
79.6,42.3018821300455
79.6095329904526,42.3018821300459
79.61,42.3018821300459
79.6195329904527,42.3018821300462
79.62,42.3018821300462
79.6295329904527,42.3018821300466
79.63,42.3018821300466
79.6395329904527,42.301882130047
79.64,42.301882130047
79.6495329904527,42.3018821300473
79.65,42.3018821300474
79.6595329904527,42.3018821300477
79.66,42.3018821300477
79.6695329904527,42.3018821300481
79.67,42.3018821300481
79.6795329904527,42.3018821300485
79.68,42.3018821300485
79.6895329904527,42.3018821300488
79.69,42.3018821300489
79.6995329904527,42.3018821300492
79.7,42.3018821300492
79.7095329904527,42.3018821300496
79.71,42.3018821300496
79.7195329904527,42.30188213005
79.72,42.30188213005
79.7295329904527,42.3018821300503
79.73,42.3018821300503
79.7395329904527,42.3018821300507
79.74,42.3018821300507
79.7495329904527,42.3018821300511
79.75,42.3018821300511
79.7595329904527,42.3018821300514
79.76,42.3018821300515
79.7695329904527,42.3018821300518
79.77,42.3018821300518
79.7795329904527,42.3018821300522
79.78,42.3018821300522
79.7895329904527,42.3018821300526
79.79,42.3018821300526
79.7995329904527,42.3018821300529
79.8,42.301882130053
79.8095329904528,42.3018821300533
79.81,42.3018821300533
79.8195329904528,42.3018821300537
79.82,42.3018821300537
79.8295329904528,42.3018821300541
79.83,42.3018821300541
79.8395329904528,42.3018821300544
79.84,42.3018821300544
79.8495329904528,42.3018821300548
79.85,42.3018821300548
79.8595329904528,42.3018821300552
79.86,42.3018821300552
79.8695329904528,42.3018821300555
79.87,42.3018821300556
79.8795329904528,42.3018821300559
79.88,42.3018821300559
79.8895329904528,42.3018821300563
79.89,42.3018821300563
79.8995329904528,42.3018821300567
79.9,42.3018821300567
79.9095329904528,42.301882130057
79.91,42.3018821300571
79.9195329904528,42.3018821300574
79.92,42.3018821300574
79.9295329904528,42.3018821300578
79.93,42.3018821300578
79.9395329904528,42.3018821300581
79.94,42.3018821300582
79.9495329904528,42.3018821300585
79.95,42.3018821300585
79.9595329904528,42.3018821300589
79.96,42.3018821300589
79.9695329904528,42.3018821300593
79.97,42.3018821300593
79.9795329904528,42.3018821300596
79.98,42.3018821300597
79.9895329904528,42.30188213006
79.99,42.30188213006
79.9995329904528,42.3018821300604
80,42.3018821300604
80.0095329904529,42.3018821300607
80.01,42.3018821300608
80.0195329904529,42.3018821300611
80.02,42.3018821300611
80.0295329904529,42.3018821300615
80.03,42.3018821300615
80.0395329904529,42.3018821300619
80.04,42.3018821300619
80.0495329904529,42.3018821300622
80.05,42.3018821300623
80.0595329904529,42.3018821300626
80.06,42.3018821300626
80.0695329904529,42.301882130063
80.07,42.301882130063
80.0795329904529,42.3018821300634
80.08,42.3018821300634
80.0895329904529,42.3018821300637
80.09,42.3018821300637
80.0995329904529,42.3018821300641
80.1,42.3018821300641
80.1095329904529,42.3018821300645
80.11,42.3018821300645
80.1195329904529,42.3018821300648
80.12,42.3018821300648
80.1295329904529,42.3018821300652
80.13,42.3018821300652
80.1395329904529,42.3018821300656
80.14,42.3018821300656
80.1495329904529,42.3018821300659
80.15,42.301882130066
80.1595329904529,42.3018821300663
80.16,42.3018821300663
80.1695329904529,42.3018821300667
80.17,42.3018821300667
80.1795329904529,42.3018821300671
80.18,42.3018821300671
80.1895329904529,42.3018821300674
80.19,42.3018821300674
80.199532990453,42.3018821300678
80.2,42.3018821300678
80.209532990453,42.3018821300682
80.21,42.3018821300682
80.219532990453,42.3018821300685
80.22,42.3018821300686
80.229532990453,42.3018821300689
80.23,42.3018821300689
80.239532990453,42.3018821300693
80.24,42.3018821300693
80.249532990453,42.3018821300696
80.25,42.3018821300697
80.259532990453,42.30188213007
80.26,42.30188213007
80.269532990453,42.3018821300704
80.27,42.3018821300704
80.279532990453,42.3018821300708
80.28,42.3018821300708
80.289532990453,42.3018821300711
80.29,42.3018821300711
80.299532990453,42.3018821300715
80.3,42.3018821300715
80.309532990453,42.3018821300719
80.31,42.3018821300719
80.319532990453,42.3018821300722
80.32,42.3018821300723
80.329532990453,42.3018821300726
80.33,42.3018821300726
80.339532990453,42.301882130073
80.34,42.301882130073
80.349532990453,42.3018821300734
80.35,42.3018821300734
80.359532990453,42.3018821300737
80.36,42.3018821300737
80.369532990453,42.3018821300741
80.37,42.3018821300741
80.379532990453,42.3018821300745
80.38,42.3018821300745
80.389532990453,42.3018821300748
80.39,42.3018821300749
80.3995329904531,42.3018821300752
80.4,42.3018821300752
80.4095329904531,42.3018821300756
80.41,42.3018821300756
80.4195329904531,42.3018821300759
80.42,42.301882130076
80.4295329904531,42.3018821300763
80.43,42.3018821300763
80.4395329904531,42.3018821300767
80.44,42.3018821300767
80.4495329904531,42.3018821300771
80.45,42.3018821300771
80.4595329904531,42.3018821300774
80.46,42.3018821300774
80.4695329904531,42.3018821300778
80.47,42.3018821300778
80.4795329904531,42.3018821300782
80.48,42.3018821300782
80.4895329904531,42.3018821300785
80.49,42.3018821300786
80.4995329904531,42.3018821300789
80.5,42.3018821300789
80.5095329904531,42.3018821300793
80.51,42.3018821300793
80.5195329904531,42.3018821300796
80.52,42.3018821300797
80.5295329904531,42.30188213008
80.53,42.30188213008
80.5395329904531,42.3018821300804
80.54,42.3018821300804
80.5495329904531,42.3018821300808
80.55,42.3018821300808
80.5595329904531,42.3018821300811
80.56,42.3018821300811
80.5695329904531,42.3018821300815
80.57,42.3018821300815
80.5795329904531,42.3018821300819
80.58,42.3018821300819
80.5895329904532,42.3018821300822
80.59,42.3018821300822
80.5995329904532,42.3018821300826
80.6,42.3018821300826
80.6095329904532,42.301882130083
80.61,42.301882130083
80.6195329904532,42.3018821300833
80.62,42.3018821300833
80.6295329904532,42.3018821300837
80.63,42.3018821300837
80.6395329904532,42.3018821300841
80.64,42.3018821300841
80.6495329904532,42.3018821300844
80.65,42.3018821300845
80.6595329904532,42.3018821300848
80.66,42.3018821300848
80.6695329904532,42.3018821300852
80.67,42.3018821300852
80.6795329904532,42.3018821300856
80.68,42.3018821300856
80.6895329904532,42.3018821300859
80.69,42.3018821300859
80.6995329904532,42.3018821300863
80.7,42.3018821300863
80.7095329904532,42.3018821300867
80.71,42.3018821300867
80.7195329904532,42.301882130087
80.72,42.301882130087
80.7295329904532,42.3018821300874
80.73,42.3018821300874
80.7395329904532,42.3018821300878
80.74,42.3018821300878
80.7495329904532,42.3018821300881
80.75,42.3018821300882
80.7595329904532,42.3018821300885
80.76,42.3018821300885
80.7695329904532,42.3018821300889
80.77,42.3018821300889
80.7795329904532,42.3018821300892
80.78,42.3018821300893
80.7895329904533,42.3018821300896
80.79,42.3018821300896
80.7995329904533,42.30188213009
80.8,42.30188213009
80.8095329904533,42.3018821300903
80.81,42.3018821300904
80.8195329904533,42.3018821300907
80.82,42.3018821300907
80.8295329904533,42.3018821300911
80.83,42.3018821300911
80.8395329904533,42.3018821300915
80.84,42.3018821300915
80.8495329904533,42.3018821300918
80.85,42.3018821300918
80.8595329904533,42.3018821300922
80.86,42.3018821300922
80.8695329904533,42.3018821300926
80.87,42.3018821300926
80.8795329904533,42.3018821300929
80.88,42.3018821300929
80.8895329904533,42.3018821300933
80.89,42.3018821300933
80.8995329904533,42.3018821300937
80.9,42.3018821300937
80.9095329904533,42.301882130094
80.91,42.3018821300941
80.9195329904533,42.3018821300944
80.92,42.3018821300944
80.9295329904533,42.3018821300948
80.93,42.3018821300948
80.9395329904533,42.3018821300951
80.94,42.3018821300952
80.9495329904533,42.3018821300955
80.95,42.3018821300955
80.9595329904533,42.3018821300959
80.96,42.3018821300959
80.9695329904533,42.3018821300962
80.97,42.3018821300963
80.9795329904534,42.3018821300966
80.98,42.3018821300966
80.9895329904534,42.301882130097
80.99,42.301882130097
80.9995329904534,42.3018821300973
81,42.3018821300974
81.0095329904534,42.3018821300977
81.01,42.3018821300977
81.0195329904534,42.3018821300981
81.02,42.3018821300981
81.0295329904534,42.3018821300984
81.03,42.3018821300985
81.0395329904534,42.3018821300988
81.04,42.3018821300988
81.0495329904534,42.3018821300992
81.05,42.3018821300992
81.0595329904534,42.3018821300995
81.06,42.3018821300996
81.0695329904534,42.3018821300999
81.07,42.3018821300999
81.0795329904534,42.3018821301003
81.08,42.3018821301003
81.0895329904534,42.3018821301007
81.09,42.3018821301007
81.0995329904534,42.301882130101
81.1,42.301882130101
81.1095329904534,42.3018821301014
81.11,42.3018821301014
81.1195329904534,42.3018821301018
81.12,42.3018821301018
81.1295329904534,42.3018821301021
81.13,42.3018821301021
81.1395329904534,42.3018821301025
81.14,42.3018821301025
81.1495329904534,42.3018821301029
81.15,42.3018821301029
81.1595329904534,42.3018821301032
81.16,42.3018821301033
81.1695329904534,42.3018821301036
81.17,42.3018821301036
81.1795329904535,42.301882130104
81.18,42.301882130104
81.1895329904535,42.3018821301043
81.19,42.3018821301044
81.1995329904535,42.3018821301047
81.2,42.3018821301047
81.2095329904535,42.3018821301051
81.21,42.3018821301051
81.2195329904535,42.3018821301054
81.22,42.3018821301054
81.2295329904535,42.3018821301058
81.23,42.3018821301058
81.2395329904535,42.3018821301062
81.24,42.3018821301062
81.2495329904535,42.3018821301065
81.25,42.3018821301065
81.2595329904535,42.3018821301069
81.26,42.3018821301069
81.2695329904535,42.3018821301073
81.27,42.3018821301073
81.2795329904535,42.3018821301076
81.28,42.3018821301076
81.2895329904535,42.301882130108
81.29,42.301882130108
81.2995329904535,42.3018821301084
81.3,42.3018821301084
81.3095329904535,42.3018821301087
81.31,42.3018821301087
81.3195329904535,42.3018821301091
81.32,42.3018821301091
81.3295329904535,42.3018821301095
81.33,42.3018821301095
81.3395329904535,42.3018821301098
81.34,42.3018821301098
81.3495329904535,42.3018821301102
81.35,42.3018821301102
81.3595329904535,42.3018821301106
81.36,42.3018821301106
81.3695329904535,42.3018821301109
81.37,42.3018821301109
81.3795329904536,42.3018821301113
81.38,42.3018821301113
81.3895329904536,42.3018821301117
81.39,42.3018821301117
81.3995329904536,42.301882130112
81.4,42.3018821301121
81.4095329904536,42.3018821301124
81.41,42.3018821301124
81.4195329904536,42.3018821301128
81.42,42.3018821301128
81.4295329904536,42.3018821301131
81.43,42.3018821301132
81.4395329904536,42.3018821301135
81.44,42.3018821301135
81.4495329904536,42.3018821301139
81.45,42.3018821301139
81.4595329904536,42.3018821301142
81.46,42.3018821301143
81.4695329904536,42.3018821301146
81.47,42.3018821301146
81.4795329904536,42.301882130115
81.48,42.301882130115
81.4895329904536,42.3018821301153
81.49,42.3018821301153
81.4995329904536,42.3018821301157
81.5,42.3018821301157
81.5095329904536,42.3018821301161
81.51,42.3018821301161
81.5195329904536,42.3018821301164
81.52,42.3018821301164
81.5295329904536,42.3018821301168
81.53,42.3018821301168
81.5395329904536,42.3018821301171
81.54,42.3018821301172
81.5495329904536,42.3018821301175
81.55,42.3018821301175
81.5595329904536,42.3018821301179
81.56,42.3018821301179
81.5695329904537,42.3018821301183
81.57,42.3018821301183
81.5795329904537,42.3018821301186
81.58,42.3018821301186
81.5895329904537,42.301882130119
81.59,42.301882130119
81.5995329904537,42.3018821301194
81.6,42.3018821301194
81.6095329904537,42.3018821301197
81.61,42.3018821301197
81.6195329904537,42.3018821301201
81.62,42.3018821301201
81.6295329904537,42.3018821301204
81.63,42.3018821301205
81.6395329904537,42.3018821301208
81.64,42.3018821301208
81.6495329904537,42.3018821301212
81.65,42.3018821301212
81.6595329904537,42.3018821301215
81.66,42.3018821301216
81.6695329904537,42.3018821301219
81.67,42.3018821301219
81.6795329904537,42.3018821301223
81.68,42.3018821301223
81.6895329904537,42.3018821301226
81.69,42.3018821301227
81.6995329904537,42.301882130123
81.7,42.301882130123
81.7095329904537,42.3018821301234
81.71,42.3018821301234
81.7195329904537,42.3018821301237
81.72,42.3018821301238
81.7295329904537,42.3018821301241
81.73,42.3018821301241
81.7395329904537,42.3018821301245
81.74,42.3018821301245
81.7495329904537,42.3018821301248
81.75,42.3018821301249
81.7595329904537,42.3018821301252
81.76,42.3018821301252
81.7695329904538,42.3018821301256
81.77,42.3018821301256
81.7795329904538,42.3018821301259
81.78,42.301882130126
81.7895329904538,42.3018821301263
81.79,42.3018821301263
81.7995329904538,42.3018821301267
81.8,42.3018821301267
81.8095329904538,42.301882130127
81.81,42.301882130127
81.8195329904538,42.3018821301274
81.82,42.3018821301274
81.8295329904538,42.3018821301278
81.83,42.3018821301278
81.8395329904538,42.3018821301281
81.84,42.3018821301281
81.8495329904538,42.3018821301285
81.85,42.3018821301285
81.8595329904538,42.3018821301289
81.86,42.3018821301289
81.8695329904538,42.3018821301292
81.87,42.3018821301292
81.8795329904538,42.3018821301296
81.88,42.3018821301296
81.8895329904538,42.3018821301299
81.89,42.30188213013
81.8995329904538,42.3018821301303
81.9,42.3018821301303
81.9095329904538,42.3018821301307
81.91,42.3018821301307
81.9195329904538,42.301882130131
81.92,42.3018821301311
81.9295329904538,42.3018821301314
81.93,42.3018821301314
81.9395329904538,42.3018821301318
81.94,42.3018821301318
81.9495329904538,42.3018821301321
81.95,42.3018821301321
81.9595329904539,42.3018821301325
81.96,42.3018821301325
81.9695329904539,42.3018821301329
81.97,42.3018821301329
81.9795329904539,42.3018821301332
81.98,42.3018821301332
81.9895329904539,42.3018821301336
81.99,42.3018821301336
81.9995329904539,42.301882130134
82,42.301882130134
82.0095329904539,42.3018821301343
82.01,42.3018821301343
82.0195329904539,42.3018821301347
82.02,42.3018821301347
82.0295329904539,42.3018821301351
82.03,42.3018821301351
82.0395329904539,42.3018821301354
82.04,42.3018821301354
82.0495329904539,42.3018821301358
82.05,42.3018821301358
82.0595329904539,42.3018821301361
82.06,42.3018821301362
82.0695329904539,42.3018821301365
82.07,42.3018821301365
82.0795329904539,42.3018821301369
82.08,42.3018821301369
82.0895329904539,42.3018821301372
82.09,42.3018821301373
82.0995329904539,42.3018821301376
82.1,42.3018821301376
82.1095329904539,42.301882130138
82.11,42.301882130138
82.1195329904539,42.3018821301383
82.12,42.3018821301383
82.1295329904539,42.3018821301387
82.13,42.3018821301387
82.1395329904539,42.3018821301391
82.14,42.3018821301391
82.1495329904539,42.3018821301394
82.15,42.3018821301394
82.159532990454,42.3018821301398
82.16,42.3018821301398
82.169532990454,42.3018821301402
82.17,42.3018821301402
82.179532990454,42.3018821301405
82.18,42.3018821301405
82.189532990454,42.3018821301409
82.19,42.3018821301409
82.199532990454,42.3018821301412
82.2,42.3018821301413
82.209532990454,42.3018821301416
82.21,42.3018821301416
82.219532990454,42.301882130142
82.22,42.301882130142
82.229532990454,42.3018821301423
82.23,42.3018821301423
82.239532990454,42.3018821301427
82.24,42.3018821301427
82.249532990454,42.301882130143
82.25,42.3018821301431
82.259532990454,42.3018821301434
82.26,42.3018821301434
82.269532990454,42.3018821301438
82.27,42.3018821301438
82.279532990454,42.3018821301441
82.28,42.3018821301442
82.289532990454,42.3018821301445
82.29,42.3018821301445
82.299532990454,42.3018821301449
82.3,42.3018821301449
82.309532990454,42.3018821301452
82.31,42.3018821301453
82.319532990454,42.3018821301456
82.32,42.3018821301456
82.329532990454,42.301882130146
82.33,42.301882130146
82.339532990454,42.3018821301463
82.34,42.3018821301463
82.3495329904541,42.3018821301467
82.35,42.3018821301467
82.3595329904541,42.3018821301471
82.36,42.3018821301471
82.3695329904541,42.3018821301474
82.37,42.3018821301474
82.3795329904541,42.3018821301478
82.38,42.3018821301478
82.3895329904541,42.3018821301481
82.39,42.3018821301482
82.3995329904541,42.3018821301485
82.4,42.3018821301485
82.4095329904541,42.3018821301489
82.41,42.3018821301489
82.4195329904541,42.3018821301492
82.42,42.3018821301492
82.4295329904541,42.3018821301496
82.43,42.3018821301496
82.4395329904541,42.30188213015
82.44,42.30188213015
82.4495329904541,42.3018821301503
82.45,42.3018821301503
82.4595329904541,42.3018821301507
82.46,42.3018821301507
82.4695329904541,42.301882130151
82.47,42.3018821301511
82.4795329904541,42.3018821301514
82.48,42.3018821301514
82.4895329904541,42.3018821301518
82.49,42.3018821301518
82.4995329904541,42.3018821301521
82.5,42.3018821301522
82.5095329904541,42.3018821301525
82.51,42.3018821301525
82.5195329904541,42.3018821301529
82.52,42.3018821301529
82.5295329904541,42.3018821301532
82.53,42.3018821301532
82.5395329904541,42.3018821301536
82.54,42.3018821301536
82.5495329904542,42.301882130154
82.55,42.301882130154
82.5595329904542,42.3018821301543
82.56,42.3018821301543
82.5695329904542,42.3018821301547
82.57,42.3018821301547
82.5795329904542,42.301882130155
82.58,42.3018821301551
82.5895329904542,42.3018821301554
82.59,42.3018821301554
82.5995329904542,42.3018821301558
82.6,42.3018821301558
82.6095329904542,42.3018821301561
82.61,42.3018821301561
82.6195329904542,42.3018821301565
82.62,42.3018821301565
82.6295329904542,42.3018821301568
82.63,42.3018821301569
82.6395329904542,42.3018821301572
82.64,42.3018821301572
82.6495329904542,42.3018821301576
82.65,42.3018821301576
82.6595329904542,42.3018821301579
82.66,42.3018821301579
82.6695329904542,42.3018821301583
82.67,42.3018821301583
82.6795329904542,42.3018821301587
82.68,42.3018821301587
82.6895329904542,42.301882130159
82.69,42.301882130159
82.6995329904542,42.3018821301594
82.7,42.3018821301594
82.7095329904542,42.3018821301597
82.71,42.3018821301598
82.7195329904542,42.3018821301601
82.72,42.3018821301601
82.7295329904542,42.3018821301605
82.73,42.3018821301605
82.7395329904543,42.3018821301608
82.74,42.3018821301609
82.7495329904543,42.3018821301612
82.75,42.3018821301612
82.7595329904543,42.3018821301616
82.76,42.3018821301616
82.7695329904543,42.3018821301619
82.77,42.3018821301619
82.7795329904543,42.3018821301623
82.78,42.3018821301623
82.7895329904543,42.3018821301626
82.79,42.3018821301627
82.7995329904543,42.301882130163
82.8,42.301882130163
82.8095329904543,42.3018821301634
82.81,42.3018821301634
82.8195329904543,42.3018821301637
82.82,42.3018821301637
82.8295329904543,42.3018821301641
82.83,42.3018821301641
82.8395329904543,42.3018821301645
82.84,42.3018821301645
82.8495329904543,42.3018821301648
82.85,42.3018821301648
82.8595329904543,42.3018821301652
82.86,42.3018821301652
82.8695329904543,42.3018821301655
82.87,42.3018821301656
82.8795329904543,42.3018821301659
82.88,42.3018821301659
82.8895329904543,42.3018821301663
82.89,42.3018821301663
82.8995329904543,42.3018821301666
82.9,42.3018821301666
82.9095329904543,42.301882130167
82.91,42.301882130167
82.9195329904543,42.3018821301673
82.92,42.3018821301674
82.9295329904543,42.3018821301677
82.93,42.3018821301677
82.9395329904544,42.3018821301681
82.94,42.3018821301681
82.9495329904544,42.3018821301684
82.95,42.3018821301684
82.9595329904544,42.3018821301688
82.96,42.3018821301688
82.9695329904544,42.3018821301691
82.97,42.3018821301692
82.9795329904544,42.3018821301695
82.98,42.3018821301695
82.9895329904544,42.3018821301699
82.99,42.3018821301699
82.9995329904544,42.3018821301702
83,42.3018821301702
83.0095329904544,42.3018821301706
83.01,42.3018821301706
83.0195329904544,42.301882130171
83.02,42.301882130171
83.0295329904544,42.3018821301713
83.03,42.3018821301713
83.0395329904544,42.3018821301717
83.04,42.3018821301717
83.0495329904544,42.301882130172
83.05,42.3018821301721
83.0595329904544,42.3018821301724
83.06,42.3018821301724
83.0695329904544,42.3018821301728
83.07,42.3018821301728
83.0795329904544,42.3018821301731
83.08,42.3018821301731
83.0895329904544,42.3018821301735
83.09,42.3018821301735
83.0995329904544,42.3018821301738
83.1,42.3018821301739
83.1095329904544,42.3018821301742
83.11,42.3018821301742
83.1195329904544,42.3018821301746
83.12,42.3018821301746
83.1295329904545,42.3018821301749
83.13,42.3018821301749
83.1395329904545,42.3018821301753
83.14,42.3018821301753
83.1495329904545,42.3018821301756
83.15,42.3018821301757
83.1595329904545,42.301882130176
83.16,42.301882130176
83.1695329904545,42.3018821301764
83.17,42.3018821301764
83.1795329904545,42.3018821301767
83.18,42.3018821301767
83.1895329904545,42.3018821301771
83.19,42.3018821301771
83.1995329904545,42.3018821301774
83.2,42.3018821301775
83.2095329904545,42.3018821301778
83.21,42.3018821301778
83.2195329904545,42.3018821301782
83.22,42.3018821301782
83.2295329904545,42.3018821301785
83.23,42.3018821301785
83.2395329904545,42.3018821301789
83.24,42.3018821301789
83.2495329904545,42.3018821301792
83.25,42.3018821301793
83.2595329904545,42.3018821301796
83.26,42.3018821301796
83.2695329904545,42.30188213018
83.27,42.30188213018
83.2795329904545,42.3018821301803
83.28,42.3018821301803
83.2895329904545,42.3018821301807
83.29,42.3018821301807
83.2995329904545,42.301882130181
83.3,42.3018821301811
83.3095329904545,42.3018821301814
83.31,42.3018821301814
83.3195329904545,42.3018821301818
83.32,42.3018821301818
83.3295329904546,42.3018821301821
83.33,42.3018821301821
83.3395329904546,42.3018821301825
83.34,42.3018821301825
83.3495329904546,42.3018821301828
83.35,42.3018821301829
83.3595329904546,42.3018821301832
83.36,42.3018821301832
83.3695329904546,42.3018821301836
83.37,42.3018821301836
83.3795329904546,42.3018821301839
83.38,42.3018821301839
83.3895329904546,42.3018821301843
83.39,42.3018821301843
83.3995329904546,42.3018821301846
83.4,42.3018821301847
83.4095329904546,42.301882130185
83.41,42.301882130185
83.4195329904546,42.3018821301854
83.42,42.3018821301854
83.4295329904546,42.3018821301857
83.43,42.3018821301857
83.4395329904546,42.3018821301861
83.44,42.3018821301861
83.4495329904546,42.3018821301864
83.45,42.3018821301865
83.4595329904546,42.3018821301868
83.46,42.3018821301868
83.4695329904546,42.3018821301872
83.47,42.3018821301872
83.4795329904546,42.3018821301875
83.48,42.3018821301875
83.4895329904546,42.3018821301879
83.49,42.3018821301879
83.4995329904546,42.3018821301882
83.5,42.3018821301883
83.5095329904546,42.3018821301886
83.51,42.3018821301886
83.5195329904546,42.301882130189
83.52,42.301882130189
83.5295329904547,42.3018821301893
83.53,42.3018821301893
83.5395329904547,42.3018821301897
83.54,42.3018821301897
83.5495329904547,42.30188213019
83.55,42.3018821301901
83.5595329904547,42.3018821301904
83.56,42.3018821301904
83.5695329904547,42.3018821301908
83.57,42.3018821301908
83.5795329904547,42.3018821301911
83.58,42.3018821301911
83.5895329904547,42.3018821301915
83.59,42.3018821301915
83.5995329904547,42.3018821301918
83.6,42.3018821301918
83.6095329904547,42.3018821301922
83.61,42.3018821301922
83.6195329904547,42.3018821301926
83.62,42.3018821301926
83.6295329904547,42.3018821301929
83.63,42.3018821301929
83.6395329904547,42.3018821301933
83.64,42.3018821301933
83.6495329904547,42.3018821301936
83.65,42.3018821301936
83.6595329904547,42.301882130194
83.66,42.301882130194
83.6695329904547,42.3018821301944
83.67,42.3018821301944
83.6795329904547,42.3018821301947
83.68,42.3018821301947
83.6895329904547,42.3018821301951
83.69,42.3018821301951
83.6995329904547,42.3018821301954
83.7,42.3018821301954
83.7095329904547,42.3018821301958
83.71,42.3018821301958
83.7195329904548,42.3018821301961
83.72,42.3018821301962
83.7295329904548,42.3018821301965
83.73,42.3018821301965
83.7395329904548,42.3018821301969
83.74,42.3018821301969
83.7495329904548,42.3018821301972
83.75,42.3018821301972
83.7595329904548,42.3018821301976
83.76,42.3018821301976
83.7695329904548,42.3018821301979
83.77,42.301882130198
83.7795329904548,42.3018821301983
83.78,42.3018821301983
83.7895329904548,42.3018821301987
83.79,42.3018821301987
83.7995329904548,42.301882130199
83.8,42.301882130199
83.8095329904548,42.3018821301994
83.81,42.3018821301994
83.8195329904548,42.3018821301997
83.82,42.3018821301997
83.8295329904548,42.3018821302001
83.83,42.3018821302001
83.8395329904548,42.3018821302004
83.84,42.3018821302005
83.8495329904548,42.3018821302008
83.85,42.3018821302008
83.8595329904548,42.3018821302012
83.86,42.3018821302012
83.8695329904548,42.3018821302015
83.87,42.3018821302015
83.8795329904548,42.3018821302019
83.88,42.3018821302019
83.8895329904548,42.3018821302022
83.89,42.3018821302023
83.8995329904548,42.3018821302026
83.9,42.3018821302026
83.9095329904548,42.301882130203
83.91,42.301882130203
83.9195329904549,42.3018821302033
83.92,42.3018821302033
83.9295329904549,42.3018821302037
83.93,42.3018821302037
83.9395329904549,42.301882130204
83.94,42.301882130204
83.9495329904549,42.3018821302044
83.95,42.3018821302044
83.9595329904549,42.3018821302047
83.96,42.3018821302048
83.9695329904549,42.3018821302051
83.97,42.3018821302051
83.9795329904549,42.3018821302055
83.98,42.3018821302055
83.9895329904549,42.3018821302058
83.99,42.3018821302058
83.9995329904549,42.3018821302062
84,42.3018821302062
84.0095329904549,42.3018821302065
84.01,42.3018821302066
84.0195329904549,42.3018821302069
84.02,42.3018821302069
84.0295329904549,42.3018821302073
84.03,42.3018821302073
84.0395329904549,42.3018821302076
84.04,42.3018821302076
84.0495329904549,42.301882130208
84.05,42.301882130208
84.0595329904549,42.3018821302083
84.06,42.3018821302083
84.0695329904549,42.3018821302087
84.07,42.3018821302087
84.0795329904549,42.301882130209
84.08,42.3018821302091
84.0895329904549,42.3018821302094
84.09,42.3018821302094
84.0995329904549,42.3018821302097
84.1,42.3018821302098
84.109532990455,42.3018821302101
84.11,42.3018821302101
84.119532990455,42.3018821302105
84.12,42.3018821302105
84.129532990455,42.3018821302108
84.13,42.3018821302108
84.139532990455,42.3018821302112
84.14,42.3018821302112
84.149532990455,42.3018821302115
84.15,42.3018821302116
84.159532990455,42.3018821302119
84.16,42.3018821302119
84.169532990455,42.3018821302123
84.17,42.3018821302123
84.179532990455,42.3018821302126
84.18,42.3018821302126
84.189532990455,42.301882130213
84.19,42.301882130213
84.199532990455,42.3018821302133
84.2,42.3018821302133
84.209532990455,42.3018821302137
84.21,42.3018821302137
84.219532990455,42.301882130214
84.22,42.3018821302141
84.229532990455,42.3018821302144
84.23,42.3018821302144
84.239532990455,42.3018821302148
84.24,42.3018821302148
84.249532990455,42.3018821302151
84.25,42.3018821302151
84.259532990455,42.3018821302155
84.26,42.3018821302155
84.269532990455,42.3018821302158
84.27,42.3018821302158
84.279532990455,42.3018821302162
84.28,42.3018821302162
84.289532990455,42.3018821302165
84.29,42.3018821302166
84.299532990455,42.3018821302169
84.3,42.3018821302169
84.3095329904551,42.3018821302173
84.31,42.3018821302173
84.3195329904551,42.3018821302176
84.32,42.3018821302176
84.3295329904551,42.301882130218
84.33,42.301882130218
84.3395329904551,42.3018821302183
84.34,42.3018821302183
84.3495329904551,42.3018821302187
84.35,42.3018821302187
84.3595329904551,42.301882130219
84.36,42.301882130219
84.3695329904551,42.3018821302194
84.37,42.3018821302194
84.3795329904551,42.3018821302198
84.38,42.3018821302198
84.3895329904551,42.3018821302201
84.39,42.3018821302201
84.3995329904551,42.3018821302205
84.4,42.3018821302205
84.4095329904551,42.3018821302208
84.41,42.3018821302208
84.4195329904551,42.3018821302212
84.42,42.3018821302212
84.4295329904551,42.3018821302215
84.43,42.3018821302215
84.4395329904551,42.3018821302219
84.44,42.3018821302219
84.4495329904551,42.3018821302222
84.45,42.3018821302223
84.4595329904551,42.3018821302226
84.46,42.3018821302226
84.4695329904551,42.3018821302229
84.47,42.301882130223
84.4795329904551,42.3018821302233
84.48,42.3018821302233
84.4895329904551,42.3018821302237
84.49,42.3018821302237
84.4995329904552,42.301882130224
84.5,42.301882130224
84.5095329904552,42.3018821302244
84.51,42.3018821302244
84.5195329904552,42.3018821302247
84.52,42.3018821302248
84.5295329904552,42.3018821302251
84.53,42.3018821302251
84.5395329904552,42.3018821302255
84.54,42.3018821302255
84.5495329904552,42.3018821302258
84.55,42.3018821302258
84.5595329904552,42.3018821302262
84.56,42.3018821302262
84.5695329904552,42.3018821302265
84.57,42.3018821302265
84.5795329904552,42.3018821302269
84.58,42.3018821302269
84.5895329904552,42.3018821302272
84.59,42.3018821302273
84.5995329904552,42.3018821302276
84.6,42.3018821302276
84.6095329904552,42.3018821302279
84.61,42.301882130228
84.6195329904552,42.3018821302283
84.62,42.3018821302283
84.6295329904552,42.3018821302287
84.63,42.3018821302287
84.6395329904552,42.301882130229
84.64,42.301882130229
84.6495329904552,42.3018821302294
84.65,42.3018821302294
84.6595329904552,42.3018821302297
84.66,42.3018821302297
84.6695329904552,42.3018821302301
84.67,42.3018821302301
84.6795329904552,42.3018821302304
84.68,42.3018821302305
84.6895329904552,42.3018821302308
84.69,42.3018821302308
84.6995329904553,42.3018821302311
84.7,42.3018821302312
84.7095329904553,42.3018821302315
84.71,42.3018821302315
84.7195329904553,42.3018821302319
84.72,42.3018821302319
84.7295329904553,42.3018821302322
84.73,42.3018821302322
84.7395329904553,42.3018821302326
84.74,42.3018821302326
84.7495329904553,42.3018821302329
84.75,42.3018821302329
84.7595329904553,42.3018821302333
84.76,42.3018821302333
84.7695329904553,42.3018821302336
84.77,42.3018821302337
84.7795329904553,42.301882130234
84.78,42.301882130234
84.7895329904553,42.3018821302344
84.79,42.3018821302344
84.7995329904553,42.3018821302347
84.8,42.3018821302347
84.8095329904553,42.3018821302351
84.81,42.3018821302351
84.8195329904553,42.3018821302354
84.82,42.3018821302354
84.8295329904553,42.3018821302358
84.83,42.3018821302358
84.8395329904553,42.3018821302361
84.84,42.3018821302361
84.8495329904553,42.3018821302365
84.85,42.3018821302365
84.8595329904553,42.3018821302368
84.86,42.3018821302369
84.8695329904553,42.3018821302372
84.87,42.3018821302372
84.8795329904553,42.3018821302375
84.88,42.3018821302376
84.8895329904554,42.3018821302379
84.89,42.3018821302379
84.8995329904554,42.3018821302383
84.9,42.3018821302383
84.9095329904554,42.3018821302386
84.91,42.3018821302386
84.9195329904554,42.301882130239
84.92,42.301882130239
84.9295329904554,42.3018821302393
84.93,42.3018821302393
84.9395329904554,42.3018821302397
84.94,42.3018821302397
84.9495329904554,42.30188213024
84.95,42.30188213024
84.9595329904554,42.3018821302404
84.96,42.3018821302404
84.9695329904554,42.3018821302407
84.97,42.3018821302408
84.9795329904554,42.3018821302411
84.98,42.3018821302411
84.9895329904554,42.3018821302415
84.99,42.3018821302415
84.9995329904554,42.3018821302418
85,42.3018821302418
85.0095329904554,42.3018821302422
85.01,42.3018821302422
85.0195329904554,42.3018821302425
85.02,42.3018821302425
85.0295329904554,42.3018821302429
85.03,42.3018821302429
85.0395329904554,42.3018821302432
85.04,42.3018821302432
85.0495329904554,42.3018821302436
85.05,42.3018821302436
85.0595329904554,42.3018821302439
85.06,42.3018821302439
85.0695329904554,42.3018821302443
85.07,42.3018821302443
85.0795329904554,42.3018821302446
85.08,42.3018821302446
85.0895329904555,42.301882130245
85.09,42.301882130245
85.0995329904555,42.3018821302453
85.1,42.3018821302454
85.1095329904555,42.3018821302457
85.11,42.3018821302457
85.1195329904555,42.3018821302461
85.12,42.3018821302461
85.1295329904555,42.3018821302464
85.13,42.3018821302464
85.1395329904555,42.3018821302468
85.14,42.3018821302468
85.1495329904555,42.3018821302471
85.15,42.3018821302471
85.1595329904555,42.3018821302475
85.16,42.3018821302475
85.1695329904555,42.3018821302478
85.17,42.3018821302478
85.1795329904555,42.3018821302482
85.18,42.3018821302482
85.1895329904555,42.3018821302485
85.19,42.3018821302486
85.1995329904555,42.3018821302489
85.2,42.3018821302489
85.2095329904555,42.3018821302492
85.21,42.3018821302493
85.2195329904555,42.3018821302496
85.22,42.3018821302496
85.2295329904555,42.30188213025
85.23,42.30188213025
85.2395329904555,42.3018821302503
85.24,42.3018821302503
85.2495329904555,42.3018821302507
85.25,42.3018821302507
85.2595329904555,42.301882130251
85.26,42.301882130251
85.2695329904555,42.3018821302514
85.27,42.3018821302514
85.2795329904556,42.3018821302517
85.28,42.3018821302517
85.2895329904556,42.3018821302521
85.29,42.3018821302521
85.2995329904556,42.3018821302524
85.3,42.3018821302525
85.3095329904556,42.3018821302528
85.31,42.3018821302528
85.3195329904556,42.3018821302531
85.32,42.3018821302532
85.3295329904556,42.3018821302535
85.33,42.3018821302535
85.3395329904556,42.3018821302538
85.34,42.3018821302539
85.3495329904556,42.3018821302542
85.35,42.3018821302542
85.3595329904556,42.3018821302546
85.36,42.3018821302546
85.3695329904556,42.3018821302549
85.37,42.3018821302549
85.3795329904556,42.3018821302553
85.38,42.3018821302553
85.3895329904556,42.3018821302556
85.39,42.3018821302556
85.3995329904556,42.301882130256
85.4,42.301882130256
85.4095329904556,42.3018821302563
85.41,42.3018821302563
85.4195329904556,42.3018821302567
85.42,42.3018821302567
85.4295329904556,42.301882130257
85.43,42.3018821302571
85.4395329904556,42.3018821302574
85.44,42.3018821302574
85.4495329904556,42.3018821302577
85.45,42.3018821302578
85.4595329904556,42.3018821302581
85.46,42.3018821302581
85.4695329904556,42.3018821302584
85.47,42.3018821302585
85.4795329904557,42.3018821302588
85.48,42.3018821302588
85.4895329904557,42.3018821302591
85.49,42.3018821302592
85.4995329904557,42.3018821302595
85.5,42.3018821302595
85.5095329904557,42.3018821302599
85.51,42.3018821302599
85.5195329904557,42.3018821302602
85.52,42.3018821302602
85.5295329904557,42.3018821302606
85.53,42.3018821302606
85.5395329904557,42.3018821302609
85.54,42.3018821302609
85.5495329904557,42.3018821302613
85.55,42.3018821302613
85.5595329904557,42.3018821302616
85.56,42.3018821302616
85.5695329904557,42.301882130262
85.57,42.301882130262
85.5795329904557,42.3018821302623
85.58,42.3018821302623
85.5895329904557,42.3018821302627
85.59,42.3018821302627
85.5995329904557,42.301882130263
85.6,42.3018821302631
85.6095329904557,42.3018821302634
85.61,42.3018821302634
85.6195329904557,42.3018821302637
85.62,42.3018821302638
85.6295329904557,42.3018821302641
85.63,42.3018821302641
85.6395329904557,42.3018821302644
85.64,42.3018821302645
85.6495329904557,42.3018821302648
85.65,42.3018821302648
85.6595329904557,42.3018821302651
85.66,42.3018821302652
85.6695329904557,42.3018821302655
85.67,42.3018821302655
85.6795329904558,42.3018821302659
85.68,42.3018821302659
85.6895329904558,42.3018821302662
85.69,42.3018821302662
85.6995329904558,42.3018821302666
85.7,42.3018821302666
85.7095329904558,42.3018821302669
85.71,42.3018821302669
85.7195329904558,42.3018821302673
85.72,42.3018821302673
85.7295329904558,42.3018821302676
85.73,42.3018821302676
85.7395329904558,42.301882130268
85.74,42.301882130268
85.7495329904558,42.3018821302683
85.75,42.3018821302683
85.7595329904558,42.3018821302687
85.76,42.3018821302687
85.7695329904558,42.301882130269
85.77,42.301882130269
85.7795329904558,42.3018821302694
85.78,42.3018821302694
85.7895329904558,42.3018821302697
85.79,42.3018821302697
85.7995329904558,42.3018821302701
85.8,42.3018821302701
85.8095329904558,42.3018821302704
85.81,42.3018821302705
85.8195329904558,42.3018821302708
85.82,42.3018821302708
85.8295329904558,42.3018821302711
85.83,42.3018821302712
85.8395329904558,42.3018821302715
85.84,42.3018821302715
85.8495329904558,42.3018821302719
85.85,42.3018821302719
85.8595329904558,42.3018821302722
85.86,42.3018821302722
85.8695329904559,42.3018821302726
85.87,42.3018821302726
85.8795329904559,42.3018821302729
85.88,42.3018821302729
85.8895329904559,42.3018821302733
85.89,42.3018821302733
85.8995329904559,42.3018821302736
85.9,42.3018821302736
85.9095329904559,42.301882130274
85.91,42.301882130274
85.9195329904559,42.3018821302743
85.92,42.3018821302743
85.9295329904559,42.3018821302747
85.93,42.3018821302747
85.9395329904559,42.301882130275
85.94,42.301882130275
85.9495329904559,42.3018821302754
85.95,42.3018821302754
85.9595329904559,42.3018821302757
85.96,42.3018821302757
85.9695329904559,42.3018821302761
85.97,42.3018821302761
85.9795329904559,42.3018821302764
85.98,42.3018821302764
85.9895329904559,42.3018821302768
85.99,42.3018821302768
85.9995329904559,42.3018821302771
86,42.3018821302771
86.0095329904559,42.3018821302775
86.01,42.3018821302775
86.0195329904559,42.3018821302778
86.02,42.3018821302778
86.0295329904559,42.3018821302782
86.03,42.3018821302782
86.0395329904559,42.3018821302785
86.04,42.3018821302786
86.0495329904559,42.3018821302789
86.05,42.3018821302789
86.0595329904559,42.3018821302792
86.06,42.3018821302793
86.069532990456,42.3018821302796
86.07,42.3018821302796
86.079532990456,42.3018821302799
86.08,42.30188213028
86.089532990456,42.3018821302803
86.09,42.3018821302803
86.099532990456,42.3018821302806
86.1,42.3018821302807
86.109532990456,42.301882130281
86.11,42.301882130281
86.119532990456,42.3018821302813
86.12,42.3018821302814
86.129532990456,42.3018821302817
86.13,42.3018821302817
86.139532990456,42.3018821302821
86.14,42.3018821302821
86.149532990456,42.3018821302824
86.15,42.3018821302824
86.159532990456,42.3018821302828
86.16,42.3018821302828
86.169532990456,42.3018821302831
86.17,42.3018821302831
86.179532990456,42.3018821302835
86.18,42.3018821302835
86.189532990456,42.3018821302838
86.19,42.3018821302838
86.199532990456,42.3018821302842
86.2,42.3018821302842
86.209532990456,42.3018821302845
86.21,42.3018821302845
86.219532990456,42.3018821302849
86.22,42.3018821302849
86.229532990456,42.3018821302852
86.23,42.3018821302852
86.239532990456,42.3018821302856
86.24,42.3018821302856
86.249532990456,42.3018821302859
86.25,42.3018821302859
86.2595329904561,42.3018821302863
86.26,42.3018821302863
86.2695329904561,42.3018821302866
86.27,42.3018821302866
86.2795329904561,42.301882130287
86.28,42.301882130287
86.2895329904561,42.3018821302873
86.29,42.3018821302873
86.2995329904561,42.3018821302877
86.3,42.3018821302877
86.3095329904561,42.301882130288
86.31,42.301882130288
86.3195329904561,42.3018821302884
86.32,42.3018821302884
86.3295329904561,42.3018821302887
86.33,42.3018821302887
86.3395329904561,42.3018821302891
86.34,42.3018821302891
86.3495329904561,42.3018821302894
86.35,42.3018821302894
86.3595329904561,42.3018821302898
86.36,42.3018821302898
86.3695329904561,42.3018821302901
86.37,42.3018821302901
86.3795329904561,42.3018821302905
86.38,42.3018821302905
86.3895329904561,42.3018821302908
86.39,42.3018821302908
86.3995329904561,42.3018821302912
86.4,42.3018821302912
86.4095329904561,42.3018821302915
86.41,42.3018821302916
86.4195329904561,42.3018821302919
86.42,42.3018821302919
86.4295329904561,42.3018821302922
86.43,42.3018821302922
86.4395329904561,42.3018821302926
86.44,42.3018821302926
86.4495329904561,42.3018821302929
86.45,42.301882130293
86.4595329904562,42.3018821302933
86.46,42.3018821302933
86.4695329904562,42.3018821302936
86.47,42.3018821302936
86.4795329904562,42.301882130294
86.48,42.301882130294
86.4895329904562,42.3018821302943
86.49,42.3018821302944
86.4995329904562,42.3018821302947
86.5,42.3018821302947
86.5095329904562,42.301882130295
86.51,42.301882130295
86.5195329904562,42.3018821302954
86.52,42.3018821302954
86.5295329904562,42.3018821302957
86.53,42.3018821302958
86.5395329904562,42.3018821302961
86.54,42.3018821302961
86.5495329904562,42.3018821302964
86.55,42.3018821302964
86.5595329904562,42.3018821302968
86.56,42.3018821302968
86.5695329904562,42.3018821302971
86.57,42.3018821302972
86.5795329904562,42.3018821302975
86.58,42.3018821302975
86.5895329904562,42.3018821302978
86.59,42.3018821302979
86.5995329904562,42.3018821302982
86.6,42.3018821302982
86.6095329904562,42.3018821302985
86.61,42.3018821302986
86.6195329904562,42.3018821302989
86.62,42.3018821302989
86.6295329904562,42.3018821302992
86.63,42.3018821302993
86.6395329904562,42.3018821302996
86.64,42.3018821302996
86.6495329904563,42.3018821302999
86.65,42.3018821303
86.6595329904563,42.3018821303003
86.66,42.3018821303003
86.6695329904563,42.3018821303006
86.67,42.3018821303006
86.6795329904563,42.301882130301
86.68,42.301882130301
86.6895329904563,42.3018821303013
86.69,42.3018821303013
86.6995329904563,42.3018821303017
86.7,42.3018821303017
86.7095329904563,42.301882130302
86.71,42.301882130302
86.7195329904563,42.3018821303024
86.72,42.3018821303024
86.7295329904563,42.3018821303027
86.73,42.3018821303027
86.7395329904563,42.3018821303031
86.74,42.3018821303031
86.7495329904563,42.3018821303034
86.75,42.3018821303035
86.7595329904563,42.3018821303038
86.76,42.3018821303038
86.7695329904563,42.3018821303041
86.77,42.3018821303042
86.7795329904563,42.3018821303045
86.78,42.3018821303045
86.7895329904563,42.3018821303048
86.79,42.3018821303048
86.7995329904563,42.3018821303052
86.8,42.3018821303052
86.8095329904563,42.3018821303055
86.81,42.3018821303055
86.8195329904563,42.3018821303059
86.82,42.3018821303059
86.8295329904563,42.3018821303062
86.83,42.3018821303062
86.8395329904563,42.3018821303066
86.84,42.3018821303066
86.8495329904564,42.3018821303069
86.85,42.3018821303069
86.8595329904564,42.3018821303073
86.86,42.3018821303073
86.8695329904564,42.3018821303076
86.87,42.3018821303076
86.8795329904564,42.301882130308
86.88,42.301882130308
86.8895329904564,42.3018821303083
86.89,42.3018821303083
86.8995329904564,42.3018821303087
86.9,42.3018821303087
86.9095329904564,42.301882130309
86.91,42.3018821303091
86.9195329904564,42.3018821303094
86.92,42.3018821303094
86.9295329904564,42.3018821303097
86.93,42.3018821303097
86.9395329904564,42.3018821303101
86.94,42.3018821303101
86.9495329904564,42.3018821303104
86.95,42.3018821303104
86.9595329904564,42.3018821303108
86.96,42.3018821303108
86.9695329904564,42.3018821303111
86.97,42.3018821303111
86.9795329904564,42.3018821303115
86.98,42.3018821303115
86.9895329904564,42.3018821303118
86.99,42.3018821303118
86.9995329904564,42.3018821303122
87,42.3018821303122
87.0095329904564,42.3018821303125
87.01,42.3018821303125
87.0195329904564,42.3018821303129
87.02,42.3018821303129
87.0295329904564,42.3018821303132
87.03,42.3018821303132
87.0395329904565,42.3018821303136
87.04,42.3018821303136
87.0495329904565,42.3018821303139
87.05,42.3018821303139
87.0595329904565,42.3018821303143
87.06,42.3018821303143
87.0695329904565,42.3018821303146
87.07,42.3018821303146
87.0795329904565,42.3018821303149
87.08,42.301882130315
87.0895329904565,42.3018821303153
87.09,42.3018821303153
87.0995329904565,42.3018821303157
87.1,42.3018821303157
87.1095329904565,42.301882130316
87.11,42.301882130316
87.1195329904565,42.3018821303163
87.12,42.3018821303164
87.1295329904565,42.3018821303167
87.13,42.3018821303167
87.1395329904565,42.3018821303171
87.14,42.3018821303171
87.1495329904565,42.3018821303174
87.15,42.3018821303174
87.1595329904565,42.3018821303177
87.16,42.3018821303178
87.1695329904565,42.3018821303181
87.17,42.3018821303181
87.1795329904565,42.3018821303184
87.18,42.3018821303185
87.1895329904565,42.3018821303188
87.19,42.3018821303188
87.1995329904565,42.3018821303191
87.2,42.3018821303192
87.2095329904565,42.3018821303195
87.21,42.3018821303195
87.2195329904565,42.3018821303198
87.22,42.3018821303198
87.2295329904565,42.3018821303202
87.23,42.3018821303202
87.2395329904566,42.3018821303205
87.24,42.3018821303205
87.2495329904566,42.3018821303209
87.25,42.3018821303209
87.2595329904566,42.3018821303212
87.26,42.3018821303212
87.2695329904566,42.3018821303216
87.27,42.3018821303216
87.2795329904566,42.3018821303219
87.28,42.3018821303219
87.2895329904566,42.3018821303223
87.29,42.3018821303223
87.2995329904566,42.3018821303226
87.3,42.3018821303226
87.3095329904566,42.301882130323
87.31,42.301882130323
87.3195329904566,42.3018821303233
87.32,42.3018821303233
87.3295329904566,42.3018821303237
87.33,42.3018821303237
87.3395329904566,42.301882130324
87.34,42.301882130324
87.3495329904566,42.3018821303244
87.35,42.3018821303244
87.3595329904566,42.3018821303247
87.36,42.3018821303247
87.3695329904566,42.301882130325
87.37,42.3018821303251
87.3795329904566,42.3018821303254
87.38,42.3018821303254
87.3895329904566,42.3018821303258
87.39,42.3018821303258
87.3995329904566,42.3018821303261
87.4,42.3018821303261
87.4095329904566,42.3018821303264
87.41,42.3018821303265
87.4195329904566,42.3018821303268
87.42,42.3018821303268
87.4295329904567,42.3018821303271
87.43,42.3018821303272
87.4395329904567,42.3018821303275
87.44,42.3018821303275
87.4495329904567,42.3018821303278
87.45,42.3018821303279
87.4595329904567,42.3018821303282
87.46,42.3018821303282
87.4695329904567,42.3018821303285
87.47,42.3018821303285
87.4795329904567,42.3018821303289
87.48,42.3018821303289
87.4895329904567,42.3018821303292
87.49,42.3018821303292
87.4995329904567,42.3018821303296
87.5,42.3018821303296
87.5095329904567,42.3018821303299
87.51,42.3018821303299
87.5195329904567,42.3018821303303
87.52,42.3018821303303
87.5295329904567,42.3018821303306
87.53,42.3018821303306
87.5395329904567,42.301882130331
87.54,42.301882130331
87.5495329904567,42.3018821303313
87.55,42.3018821303313
87.5595329904567,42.3018821303317
87.56,42.3018821303317
87.5695329904567,42.301882130332
87.57,42.301882130332
87.5795329904567,42.3018821303324
87.58,42.3018821303324
87.5895329904567,42.3018821303327
87.59,42.3018821303327
87.5995329904567,42.301882130333
87.6,42.3018821303331
87.6095329904567,42.3018821303334
87.61,42.3018821303334
87.6195329904567,42.3018821303337
87.62,42.3018821303338
87.6295329904568,42.3018821303341
87.63,42.3018821303341
87.6395329904568,42.3018821303344
87.64,42.3018821303344
87.6495329904568,42.3018821303348
87.65,42.3018821303348
87.6595329904568,42.3018821303351
87.66,42.3018821303352
87.6695329904568,42.3018821303355
87.67,42.3018821303355
87.6795329904568,42.3018821303358
87.68,42.3018821303358
87.6895329904568,42.3018821303362
87.69,42.3018821303362
87.6995329904568,42.3018821303365
87.7,42.3018821303365
87.7095329904568,42.3018821303369
87.71,42.3018821303369
87.7195329904568,42.3018821303372
87.72,42.3018821303372
87.7295329904568,42.3018821303376
87.73,42.3018821303376
87.7395329904568,42.3018821303379
87.74,42.3018821303379
87.7495329904568,42.3018821303383
87.75,42.3018821303383
87.7595329904568,42.3018821303386
87.76,42.3018821303386
87.7695329904568,42.3018821303389
87.77,42.301882130339
87.7795329904568,42.3018821303393
87.78,42.3018821303393
87.7895329904568,42.3018821303396
87.79,42.3018821303397
87.7995329904568,42.30188213034
87.8,42.30188213034
87.8095329904568,42.3018821303403
87.81,42.3018821303404
87.8195329904568,42.3018821303407
87.82,42.3018821303407
87.8295329904569,42.301882130341
87.83,42.301882130341
87.8395329904569,42.3018821303414
87.84,42.3018821303414
87.8495329904569,42.3018821303417
87.85,42.3018821303417
87.8595329904569,42.3018821303421
87.86,42.3018821303421
87.8695329904569,42.3018821303424
87.87,42.3018821303424
87.8795329904569,42.3018821303428
87.88,42.3018821303428
87.8895329904569,42.3018821303431
87.89,42.3018821303431
87.8995329904569,42.3018821303435
87.9,42.3018821303435
87.9095329904569,42.3018821303438
87.91,42.3018821303438
87.9195329904569,42.3018821303441
87.92,42.3018821303442
87.9295329904569,42.3018821303445
87.93,42.3018821303445
87.9395329904569,42.3018821303448
87.94,42.3018821303449
87.9495329904569,42.3018821303452
87.95,42.3018821303452
87.9595329904569,42.3018821303455
87.96,42.3018821303455
87.9695329904569,42.3018821303459
87.97,42.3018821303459
87.9795329904569,42.3018821303462
87.98,42.3018821303462
87.9895329904569,42.3018821303466
87.99,42.3018821303466
87.9995329904569,42.3018821303469
88,42.3018821303469
88.0095329904569,42.3018821303473
88.01,42.3018821303473
88.019532990457,42.3018821303476
88.02,42.3018821303476
88.029532990457,42.301882130348
88.03,42.301882130348
88.039532990457,42.3018821303483
88.04,42.3018821303483
88.049532990457,42.3018821303487
88.05,42.3018821303487
88.059532990457,42.301882130349
88.06,42.301882130349
88.069532990457,42.3018821303493
88.07,42.3018821303494
88.079532990457,42.3018821303497
88.08,42.3018821303497
88.089532990457,42.30188213035
88.09,42.3018821303501
88.099532990457,42.3018821303504
88.1,42.3018821303504
88.109532990457,42.3018821303507
88.11,42.3018821303507
88.119532990457,42.3018821303511
88.12,42.3018821303511
88.129532990457,42.3018821303514
88.13,42.3018821303514
88.139532990457,42.3018821303518
88.14,42.3018821303518
88.149532990457,42.3018821303521
88.15,42.3018821303521
88.159532990457,42.3018821303525
88.16,42.3018821303525
88.169532990457,42.3018821303528
88.17,42.3018821303528
88.179532990457,42.3018821303531
88.18,42.3018821303532
88.189532990457,42.3018821303535
88.19,42.3018821303535
88.199532990457,42.3018821303538
88.2,42.3018821303539
88.209532990457,42.3018821303542
88.21,42.3018821303542
88.2195329904571,42.3018821303545
88.22,42.3018821303545
88.2295329904571,42.3018821303549
88.23,42.3018821303549
88.2395329904571,42.3018821303552
88.24,42.3018821303552
88.2495329904571,42.3018821303556
88.25,42.3018821303556
88.2595329904571,42.3018821303559
88.26,42.3018821303559
88.2695329904571,42.3018821303563
88.27,42.3018821303563
88.2795329904571,42.3018821303566
88.28,42.3018821303566
88.2895329904571,42.301882130357
88.29,42.301882130357
88.2995329904571,42.3018821303573
88.3,42.3018821303573
88.3095329904571,42.3018821303576
88.31,42.3018821303577
88.3195329904571,42.301882130358
88.32,42.301882130358
88.3295329904571,42.3018821303583
88.33,42.3018821303584
88.3395329904571,42.3018821303587
88.34,42.3018821303587
88.3495329904571,42.301882130359
88.35,42.301882130359
88.3595329904571,42.3018821303594
88.36,42.3018821303594
88.3695329904571,42.3018821303597
88.37,42.3018821303597
88.3795329904571,42.3018821303601
88.38,42.3018821303601
88.3895329904571,42.3018821303604
88.39,42.3018821303604
88.3995329904571,42.3018821303607
88.4,42.3018821303608
88.4095329904572,42.3018821303611
88.41,42.3018821303611
88.4195329904572,42.3018821303614
88.42,42.3018821303614
88.4295329904572,42.3018821303618
88.43,42.3018821303618
88.4395329904572,42.3018821303621
88.44,42.3018821303621
88.4495329904572,42.3018821303625
88.45,42.3018821303625
88.4595329904572,42.3018821303628
88.46,42.3018821303628
88.4695329904572,42.3018821303632
88.47,42.3018821303632
88.4795329904572,42.3018821303635
88.48,42.3018821303635
88.4895329904572,42.3018821303639
88.49,42.3018821303639
88.4995329904572,42.3018821303642
88.5,42.3018821303642
88.5095329904572,42.3018821303645
88.51,42.3018821303646
88.5195329904572,42.3018821303649
88.52,42.3018821303649
88.5295329904572,42.3018821303652
88.53,42.3018821303653
88.5395329904572,42.3018821303656
88.54,42.3018821303656
88.5495329904572,42.3018821303659
88.55,42.3018821303659
88.5595329904572,42.3018821303663
88.56,42.3018821303663
88.5695329904572,42.3018821303666
88.57,42.3018821303666
88.5795329904572,42.3018821303669
88.58,42.301882130367
88.5895329904572,42.3018821303673
88.59,42.3018821303673
88.5995329904572,42.3018821303677
88.6,42.3018821303677
88.6095329904573,42.301882130368
88.61,42.301882130368
88.6195329904573,42.3018821303683
88.62,42.3018821303683
88.6295329904573,42.3018821303687
88.63,42.3018821303687
88.6395329904573,42.301882130369
88.64,42.301882130369
88.6495329904573,42.3018821303694
88.65,42.3018821303694
88.6595329904573,42.3018821303697
88.66,42.3018821303697
88.6695329904573,42.3018821303701
88.67,42.3018821303701
88.6795329904573,42.3018821303704
88.68,42.3018821303704
88.6895329904573,42.3018821303707
88.69,42.3018821303707
88.6995329904573,42.3018821303711
88.7,42.3018821303711
88.7095329904573,42.3018821303714
88.71,42.3018821303714
88.7195329904573,42.3018821303718
88.72,42.3018821303718
88.7295329904573,42.3018821303721
88.73,42.3018821303721
88.7395329904573,42.3018821303725
88.74,42.3018821303725
88.7495329904573,42.3018821303728
88.75,42.3018821303728
88.7595329904573,42.3018821303732
88.76,42.3018821303732
88.7695329904573,42.3018821303735
88.77,42.3018821303735
88.7795329904573,42.3018821303738
88.78,42.3018821303738
88.7895329904573,42.3018821303742
88.79,42.3018821303742
88.7995329904574,42.3018821303745
88.8,42.3018821303745
88.8095329904574,42.3018821303749
88.81,42.3018821303749
88.8195329904574,42.3018821303752
88.82,42.3018821303752
88.8295329904574,42.3018821303756
88.83,42.3018821303756
88.8395329904574,42.3018821303759
88.84,42.3018821303759
88.8495329904574,42.3018821303762
88.85,42.3018821303763
88.8595329904574,42.3018821303766
88.86,42.3018821303766
88.8695329904574,42.3018821303769
88.87,42.301882130377
88.8795329904574,42.3018821303773
88.88,42.3018821303773
88.8895329904574,42.3018821303776
88.89,42.3018821303776
88.8995329904574,42.301882130378
88.9,42.301882130378
88.9095329904574,42.3018821303783
88.91,42.3018821303783
88.9195329904574,42.3018821303787
88.92,42.3018821303787
88.9295329904574,42.301882130379
88.93,42.301882130379
88.9395329904574,42.3018821303793
88.94,42.3018821303794
88.9495329904574,42.3018821303797
88.95,42.3018821303797
88.9595329904574,42.30188213038
88.96,42.3018821303801
88.9695329904574,42.3018821303804
88.97,42.3018821303804
88.9795329904574,42.3018821303807
88.98,42.3018821303807
88.9895329904574,42.3018821303811
88.99,42.3018821303811
88.9995329904575,42.3018821303814
89,42.3018821303814
89.0095329904575,42.3018821303817
89.01,42.3018821303818
89.0195329904575,42.3018821303821
89.02,42.3018821303821
89.0295329904575,42.3018821303824
89.03,42.3018821303825
89.0395329904575,42.3018821303828
89.04,42.3018821303828
89.0495329904575,42.3018821303831
89.05,42.3018821303831
89.0595329904575,42.3018821303835
89.06,42.3018821303835
89.0695329904575,42.3018821303838
89.07,42.3018821303838
89.0795329904575,42.3018821303842
89.08,42.3018821303842
89.0895329904575,42.3018821303845
89.09,42.3018821303845
89.0995329904575,42.3018821303848
89.1,42.3018821303849
89.1095329904575,42.3018821303852
89.11,42.3018821303852
89.1195329904575,42.3018821303855
89.12,42.3018821303855
89.1295329904575,42.3018821303859
89.13,42.3018821303859
89.1395329904575,42.3018821303862
89.14,42.3018821303862
89.1495329904575,42.3018821303866
89.15,42.3018821303866
89.1595329904575,42.3018821303869
89.16,42.3018821303869
89.1695329904575,42.3018821303872
89.17,42.3018821303873
89.1795329904575,42.3018821303876
89.18,42.3018821303876
89.1895329904576,42.3018821303879
89.19,42.3018821303879
89.1995329904576,42.3018821303883
89.2,42.3018821303883
89.2095329904576,42.3018821303886
89.21,42.3018821303886
89.2195329904576,42.301882130389
89.22,42.301882130389
89.2295329904576,42.3018821303893
89.23,42.3018821303893
89.2395329904576,42.3018821303896
89.24,42.3018821303897
89.2495329904576,42.30188213039
89.25,42.30188213039
89.2595329904576,42.3018821303903
89.26,42.3018821303903
89.2695329904576,42.3018821303907
89.27,42.3018821303907
89.2795329904576,42.301882130391
89.28,42.301882130391
89.2895329904576,42.3018821303914
89.29,42.3018821303914
89.2995329904576,42.3018821303917
89.3,42.3018821303917
89.3095329904576,42.301882130392
89.31,42.3018821303921
89.3195329904576,42.3018821303924
89.32,42.3018821303924
89.3295329904576,42.3018821303927
89.33,42.3018821303927
89.3395329904576,42.3018821303931
89.34,42.3018821303931
89.3495329904576,42.3018821303934
89.35,42.3018821303934
89.3595329904576,42.3018821303938
89.36,42.3018821303938
89.3695329904576,42.3018821303941
89.37,42.3018821303941
89.3795329904576,42.3018821303944
89.38,42.3018821303945
89.3895329904577,42.3018821303948
89.39,42.3018821303948
89.3995329904577,42.3018821303951
89.4,42.3018821303951
89.4095329904577,42.3018821303955
89.41,42.3018821303955
89.4195329904577,42.3018821303958
89.42,42.3018821303958
89.4295329904577,42.3018821303962
89.43,42.3018821303962
89.4395329904577,42.3018821303965
89.44,42.3018821303965
89.4495329904577,42.3018821303968
89.45,42.3018821303969
89.4595329904577,42.3018821303972
89.46,42.3018821303972
89.4695329904577,42.3018821303975
89.47,42.3018821303975
89.4795329904577,42.3018821303979
89.48,42.3018821303979
89.4895329904577,42.3018821303982
89.49,42.3018821303982
89.4995329904577,42.3018821303986
89.5,42.3018821303986
89.5095329904577,42.3018821303989
89.51,42.3018821303989
89.5195329904577,42.3018821303992
89.52,42.3018821303993
89.5295329904577,42.3018821303996
89.53,42.3018821303996
89.5395329904577,42.3018821303999
89.54,42.3018821303999
89.5495329904577,42.3018821304003
89.55,42.3018821304003
89.5595329904577,42.3018821304006
89.56,42.3018821304006
89.5695329904577,42.301882130401
89.57,42.301882130401
89.5795329904577,42.3018821304013
89.58,42.3018821304013
89.5895329904578,42.3018821304016
89.59,42.3018821304017
89.5995329904578,42.301882130402
89.6,42.301882130402
89.6095329904578,42.3018821304023
89.61,42.3018821304023
89.6195329904578,42.3018821304027
89.62,42.3018821304027
89.6295329904578,42.301882130403
89.63,42.301882130403
89.6395329904578,42.3018821304033
89.64,42.3018821304034
89.6495329904578,42.3018821304037
89.65,42.3018821304037
89.6595329904578,42.301882130404
89.66,42.301882130404
89.6695329904578,42.3018821304044
89.67,42.3018821304044
89.6795329904578,42.3018821304047
89.68,42.3018821304047
89.6895329904578,42.3018821304051
89.69,42.3018821304051
89.6995329904578,42.3018821304054
89.7,42.3018821304054
89.7095329904578,42.3018821304057
89.71,42.3018821304057
89.7195329904578,42.3018821304061
89.72,42.3018821304061
89.7295329904578,42.3018821304064
89.73,42.3018821304064
89.7395329904578,42.3018821304068
89.74,42.3018821304068
89.7495329904578,42.3018821304071
89.75,42.3018821304071
89.7595329904578,42.3018821304074
89.76,42.3018821304075
89.7695329904578,42.3018821304078
89.77,42.3018821304078
89.7795329904579,42.3018821304081
89.78,42.3018821304081
89.7895329904579,42.3018821304085
89.79,42.3018821304085
89.7995329904579,42.3018821304088
89.8,42.3018821304088
89.8095329904579,42.3018821304092
89.81,42.3018821304092
89.8195329904579,42.3018821304095
89.82,42.3018821304095
89.8295329904579,42.3018821304098
89.83,42.3018821304099
89.8395329904579,42.3018821304102
89.84,42.3018821304102
89.8495329904579,42.3018821304105
89.85,42.3018821304105
89.8595329904579,42.3018821304109
89.86,42.3018821304109
89.8695329904579,42.3018821304112
89.87,42.3018821304112
89.8795329904579,42.3018821304115
89.88,42.3018821304116
89.8895329904579,42.3018821304119
89.89,42.3018821304119
89.8995329904579,42.3018821304122
89.9,42.3018821304122
89.9095329904579,42.3018821304126
89.91,42.3018821304126
89.9195329904579,42.3018821304129
89.92,42.3018821304129
89.9295329904579,42.3018821304132
89.93,42.3018821304133
89.9395329904579,42.3018821304136
89.94,42.3018821304136
89.9495329904579,42.3018821304139
89.95,42.3018821304139
89.9595329904579,42.3018821304143
89.96,42.3018821304143
89.9695329904579,42.3018821304146
89.97,42.3018821304146
89.979532990458,42.301882130415
89.98,42.301882130415
89.989532990458,42.3018821304153
89.99,42.3018821304153
89.999532990458,42.3018821304156
90,42.3018821304156
90.009532990458,42.301882130416
90.01,42.301882130416
90.019532990458,42.3018821304163
90.02,42.3018821304163
90.029532990458,42.3018821304167
90.03,42.3018821304167
90.039532990458,42.301882130417
90.04,42.301882130417
90.049532990458,42.3018821304173
90.05,42.3018821304174
90.059532990458,42.3018821304177
90.06,42.3018821304177
90.069532990458,42.301882130418
90.07,42.301882130418
90.079532990458,42.3018821304184
90.08,42.3018821304184
90.089532990458,42.3018821304187
90.09,42.3018821304187
90.099532990458,42.301882130419
90.1,42.3018821304191
90.109532990458,42.3018821304194
90.11,42.3018821304194
90.119532990458,42.3018821304197
90.12,42.3018821304198
90.129532990458,42.3018821304201
90.13,42.3018821304201
90.139532990458,42.3018821304204
90.14,42.3018821304204
90.149532990458,42.3018821304208
90.15,42.3018821304208
90.159532990458,42.3018821304211
90.16,42.3018821304211
90.1695329904581,42.3018821304214
90.17,42.3018821304215
90.1795329904581,42.3018821304218
90.18,42.3018821304218
90.1895329904581,42.3018821304221
90.19,42.3018821304221
90.1995329904581,42.3018821304225
90.2,42.3018821304225
90.2095329904581,42.3018821304228
90.21,42.3018821304228
90.2195329904581,42.3018821304231
90.22,42.3018821304232
90.2295329904581,42.3018821304235
90.23,42.3018821304235
90.2395329904581,42.3018821304238
90.24,42.3018821304238
90.2495329904581,42.3018821304242
90.25,42.3018821304242
90.2595329904581,42.3018821304245
90.26,42.3018821304245
90.2695329904581,42.3018821304248
90.27,42.3018821304249
90.2795329904581,42.3018821304252
90.28,42.3018821304252
90.2895329904581,42.3018821304255
90.29,42.3018821304255
90.2995329904581,42.3018821304259
90.3,42.3018821304259
90.3095329904581,42.3018821304262
90.31,42.3018821304262
90.3195329904581,42.3018821304265
90.32,42.3018821304266
90.3295329904581,42.3018821304269
90.33,42.3018821304269
90.3395329904581,42.3018821304272
90.34,42.3018821304272
90.3495329904581,42.3018821304276
90.35,42.3018821304276
90.3595329904581,42.3018821304279
90.36,42.3018821304279
90.3695329904582,42.3018821304282
90.37,42.3018821304283
90.3795329904582,42.3018821304286
90.38,42.3018821304286
90.3895329904582,42.3018821304289
90.39,42.3018821304289
90.3995329904582,42.3018821304293
90.4,42.3018821304293
90.4095329904582,42.3018821304296
90.41,42.3018821304296
90.4195329904582,42.3018821304299
90.42,42.30188213043
90.4295329904582,42.3018821304303
90.43,42.3018821304303
90.4395329904582,42.3018821304306
90.44,42.3018821304306
90.4495329904582,42.301882130431
90.45,42.301882130431
90.4595329904582,42.3018821304313
90.46,42.3018821304313
90.4695329904582,42.3018821304316
90.47,42.3018821304317
90.4795329904582,42.301882130432
90.48,42.301882130432
90.4895329904582,42.3018821304323
90.49,42.3018821304323
90.4995329904582,42.3018821304327
90.5,42.3018821304327
90.5095329904582,42.301882130433
90.51,42.301882130433
90.5195329904582,42.3018821304333
90.52,42.3018821304334
90.5295329904582,42.3018821304337
90.53,42.3018821304337
90.5395329904582,42.301882130434
90.54,42.301882130434
90.5495329904582,42.3018821304344
90.55,42.3018821304344
90.5595329904583,42.3018821304347
90.56,42.3018821304347
90.5695329904583,42.301882130435
90.57,42.3018821304351
90.5795329904583,42.3018821304354
90.58,42.3018821304354
90.5895329904583,42.3018821304357
90.59,42.3018821304357
90.5995329904583,42.301882130436
90.6,42.3018821304361
90.6095329904583,42.3018821304364
90.61,42.3018821304364
90.6195329904583,42.3018821304367
90.62,42.3018821304368
90.6295329904583,42.3018821304371
90.63,42.3018821304371
90.6395329904583,42.3018821304374
90.64,42.3018821304374
90.6495329904583,42.3018821304378
90.65,42.3018821304378
90.6595329904583,42.3018821304381
90.66,42.3018821304381
90.6695329904583,42.3018821304384
90.67,42.3018821304385
90.6795329904583,42.3018821304388
90.68,42.3018821304388
90.6895329904583,42.3018821304391
90.69,42.3018821304391
90.6995329904583,42.3018821304395
90.7,42.3018821304395
90.7095329904583,42.3018821304398
90.71,42.3018821304398
90.7195329904583,42.3018821304401
90.72,42.3018821304401
90.7295329904583,42.3018821304405
90.73,42.3018821304405
90.7395329904583,42.3018821304408
90.74,42.3018821304408
90.7495329904583,42.3018821304411
90.75,42.3018821304412
90.7595329904584,42.3018821304415
90.76,42.3018821304415
90.7695329904584,42.3018821304418
90.77,42.3018821304418
90.7795329904584,42.3018821304422
90.78,42.3018821304422
90.7895329904584,42.3018821304425
90.79,42.3018821304425
90.7995329904584,42.3018821304428
90.8,42.3018821304429
90.8095329904584,42.3018821304432
90.81,42.3018821304432
90.8195329904584,42.3018821304435
90.82,42.3018821304435
90.8295329904584,42.3018821304439
90.83,42.3018821304439
90.8395329904584,42.3018821304442
90.84,42.3018821304442
90.8495329904584,42.3018821304445
90.85,42.3018821304446
90.8595329904584,42.3018821304449
90.86,42.3018821304449
90.8695329904584,42.3018821304452
90.87,42.3018821304452
90.8795329904584,42.3018821304456
90.88,42.3018821304456
90.8895329904584,42.3018821304459
90.89,42.3018821304459
90.8995329904584,42.3018821304462
90.9,42.3018821304462
90.9095329904584,42.3018821304466
90.91,42.3018821304466
90.9195329904584,42.3018821304469
90.92,42.3018821304469
90.9295329904584,42.3018821304472
90.93,42.3018821304473
90.9395329904584,42.3018821304476
90.94,42.3018821304476
90.9495329904585,42.3018821304479
90.95,42.3018821304479
90.9595329904585,42.3018821304483
90.96,42.3018821304483
90.9695329904585,42.3018821304486
90.97,42.3018821304486
90.9795329904585,42.3018821304489
90.98,42.301882130449
90.9895329904585,42.3018821304493
90.99,42.3018821304493
90.9995329904585,42.3018821304496
91,42.3018821304496
91.0095329904585,42.30188213045
91.01,42.30188213045
91.0195329904585,42.3018821304503
91.02,42.3018821304503
91.0295329904585,42.3018821304506
91.03,42.3018821304507
91.0395329904585,42.301882130451
91.04,42.301882130451
91.0495329904585,42.3018821304513
91.05,42.3018821304513
91.0595329904585,42.3018821304517
91.06,42.3018821304517
91.0695329904585,42.301882130452
91.07,42.301882130452
91.0795329904585,42.3018821304523
91.08,42.3018821304524
91.0895329904585,42.3018821304527
91.09,42.3018821304527
91.0995329904585,42.301882130453
91.1,42.301882130453
91.1095329904585,42.3018821304534
91.11,42.3018821304534
91.1195329904585,42.3018821304537
91.12,42.3018821304537
91.1295329904585,42.301882130454
91.13,42.301882130454
91.1395329904585,42.3018821304544
91.14,42.3018821304544
91.1495329904586,42.3018821304547
91.15,42.3018821304547
91.1595329904586,42.301882130455
91.16,42.301882130455
91.1695329904586,42.3018821304554
91.17,42.3018821304554
91.1795329904586,42.3018821304557
91.18,42.3018821304557
91.1895329904586,42.3018821304561
91.19,42.3018821304561
91.1995329904586,42.3018821304564
91.2,42.3018821304564
91.2095329904586,42.3018821304567
91.21,42.3018821304567
91.2195329904586,42.3018821304571
91.22,42.3018821304571
91.2295329904586,42.3018821304574
91.23,42.3018821304574
91.2395329904586,42.3018821304577
91.24,42.3018821304578
91.2495329904586,42.3018821304581
91.25,42.3018821304581
91.2595329904586,42.3018821304584
91.26,42.3018821304584
91.2695329904586,42.3018821304588
91.27,42.3018821304588
91.2795329904586,42.3018821304591
91.28,42.3018821304591
91.2895329904586,42.3018821304594
91.29,42.3018821304595
91.2995329904586,42.3018821304598
91.3,42.3018821304598
91.3095329904586,42.3018821304601
91.31,42.3018821304601
91.3195329904586,42.3018821304604
91.32,42.3018821304605
91.3295329904586,42.3018821304608
91.33,42.3018821304608
91.3395329904587,42.3018821304611
91.34,42.3018821304611
91.3495329904587,42.3018821304615
91.35,42.3018821304615
91.3595329904587,42.3018821304618
91.36,42.3018821304618
91.3695329904587,42.3018821304621
91.37,42.3018821304621
91.3795329904587,42.3018821304625
91.38,42.3018821304625
91.3895329904587,42.3018821304628
91.39,42.3018821304628
91.3995329904587,42.3018821304632
91.4,42.3018821304632
91.4095329904587,42.3018821304635
91.41,42.3018821304635
91.4195329904587,42.3018821304638
91.42,42.3018821304638
91.4295329904587,42.3018821304642
91.43,42.3018821304642
91.4395329904587,42.3018821304645
91.44,42.3018821304645
91.4495329904587,42.3018821304648
91.45,42.3018821304649
91.4595329904587,42.3018821304652
91.46,42.3018821304652
91.4695329904587,42.3018821304655
91.47,42.3018821304655
91.4795329904587,42.3018821304658
91.48,42.3018821304659
91.4895329904587,42.3018821304662
91.49,42.3018821304662
91.4995329904587,42.3018821304665
91.5,42.3018821304665
91.5095329904587,42.3018821304669
91.51,42.3018821304669
91.5195329904587,42.3018821304672
91.52,42.3018821304672
91.5295329904587,42.3018821304675
91.53,42.3018821304675
91.5395329904588,42.3018821304679
91.54,42.3018821304679
91.5495329904588,42.3018821304682
91.55,42.3018821304682
91.5595329904588,42.3018821304685
91.56,42.3018821304686
91.5695329904588,42.3018821304689
91.57,42.3018821304689
91.5795329904588,42.3018821304692
91.58,42.3018821304692
91.5895329904588,42.3018821304696
91.59,42.3018821304696
91.5995329904588,42.3018821304699
91.6,42.3018821304699
91.6095329904588,42.3018821304702
91.61,42.3018821304703
91.6195329904588,42.3018821304706
91.62,42.3018821304706
91.6295329904588,42.3018821304709
91.63,42.3018821304709
91.6395329904588,42.3018821304712
91.64,42.3018821304713
91.6495329904588,42.3018821304716
91.65,42.3018821304716
91.6595329904588,42.3018821304719
91.66,42.3018821304719
91.6695329904588,42.3018821304723
91.67,42.3018821304723
91.6795329904588,42.3018821304726
91.68,42.3018821304726
91.6895329904588,42.3018821304729
91.69,42.301882130473
91.6995329904588,42.3018821304733
91.7,42.3018821304733
91.7095329904588,42.3018821304736
91.71,42.3018821304736
91.7195329904588,42.3018821304739
91.72,42.301882130474
91.7295329904588,42.3018821304743
91.73,42.3018821304743
91.7395329904589,42.3018821304746
91.74,42.3018821304746
91.7495329904589,42.301882130475
91.75,42.301882130475
91.7595329904589,42.3018821304753
91.76,42.3018821304753
91.7695329904589,42.3018821304756
91.77,42.3018821304756
91.7795329904589,42.301882130476
91.78,42.301882130476
91.7895329904589,42.3018821304763
91.79,42.3018821304763
91.7995329904589,42.3018821304766
91.8,42.3018821304767
91.8095329904589,42.301882130477
91.81,42.301882130477
91.8195329904589,42.3018821304773
91.82,42.3018821304773
91.8295329904589,42.3018821304777
91.83,42.3018821304777
91.8395329904589,42.301882130478
91.84,42.301882130478
91.8495329904589,42.3018821304783
91.85,42.3018821304783
91.8595329904589,42.3018821304787
91.86,42.3018821304787
91.8695329904589,42.301882130479
91.87,42.301882130479
91.8795329904589,42.3018821304793
91.88,42.3018821304793
91.8895329904589,42.3018821304797
91.89,42.3018821304797
91.8995329904589,42.30188213048
91.9,42.30188213048
91.9095329904589,42.3018821304803
91.91,42.3018821304804
91.9195329904589,42.3018821304807
91.92,42.3018821304807
91.929532990459,42.301882130481
91.93,42.301882130481
91.939532990459,42.3018821304813
91.94,42.3018821304814
91.949532990459,42.3018821304817
91.95,42.3018821304817
91.959532990459,42.301882130482
91.96,42.301882130482
91.969532990459,42.3018821304824
91.97,42.3018821304824
91.979532990459,42.3018821304827
91.98,42.3018821304827
91.989532990459,42.301882130483
91.99,42.3018821304831
91.999532990459,42.3018821304834
92,42.3018821304834
92.009532990459,42.3018821304837
92.01,42.3018821304837
92.019532990459,42.301882130484
92.02,42.3018821304841
92.029532990459,42.3018821304844
92.03,42.3018821304844
92.039532990459,42.3018821304847
92.04,42.3018821304847
92.049532990459,42.3018821304851
92.05,42.3018821304851
92.059532990459,42.3018821304854
92.06,42.3018821304854
92.069532990459,42.3018821304857
92.07,42.3018821304857
92.079532990459,42.3018821304861
92.08,42.3018821304861
92.089532990459,42.3018821304864
92.09,42.3018821304864
92.099532990459,42.3018821304867
92.1,42.3018821304867
92.109532990459,42.3018821304871
92.11,42.3018821304871
92.119532990459,42.3018821304874
92.12,42.3018821304874
92.1295329904591,42.3018821304877
92.13,42.3018821304878
92.1395329904591,42.3018821304881
92.14,42.3018821304881
92.1495329904591,42.3018821304884
92.15,42.3018821304884
92.1595329904591,42.3018821304888
92.16,42.3018821304888
92.1695329904591,42.3018821304891
92.17,42.3018821304891
92.1795329904591,42.3018821304894
92.18,42.3018821304894
92.1895329904591,42.3018821304898
92.19,42.3018821304898
92.1995329904591,42.3018821304901
92.2,42.3018821304901
92.2095329904591,42.3018821304904
92.21,42.3018821304904
92.2195329904591,42.3018821304908
92.22,42.3018821304908
92.2295329904591,42.3018821304911
92.23,42.3018821304911
92.2395329904591,42.3018821304914
92.24,42.3018821304915
92.2495329904591,42.3018821304918
92.25,42.3018821304918
92.2595329904591,42.3018821304921
92.26,42.3018821304921
92.2695329904591,42.3018821304924
92.27,42.3018821304925
92.2795329904591,42.3018821304928
92.28,42.3018821304928
92.2895329904591,42.3018821304931
92.29,42.3018821304931
92.2995329904591,42.3018821304935
92.3,42.3018821304935
92.3095329904591,42.3018821304938
92.31,42.3018821304938
92.3195329904592,42.3018821304941
92.32,42.3018821304941
92.3295329904592,42.3018821304945
92.33,42.3018821304945
92.3395329904592,42.3018821304948
92.34,42.3018821304948
92.3495329904592,42.3018821304951
92.35,42.3018821304951
92.3595329904592,42.3018821304955
92.36,42.3018821304955
92.3695329904592,42.3018821304958
92.37,42.3018821304958
92.3795329904592,42.3018821304961
92.38,42.3018821304962
92.3895329904592,42.3018821304965
92.39,42.3018821304965
92.3995329904592,42.3018821304968
92.4,42.3018821304968
92.4095329904592,42.3018821304971
92.41,42.3018821304972
92.4195329904592,42.3018821304975
92.42,42.3018821304975
92.4295329904592,42.3018821304978
92.43,42.3018821304978
92.4395329904592,42.3018821304982
92.44,42.3018821304982
92.4495329904592,42.3018821304985
92.45,42.3018821304985
92.4595329904592,42.3018821304988
92.46,42.3018821304988
92.4695329904592,42.3018821304992
92.47,42.3018821304992
92.4795329904592,42.3018821304995
92.48,42.3018821304995
92.4895329904592,42.3018821304998
92.49,42.3018821304998
92.4995329904592,42.3018821305002
92.5,42.3018821305002
92.5095329904592,42.3018821305005
92.51,42.3018821305005
92.5195329904593,42.3018821305008
92.52,42.3018821305009
92.5295329904593,42.3018821305012
92.53,42.3018821305012
92.5395329904593,42.3018821305015
92.54,42.3018821305015
92.5495329904593,42.3018821305018
92.55,42.3018821305019
92.5595329904593,42.3018821305022
92.56,42.3018821305022
92.5695329904593,42.3018821305025
92.57,42.3018821305025
92.5795329904593,42.3018821305028
92.58,42.3018821305029
92.5895329904593,42.3018821305032
92.59,42.3018821305032
92.5995329904593,42.3018821305035
92.6,42.3018821305035
92.6095329904593,42.3018821305038
92.61,42.3018821305039
92.6195329904593,42.3018821305042
92.62,42.3018821305042
92.6295329904593,42.3018821305045
92.63,42.3018821305045
92.6395329904593,42.3018821305049
92.64,42.3018821305049
92.6495329904593,42.3018821305052
92.65,42.3018821305052
92.6595329904593,42.3018821305055
92.66,42.3018821305055
92.6695329904593,42.3018821305059
92.67,42.3018821305059
92.6795329904593,42.3018821305062
92.68,42.3018821305062
92.6895329904593,42.3018821305065
92.69,42.3018821305065
92.6995329904593,42.3018821305069
92.7,42.3018821305069
92.7095329904594,42.3018821305072
92.71,42.3018821305072
92.7195329904594,42.3018821305075
92.72,42.3018821305075
92.7295329904594,42.3018821305079
92.73,42.3018821305079
92.7395329904594,42.3018821305082
92.74,42.3018821305082
92.7495329904594,42.3018821305085
92.75,42.3018821305086
92.7595329904594,42.3018821305089
92.76,42.3018821305089
92.7695329904594,42.3018821305092
92.77,42.3018821305092
92.7795329904594,42.3018821305095
92.78,42.3018821305096
92.7895329904594,42.3018821305099
92.79,42.3018821305099
92.7995329904594,42.3018821305102
92.8,42.3018821305102
92.8095329904594,42.3018821305105
92.81,42.3018821305106
92.8195329904594,42.3018821305109
92.82,42.3018821305109
92.8295329904594,42.3018821305112
92.83,42.3018821305112
92.8395329904594,42.3018821305116
92.84,42.3018821305116
92.8495329904594,42.3018821305119
92.85,42.3018821305119
92.8595329904594,42.3018821305122
92.86,42.3018821305122
92.8695329904594,42.3018821305126
92.87,42.3018821305126
92.8795329904594,42.3018821305129
92.88,42.3018821305129
92.8895329904594,42.3018821305132
92.89,42.3018821305132
92.8995329904594,42.3018821305136
92.9,42.3018821305136
92.9095329904595,42.3018821305139
92.91,42.3018821305139
92.9195329904595,42.3018821305142
92.92,42.3018821305142
92.9295329904595,42.3018821305146
92.93,42.3018821305146
92.9395329904595,42.3018821305149
92.94,42.3018821305149
92.9495329904595,42.3018821305152
92.95,42.3018821305152
92.9595329904595,42.3018821305156
92.96,42.3018821305156
92.9695329904595,42.3018821305159
92.97,42.3018821305159
92.9795329904595,42.3018821305162
92.98,42.3018821305162
92.9895329904595,42.3018821305166
92.99,42.3018821305166
92.9995329904595,42.3018821305169
93,42.3018821305169
93.0095329904595,42.3018821305172
93.01,42.3018821305172
93.0195329904595,42.3018821305176
93.02,42.3018821305176
93.0295329904595,42.3018821305179
93.03,42.3018821305179
93.0395329904595,42.3018821305182
93.04,42.3018821305183
93.0495329904595,42.3018821305186
93.05,42.3018821305186
93.0595329904595,42.3018821305189
93.06,42.3018821305189
93.0695329904595,42.3018821305192
93.07,42.3018821305193
93.0795329904595,42.3018821305196
93.08,42.3018821305196
93.0895329904595,42.3018821305199
93.09,42.3018821305199
93.0995329904596,42.3018821305202
93.1,42.3018821305203
93.1095329904596,42.3018821305206
93.11,42.3018821305206
93.1195329904596,42.3018821305209
93.12,42.3018821305209
93.1295329904596,42.3018821305212
93.13,42.3018821305212
93.1395329904596,42.3018821305216
93.14,42.3018821305216
93.1495329904596,42.3018821305219
93.15,42.3018821305219
93.1595329904596,42.3018821305222
93.16,42.3018821305223
93.1695329904596,42.3018821305226
93.17,42.3018821305226
93.1795329904596,42.3018821305229
93.18,42.3018821305229
93.1895329904596,42.3018821305232
93.19,42.3018821305233
93.1995329904596,42.3018821305236
93.2,42.3018821305236
93.2095329904596,42.3018821305239
93.21,42.3018821305239
93.2195329904596,42.3018821305242
93.22,42.3018821305243
93.2295329904596,42.3018821305246
93.23,42.3018821305246
93.2395329904596,42.3018821305249
93.24,42.3018821305249
93.2495329904596,42.3018821305252
93.25,42.3018821305253
93.2595329904596,42.3018821305256
93.26,42.3018821305256
93.2695329904596,42.3018821305259
93.27,42.3018821305259
93.2795329904596,42.3018821305263
93.28,42.3018821305263
93.2895329904596,42.3018821305266
93.29,42.3018821305266
93.2995329904597,42.3018821305269
93.3,42.3018821305269
93.3095329904597,42.3018821305272
93.31,42.3018821305273
93.3195329904597,42.3018821305276
93.32,42.3018821305276
93.3295329904597,42.3018821305279
93.33,42.3018821305279
93.3395329904597,42.3018821305282
93.34,42.3018821305283
93.3495329904597,42.3018821305286
93.35,42.3018821305286
93.3595329904597,42.3018821305289
93.36,42.3018821305289
93.3695329904597,42.3018821305292
93.37,42.3018821305293
93.3795329904597,42.3018821305296
93.38,42.3018821305296
93.3895329904597,42.3018821305299
93.39,42.3018821305299
93.3995329904597,42.3018821305303
93.4,42.3018821305303
93.4095329904597,42.3018821305306
93.41,42.3018821305306
93.4195329904597,42.3018821305309
93.42,42.3018821305309
93.4295329904597,42.3018821305312
93.43,42.3018821305313
93.4395329904597,42.3018821305316
93.44,42.3018821305316
93.4495329904597,42.3018821305319
93.45,42.3018821305319
93.4595329904597,42.3018821305322
93.46,42.3018821305323
93.4695329904597,42.3018821305326
93.47,42.3018821305326
93.4795329904597,42.3018821305329
93.48,42.3018821305329
93.4895329904598,42.3018821305333
93.49,42.3018821305333
93.4995329904598,42.3018821305336
93.5,42.3018821305336
93.5095329904598,42.3018821305339
93.51,42.3018821305339
93.5195329904598,42.3018821305342
93.52,42.3018821305343
93.5295329904598,42.3018821305346
93.53,42.3018821305346
93.5395329904598,42.3018821305349
93.54,42.3018821305349
93.5495329904598,42.3018821305353
93.55,42.3018821305353
93.5595329904598,42.3018821305356
93.56,42.3018821305356
93.5695329904598,42.3018821305359
93.57,42.3018821305359
93.5795329904598,42.3018821305362
93.58,42.3018821305363
93.5895329904598,42.3018821305366
93.59,42.3018821305366
93.5995329904598,42.3018821305369
93.6,42.3018821305369
93.6095329904598,42.3018821305372
93.61,42.3018821305373
93.6195329904598,42.3018821305376
93.62,42.3018821305376
93.6295329904598,42.3018821305379
93.63,42.3018821305379
93.6395329904598,42.3018821305382
93.64,42.3018821305383
93.6495329904598,42.3018821305386
93.65,42.3018821305386
93.6595329904598,42.3018821305389
93.66,42.3018821305389
93.6695329904598,42.3018821305392
93.67,42.3018821305393
93.6795329904598,42.3018821305396
93.68,42.3018821305396
93.6895329904599,42.3018821305399
93.69,42.3018821305399
93.6995329904599,42.3018821305402
93.7,42.3018821305403
93.7095329904599,42.3018821305406
93.71,42.3018821305406
93.7195329904599,42.3018821305409
93.72,42.3018821305409
93.7295329904599,42.3018821305412
93.73,42.3018821305413
93.7395329904599,42.3018821305416
93.74,42.3018821305416
93.7495329904599,42.3018821305419
93.75,42.3018821305419
93.7595329904599,42.3018821305422
93.76,42.3018821305422
93.7695329904599,42.3018821305426
93.77,42.3018821305426
93.7795329904599,42.3018821305429
93.78,42.3018821305429
93.7895329904599,42.3018821305432
93.79,42.3018821305432
93.7995329904599,42.3018821305436
93.8,42.3018821305436
93.8095329904599,42.3018821305439
93.81,42.3018821305439
93.8195329904599,42.3018821305442
93.82,42.3018821305443
93.8295329904599,42.3018821305445
93.83,42.3018821305446
93.8395329904599,42.3018821305449
93.84,42.3018821305449
93.8495329904599,42.3018821305452
93.85,42.3018821305453
93.8595329904599,42.3018821305456
93.86,42.3018821305456
93.8695329904599,42.3018821305459
93.87,42.3018821305459
93.8795329904599,42.3018821305462
93.88,42.3018821305462
93.88953299046,42.3018821305466
93.89,42.3018821305466
93.89953299046,42.3018821305469
93.9,42.3018821305469
93.90953299046,42.3018821305472
93.91,42.3018821305472
93.91953299046,42.3018821305476
93.92,42.3018821305476
93.92953299046,42.3018821305479
93.93,42.3018821305479
93.93953299046,42.3018821305482
93.94,42.3018821305482
93.94953299046,42.3018821305486
93.95,42.3018821305486
93.95953299046,42.3018821305489
93.96,42.3018821305489
93.96953299046,42.3018821305492
93.97,42.3018821305492
93.97953299046,42.3018821305496
93.98,42.3018821305496
93.98953299046,42.3018821305499
93.99,42.3018821305499
93.99953299046,42.3018821305502
94,42.3018821305502
94.00953299046,42.3018821305506
94.01,42.3018821305506
94.01953299046,42.3018821305509
94.02,42.3018821305509
94.02953299046,42.3018821305512
94.03,42.3018821305512
94.03953299046,42.3018821305515
94.04,42.3018821305516
94.04953299046,42.3018821305519
94.05,42.3018821305519
94.05953299046,42.3018821305522
94.06,42.3018821305522
94.06953299046,42.3018821305525
94.07,42.3018821305525
94.0795329904601,42.3018821305529
94.08,42.3018821305529
94.0895329904601,42.3018821305532
94.09,42.3018821305532
94.0995329904601,42.3018821305535
94.1,42.3018821305535
94.1095329904601,42.3018821305539
94.11,42.3018821305539
94.1195329904601,42.3018821305542
94.12,42.3018821305542
94.1295329904601,42.3018821305545
94.13,42.3018821305545
94.1395329904601,42.3018821305549
94.14,42.3018821305549
94.1495329904601,42.3018821305552
94.15,42.3018821305552
94.1595329904601,42.3018821305555
94.16,42.3018821305555
94.1695329904601,42.3018821305558
94.17,42.3018821305559
94.1795329904601,42.3018821305562
94.18,42.3018821305562
94.1895329904601,42.3018821305565
94.19,42.3018821305565
94.1995329904601,42.3018821305568
94.2,42.3018821305569
94.2095329904601,42.3018821305572
94.21,42.3018821305572
94.2195329904601,42.3018821305575
94.22,42.3018821305575
94.2295329904601,42.3018821305578
94.23,42.3018821305579
94.2395329904601,42.3018821305582
94.24,42.3018821305582
94.2495329904601,42.3018821305585
94.25,42.3018821305585
94.2595329904601,42.3018821305588
94.26,42.3018821305589
94.2695329904601,42.3018821305592
94.27,42.3018821305592
94.2795329904602,42.3018821305595
94.28,42.3018821305595
94.2895329904602,42.3018821305598
94.29,42.3018821305598
94.2995329904602,42.3018821305602
94.3,42.3018821305602
94.3095329904602,42.3018821305605
94.31,42.3018821305605
94.3195329904602,42.3018821305608
94.32,42.3018821305608
94.3295329904602,42.3018821305612
94.33,42.3018821305612
94.3395329904602,42.3018821305615
94.34,42.3018821305615
94.3495329904602,42.3018821305618
94.35,42.3018821305618
94.3595329904602,42.3018821305621
94.36,42.3018821305622
94.3695329904602,42.3018821305625
94.37,42.3018821305625
94.3795329904602,42.3018821305628
94.38,42.3018821305628
94.3895329904602,42.3018821305631
94.39,42.3018821305632
94.3995329904602,42.3018821305635
94.4,42.3018821305635
94.4095329904602,42.3018821305638
94.41,42.3018821305638
94.4195329904602,42.3018821305641
94.42,42.3018821305642
94.4295329904602,42.3018821305645
94.43,42.3018821305645
94.4395329904602,42.3018821305648
94.44,42.3018821305648
94.4495329904602,42.3018821305651
94.45,42.3018821305651
94.4595329904602,42.3018821305655
94.46,42.3018821305655
94.4695329904603,42.3018821305658
94.47,42.3018821305658
94.4795329904603,42.3018821305661
94.48,42.3018821305661
94.4895329904603,42.3018821305665
94.49,42.3018821305665
94.4995329904603,42.3018821305668
94.5,42.3018821305668
94.5095329904603,42.3018821305671
94.51,42.3018821305671
94.5195329904603,42.3018821305675
94.52,42.3018821305675
94.5295329904603,42.3018821305678
94.53,42.3018821305678
94.5395329904603,42.3018821305681
94.54,42.3018821305681
94.5495329904603,42.3018821305684
94.55,42.3018821305685
94.5595329904603,42.3018821305688
94.56,42.3018821305688
94.5695329904603,42.3018821305691
94.57,42.3018821305691
94.5795329904603,42.3018821305694
94.58,42.3018821305694
94.5895329904603,42.3018821305698
94.59,42.3018821305698
94.5995329904603,42.3018821305701
94.6,42.3018821305701
94.6095329904603,42.3018821305704
94.61,42.3018821305704
94.6195329904603,42.3018821305708
94.62,42.3018821305708
94.6295329904603,42.3018821305711
94.63,42.3018821305711
94.6395329904603,42.3018821305714
94.64,42.3018821305714
94.6495329904603,42.3018821305717
94.65,42.3018821305718
94.6595329904603,42.3018821305721
94.66,42.3018821305721
94.6695329904604,42.3018821305724
94.67,42.3018821305724
94.6795329904604,42.3018821305727
94.68,42.3018821305728
94.6895329904604,42.3018821305731
94.69,42.3018821305731
94.6995329904604,42.3018821305734
94.7,42.3018821305734
94.7095329904604,42.3018821305737
94.71,42.3018821305738
94.7195329904604,42.3018821305741
94.72,42.3018821305741
94.7295329904604,42.3018821305744
94.73,42.3018821305744
94.7395329904604,42.3018821305747
94.74,42.3018821305747
94.7495329904604,42.3018821305751
94.75,42.3018821305751
94.7595329904604,42.3018821305754
94.76,42.3018821305754
94.7695329904604,42.3018821305757
94.77,42.3018821305757
94.7795329904604,42.3018821305761
94.78,42.3018821305761
94.7895329904604,42.3018821305764
94.79,42.3018821305764
94.7995329904604,42.3018821305767
94.8,42.3018821305767
94.8095329904604,42.301882130577
94.81,42.3018821305771
94.8195329904604,42.3018821305774
94.82,42.3018821305774
94.8295329904604,42.3018821305777
94.83,42.3018821305777
94.8395329904604,42.301882130578
94.84,42.3018821305781
94.8495329904604,42.3018821305784
94.85,42.3018821305784
94.8595329904605,42.3018821305787
94.86,42.3018821305787
94.8695329904605,42.301882130579
94.87,42.301882130579
94.8795329904605,42.3018821305794
94.88,42.3018821305794
94.8895329904605,42.3018821305797
94.89,42.3018821305797
94.8995329904605,42.30188213058
94.9,42.30188213058
94.9095329904605,42.3018821305804
94.91,42.3018821305804
94.9195329904605,42.3018821305807
94.92,42.3018821305807
94.9295329904605,42.301882130581
94.93,42.301882130581
94.9395329904605,42.3018821305813
94.94,42.3018821305814
94.9495329904605,42.3018821305817
94.95,42.3018821305817
94.9595329904605,42.301882130582
94.96,42.301882130582
94.9695329904605,42.3018821305823
94.97,42.3018821305823
94.9795329904605,42.3018821305827
94.98,42.3018821305827
94.9895329904605,42.301882130583
94.99,42.301882130583
94.9995329904605,42.3018821305833
95,42.3018821305833
95.0095329904605,42.3018821305836
95.01,42.3018821305837
95.0195329904605,42.301882130584
95.02,42.301882130584
95.0295329904605,42.3018821305843
95.03,42.3018821305843
95.0395329904605,42.3018821305846
95.04,42.3018821305847
95.0495329904605,42.301882130585
95.05,42.301882130585
95.0595329904606,42.3018821305853
95.06,42.3018821305853
95.0695329904606,42.3018821305856
95.07,42.3018821305856
95.0795329904606,42.301882130586
95.08,42.301882130586
95.0895329904606,42.3018821305863
95.09,42.3018821305863
95.0995329904606,42.3018821305866
95.1,42.3018821305866
95.1095329904606,42.3018821305869
95.11,42.301882130587
95.1195329904606,42.3018821305873
95.12,42.3018821305873
95.1295329904606,42.3018821305876
95.13,42.3018821305876
95.1395329904606,42.3018821305879
95.14,42.301882130588
95.1495329904606,42.3018821305883
95.15,42.3018821305883
95.1595329904606,42.3018821305886
95.16,42.3018821305886
95.1695329904606,42.3018821305889
95.17,42.3018821305889
95.1795329904606,42.3018821305893
95.18,42.3018821305893
95.1895329904606,42.3018821305896
95.19,42.3018821305896
95.1995329904606,42.3018821305899
95.2,42.3018821305899
95.2095329904606,42.3018821305902
95.21,42.3018821305903
95.2195329904606,42.3018821305906
95.22,42.3018821305906
95.2295329904606,42.3018821305909
95.23,42.3018821305909
95.2395329904606,42.3018821305912
95.24,42.3018821305913
95.2495329904607,42.3018821305916
95.25,42.3018821305916
95.2595329904607,42.3018821305919
95.26,42.3018821305919
95.2695329904607,42.3018821305922
95.27,42.3018821305922
95.2795329904607,42.3018821305926
95.28,42.3018821305926
95.2895329904607,42.3018821305929
95.29,42.3018821305929
95.2995329904607,42.3018821305932
95.3,42.3018821305932
95.3095329904607,42.3018821305935
95.31,42.3018821305936
95.3195329904607,42.3018821305939
95.32,42.3018821305939
95.3295329904607,42.3018821305942
95.33,42.3018821305942
95.3395329904607,42.3018821305945
95.34,42.3018821305945
95.3495329904607,42.3018821305949
95.35,42.3018821305949
95.3595329904607,42.3018821305952
95.36,42.3018821305952
95.3695329904607,42.3018821305955
95.37,42.3018821305955
95.3795329904607,42.3018821305958
95.38,42.3018821305959
95.3895329904607,42.3018821305962
95.39,42.3018821305962
95.3995329904607,42.3018821305965
95.4,42.3018821305965
95.4095329904607,42.3018821305968
95.41,42.3018821305968
95.4195329904607,42.3018821305972
95.42,42.3018821305972
95.4295329904607,42.3018821305975
95.43,42.3018821305975
95.4395329904607,42.3018821305978
95.44,42.3018821305978
95.4495329904608,42.3018821305981
95.45,42.3018821305982
95.4595329904608,42.3018821305985
95.46,42.3018821305985
95.4695329904608,42.3018821305988
95.47,42.3018821305988
95.4795329904608,42.3018821305991
95.48,42.3018821305992
95.4895329904608,42.3018821305995
95.49,42.3018821305995
95.4995329904608,42.3018821305998
95.5,42.3018821305998
95.5095329904608,42.3018821306001
95.51,42.3018821306001
95.5195329904608,42.3018821306005
95.52,42.3018821306005
95.5295329904608,42.3018821306008
95.53,42.3018821306008
95.5395329904608,42.3018821306011
95.54,42.3018821306011
95.5495329904608,42.3018821306014
95.55,42.3018821306014
95.5595329904608,42.3018821306018
95.56,42.3018821306018
95.5695329904608,42.3018821306021
95.57,42.3018821306021
95.5795329904608,42.3018821306024
95.58,42.3018821306024
95.5895329904608,42.3018821306028
95.59,42.3018821306028
95.5995329904608,42.3018821306031
95.6,42.3018821306031
95.6095329904608,42.3018821306034
95.61,42.3018821306034
95.6195329904608,42.3018821306037
95.62,42.3018821306038
95.6295329904608,42.3018821306041
95.63,42.3018821306041
95.6395329904609,42.3018821306044
95.64,42.3018821306044
95.6495329904609,42.3018821306047
95.65,42.3018821306048
95.6595329904609,42.3018821306051
95.66,42.3018821306051
95.6695329904609,42.3018821306054
95.67,42.3018821306054
95.6795329904609,42.3018821306057
95.68,42.3018821306057
95.6895329904609,42.301882130606
95.69,42.3018821306061
95.6995329904609,42.3018821306064
95.7,42.3018821306064
95.7095329904609,42.3018821306067
95.71,42.3018821306067
95.7195329904609,42.301882130607
95.72,42.301882130607
95.7295329904609,42.3018821306074
95.73,42.3018821306074
95.7395329904609,42.3018821306077
95.74,42.3018821306077
95.7495329904609,42.301882130608
95.75,42.301882130608
95.7595329904609,42.3018821306083
95.76,42.3018821306084
95.7695329904609,42.3018821306087
95.77,42.3018821306087
95.7795329904609,42.301882130609
95.78,42.301882130609
95.7895329904609,42.3018821306093
95.79,42.3018821306093
95.7995329904609,42.3018821306097
95.8,42.3018821306097
95.8095329904609,42.30188213061
95.81,42.30188213061
95.8195329904609,42.3018821306103
95.82,42.3018821306103
95.8295329904609,42.3018821306106
95.83,42.3018821306107
95.839532990461,42.301882130611
95.84,42.301882130611
95.849532990461,42.3018821306113
95.85,42.3018821306113
95.859532990461,42.3018821306116
95.86,42.3018821306116
95.869532990461,42.301882130612
95.87,42.301882130612
95.879532990461,42.3018821306123
95.88,42.3018821306123
95.889532990461,42.3018821306126
95.89,42.3018821306126
95.899532990461,42.3018821306129
95.9,42.301882130613
95.909532990461,42.3018821306133
95.91,42.3018821306133
95.919532990461,42.3018821306136
95.92,42.3018821306136
95.929532990461,42.3018821306139
95.93,42.3018821306139
95.939532990461,42.3018821306143
95.94,42.3018821306143
95.949532990461,42.3018821306146
95.95,42.3018821306146
95.959532990461,42.3018821306149
95.96,42.3018821306149
95.969532990461,42.3018821306152
95.97,42.3018821306153
95.979532990461,42.3018821306156
95.98,42.3018821306156
95.989532990461,42.3018821306159
95.99,42.3018821306159
95.999532990461,42.3018821306162
96,42.3018821306162
96.009532990461,42.3018821306166
96.01,42.3018821306166
96.019532990461,42.3018821306169
96.02,42.3018821306169
96.029532990461,42.3018821306172
96.03,42.3018821306172
96.0395329904611,42.3018821306175
96.04,42.3018821306176
96.0495329904611,42.3018821306179
96.05,42.3018821306179
96.0595329904611,42.3018821306182
96.06,42.3018821306182
96.0695329904611,42.3018821306185
96.07,42.3018821306185
96.0795329904611,42.3018821306189
96.08,42.3018821306189
96.0895329904611,42.3018821306192
96.09,42.3018821306192
96.0995329904611,42.3018821306195
96.1,42.3018821306195
96.1095329904611,42.3018821306198
96.11,42.3018821306199
96.1195329904611,42.3018821306202
96.12,42.3018821306202
96.1295329904611,42.3018821306205
96.13,42.3018821306205
96.1395329904611,42.3018821306208
96.14,42.3018821306208
96.1495329904611,42.3018821306211
96.15,42.3018821306212
96.1595329904611,42.3018821306215
96.16,42.3018821306215
96.1695329904611,42.3018821306218
96.17,42.3018821306218
96.1795329904611,42.3018821306221
96.18,42.3018821306222
96.1895329904611,42.3018821306225
96.19,42.3018821306225
96.1995329904611,42.3018821306228
96.2,42.3018821306228
96.2095329904611,42.3018821306231
96.21,42.3018821306231
96.2195329904611,42.3018821306234
96.22,42.3018821306235
96.2295329904612,42.3018821306238
96.23,42.3018821306238
96.2395329904612,42.3018821306241
96.24,42.3018821306241
96.2495329904612,42.3018821306244
96.25,42.3018821306244
96.2595329904612,42.3018821306248
96.26,42.3018821306248
96.2695329904612,42.3018821306251
96.27,42.3018821306251
96.2795329904612,42.3018821306254
96.28,42.3018821306254
96.2895329904612,42.3018821306257
96.29,42.3018821306258
96.2995329904612,42.3018821306261
96.3,42.3018821306261
96.3095329904612,42.3018821306264
96.31,42.3018821306264
96.3195329904612,42.3018821306267
96.32,42.3018821306267
96.3295329904612,42.301882130627
96.33,42.3018821306271
96.3395329904612,42.3018821306274
96.34,42.3018821306274
96.3495329904612,42.3018821306277
96.35,42.3018821306277
96.3595329904612,42.301882130628
96.36,42.301882130628
96.3695329904612,42.3018821306284
96.37,42.3018821306284
96.3795329904612,42.3018821306287
96.38,42.3018821306287
96.3895329904612,42.301882130629
96.39,42.301882130629
96.3995329904612,42.3018821306293
96.4,42.3018821306294
96.4095329904612,42.3018821306297
96.41,42.3018821306297
96.4195329904612,42.30188213063
96.42,42.30188213063
96.4295329904613,42.3018821306303
96.43,42.3018821306303
96.4395329904613,42.3018821306307
96.44,42.3018821306307
96.4495329904613,42.301882130631
96.45,42.301882130631
96.4595329904613,42.3018821306313
96.46,42.3018821306313
96.4695329904613,42.3018821306316
96.47,42.3018821306316
96.4795329904613,42.301882130632
96.48,42.301882130632
96.4895329904613,42.3018821306323
96.49,42.3018821306323
96.4995329904613,42.3018821306326
96.5,42.3018821306326
96.5095329904613,42.3018821306329
96.51,42.301882130633
96.5195329904613,42.3018821306333
96.52,42.3018821306333
96.5295329904613,42.3018821306336
96.53,42.3018821306336
96.5395329904613,42.3018821306339
96.54,42.3018821306339
96.5495329904613,42.3018821306342
96.55,42.3018821306343
96.5595329904613,42.3018821306346
96.56,42.3018821306346
96.5695329904613,42.3018821306349
96.57,42.3018821306349
96.5795329904613,42.3018821306352
96.58,42.3018821306352
96.5895329904613,42.3018821306356
96.59,42.3018821306356
96.5995329904613,42.3018821306359
96.6,42.3018821306359
96.6095329904613,42.3018821306362
96.61,42.3018821306362
96.6195329904614,42.3018821306365
96.62,42.3018821306365
96.6295329904614,42.3018821306369
96.63,42.3018821306369
96.6395329904614,42.3018821306372
96.64,42.3018821306372
96.6495329904614,42.3018821306375
96.65,42.3018821306375
96.6595329904614,42.3018821306378
96.66,42.3018821306379
96.6695329904614,42.3018821306382
96.67,42.3018821306382
96.6795329904614,42.3018821306385
96.68,42.3018821306385
96.6895329904614,42.3018821306388
96.69,42.3018821306388
96.6995329904614,42.3018821306392
96.7,42.3018821306392
96.7095329904614,42.3018821306395
96.71,42.3018821306395
96.7195329904614,42.3018821306398
96.72,42.3018821306398
96.7295329904614,42.3018821306401
96.73,42.3018821306402
96.7395329904614,42.3018821306405
96.74,42.3018821306405
96.7495329904614,42.3018821306408
96.75,42.3018821306408
96.7595329904614,42.3018821306411
96.76,42.3018821306411
96.7695329904614,42.3018821306414
96.77,42.3018821306415
96.7795329904614,42.3018821306418
96.78,42.3018821306418
96.7895329904614,42.3018821306421
96.79,42.3018821306421
96.7995329904614,42.3018821306424
96.8,42.3018821306424
96.8095329904614,42.3018821306427
96.81,42.3018821306428
96.8195329904615,42.3018821306431
96.82,42.3018821306431
96.8295329904615,42.3018821306434
96.83,42.3018821306434
96.8395329904615,42.3018821306437
96.84,42.3018821306437
96.8495329904615,42.3018821306441
96.85,42.3018821306441
96.8595329904615,42.3018821306444
96.86,42.3018821306444
96.8695329904615,42.3018821306447
96.87,42.3018821306447
96.8795329904615,42.301882130645
96.88,42.301882130645
96.8895329904615,42.3018821306454
96.89,42.3018821306454
96.8995329904615,42.3018821306457
96.9,42.3018821306457
96.9095329904615,42.301882130646
96.91,42.301882130646
96.9195329904615,42.3018821306463
96.92,42.3018821306464
96.9295329904615,42.3018821306467
96.93,42.3018821306467
96.9395329904615,42.301882130647
96.94,42.301882130647
96.9495329904615,42.3018821306473
96.95,42.3018821306473
96.9595329904615,42.3018821306476
96.96,42.3018821306477
96.9695329904615,42.301882130648
96.97,42.301882130648
96.9795329904615,42.3018821306483
96.98,42.3018821306483
96.9895329904615,42.3018821306486
96.99,42.3018821306486
96.9995329904615,42.301882130649
97,42.301882130649
97.0095329904616,42.3018821306493
97.01,42.3018821306493
97.0195329904616,42.3018821306496
97.02,42.3018821306496
97.0295329904616,42.3018821306499
97.03,42.30188213065
97.0395329904616,42.3018821306503
97.04,42.3018821306503
97.0495329904616,42.3018821306506
97.05,42.3018821306506
97.0595329904616,42.3018821306509
97.06,42.3018821306509
97.0695329904616,42.3018821306512
97.07,42.3018821306512
97.0795329904616,42.3018821306516
97.08,42.3018821306516
97.0895329904616,42.3018821306519
97.09,42.3018821306519
97.0995329904616,42.3018821306522
97.1,42.3018821306522
97.1095329904616,42.3018821306525
97.11,42.3018821306526
97.1195329904616,42.3018821306529
97.12,42.3018821306529
97.1295329904616,42.3018821306532
97.13,42.3018821306532
97.1395329904616,42.3018821306535
97.14,42.3018821306535
97.1495329904616,42.3018821306539
97.15,42.3018821306539
97.1595329904616,42.3018821306542
97.16,42.3018821306542
97.1695329904616,42.3018821306545
97.17,42.3018821306545
97.1795329904616,42.3018821306548
97.18,42.3018821306548
97.1895329904616,42.3018821306551
97.19,42.3018821306552
97.1995329904616,42.3018821306555
97.2,42.3018821306555
97.2095329904617,42.3018821306558
97.21,42.3018821306558
97.2195329904617,42.3018821306561
97.22,42.3018821306562
97.2295329904617,42.3018821306565
97.23,42.3018821306565
97.2395329904617,42.3018821306568
97.24,42.3018821306568
97.2495329904617,42.3018821306571
97.25,42.3018821306571
97.2595329904617,42.3018821306574
97.26,42.3018821306574
97.2695329904617,42.3018821306578
97.27,42.3018821306578
97.2795329904617,42.3018821306581
97.28,42.3018821306581
97.2895329904617,42.3018821306584
97.29,42.3018821306584
97.2995329904617,42.3018821306587
97.3,42.3018821306588
97.3095329904617,42.3018821306591
97.31,42.3018821306591
97.3195329904617,42.3018821306594
97.32,42.3018821306594
97.3295329904617,42.3018821306597
97.33,42.3018821306597
97.3395329904617,42.30188213066
97.34,42.3018821306601
97.3495329904617,42.3018821306604
97.35,42.3018821306604
97.3595329904617,42.3018821306607
97.36,42.3018821306607
97.3695329904617,42.301882130661
97.37,42.301882130661
97.3795329904617,42.3018821306613
97.38,42.3018821306614
97.3895329904617,42.3018821306617
97.39,42.3018821306617
97.3995329904618,42.301882130662
97.4,42.301882130662
97.4095329904618,42.3018821306623
97.41,42.3018821306623
97.4195329904618,42.3018821306626
97.42,42.3018821306627
97.4295329904618,42.301882130663
97.43,42.301882130663
97.4395329904618,42.3018821306633
97.44,42.3018821306633
97.4495329904618,42.3018821306636
97.45,42.3018821306636
97.4595329904618,42.3018821306639
97.46,42.301882130664
97.4695329904618,42.3018821306643
97.47,42.3018821306643
97.4795329904618,42.3018821306646
97.48,42.3018821306646
97.4895329904618,42.3018821306649
97.49,42.3018821306649
97.4995329904618,42.3018821306653
97.5,42.3018821306653
97.5095329904618,42.3018821306656
97.51,42.3018821306656
97.5195329904618,42.3018821306659
97.52,42.3018821306659
97.5295329904618,42.3018821306662
97.53,42.3018821306662
97.5395329904618,42.3018821306665
97.54,42.3018821306665
97.5495329904618,42.3018821306669
97.55,42.3018821306669
97.5595329904618,42.3018821306672
97.56,42.3018821306672
97.5695329904618,42.3018821306675
97.57,42.3018821306675
97.5795329904618,42.3018821306678
97.58,42.3018821306679
97.5895329904618,42.3018821306682
97.59,42.3018821306682
97.5995329904619,42.3018821306685
97.6,42.3018821306685
97.6095329904619,42.3018821306688
97.61,42.3018821306688
97.6195329904619,42.3018821306691
97.62,42.3018821306692
97.6295329904619,42.3018821306695
97.63,42.3018821306695
97.6395329904619,42.3018821306698
97.64,42.3018821306698
97.6495329904619,42.3018821306701
97.65,42.3018821306701
97.6595329904619,42.3018821306705
97.66,42.3018821306705
97.6695329904619,42.3018821306708
97.67,42.3018821306708
97.6795329904619,42.3018821306711
97.68,42.3018821306711
97.6895329904619,42.3018821306714
97.69,42.3018821306714
97.6995329904619,42.3018821306718
97.7,42.3018821306718
97.7095329904619,42.3018821306721
97.71,42.3018821306721
97.7195329904619,42.3018821306724
97.72,42.3018821306724
97.7295329904619,42.3018821306727
97.73,42.3018821306727
97.7395329904619,42.3018821306731
97.74,42.3018821306731
97.7495329904619,42.3018821306734
97.75,42.3018821306734
97.7595329904619,42.3018821306737
97.76,42.3018821306737
97.7695329904619,42.301882130674
97.77,42.301882130674
97.7795329904619,42.3018821306744
97.78,42.3018821306744
97.789532990462,42.3018821306747
97.79,42.3018821306747
97.799532990462,42.301882130675
97.8,42.301882130675
97.809532990462,42.3018821306753
97.81,42.3018821306753
97.819532990462,42.3018821306757
97.82,42.3018821306757
97.829532990462,42.301882130676
97.83,42.301882130676
97.839532990462,42.3018821306763
97.84,42.3018821306763
97.849532990462,42.3018821306766
97.85,42.3018821306767
97.859532990462,42.301882130677
97.86,42.301882130677
97.869532990462,42.3018821306773
97.87,42.3018821306773
97.879532990462,42.3018821306776
97.88,42.3018821306776
97.889532990462,42.3018821306779
97.89,42.301882130678
97.899532990462,42.3018821306783
97.9,42.3018821306783
97.909532990462,42.3018821306786
97.91,42.3018821306786
97.919532990462,42.3018821306789
97.92,42.3018821306789
97.929532990462,42.3018821306792
97.93,42.3018821306792
97.939532990462,42.3018821306795
97.94,42.3018821306796
97.949532990462,42.3018821306799
97.95,42.3018821306799
97.959532990462,42.3018821306802
97.96,42.3018821306802
97.969532990462,42.3018821306805
97.97,42.3018821306805
97.979532990462,42.3018821306809
97.98,42.3018821306809
97.9895329904621,42.3018821306812
97.99,42.3018821306812
97.9995329904621,42.3018821306815
98,42.3018821306815
98.0095329904621,42.3018821306818
98.01,42.3018821306818
98.0195329904621,42.3018821306822
98.02,42.3018821306822
98.0295329904621,42.3018821306825
98.03,42.3018821306825
98.0395329904621,42.3018821306828
98.04,42.3018821306828
98.0495329904621,42.3018821306831
98.05,42.3018821306831
98.0595329904621,42.3018821306835
98.06,42.3018821306835
98.0695329904621,42.3018821306838
98.07,42.3018821306838
98.0795329904621,42.3018821306841
98.08,42.3018821306841
98.0895329904621,42.3018821306844
98.09,42.3018821306844
98.0995329904621,42.3018821306847
98.1,42.3018821306848
98.1095329904621,42.3018821306851
98.11,42.3018821306851
98.1195329904621,42.3018821306854
98.12,42.3018821306854
98.1295329904621,42.3018821306857
98.13,42.3018821306857
98.1395329904621,42.301882130686
98.14,42.3018821306861
98.1495329904621,42.3018821306864
98.15,42.3018821306864
98.1595329904621,42.3018821306867
98.16,42.3018821306867
98.1695329904621,42.301882130687
98.17,42.301882130687
98.1795329904621,42.3018821306873
98.18,42.3018821306874
98.1895329904622,42.3018821306877
98.19,42.3018821306877
98.1995329904622,42.301882130688
98.2,42.301882130688
98.2095329904622,42.3018821306883
98.21,42.3018821306883
98.2195329904622,42.3018821306886
98.22,42.3018821306887
98.2295329904622,42.301882130689
98.23,42.301882130689
98.2395329904622,42.3018821306893
98.24,42.3018821306893
98.2495329904622,42.3018821306896
98.25,42.3018821306896
98.2595329904622,42.3018821306899
98.26,42.30188213069
98.2695329904622,42.3018821306903
98.27,42.3018821306903
98.2795329904622,42.3018821306906
98.28,42.3018821306906
98.2895329904622,42.3018821306909
98.29,42.3018821306909
98.2995329904622,42.3018821306912
98.3,42.3018821306913
98.3095329904622,42.3018821306916
98.31,42.3018821306916
98.3195329904622,42.3018821306919
98.32,42.3018821306919
98.3295329904622,42.3018821306922
98.33,42.3018821306922
98.3395329904622,42.3018821306925
98.34,42.3018821306925
98.3495329904622,42.3018821306929
98.35,42.3018821306929
98.3595329904622,42.3018821306932
98.36,42.3018821306932
98.3695329904622,42.3018821306935
98.37,42.3018821306935
98.3795329904623,42.3018821306938
98.38,42.3018821306938
98.3895329904623,42.3018821306942
98.39,42.3018821306942
98.3995329904623,42.3018821306945
98.4,42.3018821306945
98.4095329904623,42.3018821306948
98.41,42.3018821306948
98.4195329904623,42.3018821306951
98.42,42.3018821306951
98.4295329904623,42.3018821306954
98.43,42.3018821306955
98.4395329904623,42.3018821306958
98.44,42.3018821306958
98.4495329904623,42.3018821306961
98.45,42.3018821306961
98.4595329904623,42.3018821306964
98.46,42.3018821306964
98.4695329904623,42.3018821306967
98.47,42.3018821306968
98.4795329904623,42.3018821306971
98.48,42.3018821306971
98.4895329904623,42.3018821306974
98.49,42.3018821306974
98.4995329904623,42.3018821306977
98.5,42.3018821306977
98.5095329904623,42.301882130698
98.51,42.3018821306981
98.5195329904623,42.3018821306984
98.52,42.3018821306984
98.5295329904623,42.3018821306987
98.53,42.3018821306987
98.5395329904623,42.301882130699
98.54,42.301882130699
98.5495329904623,42.3018821306993
98.55,42.3018821306993
98.5595329904623,42.3018821306997
98.56,42.3018821306997
98.5695329904623,42.3018821307
98.57,42.3018821307
98.5795329904624,42.3018821307003
98.58,42.3018821307003
98.5895329904624,42.3018821307006
98.59,42.3018821307006
98.5995329904624,42.301882130701
98.6,42.301882130701
98.6095329904624,42.3018821307013
98.61,42.3018821307013
98.6195329904624,42.3018821307016
98.62,42.3018821307016
98.6295329904624,42.3018821307019
98.63,42.3018821307019
98.6395329904624,42.3018821307022
98.64,42.3018821307023
98.6495329904624,42.3018821307026
98.65,42.3018821307026
98.6595329904624,42.3018821307029
98.66,42.3018821307029
98.6695329904624,42.3018821307032
98.67,42.3018821307032
98.6795329904624,42.3018821307035
98.68,42.3018821307036
98.6895329904624,42.3018821307039
98.69,42.3018821307039
98.6995329904624,42.3018821307042
98.7,42.3018821307042
98.7095329904624,42.3018821307045
98.71,42.3018821307045
98.7195329904624,42.3018821307048
98.72,42.3018821307048
98.7295329904624,42.3018821307052
98.73,42.3018821307052
98.7395329904624,42.3018821307055
98.74,42.3018821307055
98.7495329904624,42.3018821307058
98.75,42.3018821307058
98.7595329904624,42.3018821307061
98.76,42.3018821307061
98.7695329904625,42.3018821307064
98.77,42.3018821307065
98.7795329904625,42.3018821307068
98.78,42.3018821307068
98.7895329904625,42.3018821307071
98.79,42.3018821307071
98.7995329904625,42.3018821307074
98.8,42.3018821307074
98.8095329904625,42.3018821307077
98.81,42.3018821307078
98.8195329904625,42.3018821307081
98.82,42.3018821307081
98.8295329904625,42.3018821307084
98.83,42.3018821307084
98.8395329904625,42.3018821307087
98.84,42.3018821307087
98.8495329904625,42.301882130709
98.85,42.3018821307091
98.8595329904625,42.3018821307094
98.86,42.3018821307094
98.8695329904625,42.3018821307097
98.87,42.3018821307097
98.8795329904625,42.30188213071
98.88,42.30188213071
98.8895329904625,42.3018821307103
98.89,42.3018821307103
98.8995329904625,42.3018821307107
98.9,42.3018821307107
98.9095329904625,42.301882130711
98.91,42.301882130711
98.9195329904625,42.3018821307113
98.92,42.3018821307113
98.9295329904625,42.3018821307116
98.93,42.3018821307116
98.9395329904625,42.3018821307119
98.94,42.301882130712
98.9495329904625,42.3018821307123
98.95,42.3018821307123
98.9595329904625,42.3018821307126
98.96,42.3018821307126
98.9695329904626,42.3018821307129
98.97,42.3018821307129
98.9795329904626,42.3018821307132
98.98,42.3018821307132
98.9895329904626,42.3018821307136
98.99,42.3018821307136
98.9995329904626,42.3018821307139
99,42.3018821307139
99.0095329904626,42.3018821307142
99.01,42.3018821307142
99.0195329904626,42.3018821307145
99.02,42.3018821307145
99.0295329904626,42.3018821307149
99.03,42.3018821307149
99.0395329904626,42.3018821307152
99.04,42.3018821307152
99.0495329904626,42.3018821307155
99.05,42.3018821307155
99.0595329904626,42.3018821307158
99.06,42.3018821307158
99.0695329904626,42.3018821307161
99.07,42.3018821307162
99.0795329904626,42.3018821307165
99.08,42.3018821307165
99.0895329904626,42.3018821307168
99.09,42.3018821307168
99.0995329904626,42.3018821307171
99.1,42.3018821307171
99.1095329904626,42.3018821307174
99.11,42.3018821307174
99.1195329904626,42.3018821307178
99.12,42.3018821307178
99.1295329904626,42.3018821307181
99.13,42.3018821307181
99.1395329904626,42.3018821307184
99.14,42.3018821307184
99.1495329904626,42.3018821307187
99.15,42.3018821307187
99.1595329904627,42.301882130719
99.16,42.3018821307191
99.1695329904627,42.3018821307194
99.17,42.3018821307194
99.1795329904627,42.3018821307197
99.18,42.3018821307197
99.1895329904627,42.30188213072
99.19,42.30188213072
99.1995329904627,42.3018821307203
99.2,42.3018821307204
99.2095329904627,42.3018821307207
99.21,42.3018821307207
99.2195329904627,42.301882130721
99.22,42.301882130721
99.2295329904627,42.3018821307213
99.23,42.3018821307213
99.2395329904627,42.3018821307216
99.24,42.3018821307216
99.2495329904627,42.3018821307219
99.25,42.301882130722
99.2595329904627,42.3018821307223
99.26,42.3018821307223
99.2695329904627,42.3018821307226
99.27,42.3018821307226
99.2795329904627,42.3018821307229
99.28,42.3018821307229
99.2895329904627,42.3018821307232
99.29,42.3018821307233
99.2995329904627,42.3018821307236
99.3,42.3018821307236
99.3095329904627,42.3018821307239
99.31,42.3018821307239
99.3195329904627,42.3018821307242
99.32,42.3018821307242
99.3295329904627,42.3018821307245
99.33,42.3018821307245
99.3395329904627,42.3018821307249
99.34,42.3018821307249
99.3495329904627,42.3018821307252
99.35,42.3018821307252
99.3595329904628,42.3018821307255
99.36,42.3018821307255
99.3695329904628,42.3018821307258
99.37,42.3018821307258
99.3795329904628,42.3018821307261
99.38,42.3018821307262
99.3895329904628,42.3018821307265
99.39,42.3018821307265
99.3995329904628,42.3018821307268
99.4,42.3018821307268
99.4095329904628,42.3018821307271
99.41,42.3018821307271
99.4195329904628,42.3018821307274
99.42,42.3018821307274
99.4295329904628,42.3018821307278
99.43,42.3018821307278
99.4395329904628,42.3018821307281
99.44,42.3018821307281
99.4495329904628,42.3018821307284
99.45,42.3018821307284
99.4595329904628,42.3018821307287
99.46,42.3018821307287
99.4695329904628,42.301882130729
99.47,42.3018821307291
99.4795329904628,42.3018821307294
99.48,42.3018821307294
99.4895329904628,42.3018821307297
99.49,42.3018821307297
99.4995329904628,42.30188213073
99.5,42.30188213073
99.5095329904628,42.3018821307303
99.51,42.3018821307303
99.5195329904628,42.3018821307307
99.52,42.3018821307307
99.5295329904628,42.301882130731
99.53,42.301882130731
99.5395329904628,42.3018821307313
99.54,42.3018821307313
99.5495329904629,42.3018821307316
99.55,42.3018821307316
99.5595329904629,42.301882130732
99.56,42.301882130732
99.5695329904629,42.3018821307323
99.57,42.3018821307323
99.5795329904629,42.3018821307326
99.58,42.3018821307326
99.5895329904629,42.3018821307329
99.59,42.3018821307329
99.5995329904629,42.3018821307332
99.6,42.3018821307332
99.6095329904629,42.3018821307336
99.61,42.3018821307336
99.6195329904629,42.3018821307339
99.62,42.3018821307339
99.6295329904629,42.3018821307342
99.63,42.3018821307342
99.6395329904629,42.3018821307345
99.64,42.3018821307345
99.6495329904629,42.3018821307348
99.65,42.3018821307349
99.6595329904629,42.3018821307352
99.66,42.3018821307352
99.6695329904629,42.3018821307355
99.67,42.3018821307355
99.6795329904629,42.3018821307358
99.68,42.3018821307358
99.6895329904629,42.3018821307361
99.69,42.3018821307361
99.6995329904629,42.3018821307365
99.7,42.3018821307365
99.7095329904629,42.3018821307368
99.71,42.3018821307368
99.7195329904629,42.3018821307371
99.72,42.3018821307371
99.7295329904629,42.3018821307374
99.73,42.3018821307374
99.7395329904629,42.3018821307377
99.74,42.3018821307378
99.749532990463,42.3018821307381
99.75,42.3018821307381
99.759532990463,42.3018821307384
99.76,42.3018821307384
99.769532990463,42.3018821307387
99.77,42.3018821307387
99.779532990463,42.301882130739
99.78,42.301882130739
99.789532990463,42.3018821307394
99.79,42.3018821307394
99.799532990463,42.3018821307397
99.8,42.3018821307397
99.809532990463,42.30188213074
99.81,42.30188213074
99.819532990463,42.3018821307403
99.82,42.3018821307403
99.829532990463,42.3018821307406
99.83,42.3018821307407
99.839532990463,42.301882130741
99.84,42.301882130741
99.849532990463,42.3018821307413
99.85,42.3018821307413
99.859532990463,42.3018821307416
99.86,42.3018821307416
99.869532990463,42.3018821307419
99.87,42.3018821307419
99.879532990463,42.3018821307422
99.88,42.3018821307423
99.889532990463,42.3018821307426
99.89,42.3018821307426
99.899532990463,42.3018821307429
99.9,42.3018821307429
99.909532990463,42.3018821307432
99.91,42.3018821307432
99.919532990463,42.3018821307435
99.92,42.3018821307435
99.929532990463,42.3018821307438
99.93,42.3018821307439
99.9395329904631,42.3018821307442
99.94,42.3018821307442
99.9495329904631,42.3018821307445
99.95,42.3018821307445
99.9595329904631,42.3018821307448
99.96,42.3018821307448
99.9695329904631,42.3018821307451
99.97,42.3018821307452
99.9795329904631,42.3018821307455
99.98,42.3018821307455
99.9895329904631,42.3018821307458
99.99,42.3018821307458
99.9995329904631,42.3018821307461
100,42.3018821307461
100.009532990463,42.3018821307464
100.01,42.3018821307464
100.019532990463,42.3018821307467
100.02,42.3018821307468
100.029532990463,42.3018821307471
100.03,42.3018821307471
100.039532990463,42.3018821307474
100.04,42.3018821307474
100.049532990463,42.3018821307477
100.05,42.3018821307477
100.059532990463,42.301882130748
100.06,42.301882130748
100.069532990463,42.3018821307484
100.07,42.3018821307484
100.079532990463,42.3018821307487
100.08,42.3018821307487
100.089532990463,42.301882130749
100.09,42.301882130749
100.099532990463,42.3018821307493
100.1,42.3018821307493
100.109532990463,42.3018821307496
100.11,42.3018821307496
100.119532990463,42.30188213075
100.12,42.30188213075
100.129532990463,42.3018821307503
100.13,42.3018821307503
100.139532990463,42.3018821307506
100.14,42.3018821307506
100.149532990463,42.3018821307509
100.15,42.3018821307509
100.159532990463,42.3018821307513
100.16,42.3018821307513
100.169532990463,42.3018821307516
100.17,42.3018821307516
100.179532990463,42.3018821307519
100.18,42.3018821307519
100.189532990463,42.3018821307522
100.19,42.3018821307522
100.199532990463,42.3018821307525
100.2,42.3018821307525
100.209532990463,42.3018821307529
100.21,42.3018821307529
100.219532990463,42.3018821307532
100.22,42.3018821307532
100.229532990463,42.3018821307535
100.23,42.3018821307535
100.239532990463,42.3018821307538
100.24,42.3018821307538
100.249532990463,42.3018821307541
100.25,42.3018821307542
100.259532990463,42.3018821307545
100.26,42.3018821307545
100.269532990463,42.3018821307548
100.27,42.3018821307548
100.279532990463,42.3018821307551
100.28,42.3018821307551
100.289532990463,42.3018821307554
100.29,42.3018821307554
100.299532990463,42.3018821307557
100.3,42.3018821307558
100.309532990463,42.3018821307561
100.31,42.3018821307561
100.319532990463,42.3018821307564
100.32,42.3018821307564
100.329532990463,42.3018821307567
100.33,42.3018821307567
100.339532990463,42.301882130757
100.34,42.301882130757
100.349532990463,42.3018821307573
100.35,42.3018821307573
100.359532990463,42.3018821307577
100.36,42.3018821307577
100.369532990463,42.301882130758
100.37,42.301882130758
100.379532990463,42.3018821307583
100.38,42.3018821307583
100.389532990463,42.3018821307586
100.39,42.3018821307586
100.399532990463,42.3018821307589
100.4,42.301882130759
100.409532990463,42.3018821307593
100.41,42.3018821307593
100.419532990463,42.3018821307596
100.42,42.3018821307596
100.429532990463,42.3018821307599
100.43,42.3018821307599
100.439532990463,42.3018821307602
100.44,42.3018821307602
100.449532990463,42.3018821307605
100.45,42.3018821307606
100.459532990463,42.3018821307609
100.46,42.3018821307609
100.469532990463,42.3018821307612
100.47,42.3018821307612
100.479532990463,42.3018821307615
100.48,42.3018821307615
100.489532990463,42.3018821307618
100.49,42.3018821307619
100.499532990463,42.3018821307622
100.5,42.3018821307622
100.509532990463,42.3018821307625
100.51,42.3018821307625
100.519532990463,42.3018821307628
100.52,42.3018821307628
100.529532990463,42.3018821307631
100.53,42.3018821307631
100.539532990463,42.3018821307634
100.54,42.3018821307635
100.549532990463,42.3018821307638
100.55,42.3018821307638
100.559532990463,42.3018821307641
100.56,42.3018821307641
100.569532990463,42.3018821307644
100.57,42.3018821307644
100.579532990463,42.3018821307647
100.58,42.3018821307647
100.589532990463,42.301882130765
100.59,42.3018821307651
100.599532990463,42.3018821307654
100.6,42.3018821307654
100.609532990463,42.3018821307657
100.61,42.3018821307657
100.619532990463,42.301882130766
100.62,42.301882130766
100.629532990463,42.3018821307663
100.63,42.3018821307663
100.639532990463,42.3018821307666
100.64,42.3018821307667
100.649532990463,42.301882130767
100.65,42.301882130767
100.659532990463,42.3018821307673
100.66,42.3018821307673
100.669532990463,42.3018821307676
100.67,42.3018821307676
100.679532990463,42.3018821307679
100.68,42.3018821307679
100.689532990463,42.3018821307682
100.69,42.3018821307683
100.699532990463,42.3018821307686
100.7,42.3018821307686
100.709532990463,42.3018821307689
100.71,42.3018821307689
100.719532990463,42.3018821307692
100.72,42.3018821307692
100.729532990463,42.3018821307695
100.73,42.3018821307695
100.739532990463,42.3018821307699
100.74,42.3018821307699
100.749532990463,42.3018821307702
100.75,42.3018821307702
100.759532990463,42.3018821307705
100.76,42.3018821307705
100.769532990463,42.3018821307708
100.77,42.3018821307708
100.779532990463,42.3018821307711
100.78,42.3018821307711
100.789532990463,42.3018821307715
100.79,42.3018821307715
100.799532990463,42.3018821307718
100.8,42.3018821307718
100.809532990463,42.3018821307721
100.81,42.3018821307721
100.819532990464,42.3018821307724
100.82,42.3018821307724
100.829532990464,42.3018821307727
100.83,42.3018821307727
100.839532990464,42.3018821307731
100.84,42.3018821307731
100.849532990464,42.3018821307734
100.85,42.3018821307734
100.859532990464,42.3018821307737
100.86,42.3018821307737
100.869532990464,42.301882130774
100.87,42.301882130774
100.879532990464,42.3018821307743
100.88,42.3018821307743
100.889532990464,42.3018821307747
100.89,42.3018821307747
100.899532990464,42.301882130775
100.9,42.301882130775
100.909532990464,42.3018821307753
100.91,42.3018821307753
100.919532990464,42.3018821307756
100.92,42.3018821307756
100.929532990464,42.3018821307759
100.93,42.3018821307759
100.939532990464,42.3018821307762
100.94,42.3018821307763
100.949532990464,42.3018821307766
100.95,42.3018821307766
100.959532990464,42.3018821307769
100.96,42.3018821307769
100.969532990464,42.3018821307772
100.97,42.3018821307772
100.979532990464,42.3018821307775
100.98,42.3018821307775
100.989532990464,42.3018821307778
100.99,42.3018821307779
100.999532990464,42.3018821307782
101,42.3018821307782
101.009532990464,42.3018821307785
101.01,42.3018821307785
101.019532990464,42.3018821307788
101.02,42.3018821307788
101.029532990464,42.3018821307791
101.03,42.3018821307791
101.039532990464,42.3018821307795
101.04,42.3018821307795
101.049532990464,42.3018821307798
101.05,42.3018821307798
101.059532990464,42.3018821307801
101.06,42.3018821307801
101.069532990464,42.3018821307804
101.07,42.3018821307804
101.079532990464,42.3018821307807
101.08,42.3018821307807
101.089532990464,42.3018821307811
101.09,42.3018821307811
101.099532990464,42.3018821307814
101.1,42.3018821307814
101.109532990464,42.3018821307817
101.11,42.3018821307817
101.119532990464,42.301882130782
101.12,42.301882130782
101.129532990464,42.3018821307823
101.13,42.3018821307824
101.139532990464,42.3018821307827
101.14,42.3018821307827
101.149532990464,42.301882130783
101.15,42.301882130783
101.159532990464,42.3018821307833
101.16,42.3018821307833
101.169532990464,42.3018821307836
101.17,42.3018821307836
101.179532990464,42.3018821307839
101.18,42.301882130784
101.189532990464,42.3018821307843
101.19,42.3018821307843
101.199532990464,42.3018821307846
101.2,42.3018821307846
101.209532990464,42.3018821307849
101.21,42.3018821307849
101.219532990464,42.3018821307852
101.22,42.3018821307852
101.229532990464,42.3018821307855
101.23,42.3018821307855
101.239532990464,42.3018821307858
101.24,42.3018821307859
101.249532990464,42.3018821307862
101.25,42.3018821307862
101.259532990464,42.3018821307865
101.26,42.3018821307865
101.269532990464,42.3018821307868
101.27,42.3018821307868
101.279532990464,42.3018821307871
101.28,42.3018821307871
101.289532990464,42.3018821307874
101.29,42.3018821307875
101.299532990464,42.3018821307878
101.3,42.3018821307878
101.309532990464,42.3018821307881
101.31,42.3018821307881
101.319532990464,42.3018821307884
101.32,42.3018821307884
101.329532990464,42.3018821307887
101.33,42.3018821307887
101.339532990464,42.301882130789
101.34,42.3018821307891
101.349532990464,42.3018821307894
101.35,42.3018821307894
101.359532990464,42.3018821307897
101.36,42.3018821307897
101.369532990464,42.30188213079
101.37,42.30188213079
101.379532990464,42.3018821307903
101.38,42.3018821307903
101.389532990464,42.3018821307906
101.39,42.3018821307907
101.399532990464,42.301882130791
101.4,42.301882130791
101.409532990464,42.3018821307913
101.41,42.3018821307913
101.419532990464,42.3018821307916
101.42,42.3018821307916
101.429532990464,42.3018821307919
101.43,42.3018821307919
101.439532990464,42.3018821307922
101.44,42.3018821307922
101.449532990464,42.3018821307925
101.45,42.3018821307926
101.459532990464,42.3018821307929
101.46,42.3018821307929
101.469532990464,42.3018821307932
101.47,42.3018821307932
101.479532990464,42.3018821307935
101.48,42.3018821307935
101.489532990464,42.3018821307938
101.49,42.3018821307938
101.499532990464,42.3018821307942
101.5,42.3018821307942
101.509532990464,42.3018821307945
101.51,42.3018821307945
101.519532990464,42.3018821307948
101.52,42.3018821307948
101.529532990464,42.3018821307951
101.53,42.3018821307951
101.539532990464,42.3018821307954
101.54,42.3018821307954
101.549532990464,42.3018821307957
101.55,42.3018821307958
101.559532990464,42.3018821307961
101.56,42.3018821307961
101.569532990464,42.3018821307964
101.57,42.3018821307964
101.579532990464,42.3018821307967
101.58,42.3018821307967
101.589532990464,42.301882130797
101.59,42.301882130797
101.599532990464,42.3018821307973
101.6,42.3018821307974
101.609532990464,42.3018821307977
101.61,42.3018821307977
101.619532990464,42.301882130798
101.62,42.301882130798
101.629532990464,42.3018821307983
101.63,42.3018821307983
101.639532990464,42.3018821307986
101.64,42.3018821307986
101.649532990464,42.3018821307989
101.65,42.301882130799
101.659532990464,42.3018821307993
101.66,42.3018821307993
101.669532990464,42.3018821307996
101.67,42.3018821307996
101.679532990464,42.3018821307999
101.68,42.3018821307999
101.689532990464,42.3018821308002
101.69,42.3018821308002
101.699532990464,42.3018821308005
101.7,42.3018821308005
101.709532990464,42.3018821308009
101.71,42.3018821308009
101.719532990464,42.3018821308012
101.72,42.3018821308012
101.729532990464,42.3018821308015
101.73,42.3018821308015
101.739532990464,42.3018821308018
101.74,42.3018821308018
101.749532990464,42.3018821308021
101.75,42.3018821308021
101.759532990464,42.3018821308024
101.76,42.3018821308025
101.769532990464,42.3018821308028
101.77,42.3018821308028
101.779532990464,42.3018821308031
101.78,42.3018821308031
101.789532990464,42.3018821308034
101.79,42.3018821308034
101.799532990464,42.3018821308037
101.8,42.3018821308037
101.809532990464,42.301882130804
101.81,42.3018821308041
101.819532990464,42.3018821308044
101.82,42.3018821308044
101.829532990464,42.3018821308047
101.83,42.3018821308047
101.839532990464,42.301882130805
101.84,42.301882130805
101.849532990464,42.3018821308053
101.85,42.3018821308053
101.859532990464,42.3018821308056
101.86,42.3018821308056
101.869532990464,42.301882130806
101.87,42.301882130806
101.879532990464,42.3018821308063
101.88,42.3018821308063
101.889532990464,42.3018821308066
101.89,42.3018821308066
101.899532990464,42.3018821308069
101.9,42.3018821308069
101.909532990464,42.3018821308072
101.91,42.3018821308073
101.919532990464,42.3018821308075
101.92,42.3018821308076
101.929532990464,42.3018821308079
101.93,42.3018821308079
101.939532990464,42.3018821308082
101.94,42.3018821308082
101.949532990464,42.3018821308085
101.95,42.3018821308085
101.959532990464,42.3018821308088
101.96,42.3018821308088
101.969532990464,42.3018821308091
101.97,42.3018821308092
101.979532990464,42.3018821308095
101.98,42.3018821308095
101.989532990464,42.3018821308098
101.99,42.3018821308098
101.999532990464,42.3018821308101
102,42.3018821308101
102.009532990464,42.3018821308104
102.01,42.3018821308104
102.019532990464,42.3018821308107
102.02,42.3018821308108
102.029532990464,42.3018821308111
102.03,42.3018821308111
102.039532990464,42.3018821308114
102.04,42.3018821308114
102.049532990464,42.3018821308117
102.05,42.3018821308117
102.059532990464,42.301882130812
102.06,42.301882130812
102.069532990464,42.3018821308123
102.07,42.3018821308123
102.079532990464,42.3018821308127
102.08,42.3018821308127
102.089532990464,42.301882130813
102.09,42.301882130813
102.099532990464,42.3018821308133
102.1,42.3018821308133
102.109532990464,42.3018821308136
102.11,42.3018821308136
102.119532990464,42.3018821308139
102.12,42.3018821308139
102.129532990464,42.3018821308142
102.13,42.3018821308143
102.139532990464,42.3018821308146
102.14,42.3018821308146
102.149532990464,42.3018821308149
102.15,42.3018821308149
102.159532990464,42.3018821308152
102.16,42.3018821308152
102.169532990464,42.3018821308155
102.17,42.3018821308155
102.179532990464,42.3018821308158
102.18,42.3018821308158
102.189532990464,42.3018821308162
102.19,42.3018821308162
102.199532990464,42.3018821308165
102.2,42.3018821308165
102.209532990464,42.3018821308168
102.21,42.3018821308168
102.219532990464,42.3018821308171
102.22,42.3018821308171
102.229532990464,42.3018821308174
102.23,42.3018821308174
102.239532990464,42.3018821308177
102.24,42.3018821308178
102.249532990464,42.3018821308181
102.25,42.3018821308181
102.259532990464,42.3018821308184
102.26,42.3018821308184
102.269532990464,42.3018821308187
102.27,42.3018821308187
102.279532990464,42.301882130819
102.28,42.301882130819
102.289532990464,42.3018821308193
102.29,42.3018821308193
102.299532990464,42.3018821308196
102.3,42.3018821308197
102.309532990464,42.30188213082
102.31,42.30188213082
102.319532990464,42.3018821308203
102.32,42.3018821308203
102.329532990464,42.3018821308206
102.33,42.3018821308206
102.339532990464,42.3018821308209
102.34,42.3018821308209
102.349532990464,42.3018821308212
102.35,42.3018821308213
102.359532990464,42.3018821308216
102.36,42.3018821308216
102.369532990464,42.3018821308219
102.37,42.3018821308219
102.379532990464,42.3018821308222
102.38,42.3018821308222
102.389532990464,42.3018821308225
102.39,42.3018821308225
102.399532990464,42.3018821308228
102.4,42.3018821308228
102.409532990464,42.3018821308232
102.41,42.3018821308232
102.419532990464,42.3018821308235
102.42,42.3018821308235
102.429532990464,42.3018821308238
102.43,42.3018821308238
102.439532990464,42.3018821308241
102.44,42.3018821308241
102.449532990464,42.3018821308244
102.45,42.3018821308244
102.459532990464,42.3018821308247
102.46,42.3018821308248
102.469532990464,42.3018821308251
102.47,42.3018821308251
102.479532990464,42.3018821308254
102.48,42.3018821308254
102.489532990464,42.3018821308257
102.49,42.3018821308257
102.499532990464,42.301882130826
102.5,42.301882130826
102.509532990464,42.3018821308263
102.51,42.3018821308263
102.519532990464,42.3018821308266
102.52,42.3018821308267
102.529532990464,42.301882130827
102.53,42.301882130827
102.539532990464,42.3018821308273
102.54,42.3018821308273
102.549532990464,42.3018821308276
102.55,42.3018821308276
102.559532990464,42.3018821308279
102.56,42.3018821308279
102.569532990464,42.3018821308282
102.57,42.3018821308283
102.579532990464,42.3018821308286
102.58,42.3018821308286
102.589532990464,42.3018821308289
102.59,42.3018821308289
102.599532990464,42.3018821308292
102.6,42.3018821308292
102.609532990464,42.3018821308295
102.61,42.3018821308295
102.619532990464,42.3018821308298
102.62,42.3018821308298
102.629532990464,42.3018821308301
102.63,42.3018821308302
102.639532990464,42.3018821308305
102.64,42.3018821308305
102.649532990464,42.3018821308308
102.65,42.3018821308308
102.659532990464,42.3018821308311
102.66,42.3018821308311
102.669532990464,42.3018821308314
102.67,42.3018821308314
102.679532990464,42.3018821308317
102.68,42.3018821308317
102.689532990464,42.3018821308321
102.69,42.3018821308321
102.699532990464,42.3018821308324
102.7,42.3018821308324
102.709532990464,42.3018821308327
102.71,42.3018821308327
102.719532990464,42.301882130833
102.72,42.301882130833
102.729532990464,42.3018821308333
102.73,42.3018821308333
102.739532990464,42.3018821308336
102.74,42.3018821308337
102.749532990464,42.301882130834
102.75,42.301882130834
102.759532990464,42.3018821308343
102.76,42.3018821308343
102.769532990464,42.3018821308346
102.77,42.3018821308346
102.779532990465,42.3018821308349
102.78,42.3018821308349
102.789532990465,42.3018821308352
102.79,42.3018821308352
102.799532990465,42.3018821308355
102.8,42.3018821308356
102.809532990465,42.3018821308359
102.81,42.3018821308359
102.819532990465,42.3018821308362
102.82,42.3018821308362
102.829532990465,42.3018821308365
102.83,42.3018821308365
102.839532990465,42.3018821308368
102.84,42.3018821308368
102.849532990465,42.3018821308371
102.85,42.3018821308371
102.859532990465,42.3018821308375
102.86,42.3018821308375
102.869532990465,42.3018821308378
102.87,42.3018821308378
102.879532990465,42.3018821308381
102.88,42.3018821308381
102.889532990465,42.3018821308384
102.89,42.3018821308384
102.899532990465,42.3018821308387
102.9,42.3018821308387
102.909532990465,42.301882130839
102.91,42.3018821308391
102.919532990465,42.3018821308394
102.92,42.3018821308394
102.929532990465,42.3018821308397
102.93,42.3018821308397
102.939532990465,42.30188213084
102.94,42.30188213084
102.949532990465,42.3018821308403
102.95,42.3018821308403
102.959532990465,42.3018821308406
102.96,42.3018821308406
102.969532990465,42.3018821308409
102.97,42.3018821308409
102.979532990465,42.3018821308413
102.98,42.3018821308413
102.989532990465,42.3018821308416
102.99,42.3018821308416
102.999532990465,42.3018821308419
103,42.3018821308419
103.009532990465,42.3018821308422
103.01,42.3018821308422
103.019532990465,42.3018821308425
103.02,42.3018821308425
103.029532990465,42.3018821308428
103.03,42.3018821308429
103.039532990465,42.3018821308432
103.04,42.3018821308432
103.049532990465,42.3018821308435
103.05,42.3018821308435
103.059532990465,42.3018821308438
103.06,42.3018821308438
103.069532990465,42.3018821308441
103.07,42.3018821308441
103.079532990465,42.3018821308444
103.08,42.3018821308444
103.089532990465,42.3018821308447
103.09,42.3018821308448
103.099532990465,42.3018821308451
103.1,42.3018821308451
103.109532990465,42.3018821308454
103.11,42.3018821308454
103.119532990465,42.3018821308457
103.12,42.3018821308457
103.129532990465,42.301882130846
103.13,42.301882130846
103.139532990465,42.3018821308463
103.14,42.3018821308463
103.149532990465,42.3018821308466
103.15,42.3018821308467
103.159532990465,42.301882130847
103.16,42.301882130847
103.169532990465,42.3018821308473
103.17,42.3018821308473
103.179532990465,42.3018821308476
103.18,42.3018821308476
103.189532990465,42.3018821308479
103.19,42.3018821308479
103.199532990465,42.3018821308482
103.2,42.3018821308483
103.209532990465,42.3018821308486
103.21,42.3018821308486
103.219532990465,42.3018821308489
103.22,42.3018821308489
103.229532990465,42.3018821308492
103.23,42.3018821308492
103.239532990465,42.3018821308495
103.24,42.3018821308495
103.249532990465,42.3018821308498
103.25,42.3018821308498
103.259532990465,42.3018821308501
103.26,42.3018821308502
103.269532990465,42.3018821308505
103.27,42.3018821308505
103.279532990465,42.3018821308508
103.28,42.3018821308508
103.289532990465,42.3018821308511
103.29,42.3018821308511
103.299532990465,42.3018821308514
103.3,42.3018821308514
103.309532990465,42.3018821308517
103.31,42.3018821308517
103.319532990465,42.301882130852
103.32,42.3018821308521
103.329532990465,42.3018821308524
103.33,42.3018821308524
103.339532990465,42.3018821308527
103.34,42.3018821308527
103.349532990465,42.301882130853
103.35,42.301882130853
103.359532990465,42.3018821308533
103.36,42.3018821308533
103.369532990465,42.3018821308536
103.37,42.3018821308536
103.379532990465,42.3018821308539
103.38,42.301882130854
103.389532990465,42.3018821308543
103.39,42.3018821308543
103.399532990465,42.3018821308546
103.4,42.3018821308546
103.409532990465,42.3018821308549
103.41,42.3018821308549
103.419532990465,42.3018821308552
103.42,42.3018821308552
103.429532990465,42.3018821308555
103.43,42.3018821308555
103.439532990465,42.3018821308558
103.44,42.3018821308559
103.449532990465,42.3018821308562
103.45,42.3018821308562
103.459532990465,42.3018821308565
103.46,42.3018821308565
103.469532990465,42.3018821308568
103.47,42.3018821308568
103.479532990465,42.3018821308571
103.48,42.3018821308571
103.489532990465,42.3018821308574
103.49,42.3018821308574
103.499532990465,42.3018821308577
103.5,42.3018821308577
103.509532990465,42.3018821308581
103.51,42.3018821308581
103.519532990465,42.3018821308584
103.52,42.3018821308584
103.529532990465,42.3018821308587
103.53,42.3018821308587
103.539532990465,42.301882130859
103.54,42.301882130859
103.549532990465,42.3018821308593
103.55,42.3018821308593
103.559532990465,42.3018821308596
103.56,42.3018821308597
103.569532990465,42.30188213086
103.57,42.30188213086
103.579532990465,42.3018821308603
103.58,42.3018821308603
103.589532990465,42.3018821308606
103.59,42.3018821308606
103.599532990465,42.3018821308609
103.6,42.3018821308609
103.609532990465,42.3018821308612
103.61,42.3018821308612
103.619532990465,42.3018821308615
103.62,42.3018821308616
103.629532990465,42.3018821308619
103.63,42.3018821308619
103.639532990465,42.3018821308622
103.64,42.3018821308622
103.649532990465,42.3018821308625
103.65,42.3018821308625
103.659532990465,42.3018821308628
103.66,42.3018821308628
103.669532990465,42.3018821308631
103.67,42.3018821308631
103.679532990465,42.3018821308634
103.68,42.3018821308634
103.689532990465,42.3018821308638
103.69,42.3018821308638
103.699532990465,42.3018821308641
103.7,42.3018821308641
103.709532990465,42.3018821308644
103.71,42.3018821308644
103.719532990465,42.3018821308647
103.72,42.3018821308647
103.729532990465,42.301882130865
103.73,42.301882130865
103.739532990465,42.3018821308653
103.74,42.3018821308654
103.749532990465,42.3018821308657
103.75,42.3018821308657
103.759532990465,42.301882130866
103.76,42.301882130866
103.769532990465,42.3018821308663
103.77,42.3018821308663
103.779532990465,42.3018821308666
103.78,42.3018821308666
103.789532990465,42.3018821308669
103.79,42.3018821308669
103.799532990465,42.3018821308672
103.8,42.3018821308672
103.809532990465,42.3018821308675
103.81,42.3018821308676
103.819532990465,42.3018821308679
103.82,42.3018821308679
103.829532990465,42.3018821308682
103.83,42.3018821308682
103.839532990465,42.3018821308685
103.84,42.3018821308685
103.849532990465,42.3018821308688
103.85,42.3018821308688
103.859532990465,42.3018821308691
103.86,42.3018821308691
103.869532990465,42.3018821308695
103.87,42.3018821308695
103.879532990465,42.3018821308698
103.88,42.3018821308698
103.889532990465,42.3018821308701
103.89,42.3018821308701
103.899532990465,42.3018821308704
103.9,42.3018821308704
103.909532990465,42.3018821308707
103.91,42.3018821308707
103.919532990465,42.301882130871
103.92,42.301882130871
103.929532990465,42.3018821308713
103.93,42.3018821308714
103.939532990465,42.3018821308717
103.94,42.3018821308717
103.949532990465,42.301882130872
103.95,42.301882130872
103.959532990465,42.3018821308723
103.96,42.3018821308723
103.969532990465,42.3018821308726
103.97,42.3018821308726
103.979532990465,42.3018821308729
103.98,42.3018821308729
103.989532990465,42.3018821308732
103.99,42.3018821308733
103.999532990465,42.3018821308736
104,42.3018821308736
104.009532990465,42.3018821308739
104.01,42.3018821308739
104.019532990465,42.3018821308742
104.02,42.3018821308742
104.029532990465,42.3018821308745
104.03,42.3018821308745
104.039532990465,42.3018821308748
104.04,42.3018821308748
104.049532990465,42.3018821308751
104.05,42.3018821308751
104.059532990465,42.3018821308755
104.06,42.3018821308755
104.069532990465,42.3018821308758
104.07,42.3018821308758
104.079532990465,42.3018821308761
104.08,42.3018821308761
104.089532990465,42.3018821308764
104.09,42.3018821308764
104.099532990465,42.3018821308767
104.1,42.3018821308767
104.109532990465,42.301882130877
104.11,42.301882130877
104.119532990465,42.3018821308773
104.12,42.3018821308774
104.129532990465,42.3018821308777
104.13,42.3018821308777
104.139532990465,42.301882130878
104.14,42.301882130878
104.149532990465,42.3018821308783
104.15,42.3018821308783
104.159532990465,42.3018821308786
104.16,42.3018821308786
104.169532990465,42.3018821308789
104.17,42.3018821308789
104.179532990465,42.3018821308792
104.18,42.3018821308793
104.189532990465,42.3018821308796
104.19,42.3018821308796
104.199532990465,42.3018821308799
104.2,42.3018821308799
104.209532990465,42.3018821308802
104.21,42.3018821308802
104.219532990465,42.3018821308805
104.22,42.3018821308805
104.229532990465,42.3018821308808
104.23,42.3018821308808
104.239532990465,42.3018821308811
104.24,42.3018821308812
104.249532990465,42.3018821308814
104.25,42.3018821308815
104.259532990465,42.3018821308818
104.26,42.3018821308818
104.269532990465,42.3018821308821
104.27,42.3018821308821
104.279532990465,42.3018821308824
104.28,42.3018821308824
104.289532990465,42.3018821308827
104.29,42.3018821308827
104.299532990465,42.301882130883
104.3,42.301882130883
104.309532990465,42.3018821308833
104.31,42.3018821308834
104.319532990465,42.3018821308837
104.32,42.3018821308837
104.329532990465,42.301882130884
104.33,42.301882130884
104.339532990465,42.3018821308843
104.34,42.3018821308843
104.349532990465,42.3018821308846
104.35,42.3018821308846
104.359532990465,42.3018821308849
104.36,42.3018821308849
104.369532990465,42.3018821308852
104.37,42.3018821308853
104.379532990465,42.3018821308856
104.38,42.3018821308856
104.389532990465,42.3018821308859
104.39,42.3018821308859
104.399532990465,42.3018821308862
104.4,42.3018821308862
104.409532990465,42.3018821308865
104.41,42.3018821308865
104.419532990465,42.3018821308868
104.42,42.3018821308868
104.429532990465,42.3018821308871
104.43,42.3018821308872
104.439532990465,42.3018821308874
104.44,42.3018821308875
104.449532990465,42.3018821308878
104.45,42.3018821308878
104.459532990465,42.3018821308881
104.46,42.3018821308881
104.469532990465,42.3018821308884
104.47,42.3018821308884
104.479532990465,42.3018821308887
104.48,42.3018821308887
104.489532990465,42.301882130889
104.49,42.301882130889
104.499532990465,42.3018821308893
104.5,42.3018821308894
104.509532990465,42.3018821308897
104.51,42.3018821308897
104.519532990465,42.30188213089
104.52,42.30188213089
104.529532990465,42.3018821308903
104.53,42.3018821308903
104.539532990465,42.3018821308906
104.54,42.3018821308906
104.549532990465,42.3018821308909
104.55,42.3018821308909
104.559532990465,42.3018821308912
104.56,42.3018821308913
104.569532990465,42.3018821308915
104.57,42.3018821308916
104.579532990465,42.3018821308919
104.58,42.3018821308919
104.589532990465,42.3018821308922
104.59,42.3018821308922
104.599532990465,42.3018821308925
104.6,42.3018821308925
104.609532990465,42.3018821308928
104.61,42.3018821308928
104.619532990465,42.3018821308931
104.62,42.3018821308931
104.629532990465,42.3018821308934
104.63,42.3018821308935
104.639532990465,42.3018821308938
104.64,42.3018821308938
104.649532990465,42.3018821308941
104.65,42.3018821308941
104.659532990465,42.3018821308944
104.66,42.3018821308944
104.669532990465,42.3018821308947
104.67,42.3018821308947
104.679532990465,42.301882130895
104.68,42.301882130895
104.689532990465,42.3018821308953
104.69,42.3018821308954
104.699532990465,42.3018821308957
104.7,42.3018821308957
104.709532990465,42.301882130896
104.71,42.301882130896
104.719532990465,42.3018821308963
104.72,42.3018821308963
104.729532990466,42.3018821308966
104.73,42.3018821308966
104.739532990466,42.3018821308969
104.74,42.3018821308969
104.749532990466,42.3018821308972
104.75,42.3018821308972
104.759532990466,42.3018821308975
104.76,42.3018821308975
104.769532990466,42.3018821308979
104.77,42.3018821308979
104.779532990466,42.3018821308982
104.78,42.3018821308982
104.789532990466,42.3018821308985
104.79,42.3018821308985
104.799532990466,42.3018821308988
104.8,42.3018821308988
104.809532990466,42.3018821308991
104.81,42.3018821308991
104.819532990466,42.3018821308994
104.82,42.3018821308994
104.829532990466,42.3018821308997
104.83,42.3018821308998
104.839532990466,42.3018821309001
104.84,42.3018821309001
104.849532990466,42.3018821309004
104.85,42.3018821309004
104.859532990466,42.3018821309007
104.86,42.3018821309007
104.869532990466,42.301882130901
104.87,42.301882130901
104.879532990466,42.3018821309013
104.88,42.3018821309013
104.889532990466,42.3018821309016
104.89,42.3018821309017
104.899532990466,42.301882130902
104.9,42.301882130902
104.909532990466,42.3018821309023
104.91,42.3018821309023
104.919532990466,42.3018821309026
104.92,42.3018821309026
104.929532990466,42.3018821309029
104.93,42.3018821309029
104.939532990466,42.3018821309032
104.94,42.3018821309032
104.949532990466,42.3018821309035
104.95,42.3018821309036
104.959532990466,42.3018821309038
104.96,42.3018821309038
104.969532990466,42.3018821309042
104.97,42.3018821309042
104.979532990466,42.3018821309045
104.98,42.3018821309045
104.989532990466,42.3018821309048
104.99,42.3018821309048
104.999532990466,42.3018821309051
105,42.3018821309051
105.009532990466,42.3018821309054
105.01,42.3018821309054
105.019532990466,42.3018821309057
105.02,42.3018821309057
105.029532990466,42.3018821309061
105.03,42.3018821309061
105.039532990466,42.3018821309064
105.04,42.3018821309064
105.049532990466,42.3018821309067
105.05,42.3018821309067
105.059532990466,42.301882130907
105.06,42.301882130907
105.069532990466,42.3018821309073
105.07,42.3018821309073
105.079532990466,42.3018821309076
105.08,42.3018821309076
105.089532990466,42.3018821309079
105.09,42.3018821309079
105.099532990466,42.3018821309083
105.1,42.3018821309083
105.109532990466,42.3018821309086
105.11,42.3018821309086
105.119532990466,42.3018821309089
105.12,42.3018821309089
105.129532990466,42.3018821309092
105.13,42.3018821309092
105.139532990466,42.3018821309095
105.14,42.3018821309095
105.149532990466,42.3018821309098
105.15,42.3018821309098
105.159532990466,42.3018821309101
105.16,42.3018821309102
105.169532990466,42.3018821309105
105.17,42.3018821309105
105.179532990466,42.3018821309108
105.18,42.3018821309108
105.189532990466,42.3018821309111
105.19,42.3018821309111
105.199532990466,42.3018821309114
105.2,42.3018821309114
105.209532990466,42.3018821309117
105.21,42.3018821309117
105.219532990466,42.301882130912
105.22,42.301882130912
105.229532990466,42.3018821309123
105.23,42.3018821309124
105.239532990466,42.3018821309127
105.24,42.3018821309127
105.249532990466,42.301882130913
105.25,42.301882130913
105.259532990466,42.3018821309133
105.26,42.3018821309133
105.269532990466,42.3018821309136
105.27,42.3018821309136
105.279532990466,42.3018821309139
105.28,42.3018821309139
105.289532990466,42.3018821309142
105.29,42.3018821309142
105.299532990466,42.3018821309145
105.3,42.3018821309146
105.309532990466,42.3018821309149
105.31,42.3018821309149
105.319532990466,42.3018821309152
105.32,42.3018821309152
105.329532990466,42.3018821309155
105.33,42.3018821309155
105.339532990466,42.3018821309158
105.34,42.3018821309158
105.349532990466,42.3018821309161
105.35,42.3018821309161
105.359532990466,42.3018821309164
105.36,42.3018821309164
105.369532990466,42.3018821309168
105.37,42.3018821309168
105.379532990466,42.3018821309171
105.38,42.3018821309171
105.389532990466,42.3018821309174
105.39,42.3018821309174
105.399532990466,42.3018821309177
105.4,42.3018821309177
105.409532990466,42.301882130918
105.41,42.301882130918
105.419532990466,42.3018821309183
105.42,42.3018821309183
105.429532990466,42.3018821309186
105.43,42.3018821309186
105.439532990466,42.3018821309189
105.44,42.301882130919
105.449532990466,42.3018821309193
105.45,42.3018821309193
105.459532990466,42.3018821309196
105.46,42.3018821309196
105.469532990466,42.3018821309199
105.47,42.3018821309199
105.479532990466,42.3018821309202
105.48,42.3018821309202
105.489532990466,42.3018821309205
105.49,42.3018821309205
105.499532990466,42.3018821309208
105.5,42.3018821309208
105.509532990466,42.3018821309211
105.51,42.3018821309212
105.519532990466,42.3018821309215
105.52,42.3018821309215
105.529532990466,42.3018821309218
105.53,42.3018821309218
105.539532990466,42.3018821309221
105.54,42.3018821309221
105.549532990466,42.3018821309224
105.55,42.3018821309224
105.559532990466,42.3018821309227
105.56,42.3018821309227
105.569532990466,42.301882130923
105.57,42.301882130923
105.579532990466,42.3018821309233
105.58,42.3018821309234
105.589532990466,42.3018821309237
105.59,42.3018821309237
105.599532990466,42.301882130924
105.6,42.301882130924
105.609532990466,42.3018821309243
105.61,42.3018821309243
105.619532990466,42.3018821309246
105.62,42.3018821309246
105.629532990466,42.3018821309249
105.63,42.3018821309249
105.639532990466,42.3018821309252
105.64,42.3018821309253
105.649532990466,42.3018821309255
105.65,42.3018821309256
105.659532990466,42.3018821309259
105.66,42.3018821309259
105.669532990466,42.3018821309262
105.67,42.3018821309262
105.679532990466,42.3018821309265
105.68,42.3018821309265
105.689532990466,42.3018821309268
105.69,42.3018821309268
105.699532990466,42.3018821309271
105.7,42.3018821309271
105.709532990466,42.3018821309274
105.71,42.3018821309274
105.719532990466,42.3018821309277
105.72,42.3018821309278
105.729532990466,42.3018821309281
105.73,42.3018821309281
105.739532990466,42.3018821309284
105.74,42.3018821309284
105.749532990466,42.3018821309287
105.75,42.3018821309287
105.759532990466,42.301882130929
105.76,42.301882130929
105.769532990466,42.3018821309293
105.77,42.3018821309293
105.779532990466,42.3018821309296
105.78,42.3018821309296
105.789532990466,42.3018821309299
105.79,42.30188213093
105.799532990466,42.3018821309303
105.8,42.3018821309303
105.809532990466,42.3018821309306
105.81,42.3018821309306
105.819532990466,42.3018821309309
105.82,42.3018821309309
105.829532990466,42.3018821309312
105.83,42.3018821309312
105.839532990466,42.3018821309315
105.84,42.3018821309315
105.849532990466,42.3018821309318
105.85,42.3018821309318
105.859532990466,42.3018821309321
105.86,42.3018821309321
105.869532990466,42.3018821309324
105.87,42.3018821309325
105.879532990466,42.3018821309328
105.88,42.3018821309328
105.889532990466,42.3018821309331
105.89,42.3018821309331
105.899532990466,42.3018821309334
105.9,42.3018821309334
105.909532990466,42.3018821309337
105.91,42.3018821309337
105.919532990466,42.301882130934
105.92,42.301882130934
105.929532990466,42.3018821309343
105.93,42.3018821309343
105.939532990466,42.3018821309346
105.94,42.3018821309347
105.949532990466,42.301882130935
105.95,42.301882130935
105.959532990466,42.3018821309353
105.96,42.3018821309353
105.969532990466,42.3018821309356
105.97,42.3018821309356
105.979532990466,42.3018821309359
105.98,42.3018821309359
105.989532990466,42.3018821309362
105.99,42.3018821309362
105.999532990466,42.3018821309365
106,42.3018821309366
106.009532990466,42.3018821309368
106.01,42.3018821309369
106.019532990466,42.3018821309372
106.02,42.3018821309372
106.029532990466,42.3018821309375
106.03,42.3018821309375
106.039532990466,42.3018821309378
106.04,42.3018821309378
106.049532990466,42.3018821309381
106.05,42.3018821309381
106.059532990466,42.3018821309384
106.06,42.3018821309384
106.069532990466,42.3018821309387
106.07,42.3018821309387
106.079532990466,42.301882130939
106.08,42.3018821309391
106.089532990466,42.3018821309394
106.09,42.3018821309394
106.099532990466,42.3018821309397
106.1,42.3018821309397
106.109532990466,42.30188213094
106.11,42.30188213094
106.119532990466,42.3018821309403
106.12,42.3018821309403
106.129532990466,42.3018821309406
106.13,42.3018821309406
106.139532990466,42.3018821309409
106.14,42.3018821309409
106.149532990466,42.3018821309412
106.15,42.3018821309413
106.159532990466,42.3018821309416
106.16,42.3018821309416
106.169532990466,42.3018821309419
106.17,42.3018821309419
106.179532990466,42.3018821309422
106.18,42.3018821309422
106.189532990466,42.3018821309425
106.19,42.3018821309425
106.199532990466,42.3018821309428
106.2,42.3018821309428
106.209532990466,42.3018821309431
106.21,42.3018821309431
106.219532990466,42.3018821309434
106.22,42.3018821309434
106.229532990466,42.3018821309438
106.23,42.3018821309438
106.239532990466,42.3018821309441
106.24,42.3018821309441
106.249532990466,42.3018821309444
106.25,42.3018821309444
106.259532990466,42.3018821309447
106.26,42.3018821309447
106.269532990466,42.301882130945
106.27,42.301882130945
106.279532990466,42.3018821309453
106.28,42.3018821309453
106.289532990466,42.3018821309456
106.29,42.3018821309456
106.299532990466,42.3018821309459
106.3,42.3018821309459
106.309532990466,42.3018821309463
106.31,42.3018821309463
106.319532990466,42.3018821309466
106.32,42.3018821309466
106.329532990466,42.3018821309469
106.33,42.3018821309469
106.339532990466,42.3018821309472
106.34,42.3018821309472
106.349532990466,42.3018821309475
106.35,42.3018821309475
106.359532990466,42.3018821309478
106.36,42.3018821309478
106.369532990466,42.3018821309481
106.37,42.3018821309481
106.379532990466,42.3018821309484
106.38,42.3018821309485
106.389532990466,42.3018821309488
106.39,42.3018821309488
106.399532990466,42.3018821309491
106.4,42.3018821309491
106.409532990466,42.3018821309494
106.41,42.3018821309494
106.419532990466,42.3018821309497
106.42,42.3018821309497
106.429532990466,42.30188213095
106.43,42.30188213095
106.439532990466,42.3018821309503
106.44,42.3018821309503
106.449532990466,42.3018821309506
106.45,42.3018821309507
106.459532990466,42.301882130951
106.46,42.301882130951
106.469532990466,42.3018821309513
106.47,42.3018821309513
106.479532990466,42.3018821309516
106.48,42.3018821309516
106.489532990466,42.3018821309519
106.49,42.3018821309519
106.499532990466,42.3018821309522
106.5,42.3018821309522
106.509532990466,42.3018821309525
106.51,42.3018821309525
106.519532990466,42.3018821309528
106.52,42.3018821309529
106.529532990466,42.3018821309532
106.53,42.3018821309532
106.539532990466,42.3018821309535
106.54,42.3018821309535
106.549532990466,42.3018821309538
106.55,42.3018821309538
106.559532990466,42.3018821309541
106.56,42.3018821309541
106.569532990466,42.3018821309544
106.57,42.3018821309544
106.579532990466,42.3018821309547
106.58,42.3018821309547
106.589532990466,42.301882130955
106.59,42.301882130955
106.599532990466,42.3018821309553
106.6,42.3018821309554
106.609532990466,42.3018821309557
106.61,42.3018821309557
106.619532990466,42.301882130956
106.62,42.301882130956
106.629532990466,42.3018821309563
106.63,42.3018821309563
106.639532990466,42.3018821309566
106.64,42.3018821309566
106.649532990466,42.3018821309569
106.65,42.3018821309569
106.659532990466,42.3018821309572
106.66,42.3018821309572
106.669532990466,42.3018821309575
106.67,42.3018821309576
106.679532990466,42.3018821309578
106.68,42.3018821309579
106.689532990467,42.3018821309582
106.69,42.3018821309582
106.699532990467,42.3018821309585
106.7,42.3018821309585
106.709532990467,42.3018821309588
106.71,42.3018821309588
106.719532990467,42.3018821309591
106.72,42.3018821309591
106.729532990467,42.3018821309594
106.73,42.3018821309594
106.739532990467,42.3018821309597
106.74,42.3018821309597
106.749532990467,42.30188213096
106.75,42.3018821309601
106.759532990467,42.3018821309604
106.76,42.3018821309604
106.769532990467,42.3018821309607
106.77,42.3018821309607
106.779532990467,42.301882130961
106.78,42.301882130961
106.789532990467,42.3018821309613
106.79,42.3018821309613
106.799532990467,42.3018821309616
106.8,42.3018821309616
106.809532990467,42.3018821309619
106.81,42.3018821309619
106.819532990467,42.3018821309622
106.82,42.3018821309622
106.829532990467,42.3018821309626
106.83,42.3018821309626
106.839532990467,42.3018821309629
106.84,42.3018821309629
106.849532990467,42.3018821309632
106.85,42.3018821309632
106.859532990467,42.3018821309635
106.86,42.3018821309635
106.869532990467,42.3018821309638
106.87,42.3018821309638
106.879532990467,42.3018821309641
106.88,42.3018821309641
106.889532990467,42.3018821309644
106.89,42.3018821309644
106.899532990467,42.3018821309647
106.9,42.3018821309647
106.909532990467,42.301882130965
106.91,42.3018821309651
106.919532990467,42.3018821309654
106.92,42.3018821309654
106.929532990467,42.3018821309657
106.93,42.3018821309657
106.939532990467,42.301882130966
106.94,42.301882130966
106.949532990467,42.3018821309663
106.95,42.3018821309663
106.959532990467,42.3018821309666
106.96,42.3018821309666
106.969532990467,42.3018821309669
106.97,42.3018821309669
106.979532990467,42.3018821309672
106.98,42.3018821309673
106.989532990467,42.3018821309676
106.99,42.3018821309676
106.999532990467,42.3018821309679
107,42.3018821309679
107.009532990467,42.3018821309682
107.01,42.3018821309682
107.019532990467,42.3018821309685
107.02,42.3018821309685
107.029532990467,42.3018821309688
107.03,42.3018821309688
107.039532990467,42.3018821309691
107.04,42.3018821309691
107.049532990467,42.3018821309694
107.05,42.3018821309694
107.059532990467,42.3018821309697
107.06,42.3018821309698
107.069532990467,42.30188213097
107.07,42.3018821309701
107.079532990467,42.3018821309704
107.08,42.3018821309704
107.089532990467,42.3018821309707
107.09,42.3018821309707
107.099532990467,42.301882130971
107.1,42.301882130971
107.109532990467,42.3018821309713
107.11,42.3018821309713
107.119532990467,42.3018821309716
107.12,42.3018821309716
107.129532990467,42.3018821309719
107.13,42.3018821309719
107.139532990467,42.3018821309722
107.14,42.3018821309722
107.149532990467,42.3018821309726
107.15,42.3018821309726
107.159532990467,42.3018821309729
107.16,42.3018821309729
107.169532990467,42.3018821309732
107.17,42.3018821309732
107.179532990467,42.3018821309735
107.18,42.3018821309735
107.189532990467,42.3018821309738
107.19,42.3018821309738
107.199532990467,42.3018821309741
107.2,42.3018821309741
107.209532990467,42.3018821309744
107.21,42.3018821309744
107.219532990467,42.3018821309747
107.22,42.3018821309747
107.229532990467,42.3018821309751
107.23,42.3018821309751
107.239532990467,42.3018821309754
107.24,42.3018821309754
107.249532990467,42.3018821309757
107.25,42.3018821309757
107.259532990467,42.301882130976
107.26,42.301882130976
107.269532990467,42.3018821309763
107.27,42.3018821309763
107.279532990467,42.3018821309766
107.28,42.3018821309766
107.289532990467,42.3018821309769
107.29,42.3018821309769
107.299532990467,42.3018821309772
107.3,42.3018821309772
107.309532990467,42.3018821309776
107.31,42.3018821309776
107.319532990467,42.3018821309779
107.32,42.3018821309779
107.329532990467,42.3018821309782
107.33,42.3018821309782
107.339532990467,42.3018821309785
107.34,42.3018821309785
107.349532990467,42.3018821309788
107.35,42.3018821309788
107.359532990467,42.3018821309791
107.36,42.3018821309791
107.369532990467,42.3018821309794
107.37,42.3018821309794
107.379532990467,42.3018821309797
107.38,42.3018821309797
107.389532990467,42.3018821309801
107.39,42.3018821309801
107.399532990467,42.3018821309804
107.4,42.3018821309804
107.409532990467,42.3018821309807
107.41,42.3018821309807
107.419532990467,42.301882130981
107.42,42.301882130981
107.429532990467,42.3018821309813
107.43,42.3018821309813
107.439532990467,42.3018821309816
107.44,42.3018821309816
107.449532990467,42.3018821309819
107.45,42.3018821309819
107.459532990467,42.3018821309822
107.46,42.3018821309822
107.469532990467,42.3018821309826
107.47,42.3018821309826
107.479532990467,42.3018821309829
107.48,42.3018821309829
107.489532990467,42.3018821309832
107.49,42.3018821309832
107.499532990467,42.3018821309835
107.5,42.3018821309835
107.509532990467,42.3018821309838
107.51,42.3018821309838
107.519532990467,42.3018821309841
107.52,42.3018821309841
107.529532990467,42.3018821309844
107.53,42.3018821309844
107.539532990467,42.3018821309847
107.54,42.3018821309848
107.549532990467,42.3018821309851
107.55,42.3018821309851
107.559532990467,42.3018821309854
107.56,42.3018821309854
107.569532990467,42.3018821309857
107.57,42.3018821309857
107.579532990467,42.301882130986
107.58,42.301882130986
107.589532990467,42.3018821309863
107.59,42.3018821309863
107.599532990467,42.3018821309866
107.6,42.3018821309866
107.609532990467,42.3018821309869
107.61,42.3018821309869
107.619532990467,42.3018821309872
107.62,42.3018821309873
107.629532990467,42.3018821309876
107.63,42.3018821309876
107.639532990467,42.3018821309879
107.64,42.3018821309879
107.649532990467,42.3018821309882
107.65,42.3018821309882
107.659532990467,42.3018821309885
107.66,42.3018821309885
107.669532990467,42.3018821309888
107.67,42.3018821309888
107.679532990467,42.3018821309891
107.68,42.3018821309891
107.689532990467,42.3018821309894
107.69,42.3018821309894
107.699532990467,42.3018821309897
107.7,42.3018821309897
107.709532990467,42.30188213099
107.71,42.3018821309901
107.719532990467,42.3018821309904
107.72,42.3018821309904
107.729532990467,42.3018821309907
107.73,42.3018821309907
107.739532990467,42.301882130991
107.74,42.301882130991
107.749532990467,42.3018821309913
107.75,42.3018821309913
107.759532990467,42.3018821309916
107.76,42.3018821309916
107.769532990467,42.3018821309919
107.77,42.3018821309919
107.779532990467,42.3018821309922
107.78,42.3018821309922
107.789532990467,42.3018821309925
107.79,42.3018821309926
107.799532990467,42.3018821309929
107.8,42.3018821309929
107.809532990467,42.3018821309932
107.81,42.3018821309932
107.819532990467,42.3018821309935
107.82,42.3018821309935
107.829532990467,42.3018821309938
107.83,42.3018821309938
107.839532990467,42.3018821309941
107.84,42.3018821309941
107.849532990467,42.3018821309944
107.85,42.3018821309944
107.859532990467,42.3018821309947
107.86,42.3018821309947
107.869532990467,42.301882130995
107.87,42.3018821309951
107.879532990467,42.3018821309954
107.88,42.3018821309954
107.889532990467,42.3018821309957
107.89,42.3018821309957
107.899532990467,42.301882130996
107.9,42.301882130996
107.909532990467,42.3018821309963
107.91,42.3018821309963
107.919532990467,42.3018821309966
107.92,42.3018821309966
107.929532990467,42.3018821309969
107.93,42.3018821309969
107.939532990467,42.3018821309972
107.94,42.3018821309972
107.949532990467,42.3018821309975
107.95,42.3018821309976
107.959532990467,42.3018821309978
107.96,42.3018821309979
107.969532990467,42.3018821309982
107.97,42.3018821309982
107.979532990467,42.3018821309985
107.98,42.3018821309985
107.989532990467,42.3018821309988
107.99,42.3018821309988
107.999532990467,42.3018821309991
108,42.3018821309991
108.009532990467,42.3018821309994
108.01,42.3018821309994
108.019532990467,42.3018821309997
108.02,42.3018821309997
108.029532990467,42.301882131
108.03,42.301882131
108.039532990467,42.3018821310003
108.04,42.3018821310004
108.049532990467,42.3018821310006
108.05,42.3018821310007
108.059532990467,42.301882131001
108.06,42.301882131001
108.069532990467,42.3018821310013
108.07,42.3018821310013
108.079532990467,42.3018821310016
108.08,42.3018821310016
108.089532990467,42.3018821310019
108.09,42.3018821310019
108.099532990467,42.3018821310022
108.1,42.3018821310022
108.109532990467,42.3018821310025
108.11,42.3018821310025
108.119532990467,42.3018821310028
108.12,42.3018821310028
108.129532990467,42.3018821310031
108.13,42.3018821310032
108.139532990467,42.3018821310035
108.14,42.3018821310035
108.149532990467,42.3018821310038
108.15,42.3018821310038
108.159532990467,42.3018821310041
108.16,42.3018821310041
108.169532990467,42.3018821310044
108.17,42.3018821310044
108.179532990467,42.3018821310047
108.18,42.3018821310047
108.189532990467,42.301882131005
108.19,42.301882131005
108.199532990467,42.3018821310053
108.2,42.3018821310053
108.209532990467,42.3018821310056
108.21,42.3018821310056
108.219532990467,42.301882131006
108.22,42.301882131006
108.229532990467,42.3018821310063
108.23,42.3018821310063
108.239532990467,42.3018821310066
108.24,42.3018821310066
108.249532990467,42.3018821310069
108.25,42.3018821310069
108.259532990467,42.3018821310072
108.26,42.3018821310072
108.269532990467,42.3018821310075
108.27,42.3018821310075
108.279532990467,42.3018821310078
108.28,42.3018821310078
108.289532990467,42.3018821310081
108.29,42.3018821310081
108.299532990467,42.3018821310084
108.3,42.3018821310085
108.309532990467,42.3018821310088
108.31,42.3018821310088
108.319532990467,42.3018821310091
108.32,42.3018821310091
108.329532990467,42.3018821310094
108.33,42.3018821310094
108.339532990467,42.3018821310097
108.34,42.3018821310097
108.349532990467,42.30188213101
108.35,42.30188213101
108.359532990467,42.3018821310103
108.36,42.3018821310103
108.369532990467,42.3018821310106
108.37,42.3018821310106
108.379532990467,42.3018821310109
108.38,42.301882131011
108.389532990467,42.3018821310112
108.39,42.3018821310113
108.399532990467,42.3018821310116
108.4,42.3018821310116
108.409532990467,42.3018821310119
108.41,42.3018821310119
108.419532990467,42.3018821310122
108.42,42.3018821310122
108.429532990467,42.3018821310125
108.43,42.3018821310125
108.439532990467,42.3018821310128
108.44,42.3018821310128
108.449532990467,42.3018821310131
108.45,42.3018821310131
108.459532990467,42.3018821310134
108.46,42.3018821310134
108.469532990467,42.3018821310137
108.47,42.3018821310138
108.479532990467,42.301882131014
108.48,42.3018821310141
108.489532990467,42.3018821310144
108.49,42.3018821310144
108.499532990467,42.3018821310147
108.5,42.3018821310147
108.509532990467,42.301882131015
108.51,42.301882131015
108.519532990467,42.3018821310153
108.52,42.3018821310153
108.529532990467,42.3018821310156
108.53,42.3018821310156
108.539532990467,42.3018821310159
108.54,42.3018821310159
108.549532990467,42.3018821310162
108.55,42.3018821310162
108.559532990467,42.3018821310165
108.56,42.3018821310166
108.569532990467,42.3018821310169
108.57,42.3018821310169
108.579532990467,42.3018821310172
108.58,42.3018821310172
108.589532990467,42.3018821310175
108.59,42.3018821310175
108.599532990467,42.3018821310178
108.6,42.3018821310178
108.609532990467,42.3018821310181
108.61,42.3018821310181
108.619532990467,42.3018821310184
108.62,42.3018821310184
108.629532990467,42.3018821310187
108.63,42.3018821310187
108.639532990468,42.301882131019
108.64,42.301882131019
108.649532990468,42.3018821310193
108.65,42.3018821310194
108.659532990468,42.3018821310197
108.66,42.3018821310197
108.669532990468,42.30188213102
108.67,42.30188213102
108.679532990468,42.3018821310203
108.68,42.3018821310203
108.689532990468,42.3018821310206
108.69,42.3018821310206
108.699532990468,42.3018821310209
108.7,42.3018821310209
108.709532990468,42.3018821310212
108.71,42.3018821310212
108.719532990468,42.3018821310215
108.72,42.3018821310215
108.729532990468,42.3018821310218
108.73,42.3018821310218
108.739532990468,42.3018821310221
108.74,42.3018821310222
108.749532990468,42.3018821310225
108.75,42.3018821310225
108.759532990468,42.3018821310228
108.76,42.3018821310228
108.769532990468,42.3018821310231
108.77,42.3018821310231
108.779532990468,42.3018821310234
108.78,42.3018821310234
108.789532990468,42.3018821310237
108.79,42.3018821310237
108.799532990468,42.301882131024
108.8,42.301882131024
108.809532990468,42.3018821310243
108.81,42.3018821310243
108.819532990468,42.3018821310246
108.82,42.3018821310246
108.829532990468,42.3018821310249
108.83,42.301882131025
108.839532990468,42.3018821310253
108.84,42.3018821310253
108.849532990468,42.3018821310256
108.85,42.3018821310256
108.859532990468,42.3018821310259
108.86,42.3018821310259
108.869532990468,42.3018821310262
108.87,42.3018821310262
108.879532990468,42.3018821310265
108.88,42.3018821310265
108.889532990468,42.3018821310268
108.89,42.3018821310268
108.899532990468,42.3018821310271
108.9,42.3018821310271
108.909532990468,42.3018821310274
108.91,42.3018821310274
108.919532990468,42.3018821310277
108.92,42.3018821310278
108.929532990468,42.3018821310281
108.93,42.3018821310281
108.939532990468,42.3018821310284
108.94,42.3018821310284
108.949532990468,42.3018821310287
108.95,42.3018821310287
108.959532990468,42.301882131029
108.96,42.301882131029
108.969532990468,42.3018821310293
108.97,42.3018821310293
108.979532990468,42.3018821310296
108.98,42.3018821310296
108.989532990468,42.3018821310299
108.99,42.3018821310299
108.999532990468,42.3018821310302
109,42.3018821310302
109.009532990468,42.3018821310305
109.01,42.3018821310306
109.019532990468,42.3018821310309
109.02,42.3018821310309
109.029532990468,42.3018821310312
109.03,42.3018821310312
109.039532990468,42.3018821310315
109.04,42.3018821310315
109.049532990468,42.3018821310318
109.05,42.3018821310318
109.059532990468,42.3018821310321
109.06,42.3018821310321
109.069532990468,42.3018821310324
109.07,42.3018821310324
109.079532990468,42.3018821310327
109.08,42.3018821310327
109.089532990468,42.301882131033
109.09,42.301882131033
109.099532990468,42.3018821310333
109.1,42.3018821310334
109.109532990468,42.3018821310337
109.11,42.3018821310337
109.119532990468,42.301882131034
109.12,42.301882131034
109.129532990468,42.3018821310343
109.13,42.3018821310343
109.139532990468,42.3018821310346
109.14,42.3018821310346
109.149532990468,42.3018821310349
109.15,42.3018821310349
109.159532990468,42.3018821310352
109.16,42.3018821310352
109.169532990468,42.3018821310355
109.17,42.3018821310355
109.179532990468,42.3018821310358
109.18,42.3018821310358
109.189532990468,42.3018821310361
109.19,42.3018821310362
109.199532990468,42.3018821310364
109.2,42.3018821310365
109.209532990468,42.3018821310368
109.21,42.3018821310368
109.219532990468,42.3018821310371
109.22,42.3018821310371
109.229532990468,42.3018821310374
109.23,42.3018821310374
109.239532990468,42.3018821310377
109.24,42.3018821310377
109.249532990468,42.301882131038
109.25,42.301882131038
109.259532990468,42.3018821310383
109.26,42.3018821310383
109.269532990468,42.3018821310386
109.27,42.3018821310386
109.279532990468,42.3018821310389
109.28,42.301882131039
109.289532990468,42.3018821310392
109.29,42.3018821310393
109.299532990468,42.3018821310396
109.3,42.3018821310396
109.309532990468,42.3018821310399
109.31,42.3018821310399
109.319532990468,42.3018821310402
109.32,42.3018821310402
109.329532990468,42.3018821310405
109.33,42.3018821310405
109.339532990468,42.3018821310408
109.34,42.3018821310408
109.349532990468,42.3018821310411
109.35,42.3018821310411
109.359532990468,42.3018821310414
109.36,42.3018821310414
109.369532990468,42.3018821310417
109.37,42.3018821310417
109.379532990468,42.301882131042
109.38,42.3018821310421
109.389532990468,42.3018821310424
109.39,42.3018821310424
109.399532990468,42.3018821310427
109.4,42.3018821310427
109.409532990468,42.301882131043
109.41,42.301882131043
109.419532990468,42.3018821310433
109.42,42.3018821310433
109.429532990468,42.3018821310436
109.43,42.3018821310436
109.439532990468,42.3018821310439
109.44,42.3018821310439
109.449532990468,42.3018821310442
109.45,42.3018821310442
109.459532990468,42.3018821310445
109.46,42.3018821310446
109.469532990468,42.3018821310448
109.47,42.3018821310449
109.479532990468,42.3018821310451
109.48,42.3018821310452
109.489532990468,42.3018821310455
109.49,42.3018821310455
109.499532990468,42.3018821310458
109.5,42.3018821310458
109.509532990468,42.3018821310461
109.51,42.3018821310461
109.519532990468,42.3018821310464
109.52,42.3018821310464
109.529532990468,42.3018821310467
109.53,42.3018821310467
109.539532990468,42.301882131047
109.54,42.301882131047
109.549532990468,42.3018821310473
109.55,42.3018821310473
109.559532990468,42.3018821310476
109.56,42.3018821310476
109.569532990468,42.3018821310479
109.57,42.301882131048
109.579532990468,42.3018821310483
109.58,42.3018821310483
109.589532990468,42.3018821310486
109.59,42.3018821310486
109.599532990468,42.3018821310489
109.6,42.3018821310489
109.609532990468,42.3018821310492
109.61,42.3018821310492
109.619532990468,42.3018821310495
109.62,42.3018821310495
109.629532990468,42.3018821310498
109.63,42.3018821310498
109.639532990468,42.3018821310501
109.64,42.3018821310501
109.649532990468,42.3018821310504
109.65,42.3018821310504
109.659532990468,42.3018821310507
109.66,42.3018821310507
109.669532990468,42.301882131051
109.67,42.3018821310511
109.679532990468,42.3018821310514
109.68,42.3018821310514
109.689532990468,42.3018821310517
109.69,42.3018821310517
109.699532990468,42.301882131052
109.7,42.301882131052
109.709532990468,42.3018821310523
109.71,42.3018821310523
109.719532990468,42.3018821310526
109.72,42.3018821310526
109.729532990468,42.3018821310529
109.73,42.3018821310529
109.739532990468,42.3018821310532
109.74,42.3018821310532
109.749532990468,42.3018821310535
109.75,42.3018821310535
109.759532990468,42.3018821310538
109.76,42.3018821310539
109.769532990468,42.3018821310541
109.77,42.3018821310542
109.779532990468,42.3018821310545
109.78,42.3018821310545
109.789532990468,42.3018821310548
109.79,42.3018821310548
109.799532990468,42.3018821310551
109.8,42.3018821310551
109.809532990468,42.3018821310554
109.81,42.3018821310554
109.819532990468,42.3018821310557
109.82,42.3018821310557
109.829532990468,42.301882131056
109.83,42.301882131056
109.839532990468,42.3018821310563
109.84,42.3018821310563
109.849532990468,42.3018821310566
109.85,42.3018821310566
109.859532990468,42.3018821310569
109.86,42.3018821310569
109.869532990468,42.3018821310572
109.87,42.3018821310573
109.879532990468,42.3018821310576
109.88,42.3018821310576
109.889532990468,42.3018821310579
109.89,42.3018821310579
109.899532990468,42.3018821310582
109.9,42.3018821310582
109.909532990468,42.3018821310585
109.91,42.3018821310585
109.919532990468,42.3018821310588
109.92,42.3018821310588
109.929532990468,42.3018821310591
109.93,42.3018821310591
109.939532990468,42.3018821310594
109.94,42.3018821310594
109.949532990468,42.3018821310597
109.95,42.3018821310597
109.959532990468,42.30188213106
109.96,42.3018821310601
109.969532990468,42.3018821310603
109.97,42.3018821310604
109.979532990468,42.3018821310607
109.98,42.3018821310607
109.989532990468,42.301882131061
109.99,42.301882131061
109.999532990468,42.3018821310613
110,42.3018821310613
110.009532990468,42.3018821310616
110.01,42.3018821310616
110.019532990468,42.3018821310619
110.02,42.3018821310619
110.029532990468,42.3018821310622
110.03,42.3018821310622
110.039532990468,42.3018821310625
110.04,42.3018821310625
110.049532990468,42.3018821310628
110.05,42.3018821310628
110.059532990468,42.3018821310632
110.06,42.3018821310632
110.069532990468,42.3018821310635
110.07,42.3018821310635
110.079532990468,42.3018821310638
110.08,42.3018821310638
110.089532990468,42.3018821310641
110.09,42.3018821310641
110.099532990468,42.3018821310644
110.1,42.3018821310644
110.109532990468,42.3018821310647
110.11,42.3018821310647
110.119532990468,42.301882131065
110.12,42.301882131065
110.129532990468,42.3018821310653
110.13,42.3018821310653
110.139532990468,42.3018821310656
110.14,42.3018821310656
110.149532990468,42.3018821310659
110.15,42.301882131066
110.159532990468,42.3018821310662
110.16,42.3018821310663
110.169532990468,42.3018821310666
110.17,42.3018821310666
110.179532990468,42.3018821310669
110.18,42.3018821310669
110.189532990468,42.3018821310672
110.19,42.3018821310672
110.199532990468,42.3018821310675
110.2,42.3018821310675
110.209532990468,42.3018821310678
110.21,42.3018821310678
110.219532990468,42.3018821310681
110.22,42.3018821310681
110.229532990468,42.3018821310684
110.23,42.3018821310684
110.239532990468,42.3018821310687
110.24,42.3018821310687
110.249532990468,42.301882131069
110.25,42.301882131069
110.259532990468,42.3018821310693
110.26,42.3018821310694
110.269532990468,42.3018821310697
110.27,42.3018821310697
110.279532990468,42.30188213107
110.28,42.30188213107
110.289532990468,42.3018821310703
110.29,42.3018821310703
110.299532990468,42.3018821310706
110.3,42.3018821310706
110.309532990468,42.3018821310709
110.31,42.3018821310709
110.319532990468,42.3018821310712
110.32,42.3018821310712
110.329532990468,42.3018821310715
110.33,42.3018821310715
110.339532990468,42.3018821310718
110.34,42.3018821310718
110.349532990468,42.3018821310721
110.35,42.3018821310721
110.359532990468,42.3018821310724
110.36,42.3018821310725
110.369532990468,42.3018821310728
110.37,42.3018821310728
110.379532990468,42.3018821310731
110.38,42.3018821310731
110.389532990468,42.3018821310734
110.39,42.3018821310734
110.399532990468,42.3018821310737
110.4,42.3018821310737
110.409532990468,42.301882131074
110.41,42.301882131074
110.419532990468,42.3018821310743
110.42,42.3018821310743
110.429532990468,42.3018821310746
110.43,42.3018821310746
110.439532990468,42.3018821310749
110.44,42.3018821310749
110.449532990468,42.3018821310752
110.45,42.3018821310752
110.459532990468,42.3018821310755
110.46,42.3018821310756
110.469532990468,42.3018821310758
110.47,42.3018821310759
110.479532990468,42.3018821310762
110.48,42.3018821310762
110.489532990468,42.3018821310765
110.49,42.3018821310765
110.499532990468,42.3018821310768
110.5,42.3018821310768
110.509532990468,42.3018821310771
110.51,42.3018821310771
110.519532990468,42.3018821310774
110.52,42.3018821310774
110.529532990468,42.3018821310777
110.53,42.3018821310777
110.539532990468,42.301882131078
110.54,42.301882131078
110.549532990468,42.3018821310783
110.55,42.3018821310783
110.559532990468,42.3018821310786
110.56,42.3018821310787
110.569532990468,42.301882131079
110.57,42.301882131079
110.579532990468,42.3018821310793
110.58,42.3018821310793
110.589532990468,42.3018821310796
110.59,42.3018821310796
110.599532990469,42.3018821310799
110.6,42.3018821310799
110.609532990469,42.3018821310802
110.61,42.3018821310802
110.619532990469,42.3018821310805
110.62,42.3018821310805
110.629532990469,42.3018821310808
110.63,42.3018821310808
110.639532990469,42.3018821310811
110.64,42.3018821310811
110.649532990469,42.3018821310814
110.65,42.3018821310814
110.659532990469,42.3018821310817
110.66,42.3018821310817
110.669532990469,42.301882131082
110.67,42.3018821310821
110.679532990469,42.3018821310824
110.68,42.3018821310824
110.689532990469,42.3018821310827
110.69,42.3018821310827
110.699532990469,42.301882131083
110.7,42.301882131083
110.709532990469,42.3018821310833
110.71,42.3018821310833
110.719532990469,42.3018821310836
110.72,42.3018821310836
110.729532990469,42.3018821310839
110.73,42.3018821310839
110.739532990469,42.3018821310842
110.74,42.3018821310842
110.749532990469,42.3018821310845
110.75,42.3018821310845
110.759532990469,42.3018821310848
110.76,42.3018821310848
110.769532990469,42.3018821310851
110.77,42.3018821310852
110.779532990469,42.3018821310855
110.78,42.3018821310855
110.789532990469,42.3018821310858
110.79,42.3018821310858
110.799532990469,42.3018821310861
110.8,42.3018821310861
110.809532990469,42.3018821310864
110.81,42.3018821310864
110.819532990469,42.3018821310867
110.82,42.3018821310867
110.829532990469,42.301882131087
110.83,42.301882131087
110.839532990469,42.3018821310873
110.84,42.3018821310873
110.849532990469,42.3018821310876
110.85,42.3018821310876
110.859532990469,42.3018821310879
110.86,42.301882131088
110.869532990469,42.3018821310882
110.87,42.3018821310883
110.879532990469,42.3018821310885
110.88,42.3018821310886
110.889532990469,42.3018821310889
110.89,42.3018821310889
110.899532990469,42.3018821310892
110.9,42.3018821310892
110.909532990469,42.3018821310895
110.91,42.3018821310895
110.919532990469,42.3018821310898
110.92,42.3018821310898
110.929532990469,42.3018821310901
110.93,42.3018821310901
110.939532990469,42.3018821310904
110.94,42.3018821310904
110.949532990469,42.3018821310907
110.95,42.3018821310907
110.959532990469,42.301882131091
110.96,42.301882131091
110.969532990469,42.3018821310913
110.97,42.3018821310913
110.979532990469,42.3018821310916
110.98,42.3018821310917
110.989532990469,42.301882131092
110.99,42.301882131092
110.999532990469,42.3018821310923
111,42.3018821310923
111.009532990469,42.3018821310926
111.01,42.3018821310926
111.019532990469,42.3018821310929
111.02,42.3018821310929
111.029532990469,42.3018821310932
111.03,42.3018821310932
111.039532990469,42.3018821310935
111.04,42.3018821310935
111.049532990469,42.3018821310938
111.05,42.3018821310938
111.059532990469,42.3018821310941
111.06,42.3018821310941
111.069532990469,42.3018821310944
111.07,42.3018821310944
111.079532990469,42.3018821310947
111.08,42.3018821310947
111.089532990469,42.301882131095
111.09,42.3018821310951
111.099532990469,42.3018821310954
111.1,42.3018821310954
111.109532990469,42.3018821310957
111.11,42.3018821310957
111.119532990469,42.301882131096
111.12,42.301882131096
111.129532990469,42.3018821310963
111.13,42.3018821310963
111.139532990469,42.3018821310966
111.14,42.3018821310966
111.149532990469,42.3018821310969
111.15,42.3018821310969
111.159532990469,42.3018821310972
111.16,42.3018821310972
111.169532990469,42.3018821310975
111.17,42.3018821310975
111.179532990469,42.3018821310978
111.18,42.3018821310978
111.189532990469,42.3018821310981
111.19,42.3018821310982
111.199532990469,42.3018821310985
111.2,42.3018821310985
111.209532990469,42.3018821310988
111.21,42.3018821310988
111.219532990469,42.3018821310991
111.22,42.3018821310991
111.229532990469,42.3018821310994
111.23,42.3018821310994
111.239532990469,42.3018821310997
111.24,42.3018821310997
111.249532990469,42.3018821311
111.25,42.3018821311
111.259532990469,42.3018821311003
111.26,42.3018821311003
111.269532990469,42.3018821311006
111.27,42.3018821311006
111.279532990469,42.3018821311009
111.28,42.3018821311009
111.289532990469,42.3018821311012
111.29,42.3018821311012
111.299532990469,42.3018821311015
111.3,42.3018821311016
111.309532990469,42.3018821311018
111.31,42.3018821311019
111.319532990469,42.3018821311022
111.32,42.3018821311022
111.329532990469,42.3018821311025
111.33,42.3018821311025
111.339532990469,42.3018821311028
111.34,42.3018821311028
111.349532990469,42.3018821311031
111.35,42.3018821311031
111.359532990469,42.3018821311034
111.36,42.3018821311034
111.369532990469,42.3018821311037
111.37,42.3018821311037
111.379532990469,42.301882131104
111.38,42.301882131104
111.389532990469,42.3018821311043
111.39,42.3018821311043
111.399532990469,42.3018821311046
111.4,42.3018821311046
111.409532990469,42.3018821311049
111.41,42.301882131105
111.419532990469,42.3018821311053
111.42,42.3018821311053
111.429532990469,42.3018821311056
111.43,42.3018821311056
111.439532990469,42.3018821311059
111.44,42.3018821311059
111.449532990469,42.3018821311062
111.45,42.3018821311062
111.459532990469,42.3018821311065
111.46,42.3018821311065
111.469532990469,42.3018821311068
111.47,42.3018821311068
111.479532990469,42.3018821311071
111.48,42.3018821311071
111.489532990469,42.3018821311074
111.49,42.3018821311074
111.499532990469,42.3018821311077
111.5,42.3018821311077
111.509532990469,42.301882131108
111.51,42.301882131108
111.519532990469,42.3018821311083
111.52,42.3018821311084
111.529532990469,42.3018821311086
111.53,42.3018821311087
111.539532990469,42.301882131109
111.54,42.301882131109
111.549532990469,42.3018821311093
111.55,42.3018821311093
111.559532990469,42.3018821311096
111.56,42.3018821311096
111.569532990469,42.3018821311099
111.57,42.3018821311099
111.579532990469,42.3018821311102
111.58,42.3018821311102
111.589532990469,42.3018821311105
111.59,42.3018821311105
111.599532990469,42.3018821311108
111.6,42.3018821311108
111.609532990469,42.3018821311111
111.61,42.3018821311111
111.619532990469,42.3018821311114
111.62,42.3018821311114
111.629532990469,42.3018821311117
111.63,42.3018821311118
111.639532990469,42.301882131112
111.64,42.3018821311121
111.649532990469,42.3018821311124
111.65,42.3018821311124
111.659532990469,42.3018821311127
111.66,42.3018821311127
111.669532990469,42.301882131113
111.67,42.301882131113
111.679532990469,42.3018821311133
111.68,42.3018821311133
111.689532990469,42.3018821311136
111.69,42.3018821311136
111.699532990469,42.3018821311139
111.7,42.3018821311139
111.709532990469,42.3018821311142
111.71,42.3018821311142
111.719532990469,42.3018821311145
111.72,42.3018821311145
111.729532990469,42.3018821311148
111.73,42.3018821311148
111.739532990469,42.3018821311151
111.74,42.3018821311152
111.749532990469,42.3018821311154
111.75,42.3018821311155
111.759532990469,42.3018821311158
111.76,42.3018821311158
111.769532990469,42.3018821311161
111.77,42.3018821311161
111.779532990469,42.3018821311164
111.78,42.3018821311164
111.789532990469,42.3018821311167
111.79,42.3018821311167
111.799532990469,42.301882131117
111.8,42.301882131117
111.809532990469,42.3018821311173
111.81,42.3018821311173
111.819532990469,42.3018821311176
111.82,42.3018821311176
111.829532990469,42.3018821311179
111.83,42.3018821311179
111.839532990469,42.3018821311182
111.84,42.3018821311182
111.849532990469,42.3018821311185
111.85,42.3018821311185
111.859532990469,42.3018821311188
111.86,42.3018821311189
111.869532990469,42.3018821311192
111.87,42.3018821311192
111.879532990469,42.3018821311195
111.88,42.3018821311195
111.889532990469,42.3018821311198
111.89,42.3018821311198
111.899532990469,42.3018821311201
111.9,42.3018821311201
111.909532990469,42.3018821311204
111.91,42.3018821311204
111.919532990469,42.3018821311207
111.92,42.3018821311207
111.929532990469,42.301882131121
111.93,42.301882131121
111.939532990469,42.3018821311213
111.94,42.3018821311213
111.949532990469,42.3018821311216
111.95,42.3018821311216
111.959532990469,42.3018821311219
111.96,42.3018821311219
111.969532990469,42.3018821311222
111.97,42.3018821311222
111.979532990469,42.3018821311225
111.98,42.3018821311226
111.989532990469,42.3018821311229
111.99,42.3018821311229
111.999532990469,42.3018821311232
112,42.3018821311232
112.009532990469,42.3018821311235
112.01,42.3018821311235
112.019532990469,42.3018821311238
112.02,42.3018821311238
112.029532990469,42.3018821311241
112.03,42.3018821311241
112.039532990469,42.3018821311244
112.04,42.3018821311244
112.049532990469,42.3018821311247
112.05,42.3018821311247
112.059532990469,42.301882131125
112.06,42.301882131125
112.069532990469,42.3018821311253
112.07,42.3018821311254
112.079532990469,42.3018821311256
112.08,42.3018821311257
112.089532990469,42.3018821311259
112.09,42.301882131126
112.099532990469,42.3018821311262
112.1,42.3018821311263
112.109532990469,42.3018821311266
112.11,42.3018821311266
112.119532990469,42.3018821311269
112.12,42.3018821311269
112.129532990469,42.3018821311272
112.13,42.3018821311272
112.139532990469,42.3018821311275
112.14,42.3018821311275
112.149532990469,42.3018821311278
112.15,42.3018821311278
112.159532990469,42.3018821311281
112.16,42.3018821311281
112.169532990469,42.3018821311284
112.17,42.3018821311284
112.179532990469,42.3018821311287
112.18,42.3018821311287
112.189532990469,42.301882131129
112.19,42.301882131129
112.199532990469,42.3018821311293
112.2,42.3018821311294
112.209532990469,42.3018821311297
112.21,42.3018821311297
112.219532990469,42.30188213113
112.22,42.30188213113
112.229532990469,42.3018821311303
112.23,42.3018821311303
112.239532990469,42.3018821311306
112.24,42.3018821311306
112.249532990469,42.3018821311309
112.25,42.3018821311309
112.259532990469,42.3018821311312
112.26,42.3018821311312
112.269532990469,42.3018821311315
112.27,42.3018821311315
112.279532990469,42.3018821311318
112.28,42.3018821311318
112.289532990469,42.3018821311321
112.29,42.3018821311321
112.299532990469,42.3018821311324
112.3,42.3018821311324
112.309532990469,42.3018821311327
112.31,42.3018821311327
112.319532990469,42.301882131133
112.32,42.3018821311331
112.329532990469,42.3018821311333
112.33,42.3018821311334
112.339532990469,42.3018821311336
112.34,42.3018821311337
112.349532990469,42.301882131134
112.35,42.301882131134
112.359532990469,42.3018821311343
112.36,42.3018821311343
112.369532990469,42.3018821311346
112.37,42.3018821311346
112.379532990469,42.3018821311349
112.38,42.3018821311349
112.389532990469,42.3018821311352
112.39,42.3018821311352
112.399532990469,42.3018821311355
112.4,42.3018821311355
112.409532990469,42.3018821311358
112.41,42.3018821311358
112.419532990469,42.3018821311361
112.42,42.3018821311361
112.429532990469,42.3018821311364
112.43,42.3018821311365
112.439532990469,42.3018821311367
112.44,42.3018821311368
112.449532990469,42.301882131137
112.45,42.3018821311371
112.459532990469,42.3018821311374
112.46,42.3018821311374
112.469532990469,42.3018821311377
112.47,42.3018821311377
112.479532990469,42.301882131138
112.48,42.301882131138
112.489532990469,42.3018821311383
112.49,42.3018821311383
112.499532990469,42.3018821311386
112.5,42.3018821311386
112.509532990469,42.3018821311389
112.51,42.3018821311389
112.519532990469,42.3018821311392
112.52,42.3018821311392
112.529532990469,42.3018821311395
112.53,42.3018821311395
112.539532990469,42.3018821311398
112.54,42.3018821311398
112.54953299047,42.3018821311401
112.55,42.3018821311401
112.55953299047,42.3018821311404
112.56,42.3018821311405
112.56953299047,42.3018821311408
112.57,42.3018821311408
112.57953299047,42.3018821311411
112.58,42.3018821311411
112.58953299047,42.3018821311414
112.59,42.3018821311414
112.59953299047,42.3018821311417
112.6,42.3018821311417
112.60953299047,42.301882131142
112.61,42.301882131142
112.61953299047,42.3018821311423
112.62,42.3018821311423
112.62953299047,42.3018821311426
112.63,42.3018821311426
112.63953299047,42.3018821311429
112.64,42.3018821311429
112.64953299047,42.3018821311432
112.65,42.3018821311432
112.65953299047,42.3018821311435
112.66,42.3018821311435
112.66953299047,42.3018821311438
112.67,42.3018821311439
112.67953299047,42.3018821311441
112.68,42.3018821311442
112.68953299047,42.3018821311444
112.69,42.3018821311445
112.69953299047,42.3018821311448
112.7,42.3018821311448
112.70953299047,42.3018821311451
112.71,42.3018821311451
112.71953299047,42.3018821311454
112.72,42.3018821311454
112.72953299047,42.3018821311457
112.73,42.3018821311457
112.73953299047,42.301882131146
112.74,42.301882131146
112.74953299047,42.3018821311463
112.75,42.3018821311463
112.75953299047,42.3018821311466
112.76,42.3018821311466
112.76953299047,42.3018821311469
112.77,42.3018821311469
112.77953299047,42.3018821311472
112.78,42.3018821311472
112.78953299047,42.3018821311475
112.79,42.3018821311476
112.79953299047,42.3018821311478
112.8,42.3018821311479
112.80953299047,42.3018821311481
112.81,42.3018821311482
112.81953299047,42.3018821311485
112.82,42.3018821311485
112.82953299047,42.3018821311488
112.83,42.3018821311488
112.83953299047,42.3018821311491
112.84,42.3018821311491
112.84953299047,42.3018821311494
112.85,42.3018821311494
112.85953299047,42.3018821311497
112.86,42.3018821311497
112.86953299047,42.30188213115
112.87,42.30188213115
112.87953299047,42.3018821311503
112.88,42.3018821311503
112.88953299047,42.3018821311506
112.89,42.3018821311506
112.89953299047,42.3018821311509
112.9,42.3018821311509
112.90953299047,42.3018821311512
112.91,42.3018821311512
112.91953299047,42.3018821311515
112.92,42.3018821311516
112.92953299047,42.3018821311518
112.93,42.3018821311519
112.93953299047,42.3018821311522
112.94,42.3018821311522
112.94953299047,42.3018821311525
112.95,42.3018821311525
112.95953299047,42.3018821311528
112.96,42.3018821311528
112.96953299047,42.3018821311531
112.97,42.3018821311531
112.97953299047,42.3018821311534
112.98,42.3018821311534
112.98953299047,42.3018821311537
112.99,42.3018821311537
112.99953299047,42.301882131154
113,42.301882131154
113.00953299047,42.3018821311543
113.01,42.3018821311543
113.01953299047,42.3018821311546
113.02,42.3018821311546
113.02953299047,42.3018821311549
113.03,42.3018821311549
113.03953299047,42.3018821311552
113.04,42.3018821311553
113.04953299047,42.3018821311556
113.05,42.3018821311556
113.05953299047,42.3018821311559
113.06,42.3018821311559
113.06953299047,42.3018821311562
113.07,42.3018821311562
113.07953299047,42.3018821311565
113.08,42.3018821311565
113.08953299047,42.3018821311568
113.09,42.3018821311568
113.09953299047,42.3018821311571
113.1,42.3018821311571
113.10953299047,42.3018821311574
113.11,42.3018821311574
113.11953299047,42.3018821311577
113.12,42.3018821311577
113.12953299047,42.301882131158
113.13,42.301882131158
113.13953299047,42.3018821311583
113.14,42.3018821311583
113.14953299047,42.3018821311586
113.15,42.3018821311586
113.15953299047,42.3018821311589
113.16,42.301882131159
113.16953299047,42.3018821311592
113.17,42.3018821311593
113.17953299047,42.3018821311595
113.18,42.3018821311596
113.18953299047,42.3018821311599
113.19,42.3018821311599
113.19953299047,42.3018821311602
113.2,42.3018821311602
113.20953299047,42.3018821311605
113.21,42.3018821311605
113.21953299047,42.3018821311608
113.22,42.3018821311608
113.22953299047,42.3018821311611
113.23,42.3018821311611
113.23953299047,42.3018821311614
113.24,42.3018821311614
113.24953299047,42.3018821311617
113.25,42.3018821311617
113.25953299047,42.301882131162
113.26,42.301882131162
113.26953299047,42.3018821311623
113.27,42.3018821311623
113.27953299047,42.3018821311626
